Intervalo,Nombre_Estacion,Demanda_Real,Demanda_Predicha
1:00,AV. Chile,0.0,6.7094064
1:00,CAN,0.0,7.065061
1:00,Campín - UAN,2.0,8.13074
1:00,San Diego,0.0,-0.19711494
1:00,Granja - Kr 77,0.0,0.26910257
1:00,Ricaurte - NQS,0.0,3.0549765
1:00,Quirigua,0.0,5.6987953
1:00,Suba - Calle 100,0.0,2.2896485
1:00,Calle 75 - Zona M,0.0,4.8261423
1:00,AV. Boyacá,0.0,-0.44988012
1:00,Calle 40 Sur,0.0,2.9802976
1:00,AV. Américas - AV. Boyacá,0.0,4.9521146
1:00,Marsella,0.0,0.60708237
1:00,Niza - Calle 127,0.0,5.3308363
1:00,La Campiña,0.0,0.3215599
1:00,Transversal 86,0.0,1.0289373
1:00,Corferias,0.0,6.22053
1:00,Guatoque - Veraguas,0.0,0.9315057
1:00,CDS - Carrera 32,0.0,2.9860659
1:00,Ciudad Universitaria - Lotería de Bogotá,0.0,0.63839674
1:00,Universidad Nacional,0.0,0.8884244
1:00,Avenida Rojas - UNISALESIANA,0.0,-1.2791648
1:00,Tercer Milenio,0.0,2.0017567
1:00,Concejo de Bogotá,0.0,0.70298386
1:00,NQS - Calle 38A S,0.0,1.7031136
1:00,7 de Agosto,0.0,4.905173
1:00,AV. 68,0.0,0.28331947
1:00,Distrito Grafiti,0.0,5.7440906
1:00,Polo - FINCOMERCIO,0.0,1.1092672
1:00,Tygua - San José,0.0,1.3442779
1:00,Quinta Paredes,0.0,1.3048329
1:00,Salitre - El Greco,0.0,6.874725
1:00,Zona Industrial,0.0,0.20308113
1:00,León XIII,0.0,3.2590284
1:00,Paloquemao,0.0,-0.23579073
1:00,Carrera 90,0.0,-0.48236609
1:00,Gobernación,0.0,0.34529257
1:00,Terreros - Hospital Cardio Vascular,0.0,0.28158617
1:00,Escuela Militar,0.0,0.61383533
1:00,Mandalay,0.0,1.0047784
1:00,AV. Cali,0.0,0.44587183
1:00,Suba - TV. 91,0.0,1.0453434
1:00,Ricaurte - CL 13,0.0,0.9731412
1:00,Restrepo,0.0,1.1442285
1:00,Prado,0.0,0.4331007
1:00,Terminal,0.0,5.96607
1:00,Virrey,0.0,1.0926666
1:00,Toberin - Foundever,0.0,2.7192993
1:00,Pepe Sierra,0.0,1.1838264
1:00,Calle 100 - Marketmedios,0.0,0.89875937
1:00,Calle 142,0.0,5.9848924
1:00,Portal Norte – Unicervantes,0.0,1.8912406
1:00,Calle 187,0.0,2.1556659
1:00,Alcalá – Colegio S. Tomás Dominicos,0.0,0.54511404
1:00,Calle 146,0.0,0.2770815
1:00,Calle 127,0.0,2.1492348
1:00,Héroes,0.0,2.8418179
1:00,Calle 161,0.0,1.8124137
1:00,Calle 106 - Maletas Explora,0.0,1.3446431
1:00,Mazurén,0.0,0.60418415
1:00,Calle 45 - American School Way,0.0,0.96311665
1:00,Carrera 53,0.0,1.8830104
1:00,La Castellana,0.0,1.4343805
1:00,AV. 1 Mayo,0.0,0.9513507
1:00,De La Sabana,0.0,-0.45868254
1:00,La Despensa,0.0,-0.51584864
1:00,Calle 72,0.0,-0.45509768
1:00,Centro Memoria,0.0,-0.48662138
1:00,Carrera 43 - Comapan,0.0,-1.0320258
1:00,Consuelo,0.0,1.1888366
1:00,AV. Jiménez - Caracas,0.0,0.51605844
1:00,Comuneros,0.0,-0.4467597
1:00,El Tiempo – Cámara de Comercio de Bogotá,0.0,-1.0382152
1:00,Biblioteca Tintal,0.0,-0.46886778
1:00,Ciudad Jardín - UAN,0.0,0.79763365
1:00,Bicentenario,0.0,-0.26036596
1:00,Temporal Calle 57,0.0,5.989002
1:00,Biblioteca,0.0,1.1301451
1:00,AV. ElDorado,0.0,-1.0945477
1:00,Calle 26,0.0,-1.0998216
1:00,Alquería,0.0,0.81742716
1:00,Bosa,0.0,1.2821884
1:00,CAD,0.0,-1.1183419
1:00,Banderas,0.0,-1.0394912
1:00,Calle 19,0.0,-1.0084281
1:00,AV. Jiménez - CL 13,0.0,-1.2114768
1:00,Movistar Arena,161.0,2.8466434
1:00,AV. 39,0.0,-1.1000648
1:00,Calle 76 - San Felipe,0.0,-0.48944235
1:00,Calle 63,0.0,-1.250587
1:00,Calle 85,0.0,5.8666925
1:00,NQS - Calle 30 S,0.0,-1.2187095
1:00,Country Sur,0.0,0.86034775
1:00,Carrera 47,0.0,-1.0315032
1:00,Portal 80,0.0,1.5325885
1:00,Olaya,0.0,0.7894864
1:00,Molinos,0.0,0.79343605
1:00,Nariño,0.0,0.6933174
1:00,Gratamira,0.0,1.1732945
1:00,Pradera - Plaza Central,0.0,5.7864723
1:00,Las Nieves,0.0,-0.44694662
1:00,Modelia,0.0,0.54348326
1:00,Portal El Dorado – C.C. Nuestro Bogotá,0.0,0.86587095
1:00,Flores – Areandina,0.0,0.86409616
1:00,Museo del Oro,0.0,0.7901521
1:00,General Santander,0.0,1.2698374
1:00,Portal 20 de Julio,0.0,0.896575
1:00,Humedal Córdoba,0.0,2.1844268
1:00,Parque,0.0,0.88439703
1:00,Policarpa,0.0,0.6617203
1:00,Museo Nacional,0.0,-0.23341846
1:00,Hospital,0.0,0.94548035
1:00,Normandía,0.0,-1.203836
1:00,Perdomo,0.0,0.90821314
1:00,Hortúa,0.0,-0.23607063
1:00,Portal Usme,0.0,-0.22453165
1:00,Ferias,0.0,5.1919804
1:00,Temporal Marly,0.0,4.817195
1:00,Patio Bonito,0.0,0.41591835
1:00,Portal Tunal,0.0,0.71853495
1:00,Fucha,0.0,-0.117853165
1:00,Minuto de Dios,0.0,1.0737147
1:00,Portal Américas,0.0,-0.16815901
1:00,Las Aguas - Centro Colombo Americano,0.0,-0.24756765
1:00,Portal Suba,0.0,-0.5665755
1:00,Suba - AV. Boyacá,0.0,0.06398535
1:00,Santa Lucía,0.0,1.3016844
1:00,San Martín,0.0,1.105154
1:00,Universidades – CityU,0.0,-0.47056532
1:00,Santa Isabel,0.0,0.5529642
1:00,Suba - Calle 95,0.0,2.2279406
1:00,Puente Aranda,0.0,-0.21271896
1:00,Quiroga,0.0,0.77004766
1:00,Puentelargo,0.0,1.5289869
1:00,San Victorino,0.0,-0.204
1:00,CC Paseo Villa del Río - Madelena,0.0,-0.048133373
1:00,San Mateo - CC Unisur,0.0,0.3392701
1:00,Sevillana,0.0,1.7564154
1:00,Rionegro,0.0,-0.48031092
1:00,Suba - Calle 116,0.0,0.7372937
1:00,San Bernardo,0.0,0.81445885
1:00,SENA,0.0,1.0190029
1:00,San Facon Carrera 22,0.0,0.26373577
1:00,Socorro,0.0,1.5379128
1:00,21 Ángeles,0.0,0.6954341
1:00,Temporal Calle 34,0.0,0.89334106
1:00,Venecia,0.0,0.847219
1:00,Danubio,0.0,3.293675
1:00,Portal Sur - JFK Coop. Financiera,0.0,-0.47296667
1:00,Temporal Calle 22,0.0,-0.2619195
1:15,AV. Chile,0.0,0.39454937
1:15,CAN,0.0,0.8549514
1:15,Campín - UAN,28.0,38.342182
1:15,San Diego,0.0,1.6642828
1:15,Granja - Kr 77,0.0,2.0367632
1:15,Ricaurte - NQS,0.0,1.5179253
1:15,Quirigua,0.0,2.154675
1:15,Suba - Calle 100,0.0,0.4766674
1:15,Calle 75 - Zona M,0.0,2.1204977
1:15,AV. Boyacá,0.0,1.6556878
1:15,Calle 40 Sur,0.0,1.5645943
1:15,AV. Américas - AV. Boyacá,0.0,2.1269822
1:15,Marsella,0.0,0.8397827
1:15,Niza - Calle 127,0.0,2.1445765
1:15,La Campiña,0.0,1.340735
1:15,Transversal 86,0.0,0.74790907
1:15,Corferias,0.0,38.264744
1:15,Guatoque - Veraguas,0.0,0.62414885
1:15,CDS - Carrera 32,0.0,1.5887003
1:15,Ciudad Universitaria - Lotería de Bogotá,0.0,0.52047586
1:15,Universidad Nacional,0.0,0.48222446
1:15,Avenida Rojas - UNISALESIANA,0.0,26.967064
1:15,Tercer Milenio,0.0,0.45468616
1:15,Concejo de Bogotá,0.0,0.56818485
1:15,NQS - Calle 38A S,0.0,1.8601322
1:15,7 de Agosto,0.0,2.1251802
1:15,AV. 68,0.0,2.0473342
1:15,Distrito Grafiti,0.0,2.1561174
1:15,Polo - FINCOMERCIO,0.0,1.7956309
1:15,Tygua - San José,0.0,1.8223729
1:15,Quinta Paredes,0.0,1.8180933
1:15,Salitre - El Greco,0.0,42.115017
1:15,Zona Industrial,0.0,1.8259559
1:15,León XIII,0.0,1.9992309
1:15,Paloquemao,0.0,0.8720803
1:15,Carrera 90,0.0,0.086013794
1:15,Gobernación,0.0,0.54014874
1:15,Terreros - Hospital Cardio Vascular,0.0,0.52629805
1:15,Escuela Militar,0.0,2.2052755
1:15,Mandalay,0.0,1.003439
1:15,AV. Cali,0.0,1.9014792
1:15,Suba - TV. 91,0.0,2.1464977
1:15,Ricaurte - CL 13,0.0,1.0241194
1:15,Restrepo,0.0,0.80314255
1:15,Prado,0.0,1.0242543
1:15,Terminal,0.0,2.1653042
1:15,Virrey,0.0,2.125526
1:15,Toberin - Foundever,0.0,1.2605147
1:15,Pepe Sierra,0.0,0.7289572
1:15,Calle 100 - Marketmedios,0.0,0.6169224
1:15,Calle 142,0.0,2.1660185
1:15,Portal Norte – Unicervantes,0.0,0.23565817
1:15,Calle 187,0.0,1.1239495
1:15,Alcalá – Colegio S. Tomás Dominicos,0.0,0.5342169
1:15,Calle 146,0.0,1.5959058
1:15,Calle 127,0.0,0.6937127
1:15,Héroes,0.0,1.6562667
1:15,Calle 161,0.0,0.70437
1:15,Calle 106 - Maletas Explora,0.0,0.71243143
1:15,Mazurén,0.0,0.54466486
1:15,Calle 45 - American School Way,0.0,0.7613411
1:15,Carrera 53,0.0,0.7445884
1:15,La Castellana,0.0,1.8317814
1:15,AV. 1 Mayo,0.0,0.6855755
1:15,De La Sabana,0.0,0.019626617
1:15,La Despensa,0.0,0.006298065
1:15,Calle 72,0.0,-0.13729382
1:15,Centro Memoria,0.0,-0.12864351
1:15,Carrera 43 - Comapan,0.0,38.043804
1:15,Consuelo,0.0,0.7227173
1:15,AV. Jiménez - Caracas,0.0,0.58896685
1:15,Comuneros,0.0,0.013676167
1:15,El Tiempo – Cámara de Comercio de Bogotá,0.0,38.082176
1:15,Biblioteca Tintal,0.0,-0.5053592
1:15,Ciudad Jardín - UAN,0.0,0.53016615
1:15,Bicentenario,0.0,0.6610122
1:15,Temporal Calle 57,0.0,0.8807459
1:15,Biblioteca,0.0,0.69984865
1:15,AV. ElDorado,0.0,38.078243
1:15,Calle 26,0.0,38.010986
1:15,Alquería,0.0,0.5573387
1:15,Bosa,0.0,1.1254058
1:15,CAD,0.0,38.2994
1:15,Banderas,0.0,38.21303
1:15,Calle 19,0.0,38.164864
1:15,AV. Jiménez - CL 13,0.0,38.416348
1:15,Movistar Arena,1.0,29.788105
1:15,AV. 39,0.0,38.288578
1:15,Calle 76 - San Felipe,0.0,0.7492008
1:15,Calle 63,0.0,38.268723
1:15,Calle 85,0.0,38.16368
1:15,NQS - Calle 30 S,0.0,38.266243
1:15,Country Sur,0.0,0.47260284
1:15,Carrera 47,0.0,37.940437
1:15,Portal 80,0.0,0.9527931
1:15,Olaya,0.0,0.67395544
1:15,Molinos,0.0,0.43433475
1:15,Nariño,0.0,0.5911422
1:15,Gratamira,0.0,1.8031373
1:15,Pradera - Plaza Central,0.0,2.1578197
1:15,Las Nieves,0.0,0.4650488
1:15,Modelia,0.0,0.3985405
1:15,Portal El Dorado – C.C. Nuestro Bogotá,0.0,1.9564767
1:15,Flores – Areandina,0.0,1.9951572
1:15,Museo del Oro,0.0,0.60571957
1:15,General Santander,0.0,0.79128885
1:15,Portal 20 de Julio,0.0,0.748919
1:15,Humedal Córdoba,0.0,1.5649042
1:15,Parque,0.0,0.5785537
1:15,Policarpa,0.0,0.71593094
1:15,Museo Nacional,0.0,0.6417036
1:15,Hospital,0.0,0.7155051
1:15,Normandía,0.0,26.964348
1:15,Perdomo,0.0,1.0545745
1:15,Hortúa,0.0,0.6252947
1:15,Portal Usme,0.0,0.73411465
1:15,Ferias,0.0,2.1376572
1:15,Temporal Marly,0.0,2.120429
1:15,Patio Bonito,0.0,0.6237469
1:15,Portal Tunal,0.0,0.5043478
1:15,Fucha,0.0,0.86319447
1:15,Minuto de Dios,0.0,1.7919912
1:15,Portal Américas,0.0,0.5786829
1:15,Las Aguas - Centro Colombo Americano,0.0,0.86524916
1:15,Portal Suba,0.0,-0.41817808
1:15,Suba - AV. Boyacá,0.0,1.8487949
1:15,Santa Lucía,0.0,1.8174052
1:15,San Martín,0.0,1.7953668
1:15,Universidades – CityU,0.0,0.51678276
1:15,Santa Isabel,0.0,2.044001
1:15,Suba - Calle 95,0.0,0.43079853
1:15,Puente Aranda,0.0,0.644258
1:15,Quiroga,0.0,0.54139614
1:15,Puentelargo,0.0,1.3422241
1:15,San Victorino,0.0,0.6771722
1:15,CC Paseo Villa del Río - Madelena,0.0,0.35860682
1:15,San Mateo - CC Unisur,0.0,0.96151733
1:15,Sevillana,0.0,1.8657217
1:15,Rionegro,0.0,0.78772116
1:15,Suba - Calle 116,0.0,1.9421763
1:15,San Bernardo,0.0,0.6711602
1:15,SENA,0.0,0.572989
1:15,San Facon Carrera 22,0.0,1.7989683
1:15,Socorro,0.0,0.95865583
1:15,21 Ángeles,0.0,1.2742357
1:15,Temporal Calle 34,0.0,1.8341041
1:15,Venecia,0.0,1.9237571
1:15,Danubio,0.0,2.5261617
1:15,Portal Sur - JFK Coop. Financiera,0.0,0.9212203
1:15,Temporal Calle 22,0.0,0.9359579
1:30,AV. Chile,0.0,3.570969
1:30,CAN,0.0,3.4066753
1:30,Campín - UAN,113.0,8.848404
1:30,San Diego,0.0,2.3594513
1:30,Granja - Kr 77,0.0,3.0218816
1:30,Ricaurte - NQS,0.0,3.458229
1:30,Quirigua,0.0,1.9062319
1:30,Suba - Calle 100,0.0,0.7301316
1:30,Calle 75 - Zona M,0.0,1.9076037
1:30,AV. Boyacá,0.0,0.5213933
1:30,Calle 40 Sur,0.0,3.4002023
1:30,AV. Américas - AV. Boyacá,0.0,1.9075971
1:30,Marsella,0.0,0.509706
1:30,Niza - Calle 127,0.0,1.9077339
1:30,La Campiña,0.0,0.33646822
1:30,Transversal 86,0.0,0.4337902
1:30,Corferias,0.0,8.880325
1:30,Guatoque - Veraguas,0.0,0.6475773
1:30,CDS - Carrera 32,0.0,3.3921995
1:30,Ciudad Universitaria - Lotería de Bogotá,0.0,0.8440118
1:30,Universidad Nacional,0.0,0.7656183
1:30,Avenida Rojas - UNISALESIANA,0.0,7.520883
1:30,Tercer Milenio,0.0,0.76431036
1:30,Concejo de Bogotá,0.0,0.829113
1:30,NQS - Calle 38A S,0.0,1.8430533
1:30,7 de Agosto,0.0,1.9077411
1:30,AV. 68,0.0,3.0901742
1:30,Distrito Grafiti,0.0,1.9060831
1:30,Polo - FINCOMERCIO,0.0,1.8526802
1:30,Tygua - San José,0.0,1.8429108
1:30,Quinta Paredes,0.0,1.844625
1:30,Salitre - El Greco,0.0,8.858331
1:30,Zona Industrial,0.0,2.8925967
1:30,León XIII,0.0,1.8250198
1:30,Paloquemao,0.0,0.40323305
1:30,Carrera 90,0.0,0.41893387
1:30,Gobernación,0.0,0.7539921
1:30,Terreros - Hospital Cardio Vascular,0.0,0.5844469
1:30,Escuela Militar,0.0,0.77030754
1:30,Mandalay,0.0,0.41797352
1:30,AV. Cali,0.0,0.6204958
1:30,Suba - TV. 91,0.0,0.8673134
1:30,Ricaurte - CL 13,0.0,0.5379696
1:30,Restrepo,0.0,0.4782076
1:30,Prado,0.0,0.5209546
1:30,Terminal,0.0,1.9067473
1:30,Virrey,0.0,0.52153635
1:30,Toberin - Foundever,0.0,0.57253313
1:30,Pepe Sierra,0.0,0.58875227
1:30,Calle 100 - Marketmedios,0.0,0.622149
1:30,Calle 142,0.0,1.9065938
1:30,Portal Norte – Unicervantes,0.0,0.15126514
1:30,Calle 187,0.0,0.5790138
1:30,Alcalá – Colegio S. Tomás Dominicos,0.0,0.7045231
1:30,Calle 146,0.0,0.41696548
1:30,Calle 127,0.0,0.46181297
1:30,Héroes,0.0,3.1734295
1:30,Calle 161,0.0,0.4858389
1:30,Calle 106 - Maletas Explora,0.0,0.31158495
1:30,Mazurén,0.0,0.5697441
1:30,Calle 45 - American School Way,0.0,0.55887127
1:30,Carrera 53,0.0,0.6026497
1:30,La Castellana,0.0,1.8489304
1:30,AV. 1 Mayo,0.0,0.482059
1:30,De La Sabana,0.0,0.6204438
1:30,La Despensa,0.0,0.44440413
1:30,Calle 72,0.0,0.7739911
1:30,Centro Memoria,0.0,0.59865713
1:30,Carrera 43 - Comapan,0.0,7.074656
1:30,Consuelo,0.0,0.6169634
1:30,AV. Jiménez - Caracas,0.0,0.7336364
1:30,Comuneros,0.0,0.6727729
1:30,El Tiempo – Cámara de Comercio de Bogotá,0.0,7.497203
1:30,Biblioteca Tintal,0.0,0.66334295
1:30,Ciudad Jardín - UAN,0.0,0.64235306
1:30,Bicentenario,0.0,0.6449232
1:30,Temporal Calle 57,0.0,3.310453
1:30,Biblioteca,0.0,0.7324028
1:30,AV. ElDorado,0.0,6.9768043
1:30,Calle 26,0.0,6.959963
1:30,Alquería,0.0,0.73562956
1:30,Bosa,0.0,0.4722438
1:30,CAD,0.0,6.8811803
1:30,Banderas,0.0,6.9341607
1:30,Calle 19,0.0,6.981729
1:30,AV. Jiménez - CL 13,0.0,6.868583
1:30,Movistar Arena,658.0,8.276737
1:30,AV. 39,0.0,6.852746
1:30,Calle 76 - San Felipe,0.0,0.44280624
1:30,Calle 63,0.0,6.9606133
1:30,Calle 85,0.0,6.925952
1:30,NQS - Calle 30 S,0.0,6.8865566
1:30,Country Sur,0.0,0.7204876
1:30,Carrera 47,0.0,7.0234485
1:30,Portal 80,0.0,0.39219236
1:30,Olaya,0.0,0.662827
1:30,Molinos,0.0,0.7403779
1:30,Nariño,0.0,0.7131381
1:30,Gratamira,0.0,1.8507838
1:30,Pradera - Plaza Central,0.0,1.9060888
1:30,Las Nieves,0.0,0.5667181
1:30,Modelia,0.0,0.7549672
1:30,Portal El Dorado – C.C. Nuestro Bogotá,0.0,0.65157795
1:30,Flores – Areandina,0.0,0.69384336
1:30,Museo del Oro,0.0,0.7613926
1:30,General Santander,0.0,0.8280029
1:30,Portal 20 de Julio,0.0,0.72719145
1:30,Humedal Córdoba,0.0,0.8216338
1:30,Parque,0.0,0.7419143
1:30,Policarpa,0.0,0.6186485
1:30,Museo Nacional,0.0,0.65133095
1:30,Hospital,0.0,0.7147975
1:30,Normandía,0.0,7.524459
1:30,Perdomo,0.0,0.500371
1:30,Hortúa,0.0,0.6871915
1:30,Portal Usme,0.0,0.64720964
1:30,Ferias,0.0,1.9072933
1:30,Temporal Marly,0.0,1.9075141
1:30,Patio Bonito,0.0,0.40065813
1:30,Portal Tunal,0.0,0.7612057
1:30,Fucha,0.0,0.75690126
1:30,Minuto de Dios,0.0,1.8513837
1:30,Portal Américas,0.0,0.69408417
1:30,Las Aguas - Centro Colombo Americano,0.0,0.66813564
1:30,Portal Suba,0.0,0.8012214
1:30,Suba - AV. Boyacá,0.0,0.6438942
1:30,Santa Lucía,0.0,1.8474493
1:30,San Martín,0.0,1.8501582
1:30,Universidades – CityU,0.0,0.3891983
1:30,Santa Isabel,0.0,0.8410988
1:30,Suba - Calle 95,0.0,0.57996035
1:30,Puente Aranda,0.0,0.6646681
1:30,Quiroga,0.0,0.6113367
1:30,Puentelargo,0.0,0.5636916
1:30,San Victorino,0.0,0.6978822
1:30,CC Paseo Villa del Río - Madelena,0.0,0.6285906
1:30,San Mateo - CC Unisur,0.0,0.39569998
1:30,Sevillana,0.0,1.8448348
1:30,Rionegro,0.0,0.3064251
1:30,Suba - Calle 116,0.0,0.60828733
1:30,San Bernardo,0.0,0.60727835
1:30,SENA,0.0,0.676013
1:30,San Facon Carrera 22,0.0,0.8104601
1:30,Socorro,0.0,0.3865981
1:30,21 Ángeles,0.0,0.40507746
1:30,Temporal Calle 34,0.0,0.54290104
1:30,Venecia,0.0,0.6024728
1:30,Danubio,0.0,2.4741898
1:30,Portal Sur - JFK Coop. Financiera,0.0,0.77147245
1:30,Temporal Calle 22,0.0,0.47596264
1:45,AV. Chile,0.0,21.074144
1:45,CAN,0.0,20.717161
1:45,Campín - UAN,2.0,125.88239
1:45,San Diego,0.0,17.877996
1:45,Granja - Kr 77,0.0,20.012728
1:45,Ricaurte - NQS,0.0,20.925058
1:45,Quirigua,0.0,1.8356805
1:45,Suba - Calle 100,0.0,0.60002136
1:45,Calle 75 - Zona M,0.0,1.8370323
1:45,AV. Boyacá,0.0,0.6814499
1:45,Calle 40 Sur,0.0,20.75076
1:45,AV. Américas - AV. Boyacá,0.0,1.8369136
1:45,Marsella,0.0,0.5834079
1:45,Niza - Calle 127,0.0,1.8373513
1:45,La Campiña,0.0,0.6761384
1:45,Transversal 86,0.0,0.6381235
1:45,Corferias,0.0,61.76011
1:45,Guatoque - Veraguas,0.0,0.64393187
1:45,CDS - Carrera 32,0.0,20.802134
1:45,Ciudad Universitaria - Lotería de Bogotá,0.0,0.57380295
1:45,Universidad Nacional,0.0,0.6154113
1:45,Avenida Rojas - UNISALESIANA,0.0,61.759876
1:45,Tercer Milenio,0.0,0.6087146
1:45,Concejo de Bogotá,0.0,0.6542902
1:45,NQS - Calle 38A S,0.0,0.6797199
1:45,7 de Agosto,0.0,1.8366475
1:45,AV. 68,0.0,20.286491
1:45,Distrito Grafiti,0.0,1.8360534
1:45,Polo - FINCOMERCIO,0.0,0.60024595
1:45,Tygua - San José,0.0,0.63159037
1:45,Quinta Paredes,0.0,0.62220955
1:45,Salitre - El Greco,0.0,61.760105
1:45,Zona Industrial,0.0,19.904932
1:45,León XIII,0.0,0.8066387
1:45,Paloquemao,0.0,0.7251849
1:45,Carrera 90,0.0,0.68245983
1:45,Gobernación,0.0,0.5588412
1:45,Terreros - Hospital Cardio Vascular,0.0,0.6291537
1:45,Escuela Militar,0.0,0.68541527
1:45,Mandalay,0.0,0.6790042
1:45,AV. Cali,0.0,0.6662507
1:45,Suba - TV. 91,0.0,0.5574508
1:45,Ricaurte - CL 13,0.0,0.58235216
1:45,Restrepo,0.0,0.6053276
1:45,Prado,0.0,0.62969255
1:45,Terminal,0.0,1.8387127
1:45,Virrey,0.0,0.59552574
1:45,Toberin - Foundever,0.0,0.6097412
1:45,Pepe Sierra,0.0,0.6122303
1:45,Calle 100 - Marketmedios,0.0,0.6708169
1:45,Calle 142,0.0,1.8384533
1:45,Portal Norte – Unicervantes,0.0,0.53917456
1:45,Calle 187,0.0,0.7251849
1:45,Alcalá – Colegio S. Tomás Dominicos,0.0,0.6728625
1:45,Calle 146,0.0,0.6301961
1:45,Calle 127,0.0,0.5797925
1:45,Héroes,0.0,20.137466
1:45,Calle 161,0.0,0.62380075
1:45,Calle 106 - Maletas Explora,0.0,0.5409007
1:45,Mazurén,0.0,0.68098927
1:45,Calle 45 - American School Way,0.0,0.65500927
1:45,Carrera 53,0.0,0.7251849
1:45,La Castellana,0.0,0.641181
1:45,AV. 1 Mayo,0.0,0.69478273
1:45,De La Sabana,0.0,0.67670393
1:45,La Despensa,0.0,0.69359493
1:45,Calle 72,0.0,0.66446733
1:45,Centro Memoria,0.0,0.6313114
1:45,Carrera 43 - Comapan,0.0,61.76012
1:45,Consuelo,0.0,0.6312604
1:45,AV. Jiménez - Caracas,0.0,0.65836906
1:45,Comuneros,0.0,0.6562228
1:45,El Tiempo – Cámara de Comercio de Bogotá,0.0,61.760117
1:45,Biblioteca Tintal,0.0,0.6169071
1:45,Ciudad Jardín - UAN,0.0,0.6391735
1:45,Bicentenario,0.0,0.68550014
1:45,Temporal Calle 57,0.0,20.56393
1:45,Biblioteca,0.0,0.5820894
1:45,AV. ElDorado,0.0,61.760117
1:45,Calle 26,0.0,61.760113
1:45,Alquería,0.0,0.60842943
1:45,Bosa,0.0,0.71875095
1:45,CAD,0.0,61.76012
1:45,Banderas,0.0,61.76012
1:45,Calle 19,0.0,61.76012
1:45,AV. Jiménez - CL 13,0.0,61.760117
1:45,Movistar Arena,163.0,76.64798
1:45,AV. 39,0.0,61.76012
1:45,Calle 76 - San Felipe,0.0,0.6226711
1:45,Calle 63,0.0,61.760113
1:45,Calle 85,0.0,61.760067
1:45,NQS - Calle 30 S,0.0,61.760113
1:45,Country Sur,0.0,0.6090317
1:45,Carrera 47,0.0,61.760117
1:45,Portal 80,0.0,0.52417374
1:45,Olaya,0.0,0.6421523
1:45,Molinos,0.0,0.61472607
1:45,Nariño,0.0,0.6234703
1:45,Gratamira,0.0,0.6036825
1:45,Pradera - Plaza Central,0.0,1.8363681
1:45,Las Nieves,0.0,0.6240635
1:45,Modelia,0.0,0.62961674
1:45,Portal El Dorado – C.C. Nuestro Bogotá,0.0,0.5935736
1:45,Flores – Areandina,0.0,0.598403
1:45,Museo del Oro,0.0,0.5879154
1:45,General Santander,0.0,0.5148988
1:45,Portal 20 de Julio,0.0,0.5508404
1:45,Humedal Córdoba,0.0,0.6126709
1:45,Parque,0.0,0.55329514
1:45,Policarpa,0.0,0.66121435
1:45,Museo Nacional,0.0,0.6442294
1:45,Hospital,0.0,0.57216644
1:45,Normandía,0.0,61.759865
1:45,Perdomo,0.0,0.57971287
1:45,Hortúa,0.0,0.63515663
1:45,Portal Usme,0.0,0.60721207
1:45,Ferias,0.0,1.8369789
1:45,Temporal Marly,0.0,1.8363318
1:45,Patio Bonito,0.0,0.55738544
1:45,Portal Tunal,0.0,0.56949997
1:45,Fucha,0.0,0.49753952
1:45,Minuto de Dios,0.0,0.5863018
1:45,Portal Américas,0.0,0.604486
1:45,Las Aguas - Centro Colombo Americano,0.0,0.5899787
1:45,Portal Suba,0.0,0.66472864
1:45,Suba - AV. Boyacá,0.0,0.57750607
1:45,Santa Lucía,0.0,0.63075495
1:45,San Martín,0.0,0.59960747
1:45,Universidades – CityU,0.0,0.62420225
1:45,Santa Isabel,0.0,0.71024513
1:45,Suba - Calle 95,0.0,0.69208336
1:45,Puente Aranda,0.0,0.6442776
1:45,Quiroga,0.0,0.67282104
1:45,Puentelargo,0.0,0.6260891
1:45,San Victorino,0.0,0.61450577
1:45,CC Paseo Villa del Río - Madelena,0.0,0.6447568
1:45,San Mateo - CC Unisur,0.0,0.65124416
1:45,Sevillana,0.0,0.6825566
1:45,Rionegro,0.0,0.6839814
1:45,Suba - Calle 116,0.0,0.6250138
1:45,San Bernardo,0.0,0.6844859
1:45,SENA,0.0,0.70652723
1:45,San Facon Carrera 22,0.0,0.7251849
1:45,Socorro,0.0,0.7024498
1:45,21 Ángeles,0.0,0.7088847
1:45,Temporal Calle 34,0.0,0.55378675
1:45,Venecia,0.0,0.6088371
1:45,Danubio,0.0,21.467495
1:45,Portal Sur - JFK Coop. Financiera,0.0,0.64842653
1:45,Temporal Calle 22,0.0,0.62208605
2:00,AV. Chile,0.0,5.4434757
2:00,CAN,0.0,5.5644393
2:00,Campín - UAN,58.0,60.864124
2:00,San Diego,0.0,5.943092
2:00,Granja - Kr 77,0.0,5.842654
2:00,Ricaurte - NQS,0.0,5.4987984
2:00,Quirigua,0.0,0.7251849
2:00,Suba - Calle 100,0.0,0.7251849
2:00,Calle 75 - Zona M,0.0,0.7251849
2:00,AV. Boyacá,0.0,0.7251849
2:00,Calle 40 Sur,0.0,5.5793815
2:00,AV. Américas - AV. Boyacá,0.0,0.7251849
2:00,Marsella,0.0,0.7251849
2:00,Niza - Calle 127,0.0,0.7251849
2:00,La Campiña,0.0,0.7251849
2:00,Transversal 86,0.0,0.7251849
2:00,Corferias,0.0,38.29259
2:00,Guatoque - Veraguas,0.0,0.7251849
2:00,CDS - Carrera 32,0.0,5.621072
2:00,Ciudad Universitaria - Lotería de Bogotá,0.0,0.7251849
2:00,Universidad Nacional,0.0,0.7251849
2:00,Avenida Rojas - UNISALESIANA,0.0,35.658585
2:00,Tercer Milenio,0.0,0.7251849
2:00,Concejo de Bogotá,0.0,0.7251849
2:00,NQS - Calle 38A S,0.0,0.7251849
2:00,7 de Agosto,0.0,0.7251849
2:00,AV. 68,0.0,5.7861133
2:00,Distrito Grafiti,0.0,0.7251849
2:00,Polo - FINCOMERCIO,0.0,0.7251849
2:00,Tygua - San José,0.0,0.7251849
2:00,Quinta Paredes,0.0,0.7251849
2:00,Salitre - El Greco,0.0,38.184578
2:00,Zona Industrial,0.0,5.906854
2:00,León XIII,0.0,0.7251849
2:00,Paloquemao,0.0,0.7251849
2:00,Carrera 90,0.0,0.7251849
2:00,Gobernación,0.0,0.7251849
2:00,Terreros - Hospital Cardio Vascular,0.0,0.7251849
2:00,Escuela Militar,0.0,0.7251849
2:00,Mandalay,0.0,0.7251849
2:00,AV. Cali,0.0,0.7251849
2:00,Suba - TV. 91,0.0,0.7251849
2:00,Ricaurte - CL 13,0.0,0.7251849
2:00,Restrepo,0.0,0.7251849
2:00,Prado,0.0,0.7251849
2:00,Terminal,0.0,0.7251849
2:00,Virrey,0.0,0.7251849
2:00,Toberin - Foundever,0.0,0.7251849
2:00,Pepe Sierra,0.0,0.7251849
2:00,Calle 100 - Marketmedios,0.0,0.7251849
2:00,Calle 142,0.0,0.7251849
2:00,Portal Norte – Unicervantes,0.0,0.7251849
2:00,Calle 187,0.0,0.7251849
2:00,Alcalá – Colegio S. Tomás Dominicos,0.0,0.7251849
2:00,Calle 146,0.0,0.7251849
2:00,Calle 127,0.0,0.7251849
2:00,Héroes,0.0,5.8021345
2:00,Calle 161,0.0,0.7251849
2:00,Calle 106 - Maletas Explora,0.0,0.7251849
2:00,Mazurén,0.0,0.7251849
2:00,Calle 45 - American School Way,0.0,0.7251849
2:00,Carrera 53,0.0,0.7251849
2:00,La Castellana,0.0,0.7251849
2:00,AV. 1 Mayo,0.0,0.7251849
2:00,De La Sabana,0.0,0.7251849
2:00,La Despensa,0.0,0.7251849
2:00,Calle 72,0.0,0.7251849
2:00,Centro Memoria,0.0,0.7251849
2:00,Carrera 43 - Comapan,0.0,38.145508
2:00,Consuelo,0.0,0.7251849
2:00,AV. Jiménez - Caracas,0.0,0.7251849
2:00,Comuneros,0.0,0.7251849
2:00,El Tiempo – Cámara de Comercio de Bogotá,0.0,38.168568
2:00,Biblioteca Tintal,0.0,0.7251849
2:00,Ciudad Jardín - UAN,0.0,0.7251849
2:00,Bicentenario,0.0,0.7251849
2:00,Temporal Calle 57,0.0,5.6129746
2:00,Biblioteca,0.0,0.7251849
2:00,AV. ElDorado,0.0,38.166283
2:00,Calle 26,0.0,38.126728
2:00,Alquería,0.0,0.7251849
2:00,Bosa,0.0,0.7251849
2:00,CAD,0.0,38.321167
2:00,Banderas,0.0,38.255455
2:00,Calle 19,0.0,38.2218
2:00,AV. Jiménez - CL 13,0.0,38.420452
2:00,Movistar Arena,29.0,36.230446
2:00,AV. 39,0.0,38.31254
2:00,Calle 76 - San Felipe,0.0,0.7251849
2:00,Calle 63,0.0,38.297096
2:00,Calle 85,0.0,38.212963
2:00,NQS - Calle 30 S,0.0,38.295162
2:00,Country Sur,0.0,0.7251849
2:00,Carrera 47,0.0,38.087833
2:00,Portal 80,0.0,0.7251849
2:00,Olaya,0.0,0.7251849
2:00,Molinos,0.0,0.7251849
2:00,Nariño,0.0,0.7251849
2:00,Gratamira,0.0,0.7251849
2:00,Pradera - Plaza Central,0.0,0.7251849
2:00,Las Nieves,0.0,0.7251849
2:00,Modelia,0.0,0.7251849
2:00,Portal El Dorado – C.C. Nuestro Bogotá,0.0,0.7251849
2:00,Flores – Areandina,0.0,0.7251849
2:00,Museo del Oro,0.0,0.7251849
2:00,General Santander,0.0,0.7251849
2:00,Portal 20 de Julio,0.0,0.7251849
2:00,Humedal Córdoba,0.0,0.7251849
2:00,Parque,0.0,0.7251849
2:00,Policarpa,0.0,0.7251849
2:00,Museo Nacional,0.0,0.7251849
2:00,Hospital,0.0,0.7251849
2:00,Normandía,0.0,35.652203
2:00,Perdomo,0.0,0.7251849
2:00,Hortúa,0.0,0.7251849
2:00,Portal Usme,0.0,0.7251849
2:00,Ferias,0.0,0.7251849
2:00,Temporal Marly,0.0,0.7251849
2:00,Patio Bonito,0.0,0.7251849
2:00,Portal Tunal,0.0,0.7251849
2:00,Fucha,0.0,0.7251849
2:00,Minuto de Dios,0.0,0.7251849
2:00,Portal Américas,0.0,0.7251849
2:00,Las Aguas - Centro Colombo Americano,0.0,0.7251849
2:00,Portal Suba,0.0,0.7251849
2:00,Suba - AV. Boyacá,0.0,0.7251849
2:00,Santa Lucía,0.0,0.7251849
2:00,San Martín,0.0,0.7251849
2:00,Universidades – CityU,0.0,0.7251849
2:00,Santa Isabel,0.0,0.7251849
2:00,Suba - Calle 95,0.0,0.7251849
2:00,Puente Aranda,0.0,0.7251849
2:00,Quiroga,0.0,0.7251849
2:00,Puentelargo,0.0,0.7251849
2:00,San Victorino,0.0,0.7251849
2:00,CC Paseo Villa del Río - Madelena,0.0,0.7251849
2:00,San Mateo - CC Unisur,0.0,0.7251849
2:00,Sevillana,0.0,0.7251849
2:00,Rionegro,0.0,0.7251849
2:00,Suba - Calle 116,0.0,0.7251849
2:00,San Bernardo,0.0,0.7251849
2:00,SENA,0.0,0.7251849
2:00,San Facon Carrera 22,0.0,0.7251849
2:00,Socorro,0.0,0.7251849
2:00,21 Ángeles,0.0,0.7251849
2:00,Temporal Calle 34,0.0,0.7251849
2:00,Venecia,0.0,0.7251849
2:00,Danubio,0.0,8.27015
2:00,Portal Sur - JFK Coop. Financiera,0.0,0.7251854
2:00,Temporal Calle 22,0.0,0.72518444
2:15,AV. Chile,0.0,5.86281
2:15,CAN,0.0,5.5828276
2:15,Campín - UAN,74.0,15.60327
2:15,San Diego,0.0,3.6855159
2:15,Granja - Kr 77,0.0,5.135445
2:15,Ricaurte - NQS,0.0,5.743887
2:15,Quirigua,0.0,0.7251849
2:15,Suba - Calle 100,0.0,0.7251849
2:15,Calle 75 - Zona M,0.0,0.7251849
2:15,AV. Boyacá,0.0,0.7251849
2:15,Calle 40 Sur,0.0,5.6121817
2:15,AV. Américas - AV. Boyacá,0.0,0.7251849
2:15,Marsella,0.0,0.7251849
2:15,Niza - Calle 127,0.0,0.7251849
2:15,La Campiña,0.0,0.7251849
2:15,Transversal 86,0.0,0.7251849
2:15,Corferias,0.0,9.376572
2:15,Guatoque - Veraguas,0.0,0.7251849
2:15,CDS - Carrera 32,0.0,5.63754
2:15,Ciudad Universitaria - Lotería de Bogotá,0.0,0.7251849
2:15,Universidad Nacional,0.0,0.7251849
2:15,Avenida Rojas - UNISALESIANA,0.0,8.869371
2:15,Tercer Milenio,0.0,0.7251849
2:15,Concejo de Bogotá,0.0,0.7251849
2:15,NQS - Calle 38A S,0.0,0.7251849
2:15,7 de Agosto,0.0,0.7251849
2:15,AV. 68,0.0,5.306769
2:15,Distrito Grafiti,0.0,0.7251849
2:15,Polo - FINCOMERCIO,0.0,0.7251849
2:15,Tygua - San José,0.0,0.7251849
2:15,Quinta Paredes,0.0,0.7251849
2:15,Salitre - El Greco,0.0,9.325326
2:15,Zona Industrial,0.0,4.930363
2:15,León XIII,0.0,0.7251849
2:15,Paloquemao,0.0,0.7251849
2:15,Carrera 90,0.0,0.7251849
2:15,Gobernación,0.0,0.7251849
2:15,Terreros - Hospital Cardio Vascular,0.0,0.7251849
2:15,Escuela Militar,0.0,0.7251849
2:15,Mandalay,0.0,0.7251849
2:15,AV. Cali,0.0,0.7251849
2:15,Suba - TV. 91,0.0,0.7251849
2:15,Ricaurte - CL 13,0.0,0.7251849
2:15,Restrepo,0.0,0.7251849
2:15,Prado,0.0,0.7251849
2:15,Terminal,0.0,0.7251849
2:15,Virrey,0.0,0.7251849
2:15,Toberin - Foundever,0.0,0.7251849
2:15,Pepe Sierra,0.0,0.7251849
2:15,Calle 100 - Marketmedios,0.0,0.7251849
2:15,Calle 142,0.0,0.7251849
2:15,Portal Norte – Unicervantes,0.0,0.7251849
2:15,Calle 187,0.0,0.7251849
2:15,Alcalá – Colegio S. Tomás Dominicos,0.0,0.7251849
2:15,Calle 146,0.0,0.7251849
2:15,Calle 127,0.0,0.7251849
2:15,Héroes,0.0,5.1801248
2:15,Calle 161,0.0,0.7251849
2:15,Calle 106 - Maletas Explora,0.0,0.7251849
2:15,Mazurén,0.0,0.7251849
2:15,Calle 45 - American School Way,0.0,0.7251849
2:15,Carrera 53,0.0,0.7251849
2:15,La Castellana,0.0,0.7251849
2:15,AV. 1 Mayo,0.0,0.7251849
2:15,De La Sabana,0.0,0.7251849
2:15,La Despensa,0.0,0.7251849
2:15,Calle 72,0.0,0.7251849
2:15,Centro Memoria,0.0,0.7251849
2:15,Carrera 43 - Comapan,0.0,8.870876
2:15,Consuelo,0.0,0.7251849
2:15,AV. Jiménez - Caracas,0.0,0.7251849
2:15,Comuneros,0.0,0.7251849
2:15,El Tiempo – Cámara de Comercio de Bogotá,0.0,8.874428
2:15,Biblioteca Tintal,0.0,0.7251849
2:15,Ciudad Jardín - UAN,0.0,0.7251849
2:15,Bicentenario,0.0,0.7251849
2:15,Temporal Calle 57,0.0,5.4034333
2:15,Biblioteca,0.0,0.7251849
2:15,AV. ElDorado,0.0,8.872901
2:15,Calle 26,0.0,8.868542
2:15,Alquería,0.0,0.7251849
2:15,Bosa,0.0,0.7251849
2:15,CAD,0.0,8.904214
2:15,Banderas,0.0,8.886457
2:15,Calle 19,0.0,8.880413
2:15,AV. Jiménez - CL 13,0.0,8.98278
2:15,Movistar Arena,55.0,9.402231
2:15,AV. 39,0.0,8.90124
2:15,Calle 76 - San Felipe,0.0,0.7251849
2:15,Calle 63,0.0,8.89669
2:15,Calle 85,0.0,8.878798
2:15,NQS - Calle 30 S,0.0,8.895683
2:15,Country Sur,0.0,0.7251849
2:15,Carrera 47,0.0,8.865631
2:15,Portal 80,0.0,0.7251849
2:15,Olaya,0.0,0.7251849
2:15,Molinos,0.0,0.7251849
2:15,Nariño,0.0,0.7251849
2:15,Gratamira,0.0,0.7251849
2:15,Pradera - Plaza Central,0.0,0.7251849
2:15,Las Nieves,0.0,0.7251849
2:15,Modelia,0.0,0.7251849
2:15,Portal El Dorado – C.C. Nuestro Bogotá,0.0,0.7251849
2:15,Flores – Areandina,0.0,0.7251849
2:15,Museo del Oro,0.0,0.7251849
2:15,General Santander,0.0,0.7251849
2:15,Portal 20 de Julio,0.0,0.7251849
2:15,Humedal Córdoba,0.0,0.7251849
2:15,Parque,0.0,0.7251849
2:15,Policarpa,0.0,0.7251849
2:15,Museo Nacional,0.0,0.7251849
2:15,Hospital,0.0,0.7251849
2:15,Normandía,0.0,8.869101
2:15,Perdomo,0.0,0.7251849
2:15,Hortúa,0.0,0.7251849
2:15,Portal Usme,0.0,0.7251849
2:15,Ferias,0.0,0.7251849
2:15,Temporal Marly,0.0,0.7251849
2:15,Patio Bonito,0.0,0.7251849
2:15,Portal Tunal,0.0,0.7251849
2:15,Fucha,0.0,0.7251849
2:15,Minuto de Dios,0.0,0.7251849
2:15,Portal Américas,0.0,0.7251849
2:15,Las Aguas - Centro Colombo Americano,0.0,0.7251849
2:15,Portal Suba,0.0,0.7251849
2:15,Suba - AV. Boyacá,0.0,0.7251849
2:15,Santa Lucía,0.0,0.7251849
2:15,San Martín,0.0,0.7251849
2:15,Universidades – CityU,0.0,0.7251849
2:15,Santa Isabel,0.0,0.7251849
2:15,Suba - Calle 95,0.0,0.7251849
2:15,Puente Aranda,0.0,0.7251849
2:15,Quiroga,0.0,0.7251849
2:15,Puentelargo,0.0,0.7251849
2:15,San Victorino,0.0,0.7251849
2:15,CC Paseo Villa del Río - Madelena,0.0,0.7251849
2:15,San Mateo - CC Unisur,0.0,0.7251849
2:15,Sevillana,0.0,0.7251849
2:15,Rionegro,0.0,0.7251849
2:15,Suba - Calle 116,0.0,0.7251849
2:15,San Bernardo,0.0,0.7251849
2:15,SENA,0.0,0.7251849
2:15,San Facon Carrera 22,0.0,0.7251849
2:15,Socorro,0.0,0.7251849
2:15,21 Ángeles,0.0,0.7251849
2:15,Temporal Calle 34,0.0,0.7251849
2:15,Venecia,0.0,0.7251849
2:15,Danubio,0.0,5.5396404
2:15,Portal Sur - JFK Coop. Financiera,0.0,0.7251854
2:15,Temporal Calle 22,0.0,0.72518444
2:30,AV. Chile,0.0,6.545656
2:30,CAN,0.0,6.2743645
2:30,Campín - UAN,47.0,13.056934
2:30,San Diego,0.0,4.636871
2:30,Granja - Kr 77,0.0,5.8549747
2:30,Ricaurte - NQS,0.0,6.4292383
2:30,Quirigua,0.0,0.7251849
2:30,Suba - Calle 100,0.0,0.7251849
2:30,Calle 75 - Zona M,0.0,0.7251849
2:30,AV. Boyacá,0.0,0.7251849
2:30,Calle 40 Sur,0.0,6.3033967
2:30,AV. Américas - AV. Boyacá,0.0,0.7251849
2:30,Marsella,0.0,0.7251849
2:30,Niza - Calle 127,0.0,0.7251849
2:30,La Campiña,0.0,0.7251849
2:30,Transversal 86,0.0,0.7251849
2:30,Corferias,0.0,7.7418895
2:30,Guatoque - Veraguas,0.0,0.7251849
2:30,CDS - Carrera 32,0.0,6.3466434
2:30,Ciudad Universitaria - Lotería de Bogotá,0.0,0.7251849
2:30,Universidad Nacional,0.0,0.7251849
2:30,Avenida Rojas - UNISALESIANA,0.0,1.7464614
2:30,Tercer Milenio,0.0,0.7251849
2:30,Concejo de Bogotá,0.0,0.7251849
2:30,NQS - Calle 38A S,0.0,0.7251849
2:30,7 de Agosto,0.0,0.7251849
2:30,AV. 68,0.0,6.0163307
2:30,Distrito Grafiti,0.0,0.7251849
2:30,Polo - FINCOMERCIO,0.0,0.7251849
2:30,Tygua - San José,0.0,0.7251849
2:30,Quinta Paredes,0.0,0.7251849
2:30,Salitre - El Greco,0.0,7.0714755
2:30,Zona Industrial,0.0,5.880398
2:30,León XIII,0.0,0.7251849
2:30,Paloquemao,0.0,0.7251849
2:30,Carrera 90,0.0,0.7251849
2:30,Gobernación,0.0,0.7251849
2:30,Terreros - Hospital Cardio Vascular,0.0,0.7251849
2:30,Escuela Militar,0.0,0.7251849
2:30,Mandalay,0.0,0.7251849
2:30,AV. Cali,0.0,0.7251849
2:30,Suba - TV. 91,0.0,0.7251849
2:30,Ricaurte - CL 13,0.0,0.7251849
2:30,Restrepo,0.0,0.7251849
2:30,Prado,0.0,0.7251849
2:30,Terminal,0.0,0.7251849
2:30,Virrey,0.0,0.7251849
2:30,Toberin - Foundever,0.0,0.7251849
2:30,Pepe Sierra,0.0,0.7251849
2:30,Calle 100 - Marketmedios,0.0,0.7251849
2:30,Calle 142,0.0,0.7251849
2:30,Portal Norte – Unicervantes,0.0,0.7251849
2:30,Calle 187,0.0,0.7251849
2:30,Alcalá – Colegio S. Tomás Dominicos,0.0,0.7251849
2:30,Calle 146,0.0,0.7251849
2:30,Calle 127,0.0,0.7251849
2:30,Héroes,0.0,5.950832
2:30,Calle 161,0.0,0.7251849
2:30,Calle 106 - Maletas Explora,0.0,0.7251849
2:30,Mazurén,0.0,0.7251849
2:30,Calle 45 - American School Way,0.0,0.7251849
2:30,Carrera 53,0.0,0.7251849
2:30,La Castellana,0.0,0.7251849
2:30,AV. 1 Mayo,0.0,0.7251849
2:30,De La Sabana,0.0,0.7251849
2:30,La Despensa,0.0,0.7251849
2:30,Calle 72,0.0,0.7251849
2:30,Centro Memoria,0.0,0.7251849
2:30,Carrera 43 - Comapan,0.0,3.2035942
2:30,Consuelo,0.0,0.7251849
2:30,AV. Jiménez - Caracas,0.0,0.7251849
2:30,Comuneros,0.0,0.7251849
2:30,El Tiempo – Cámara de Comercio de Bogotá,0.0,3.2495594
2:30,Biblioteca Tintal,0.0,0.7251849
2:30,Ciudad Jardín - UAN,0.0,0.7251849
2:30,Bicentenario,0.0,0.7251849
2:30,Temporal Calle 57,0.0,6.2133327
2:30,Biblioteca,0.0,0.7251849
2:30,AV. ElDorado,0.0,3.245039
2:30,Calle 26,0.0,3.1688795
2:30,Alquería,0.0,0.7251849
2:30,Bosa,0.0,0.7251849
2:30,CAD,0.0,3.7313051
2:30,Banderas,0.0,3.4717107
2:30,Calle 19,0.0,3.3746605
2:30,AV. Jiménez - CL 13,0.0,4.7933636
2:30,Movistar Arena,4.0,7.1070967
2:30,AV. 39,0.0,3.6895647
2:30,Calle 76 - San Felipe,0.0,0.7251849
2:30,Calle 63,0.0,3.6217313
2:30,Calle 85,0.0,3.3518581
2:30,NQS - Calle 30 S,0.0,3.6138635
2:30,Country Sur,0.0,0.7251849
2:30,Carrera 47,0.0,3.1035643
2:30,Portal 80,0.0,0.7251849
2:30,Olaya,0.0,0.7251849
2:30,Molinos,0.0,0.7251849
2:30,Nariño,0.0,0.7251849
2:30,Gratamira,0.0,0.7251849
2:30,Pradera - Plaza Central,0.0,0.7251849
2:30,Las Nieves,0.0,0.7251849
2:30,Modelia,0.0,0.7251849
2:30,Portal El Dorado – C.C. Nuestro Bogotá,0.0,0.7251849
2:30,Flores – Areandina,0.0,0.7251849
2:30,Museo del Oro,0.0,0.7251849
2:30,General Santander,0.0,0.7251849
2:30,Portal 20 de Julio,0.0,0.7251849
2:30,Humedal Córdoba,0.0,0.7251849
2:30,Parque,0.0,0.7251849
2:30,Policarpa,0.0,0.7251849
2:30,Museo Nacional,0.0,0.7251849
2:30,Hospital,0.0,0.7251849
2:30,Normandía,0.0,1.7436957
2:30,Perdomo,0.0,0.7251849
2:30,Hortúa,0.0,0.7251849
2:30,Portal Usme,0.0,0.7251849
2:30,Ferias,0.0,0.7251849
2:30,Temporal Marly,0.0,0.7251849
2:30,Patio Bonito,0.0,0.7251849
2:30,Portal Tunal,0.0,0.7251849
2:30,Fucha,0.0,0.7251849
2:30,Minuto de Dios,0.0,0.7251849
2:30,Portal Américas,0.0,0.7251849
2:30,Las Aguas - Centro Colombo Americano,0.0,0.7251849
2:30,Portal Suba,0.0,0.7251849
2:30,Suba - AV. Boyacá,0.0,0.7251849
2:30,Santa Lucía,0.0,0.7251849
2:30,San Martín,0.0,0.7251849
2:30,Universidades – CityU,0.0,0.7251849
2:30,Santa Isabel,0.0,0.7251849
2:30,Suba - Calle 95,0.0,0.7251849
2:30,Puente Aranda,0.0,0.7251849
2:30,Quiroga,0.0,0.7251849
2:30,Puentelargo,0.0,0.7251849
2:30,San Victorino,0.0,0.7251849
2:30,CC Paseo Villa del Río - Madelena,0.0,0.7251849
2:30,San Mateo - CC Unisur,0.0,0.7251849
2:30,Sevillana,0.0,0.7251849
2:30,Rionegro,0.0,0.7251849
2:30,Suba - Calle 116,0.0,0.7251849
2:30,San Bernardo,0.0,0.7251849
2:30,SENA,0.0,0.7251849
2:30,San Facon Carrera 22,0.0,0.7251849
2:30,Socorro,0.0,0.7251849
2:30,21 Ángeles,0.0,0.7251849
2:30,Temporal Calle 34,0.0,0.7251849
2:30,Venecia,0.0,0.7251849
2:30,Danubio,0.0,7.1689987
2:30,Portal Sur - JFK Coop. Financiera,0.0,0.7251854
2:30,Temporal Calle 22,0.0,0.72518444
2:45,AV. Chile,0.0,3.279091
2:45,CAN,0.0,3.1124773
2:45,Campín - UAN,28.0,3.0216017
2:45,San Diego,0.0,2.2016044
2:45,Granja - Kr 77,0.0,2.8615828
2:45,Ricaurte - NQS,0.0,3.2067566
2:45,Quirigua,0.0,0.7251849
2:45,Suba - Calle 100,0.0,0.7251849
2:45,Calle 75 - Zona M,0.0,0.7251849
2:45,AV. Boyacá,0.0,0.7251849
2:45,Calle 40 Sur,0.0,3.1301317
2:45,AV. Américas - AV. Boyacá,0.0,0.7251849
2:45,Marsella,0.0,0.7251849
2:45,Niza - Calle 127,0.0,0.7251849
2:45,La Campiña,0.0,0.7251849
2:45,Transversal 86,0.0,0.7251849
2:45,Corferias,0.0,3.2358332
2:45,Guatoque - Veraguas,0.0,0.7251849
2:45,CDS - Carrera 32,0.0,3.16049
2:45,Ciudad Universitaria - Lotería de Bogotá,0.0,0.7251849
2:45,Universidad Nacional,0.0,0.7251849
2:45,Avenida Rojas - UNISALESIANA,0.0,1.0164261
2:45,Tercer Milenio,0.0,0.7251849
2:45,Concejo de Bogotá,0.0,0.7251849
2:45,NQS - Calle 38A S,0.0,0.7251849
2:45,7 de Agosto,0.0,0.7251849
2:45,AV. 68,0.0,2.9576635
2:45,Distrito Grafiti,0.0,0.7251849
2:45,Polo - FINCOMERCIO,0.0,0.7251849
2:45,Tygua - San José,0.0,0.7251849
2:45,Quinta Paredes,0.0,0.7251849
2:45,Salitre - El Greco,0.0,3.1816072
2:45,Zona Industrial,0.0,2.938542
2:45,León XIII,0.0,0.7251849
2:45,Paloquemao,0.0,0.7251849
2:45,Carrera 90,0.0,0.7251849
2:45,Gobernación,0.0,0.7251849
2:45,Terreros - Hospital Cardio Vascular,0.0,0.7251849
2:45,Escuela Militar,0.0,0.7251849
2:45,Mandalay,0.0,0.7251849
2:45,AV. Cali,0.0,0.7251849
2:45,Suba - TV. 91,0.0,0.7251849
2:45,Ricaurte - CL 13,0.0,0.7251849
2:45,Restrepo,0.0,0.7251849
2:45,Prado,0.0,0.7251849
2:45,Terminal,0.0,0.7251849
2:45,Virrey,0.0,0.7251849
2:45,Toberin - Foundever,0.0,0.7251849
2:45,Pepe Sierra,0.0,0.7251849
2:45,Calle 100 - Marketmedios,0.0,0.7251849
2:45,Calle 142,0.0,0.7251849
2:45,Portal Norte – Unicervantes,0.0,0.7251849
2:45,Calle 187,0.0,0.7251849
2:45,Alcalá – Colegio S. Tomás Dominicos,0.0,0.7251849
2:45,Calle 146,0.0,0.7251849
2:45,Calle 127,0.0,0.7251849
2:45,Héroes,0.0,2.9298725
2:45,Calle 161,0.0,0.7251849
2:45,Calle 106 - Maletas Explora,0.0,0.7251849
2:45,Mazurén,0.0,0.7251849
2:45,Calle 45 - American School Way,0.0,0.7251849
2:45,Carrera 53,0.0,0.7251849
2:45,La Castellana,0.0,0.7251849
2:45,AV. 1 Mayo,0.0,0.7251849
2:45,De La Sabana,0.0,0.7251849
2:45,La Despensa,0.0,0.7251849
2:45,Calle 72,0.0,0.7251849
2:45,Centro Memoria,0.0,0.7251849
2:45,Carrera 43 - Comapan,0.0,0.9026079
2:45,Consuelo,0.0,0.7251849
2:45,AV. Jiménez - Caracas,0.0,0.7251849
2:45,Comuneros,0.0,0.7251849
2:45,El Tiempo – Cámara de Comercio de Bogotá,0.0,0.9088154
2:45,Biblioteca Tintal,0.0,0.7251849
2:45,Ciudad Jardín - UAN,0.0,0.7251849
2:45,Bicentenario,0.0,0.7251849
2:45,Temporal Calle 57,0.0,3.0990157
2:45,Biblioteca,0.0,0.7251849
2:45,AV. ElDorado,0.0,0.83207893
2:45,Calle 26,0.0,0.8792782
2:45,Alquería,0.0,0.7251849
2:45,Bosa,0.0,0.7251849
2:45,CAD,0.0,0.6317134
2:45,Banderas,0.0,0.75030375
2:45,Calle 19,0.0,0.8128648
2:45,AV. Jiménez - CL 13,0.0,0.31157112
2:45,Movistar Arena,2.0,3.4512453
2:45,AV. 39,0.0,0.62370443
2:45,Calle 76 - San Felipe,0.0,0.7251849
2:45,Calle 63,0.0,0.70406103
2:45,Calle 85,0.0,0.7897191
2:45,NQS - Calle 30 S,0.0,0.6964674
2:45,Country Sur,0.0,0.7251849
2:45,Carrera 47,0.0,0.95218945
2:45,Portal 80,0.0,0.7251849
2:45,Olaya,0.0,0.7251849
2:45,Molinos,0.0,0.7251849
2:45,Nariño,0.0,0.7251849
2:45,Gratamira,0.0,0.7251849
2:45,Pradera - Plaza Central,0.0,0.7251849
2:45,Las Nieves,0.0,0.7251849
2:45,Modelia,0.0,0.7251849
2:45,Portal El Dorado – C.C. Nuestro Bogotá,0.0,0.7251849
2:45,Flores – Areandina,0.0,0.7251849
2:45,Museo del Oro,0.0,0.7251849
2:45,General Santander,0.0,0.7251849
2:45,Portal 20 de Julio,0.0,0.7251849
2:45,Humedal Córdoba,0.0,0.7251849
2:45,Parque,0.0,0.7251849
2:45,Policarpa,0.0,0.7251849
2:45,Museo Nacional,0.0,0.7251849
2:45,Hospital,0.0,0.7251849
2:45,Normandía,0.0,1.0423679
2:45,Perdomo,0.0,0.7251849
2:45,Hortúa,0.0,0.7251849
2:45,Portal Usme,0.0,0.7251849
2:45,Ferias,0.0,0.7251849
2:45,Temporal Marly,0.0,0.7251849
2:45,Patio Bonito,0.0,0.7251849
2:45,Portal Tunal,0.0,0.7251849
2:45,Fucha,0.0,0.7251849
2:45,Minuto de Dios,0.0,0.7251849
2:45,Portal Américas,0.0,0.7251849
2:45,Las Aguas - Centro Colombo Americano,0.0,0.7251849
2:45,Portal Suba,0.0,0.7251849
2:45,Suba - AV. Boyacá,0.0,0.7251849
2:45,Santa Lucía,0.0,0.7251849
2:45,San Martín,0.0,0.7251849
2:45,Universidades – CityU,0.0,0.7251849
2:45,Santa Isabel,0.0,0.7251849
2:45,Suba - Calle 95,0.0,0.7251849
2:45,Puente Aranda,0.0,0.7251849
2:45,Quiroga,0.0,0.7251849
2:45,Puentelargo,0.0,0.7251849
2:45,San Victorino,0.0,0.7251849
2:45,CC Paseo Villa del Río - Madelena,0.0,0.7251849
2:45,San Mateo - CC Unisur,0.0,0.7251849
2:45,Sevillana,0.0,0.7251849
2:45,Rionegro,0.0,0.7251849
2:45,Suba - Calle 116,0.0,0.7251849
2:45,San Bernardo,0.0,0.7251849
2:45,SENA,0.0,0.7251849
2:45,San Facon Carrera 22,0.0,0.7251849
2:45,Socorro,0.0,0.7251849
2:45,21 Ángeles,0.0,0.7251849
2:45,Temporal Calle 34,0.0,0.7251849
2:45,Venecia,0.0,0.7251849
2:45,Danubio,0.0,3.7256365
2:45,Portal Sur - JFK Coop. Financiera,0.0,0.7251854
2:45,Temporal Calle 22,0.0,0.72518444
3:00,AV. Chile,0.0,2.6486378
3:00,CAN,0.0,2.6092358
3:00,Campín - UAN,15.0,2.5713444
3:00,San Diego,0.0,2.2793589
3:00,Granja - Kr 77,0.0,2.5425053
3:00,Ricaurte - NQS,0.0,2.62994
3:00,Quirigua,0.0,0.7251849
3:00,Suba - Calle 100,0.0,0.7251849
3:00,Calle 75 - Zona M,0.0,0.7251849
3:00,AV. Boyacá,1.0,0.7251849
3:00,Calle 40 Sur,0.0,2.6130638
3:00,AV. Américas - AV. Boyacá,0.0,0.7251849
3:00,Marsella,0.0,0.7251849
3:00,Niza - Calle 127,0.0,0.7251849
3:00,La Campiña,0.0,0.7251849
3:00,Transversal 86,0.0,0.7251849
3:00,Corferias,0.0,2.639698
3:00,Guatoque - Veraguas,0.0,0.7251849
3:00,CDS - Carrera 32,0.0,2.6194897
3:00,Ciudad Universitaria - Lotería de Bogotá,0.0,0.7251849
3:00,Universidad Nacional,0.0,0.7251849
3:00,Avenida Rojas - UNISALESIANA,0.0,1.6575427
3:00,Tercer Milenio,0.0,0.7251849
3:00,Concejo de Bogotá,0.0,0.7251849
3:00,NQS - Calle 38A S,1.0,0.7251849
3:00,7 de Agosto,0.0,0.7251849
3:00,AV. 68,0.0,2.56958
3:00,Distrito Grafiti,0.0,0.7251849
3:00,Polo - FINCOMERCIO,0.0,0.7251849
3:00,Tygua - San José,0.0,0.7251849
3:00,Quinta Paredes,0.0,0.7251849
3:00,Salitre - El Greco,0.0,2.606556
3:00,Zona Industrial,0.0,2.5430813
3:00,León XIII,0.0,0.7251849
3:00,Paloquemao,2.0,0.7251849
3:00,Carrera 90,0.0,0.7251849
3:00,Gobernación,0.0,0.7251849
3:00,Terreros - Hospital Cardio Vascular,1.0,0.7251849
3:00,Escuela Militar,0.0,0.7251849
3:00,Mandalay,0.0,0.7251849
3:00,AV. Cali,0.0,0.7251849
3:00,Suba - TV. 91,0.0,0.7251849
3:00,Ricaurte - CL 13,0.0,0.7251849
3:00,Restrepo,0.0,0.7251849
3:00,Prado,0.0,0.7251849
3:00,Terminal,0.0,0.7251849
3:00,Virrey,0.0,0.7251849
3:00,Toberin - Foundever,0.0,0.7251849
3:00,Pepe Sierra,0.0,0.7251849
3:00,Calle 100 - Marketmedios,0.0,0.7251849
3:00,Calle 142,0.0,0.7251849
3:00,Portal Norte – Unicervantes,0.0,0.7251849
3:00,Calle 187,0.0,0.7251849
3:00,Alcalá – Colegio S. Tomás Dominicos,0.0,0.7251849
3:00,Calle 146,0.0,0.7251849
3:00,Calle 127,0.0,0.7251849
3:00,Héroes,1.0,2.5569572
3:00,Calle 161,0.0,0.7251849
3:00,Calle 106 - Maletas Explora,0.0,0.7251849
3:00,Mazurén,0.0,0.7251849
3:00,Calle 45 - American School Way,0.0,0.7251849
3:00,Carrera 53,0.0,0.7251849
3:00,La Castellana,0.0,0.7251849
3:00,AV. 1 Mayo,1.0,0.7251849
3:00,De La Sabana,0.0,0.7251849
3:00,La Despensa,0.0,0.7251849
3:00,Calle 72,0.0,0.7251849
3:00,Centro Memoria,0.0,0.7251849
3:00,Carrera 43 - Comapan,1.0,1.8873696
3:00,Consuelo,0.0,0.7251849
3:00,AV. Jiménez - Caracas,0.0,0.7251849
3:00,Comuneros,0.0,0.7251849
3:00,El Tiempo – Cámara de Comercio de Bogotá,0.0,1.7633467
3:00,Biblioteca Tintal,0.0,0.7251849
3:00,Ciudad Jardín - UAN,0.0,0.7251849
3:00,Bicentenario,1.0,0.7251849
3:00,Temporal Calle 57,0.0,2.5975227
3:00,Biblioteca,0.0,0.7251849
3:00,AV. ElDorado,0.0,2.1157627
3:00,Calle 26,0.0,2.1182432
3:00,Alquería,1.0,0.7251849
3:00,Bosa,0.0,0.7251849
3:00,CAD,0.0,2.1631327
3:00,Banderas,1.0,2.145247
3:00,Calle 19,0.0,2.1315455
3:00,AV. Jiménez - CL 13,0.0,2.2368636
3:00,Movistar Arena,89.0,2.6485138
3:00,AV. 39,0.0,2.1559029
3:00,Calle 76 - San Felipe,0.0,0.7251849
3:00,Calle 63,0.0,2.109002
3:00,Calle 85,0.0,2.1368885
3:00,NQS - Calle 30 S,1.0,2.1635551
3:00,Country Sur,1.0,0.7251849
3:00,Carrera 47,0.0,2.108479
3:00,Portal 80,0.0,0.7251849
3:00,Olaya,0.0,0.7251849
3:00,Molinos,1.0,0.7251849
3:00,Nariño,0.0,0.7251849
3:00,Gratamira,0.0,0.7251849
3:00,Pradera - Plaza Central,0.0,0.7251849
3:00,Las Nieves,0.0,0.7251849
3:00,Modelia,0.0,0.7251849
3:00,Portal El Dorado – C.C. Nuestro Bogotá,0.0,0.7251849
3:00,Flores – Areandina,0.0,0.7251849
3:00,Museo del Oro,0.0,0.7251849
3:00,General Santander,1.0,0.7251849
3:00,Portal 20 de Julio,0.0,0.7251849
3:00,Humedal Córdoba,0.0,0.7251849
3:00,Parque,0.0,0.7251849
3:00,Policarpa,0.0,0.7251849
3:00,Museo Nacional,0.0,0.7251849
3:00,Hospital,0.0,0.7251849
3:00,Normandía,1.0,1.6590557
3:00,Perdomo,0.0,0.7251849
3:00,Hortúa,0.0,0.7251849
3:00,Portal Usme,1.0,0.7251849
3:00,Ferias,0.0,0.7251849
3:00,Temporal Marly,0.0,0.7251849
3:00,Patio Bonito,0.0,0.7251849
3:00,Portal Tunal,1.0,0.7251849
3:00,Fucha,0.0,0.7251849
3:00,Minuto de Dios,0.0,0.7251849
3:00,Portal Américas,1.0,0.7251849
3:00,Las Aguas - Centro Colombo Americano,1.0,0.7251849
3:00,Portal Suba,0.0,0.7251849
3:00,Suba - AV. Boyacá,0.0,0.7251849
3:00,Santa Lucía,0.0,0.7251849
3:00,San Martín,0.0,0.7251849
3:00,Universidades – CityU,0.0,0.7251849
3:00,Santa Isabel,0.0,0.7251849
3:00,Suba - Calle 95,0.0,0.7251849
3:00,Puente Aranda,0.0,0.7251849
3:00,Quiroga,0.0,0.7251849
3:00,Puentelargo,0.0,0.7251849
3:00,San Victorino,0.0,0.7251849
3:00,CC Paseo Villa del Río - Madelena,0.0,0.7251849
3:00,San Mateo - CC Unisur,1.0,0.7251849
3:00,Sevillana,0.0,0.7251849
3:00,Rionegro,0.0,0.7251849
3:00,Suba - Calle 116,0.0,0.7251849
3:00,San Bernardo,0.0,0.7251849
3:00,SENA,0.0,0.7251849
3:00,San Facon Carrera 22,0.0,0.7251849
3:00,Socorro,0.0,0.7251849
3:00,21 Ángeles,0.0,0.7251849
3:00,Temporal Calle 34,0.0,0.7251849
3:00,Venecia,0.0,0.7251849
3:00,Danubio,0.0,2.7489681
3:00,Portal Sur - JFK Coop. Financiera,0.0,0.7251854
3:00,Temporal Calle 22,0.0,0.72518444
3:15,AV. Chile,0.0,1.9419894
3:15,CAN,0.0,1.9178557
3:15,Campín - UAN,421.0,16.558035
3:15,San Diego,0.0,1.8554473
3:15,Granja - Kr 77,1.0,1.9065566
3:15,Ricaurte - NQS,1.0,1.9226384
3:15,Quirigua,0.0,0.67065144
3:15,Suba - Calle 100,0.0,0.69090176
3:15,Calle 75 - Zona M,0.0,0.67287874
3:15,AV. Boyacá,0.0,0.6856742
3:15,Calle 40 Sur,0.0,2.0086093
3:15,AV. Américas - AV. Boyacá,0.0,0.6646209
3:15,Marsella,0.0,0.7165952
3:15,Niza - Calle 127,0.0,0.65269375
3:15,La Campiña,0.0,0.66876507
3:15,Transversal 86,0.0,0.44720125
3:15,Corferias,0.0,17.259102
3:15,Guatoque - Veraguas,0.0,0.68917465
3:15,CDS - Carrera 32,1.0,2.059936
3:15,Ciudad Universitaria - Lotería de Bogotá,0.0,0.6962476
3:15,Universidad Nacional,0.0,0.67435026
3:15,Avenida Rojas - UNISALESIANA,0.0,7.5051804
3:15,Tercer Milenio,0.0,0.6687288
3:15,Concejo de Bogotá,0.0,0.72302055
3:15,NQS - Calle 38A S,0.0,0.7988124
3:15,7 de Agosto,0.0,0.7173791
3:15,AV. 68,0.0,1.8951888
3:15,Distrito Grafiti,1.0,0.6321969
3:15,Polo - FINCOMERCIO,0.0,0.6708369
3:15,Tygua - San José,0.0,0.680078
3:15,Quinta Paredes,0.0,0.5205264
3:15,Salitre - El Greco,0.0,15.142811
3:15,Zona Industrial,0.0,2.1526031
3:15,León XIII,0.0,0.6758194
3:15,Paloquemao,0.0,1.0506072
3:15,Carrera 90,0.0,0.85558367
3:15,Gobernación,0.0,1.0021105
3:15,Terreros - Hospital Cardio Vascular,1.0,2.0102386
3:15,Escuela Militar,0.0,0.9902148
3:15,Mandalay,0.0,0.75763273
3:15,AV. Cali,0.0,0.7251849
3:15,Suba - TV. 91,0.0,0.53022194
3:15,Ricaurte - CL 13,0.0,0.68551445
3:15,Restrepo,0.0,0.80096006
3:15,Prado,0.0,0.65598726
3:15,Terminal,0.0,0.7251849
3:15,Virrey,0.0,0.7251849
3:15,Toberin - Foundever,0.0,0.7251849
3:15,Pepe Sierra,0.0,0.72449636
3:15,Calle 100 - Marketmedios,0.0,0.6870527
3:15,Calle 142,0.0,0.7251849
3:15,Portal Norte – Unicervantes,0.0,0.6017022
3:15,Calle 187,0.0,0.7251849
3:15,Alcalá – Colegio S. Tomás Dominicos,0.0,0.6343999
3:15,Calle 146,0.0,0.6668606
3:15,Calle 127,0.0,0.66115093
3:15,Héroes,1.0,1.986445
3:15,Calle 161,0.0,0.7154379
3:15,Calle 106 - Maletas Explora,0.0,0.5751462
3:15,Mazurén,1.0,0.694922
3:15,Calle 45 - American School Way,0.0,0.90770054
3:15,Carrera 53,0.0,0.679543
3:15,La Castellana,0.0,0.68834305
3:15,AV. 1 Mayo,1.0,0.83820534
3:15,De La Sabana,0.0,0.72967625
3:15,La Despensa,0.0,0.65132093
3:15,Calle 72,0.0,0.7251849
3:15,Centro Memoria,0.0,0.6849828
3:15,Carrera 43 - Comapan,0.0,15.330785
3:15,Consuelo,0.0,0.9456711
3:15,AV. Jiménez - Caracas,1.0,0.6799145
3:15,Comuneros,0.0,1.0837884
3:15,El Tiempo – Cámara de Comercio de Bogotá,0.0,12.294521
3:15,Biblioteca Tintal,1.0,0.3707261
3:15,Ciudad Jardín - UAN,1.0,0.6848769
3:15,Bicentenario,1.0,0.77224445
3:15,Temporal Calle 57,0.0,1.9602923
3:15,Biblioteca,0.0,0.8613081
3:15,AV. ElDorado,0.0,13.547166
3:15,Calle 26,0.0,13.109583
3:15,Alquería,0.0,1.65102
3:15,Bosa,0.0,1.0509033
3:15,CAD,0.0,16.356438
3:15,Banderas,0.0,14.96845
3:15,Calle 19,0.0,16.688377
3:15,AV. Jiménez - CL 13,0.0,19.475883
3:15,Movistar Arena,238.0,14.951578
3:15,AV. 39,0.0,14.284464
3:15,Calle 76 - San Felipe,0.0,0.6506882
3:15,Calle 63,0.0,15.681132
3:15,Calle 85,0.0,14.4959955
3:15,NQS - Calle 30 S,0.0,15.731085
3:15,Country Sur,0.0,1.1910114
3:15,Carrera 47,0.0,13.428556
3:15,Portal 80,0.0,0.5734234
3:15,Olaya,0.0,0.8846698
3:15,Molinos,1.0,0.67919874
3:15,Nariño,0.0,1.0315108
3:15,Gratamira,0.0,0.64373684
3:15,Pradera - Plaza Central,0.0,0.68881035
3:15,Las Nieves,0.0,0.45440578
3:15,Modelia,0.0,0.82675266
3:15,Portal El Dorado – C.C. Nuestro Bogotá,0.0,0.70661783
3:15,Flores – Areandina,0.0,0.68058014
3:15,Museo del Oro,0.0,0.77335405
3:15,General Santander,0.0,0.7754288
3:15,Portal 20 de Julio,1.0,0.8283472
3:15,Humedal Córdoba,0.0,0.66989994
3:15,Parque,0.0,1.2171268
3:15,Policarpa,0.0,0.66502523
3:15,Museo Nacional,0.0,0.6964507
3:15,Hospital,0.0,0.7678747
3:15,Normandía,0.0,7.4875445
3:15,Perdomo,1.0,0.7965007
3:15,Hortúa,0.0,0.6666112
3:15,Portal Usme,1.0,0.9380193
3:15,Ferias,0.0,0.74829483
3:15,Temporal Marly,0.0,0.6511922
3:15,Patio Bonito,0.0,0.44009256
3:15,Portal Tunal,1.0,1.4793558
3:15,Fucha,0.0,0.801559
3:15,Minuto de Dios,0.0,0.78307295
3:15,Portal Américas,1.0,1.0489206
3:15,Las Aguas - Centro Colombo Americano,0.0,1.0060658
3:15,Portal Suba,0.0,0.48688602
3:15,Suba - AV. Boyacá,0.0,0.65320826
3:15,Santa Lucía,1.0,0.71576786
3:15,San Martín,0.0,0.73862505
3:15,Universidades – CityU,1.0,0.54992056
3:15,Santa Isabel,0.0,0.59213114
3:15,Suba - Calle 95,0.0,0.6771636
3:15,Puente Aranda,0.0,1.3981018
3:15,Quiroga,0.0,0.6565347
3:15,Puentelargo,0.0,0.7251849
3:15,San Victorino,0.0,0.66974974
3:15,CC Paseo Villa del Río - Madelena,0.0,0.5243573
3:15,San Mateo - CC Unisur,0.0,1.5349655
3:15,Sevillana,0.0,0.5197811
3:15,Rionegro,0.0,0.7251849
3:15,Suba - Calle 116,0.0,0.6748152
3:15,San Bernardo,1.0,0.6528983
3:15,SENA,0.0,0.6446328
3:15,San Facon Carrera 22,0.0,0.7262583
3:15,Socorro,0.0,0.7419119
3:15,21 Ángeles,0.0,0.64071035
3:15,Temporal Calle 34,0.0,0.7251849
3:15,Venecia,0.0,0.578084
3:15,Danubio,0.0,2.4255552
3:15,Portal Sur - JFK Coop. Financiera,1.0,0.67408895
3:15,Temporal Calle 22,0.0,0.6952772
3:30,AV. Chile,1.0,46.47985
3:30,CAN,0.0,46.47985
3:30,Campín - UAN,27.0,61.760067
3:30,San Diego,0.0,38.445885
3:30,Granja - Kr 77,0.0,46.47913
3:30,Ricaurte - NQS,0.0,46.47985
3:30,Quirigua,1.0,0.76291656
3:30,Suba - Calle 100,0.0,0.74749327
3:30,Calle 75 - Zona M,0.0,0.68085814
3:30,AV. Boyacá,1.0,0.6874275
3:30,Calle 40 Sur,0.0,46.47985
3:30,AV. Américas - AV. Boyacá,0.0,0.77623034
3:30,Marsella,0.0,0.890295
3:30,Niza - Calle 127,0.0,0.6061511
3:30,La Campiña,0.0,0.7241354
3:30,Transversal 86,0.0,2.5756912
3:30,Corferias,0.0,46.48013
3:30,Guatoque - Veraguas,0.0,1.2034211
3:30,CDS - Carrera 32,1.0,46.47985
3:30,Ciudad Universitaria - Lotería de Bogotá,0.0,0.7530098
3:30,Universidad Nacional,0.0,0.7224107
3:30,Avenida Rojas - UNISALESIANA,0.0,38.150078
3:30,Tercer Milenio,0.0,1.57896
3:30,Concejo de Bogotá,0.0,0.7135744
3:30,NQS - Calle 38A S,1.0,1.0205517
3:30,7 de Agosto,0.0,0.892611
3:30,AV. 68,0.0,46.479828
3:30,Distrito Grafiti,0.0,0.8962321
3:30,Polo - FINCOMERCIO,0.0,0.691206
3:30,Tygua - San José,0.0,0.8784027
3:30,Quinta Paredes,0.0,0.74971676
3:30,Salitre - El Greco,0.0,46.47985
3:30,Zona Industrial,0.0,46.478123
3:30,León XIII,1.0,0.77050304
3:30,Paloquemao,0.0,1.2406216
3:30,Carrera 90,0.0,0.8971906
3:30,Gobernación,0.0,1.1284451
3:30,Terreros - Hospital Cardio Vascular,0.0,2.3639898
3:30,Escuela Militar,0.0,1.0614614
3:30,Mandalay,1.0,0.85602856
3:30,AV. Cali,0.0,0.6669769
3:30,Suba - TV. 91,0.0,0.563498
3:30,Ricaurte - CL 13,0.0,0.80825996
3:30,Restrepo,0.0,0.9386387
3:30,Prado,3.0,0.7109976
3:30,Terminal,0.0,0.6653056
3:30,Virrey,0.0,0.7251849
3:30,Toberin - Foundever,0.0,0.61932707
3:30,Pepe Sierra,1.0,0.74310493
3:30,Calle 100 - Marketmedios,0.0,0.7084122
3:30,Calle 142,1.0,0.6614065
3:30,Portal Norte – Unicervantes,0.0,0.490798
3:30,Calle 187,0.0,0.5514207
3:30,Alcalá – Colegio S. Tomás Dominicos,0.0,0.67410755
3:30,Calle 146,0.0,0.83688736
3:30,Calle 127,0.0,0.67578745
3:30,Héroes,1.0,46.479725
3:30,Calle 161,0.0,1.1013527
3:30,Calle 106 - Maletas Explora,0.0,0.5308857
3:30,Mazurén,0.0,0.7498765
3:30,Calle 45 - American School Way,0.0,1.2783713
3:30,Carrera 53,0.0,0.723598
3:30,La Castellana,1.0,0.74156046
3:30,AV. 1 Mayo,0.0,1.2147069
3:30,De La Sabana,0.0,1.1392813
3:30,La Despensa,0.0,1.2562556
3:30,Calle 72,0.0,0.6647496
3:30,Centro Memoria,0.0,0.81507015
3:30,Carrera 43 - Comapan,0.0,38.442875
3:30,Consuelo,0.0,2.3034282
3:30,AV. Jiménez - Caracas,1.0,0.79353666
3:30,Comuneros,0.0,1.1933341
3:30,El Tiempo – Cámara de Comercio de Bogotá,0.0,38.44321
3:30,Biblioteca Tintal,1.0,0.5873909
3:30,Ciudad Jardín - UAN,0.0,1.7177663
3:30,Bicentenario,1.0,1.0043359
3:30,Temporal Calle 57,0.0,46.47985
3:30,Biblioteca,0.0,2.0378604
3:30,AV. ElDorado,0.0,38.443245
3:30,Calle 26,0.0,38.442123
3:30,Alquería,0.0,1.4649105
3:30,Bosa,0.0,1.8152413
3:30,CAD,0.0,38.445736
3:30,Banderas,1.0,38.444805
3:30,Calle 19,0.0,38.44427
3:30,AV. Jiménez - CL 13,0.0,38.446648
3:30,Movistar Arena,58.0,81.9385
3:30,AV. 39,0.0,38.445614
3:30,Calle 76 - San Felipe,0.0,0.71234703
3:30,Calle 63,0.0,38.445427
3:30,Calle 85,0.0,38.444008
3:30,NQS - Calle 30 S,0.0,38.445396
3:30,Country Sur,1.0,2.3632793
3:30,Carrera 47,0.0,38.441063
3:30,Portal 80,1.0,0.698555
3:30,Olaya,0.0,1.2367268
3:30,Molinos,1.0,0.9418888
3:30,Nariño,0.0,1.8067484
3:30,Gratamira,0.0,0.71819305
3:30,Pradera - Plaza Central,1.0,0.8171296
3:30,Las Nieves,0.0,2.9925961
3:30,Modelia,0.0,0.8017678
3:30,Portal El Dorado – C.C. Nuestro Bogotá,2.0,0.758471
3:30,Flores – Areandina,0.0,0.7151656
3:30,Museo del Oro,0.0,1.249371
3:30,General Santander,1.0,1.2178278
3:30,Portal 20 de Julio,1.0,1.4414845
3:30,Humedal Córdoba,0.0,0.88201284
3:30,Parque,0.0,1.7224827
3:30,Policarpa,0.0,0.8931589
3:30,Museo Nacional,0.0,0.8054218
3:30,Hospital,0.0,1.6443133
3:30,Normandía,0.0,38.14954
3:30,Perdomo,1.0,1.9877696
3:30,Hortúa,0.0,0.8350086
3:30,Portal Usme,1.0,2.1702347
3:30,Ferias,1.0,0.8680525
3:30,Temporal Marly,0.0,0.7629976
3:30,Patio Bonito,0.0,0.9614649
3:30,Portal Tunal,1.0,2.1784983
3:30,Fucha,0.0,2.441156
3:30,Minuto de Dios,0.0,0.91060305
3:30,Portal Américas,6.0,1.8909421
3:30,Las Aguas - Centro Colombo Americano,0.0,1.5170355
3:30,Portal Suba,0.0,0.54151344
3:30,Suba - AV. Boyacá,0.0,0.74734354
3:30,Santa Lucía,0.0,1.0564628
3:30,San Martín,0.0,1.0726104
3:30,Universidades – CityU,0.0,0.5521388
3:30,Santa Isabel,0.0,0.82879734
3:30,Suba - Calle 95,0.0,0.6727233
3:30,Puente Aranda,0.0,1.1658549
3:30,Quiroga,0.0,0.6062279
3:30,Puentelargo,0.0,0.515182
3:30,San Victorino,0.0,1.0723066
3:30,CC Paseo Villa del Río - Madelena,0.0,0.5683284
3:30,San Mateo - CC Unisur,0.0,2.8910365
3:30,Sevillana,0.0,0.5547199
3:30,Rionegro,0.0,0.68610525
3:30,Suba - Calle 116,0.0,0.7107296
3:30,San Bernardo,0.0,0.9020214
3:30,SENA,0.0,0.70331717
3:30,San Facon Carrera 22,0.0,0.7257819
3:30,Socorro,0.0,1.1480942
3:30,21 Ángeles,0.0,0.5538473
3:30,Temporal Calle 34,0.0,0.6653886
3:30,Venecia,0.0,0.6564007
3:30,Danubio,0.0,46.47988
3:30,Portal Sur - JFK Coop. Financiera,1.0,0.9263849
3:30,Temporal Calle 22,0.0,0.7357211
3:45,AV. Chile,1.0,8.567368
3:45,CAN,1.0,8.43198
3:45,Campín - UAN,0.0,8.002628
3:45,San Diego,2.0,8.6677685
3:45,Granja - Kr 77,0.0,8.0401745
3:45,Ricaurte - NQS,1.0,8.359975
3:45,Quirigua,0.0,1.0148516
3:45,Suba - Calle 100,0.0,1.1649218
3:45,Calle 75 - Zona M,0.0,0.85987043
3:45,AV. Boyacá,2.0,2.4241242
3:45,Calle 40 Sur,2.0,8.296164
3:45,AV. Américas - AV. Boyacá,2.0,1.1260915
3:45,Marsella,1.0,2.4757895
3:45,Niza - Calle 127,1.0,2.8066983
3:45,La Campiña,0.0,0.90135145
3:45,Transversal 86,3.0,6.787238
3:45,Corferias,0.0,8.484264
3:45,Guatoque - Veraguas,1.0,2.0761046
3:45,CDS - Carrera 32,1.0,8.312371
3:45,Ciudad Universitaria - Lotería de Bogotá,0.0,0.8356757
3:45,Universidad Nacional,0.0,0.7724633
3:45,Avenida Rojas - UNISALESIANA,1.0,8.984182
3:45,Tercer Milenio,1.0,2.1212268
3:45,Concejo de Bogotá,1.0,0.7930541
3:45,NQS - Calle 38A S,1.0,1.8328271
3:45,7 de Agosto,0.0,1.2175913
3:45,AV. 68,0.0,8.0770855
3:45,Distrito Grafiti,1.0,1.6499028
3:45,Polo - FINCOMERCIO,1.0,1.3260646
3:45,Tygua - San José,0.0,1.0997729
3:45,Quinta Paredes,0.0,0.8625183
3:45,Salitre - El Greco,1.0,8.336174
3:45,Zona Industrial,1.0,8.188089
3:45,León XIII,14.0,0.43542528
3:45,Paloquemao,0.0,1.053165
3:45,Carrera 90,0.0,0.75675535
3:45,Gobernación,0.0,0.8965292
3:45,Terreros - Hospital Cardio Vascular,4.0,5.4494686
3:45,Escuela Militar,0.0,0.98658323
3:45,Mandalay,1.0,0.9660287
3:45,AV. Cali,0.0,1.3432102
3:45,Suba - TV. 91,0.0,4.1007323
3:45,Ricaurte - CL 13,1.0,2.2567177
3:45,Restrepo,1.0,1.9374552
3:45,Prado,0.0,2.4781656
3:45,Terminal,0.0,0.81558084
3:45,Virrey,0.0,1.264216
3:45,Toberin - Foundever,0.0,0.48013353
3:45,Pepe Sierra,0.0,1.2490282
3:45,Calle 100 - Marketmedios,0.0,0.9899483
3:45,Calle 142,1.0,0.68071365
3:45,Portal Norte – Unicervantes,0.0,0.7411623
3:45,Calle 187,0.0,0.67612696
3:45,Alcalá – Colegio S. Tomás Dominicos,0.0,0.964447
3:45,Calle 146,0.0,2.2843862
3:45,Calle 127,0.0,1.5081286
3:45,Héroes,2.0,8.137712
3:45,Calle 161,0.0,1.5135489
3:45,Calle 106 - Maletas Explora,1.0,1.369276
3:45,Mazurén,0.0,1.6609964
3:45,Calle 45 - American School Way,1.0,1.1181359
3:45,Carrera 53,0.0,0.9691186
3:45,La Castellana,1.0,1.1661944
3:45,AV. 1 Mayo,8.0,1.0623078
3:45,De La Sabana,1.0,1.2955976
3:45,La Despensa,1.0,1.7988715
3:45,Calle 72,0.0,0.70419407
3:45,Centro Memoria,0.0,1.0207195
3:45,Carrera 43 - Comapan,1.0,9.220233
3:45,Consuelo,1.0,2.3013473
3:45,AV. Jiménez - Caracas,1.0,0.924242
3:45,Comuneros,1.0,1.0448413
3:45,El Tiempo – Cámara de Comercio de Bogotá,0.0,9.207243
3:45,Biblioteca Tintal,9.0,4.288966
3:45,Ciudad Jardín - UAN,2.0,2.4111047
3:45,Bicentenario,1.0,1.0963254
3:45,Temporal Calle 57,0.0,8.199427
3:45,Biblioteca,3.0,5.9827533
3:45,AV. ElDorado,1.0,9.225964
3:45,Calle 26,0.0,9.201268
3:45,Alquería,1.0,5.323921
3:45,Bosa,1.0,6.0204496
3:45,CAD,1.0,9.267767
3:45,Banderas,10.0,9.2882805
3:45,Calle 19,0.0,9.238924
3:45,AV. Jiménez - CL 13,0.0,9.403608
3:45,Movistar Arena,11.0,17.344389
3:45,AV. 39,1.0,9.25412
3:45,Calle 76 - San Felipe,0.0,0.83412933
3:45,Calle 63,0.0,9.261725
3:45,Calle 85,1.0,9.232672
3:45,NQS - Calle 30 S,1.0,9.265046
3:45,Country Sur,3.0,2.340776
3:45,Carrera 47,0.0,9.195076
3:45,Portal 80,1.0,4.460205
3:45,Olaya,1.0,1.8349023
3:45,Molinos,6.0,1.5168958
3:45,Nariño,1.0,3.8594284
3:45,Gratamira,0.0,1.7242332
3:45,Pradera - Plaza Central,3.0,1.8236637
3:45,Las Nieves,1.0,2.2856274
3:45,Modelia,0.0,2.3255014
3:45,Portal El Dorado – C.C. Nuestro Bogotá,1.0,1.8477507
3:45,Flores – Areandina,0.0,0.97711706
3:45,Museo del Oro,0.0,1.575633
3:45,General Santander,1.0,5.96326
3:45,Portal 20 de Julio,4.0,2.1370058
3:45,Humedal Córdoba,0.0,1.487536
3:45,Parque,2.0,2.1592283
3:45,Policarpa,1.0,1.1975217
3:45,Museo Nacional,1.0,1.0228672
3:45,Hospital,0.0,1.9671507
3:45,Normandía,0.0,9.012964
3:45,Perdomo,6.0,6.238689
3:45,Hortúa,0.0,1.3677611
3:45,Portal Usme,4.0,2.7457228
3:45,Ferias,1.0,3.8782268
3:45,Temporal Marly,0.0,0.9304066
3:45,Patio Bonito,0.0,5.0982113
3:45,Portal Tunal,1.0,5.708422
3:45,Fucha,1.0,6.0607224
3:45,Minuto de Dios,0.0,5.23737
3:45,Portal Américas,35.0,5.9780545
3:45,Las Aguas - Centro Colombo Americano,1.0,5.1539283
3:45,Portal Suba,2.0,2.430808
3:45,Suba - AV. Boyacá,0.0,5.7188463
3:45,Santa Lucía,12.0,5.1025586
3:45,San Martín,0.0,1.402607
3:45,Universidades – CityU,1.0,0.7512231
3:45,Santa Isabel,1.0,1.0690932
3:45,Suba - Calle 95,0.0,0.7492032
3:45,Puente Aranda,1.0,1.1364007
3:45,Quiroga,1.0,0.75524426
3:45,Puentelargo,1.0,0.8262763
3:45,San Victorino,1.0,1.3086324
3:45,CC Paseo Villa del Río - Madelena,5.0,5.0349474
3:45,San Mateo - CC Unisur,61.0,5.8708735
3:45,Sevillana,1.0,0.9322643
3:45,Rionegro,0.0,0.7545905
3:45,Suba - Calle 116,0.0,2.1465673
3:45,San Bernardo,1.0,1.0674973
3:45,SENA,0.0,0.84903526
3:45,San Facon Carrera 22,1.0,0.8624377
3:45,Socorro,2.0,1.4742365
3:45,21 Ángeles,0.0,0.94574976
3:45,Temporal Calle 34,0.0,0.74437094
3:45,Venecia,1.0,4.9693656
3:45,Danubio,0.0,9.17518
3:45,Portal Sur - JFK Coop. Financiera,11.0,5.587204
3:45,Temporal Calle 22,0.0,1.1320949
4:00,AV. Chile,1.0,0.48806286
4:00,CAN,1.0,0.04531336
4:00,Campín - UAN,4.0,0.7142806
4:00,San Diego,1.0,0.19373369
4:00,Granja - Kr 77,0.0,0.7403302
4:00,Ricaurte - NQS,1.0,0.45544338
4:00,Quirigua,0.0,1.5321383
4:00,Suba - Calle 100,1.0,5.6141586
4:00,Calle 75 - Zona M,1.0,4.687554
4:00,AV. Boyacá,1.0,3.289754
4:00,Calle 40 Sur,11.0,1.0771518
4:00,AV. Américas - AV. Boyacá,2.0,6.474953
4:00,Marsella,1.0,7.0878224
4:00,Niza - Calle 127,1.0,6.525184
4:00,La Campiña,0.0,0.25519037
4:00,Transversal 86,4.0,17.381788
4:00,Corferias,1.0,0.2383728
4:00,Guatoque - Veraguas,2.0,6.1582284
4:00,CDS - Carrera 32,1.0,0.2536745
4:00,Ciudad Universitaria - Lotería de Bogotá,0.0,2.4844675
4:00,Universidad Nacional,1.0,3.2836113
4:00,Avenida Rojas - UNISALESIANA,0.0,-0.75955725
4:00,Tercer Milenio,1.0,6.3347254
4:00,Concejo de Bogotá,0.0,2.787158
4:00,NQS - Calle 38A S,2.0,6.3811836
4:00,7 de Agosto,0.0,5.214172
4:00,AV. 68,0.0,-0.5782771
4:00,Distrito Grafiti,2.0,6.1500916
4:00,Polo - FINCOMERCIO,1.0,1.8672805
4:00,Tygua - San José,1.0,5.7975755
4:00,Quinta Paredes,1.0,5.110731
4:00,Salitre - El Greco,1.0,0.25749207
4:00,Zona Industrial,1.0,0.27397346
4:00,León XIII,52.0,7.3950577
4:00,Paloquemao,1.0,5.7929273
4:00,Carrera 90,0.0,4.891105
4:00,Gobernación,2.0,4.872587
4:00,Terreros - Hospital Cardio Vascular,66.0,18.531822
4:00,Escuela Militar,1.0,1.5716896
4:00,Mandalay,2.0,7.093623
4:00,AV. Cali,0.0,5.6671505
4:00,Suba - TV. 91,1.0,8.642858
4:00,Ricaurte - CL 13,1.0,10.009868
4:00,Restrepo,2.0,10.677719
4:00,Prado,1.0,5.1681247
4:00,Terminal,0.0,7.3451505
4:00,Virrey,0.0,1.2274494
4:00,Toberin - Foundever,1.0,0.53186464
4:00,Pepe Sierra,0.0,5.694763
4:00,Calle 100 - Marketmedios,1.0,5.672819
4:00,Calle 142,0.0,1.0083337
4:00,Portal Norte – Unicervantes,1.0,1.973824
4:00,Calle 187,0.0,0.5838976
4:00,Alcalá – Colegio S. Tomás Dominicos,1.0,0.96311426
4:00,Calle 146,0.0,4.686935
4:00,Calle 127,1.0,2.4247994
4:00,Héroes,3.0,0.15900278
4:00,Calle 161,1.0,5.026906
4:00,Calle 106 - Maletas Explora,1.0,10.1826725
4:00,Mazurén,1.0,5.7648015
4:00,Calle 45 - American School Way,1.0,5.9951806
4:00,Carrera 53,0.0,5.6203275
4:00,La Castellana,0.0,5.8095717
4:00,AV. 1 Mayo,1.0,6.571159
4:00,De La Sabana,1.0,5.355154
4:00,La Despensa,11.0,7.776547
4:00,Calle 72,0.0,2.2064662
4:00,Centro Memoria,0.0,5.2573676
4:00,Carrera 43 - Comapan,1.0,-0.07404137
4:00,Consuelo,3.0,6.4857793
4:00,AV. Jiménez - Caracas,1.0,5.879609
4:00,Comuneros,1.0,5.6691875
4:00,El Tiempo – Cámara de Comercio de Bogotá,4.0,-0.14811945
4:00,Biblioteca Tintal,36.0,17.603422
4:00,Ciudad Jardín - UAN,3.0,7.066644
4:00,Bicentenario,2.0,5.5162396
4:00,Temporal Calle 57,1.0,-0.23265314
4:00,Biblioteca,10.0,17.407797
4:00,AV. ElDorado,1.0,-0.23828077
4:00,Calle 26,0.0,-0.5947976
4:00,Alquería,5.0,16.200773
4:00,Bosa,6.0,26.002384
4:00,CAD,1.0,-0.5654998
4:00,Banderas,2.0,3.5030866
4:00,Calle 19,2.0,-0.51049376
4:00,AV. Jiménez - CL 13,0.0,0.627645
4:00,Movistar Arena,1.0,9.111519
4:00,AV. 39,1.0,-0.59337187
4:00,Calle 76 - San Felipe,1.0,3.3071709
4:00,Calle 63,0.0,-0.62336206
4:00,Calle 85,6.0,-0.74661016
4:00,NQS - Calle 30 S,4.0,-0.31721163
4:00,Country Sur,7.0,6.9185143
4:00,Carrera 47,0.0,-0.7877135
4:00,Portal 80,1.0,9.562157
4:00,Olaya,1.0,6.142387
4:00,Molinos,8.0,5.9281507
4:00,Nariño,1.0,6.3778024
4:00,Gratamira,0.0,6.451183
4:00,Pradera - Plaza Central,1.0,5.9188848
4:00,Las Nieves,1.0,6.7454443
4:00,Modelia,1.0,3.5780597
4:00,Portal El Dorado – C.C. Nuestro Bogotá,1.0,6.0183907
4:00,Flores – Areandina,1.0,5.9137754
4:00,Museo del Oro,1.0,6.5443277
4:00,General Santander,2.0,16.53726
4:00,Portal 20 de Julio,14.0,7.122275
4:00,Humedal Córdoba,0.0,4.6877575
4:00,Parque,16.0,12.022286
4:00,Policarpa,3.0,6.9719434
4:00,Museo Nacional,1.0,6.143971
4:00,Hospital,1.0,5.7408323
4:00,Normandía,0.0,-0.7320571
4:00,Perdomo,17.0,17.83691
4:00,Hortúa,1.0,6.8088126
4:00,Portal Usme,20.0,6.9441814
4:00,Ferias,0.0,8.338665
4:00,Temporal Marly,0.0,4.932756
4:00,Patio Bonito,0.0,18.157955
4:00,Portal Tunal,9.0,22.880848
4:00,Fucha,4.0,17.570713
4:00,Minuto de Dios,1.0,13.76939
4:00,Portal Américas,55.0,18.921982
4:00,Las Aguas - Centro Colombo Americano,0.0,15.464946
4:00,Portal Suba,1.0,5.8340816
4:00,Suba - AV. Boyacá,0.0,14.306042
4:00,Santa Lucía,32.0,15.624547
4:00,San Martín,1.0,5.28665
4:00,Universidades – CityU,0.0,5.509064
4:00,Santa Isabel,1.0,2.6649685
4:00,Suba - Calle 95,1.0,4.9246125
4:00,Puente Aranda,1.0,1.9002695
4:00,Quiroga,1.0,5.9523454
4:00,Puentelargo,3.0,9.493934
4:00,San Victorino,2.0,6.3458524
4:00,CC Paseo Villa del Río - Madelena,2.0,11.205538
4:00,San Mateo - CC Unisur,133.0,13.49283
4:00,Sevillana,7.0,17.258738
4:00,Rionegro,1.0,5.37373
4:00,Suba - Calle 116,1.0,8.376978
4:00,San Bernardo,3.0,3.1310916
4:00,SENA,0.0,6.0669694
4:00,San Facon Carrera 22,2.0,-0.109678745
4:00,Socorro,1.0,8.892151
4:00,21 Ángeles,0.0,4.767467
4:00,Temporal Calle 34,1.0,4.272646
4:00,Venecia,5.0,17.356281
4:00,Danubio,0.0,6.695443
4:00,Portal Sur - JFK Coop. Financiera,7.0,15.416311
4:00,Temporal Calle 22,1.0,5.681205
4:15,AV. Chile,3.0,2.0965219
4:15,CAN,1.0,1.7391934
4:15,Campín - UAN,3.0,2.008515
4:15,San Diego,1.0,2.0926232
4:15,Granja - Kr 77,1.0,1.8388996
4:15,Ricaurte - NQS,1.0,2.524527
4:15,Quirigua,3.0,21.597136
4:15,Suba - Calle 100,1.0,1.0541468
4:15,Calle 75 - Zona M,3.0,10.621792
4:15,AV. Boyacá,2.0,3.9242668
4:15,Calle 40 Sur,5.0,7.7843795
4:15,AV. Américas - AV. Boyacá,2.0,12.076713
4:15,Marsella,9.0,12.581085
4:15,Niza - Calle 127,2.0,8.395628
4:15,La Campiña,1.0,19.680023
4:15,Transversal 86,12.0,8.9487
4:15,Corferias,3.0,2.352273
4:15,Guatoque - Veraguas,1.0,16.789154
4:15,CDS - Carrera 32,2.0,6.100988
4:15,Ciudad Universitaria - Lotería de Bogotá,1.0,7.4189878
4:15,Universidad Nacional,1.0,6.7198057
4:15,Avenida Rojas - UNISALESIANA,2.0,2.7830658
4:15,Tercer Milenio,1.0,14.806911
4:15,Concejo de Bogotá,1.0,9.785032
4:15,NQS - Calle 38A S,1.0,10.5581
4:15,7 de Agosto,1.0,12.335472
4:15,AV. 68,3.0,4.384475
4:15,Distrito Grafiti,3.0,18.21258
4:15,Polo - FINCOMERCIO,2.0,3.126306
4:15,Tygua - San José,1.0,15.362951
4:15,Quinta Paredes,1.0,13.70379
4:15,Salitre - El Greco,4.0,5.34632
4:15,Zona Industrial,1.0,8.006432
4:15,León XIII,103.0,22.34004
4:15,Paloquemao,2.0,11.913748
4:15,Carrera 90,3.0,8.88084
4:15,Gobernación,1.0,15.79961
4:15,Terreros - Hospital Cardio Vascular,93.0,22.490688
4:15,Escuela Militar,1.0,21.517565
4:15,Mandalay,2.0,22.080938
4:15,AV. Cali,2.0,9.4397545
4:15,Suba - TV. 91,4.0,8.464302
4:15,Ricaurte - CL 13,2.0,11.769655
4:15,Restrepo,10.0,16.827763
4:15,Prado,3.0,5.3363647
4:15,Terminal,4.0,2.90457
4:15,Virrey,2.0,2.8315969
4:15,Toberin - Foundever,9.0,2.283081
4:15,Pepe Sierra,1.0,9.309543
4:15,Calle 100 - Marketmedios,5.0,2.102396
4:15,Calle 142,1.0,5.151846
4:15,Portal Norte – Unicervantes,14.0,0.7129326
4:15,Calle 187,4.0,4.3403754
4:15,Alcalá – Colegio S. Tomás Dominicos,3.0,1.8660045
4:15,Calle 146,0.0,5.1790857
4:15,Calle 127,1.0,0.94997215
4:15,Héroes,1.0,5.3391185
4:15,Calle 161,1.0,11.821638
4:15,Calle 106 - Maletas Explora,1.0,8.850531
4:15,Mazurén,2.0,-0.23515177
4:15,Calle 45 - American School Way,3.0,6.516128
4:15,Carrera 53,1.0,12.032551
4:15,La Castellana,1.0,12.909959
4:15,AV. 1 Mayo,19.0,23.059687
4:15,De La Sabana,1.0,14.655012
4:15,La Despensa,24.0,22.843779
4:15,Calle 72,0.0,6.268473
4:15,Centro Memoria,1.0,15.965065
4:15,Carrera 43 - Comapan,3.0,5.980685
4:15,Consuelo,9.0,17.633162
4:15,AV. Jiménez - Caracas,1.0,10.14698
4:15,Comuneros,5.0,13.542162
4:15,El Tiempo – Cámara de Comercio de Bogotá,2.0,5.3296943
4:15,Biblioteca Tintal,1.0,7.807408
4:15,Ciudad Jardín - UAN,5.0,17.527933
4:15,Bicentenario,2.0,12.042077
4:15,Temporal Calle 57,1.0,5.310847
4:15,Biblioteca,10.0,11.949321
4:15,AV. ElDorado,1.0,5.1528144
4:15,Calle 26,0.0,4.379145
4:15,Alquería,11.0,7.1434407
4:15,Bosa,55.0,38.0944
4:15,CAD,2.0,2.7252645
4:15,Banderas,84.0,8.2361355
4:15,Calle 19,1.0,2.9767714
4:15,AV. Jiménez - CL 13,0.0,3.9932904
4:15,Movistar Arena,7.0,9.718137
4:15,AV. 39,1.0,2.7873964
4:15,Calle 76 - San Felipe,2.0,7.704094
4:15,Calle 63,0.0,3.6319127
4:15,Calle 85,9.0,2.7247057
4:15,NQS - Calle 30 S,2.0,5.6857686
4:15,Country Sur,63.0,17.217632
4:15,Carrera 47,1.0,2.8183537
4:15,Portal 80,35.0,4.456044
4:15,Olaya,8.0,17.772
4:15,Molinos,14.0,17.44389
4:15,Nariño,7.0,11.67825
4:15,Gratamira,1.0,12.313215
4:15,Pradera - Plaza Central,5.0,9.444448
4:15,Las Nieves,1.0,12.404543
4:15,Modelia,3.0,1.8552961
4:15,Portal El Dorado – C.C. Nuestro Bogotá,1.0,12.435257
4:15,Flores – Areandina,2.0,12.839855
4:15,Museo del Oro,1.0,12.9338255
4:15,General Santander,23.0,8.426961
4:15,Portal 20 de Julio,285.0,17.955763
4:15,Humedal Córdoba,1.0,9.498823
4:15,Parque,9.0,22.457214
4:15,Policarpa,1.0,17.274426
4:15,Museo Nacional,2.0,14.947729
4:15,Hospital,1.0,15.69223
4:15,Normandía,1.0,3.6499348
4:15,Perdomo,10.0,15.418352
4:15,Hortúa,3.0,16.056927
4:15,Portal Usme,12.0,18.168491
4:15,Ferias,1.0,13.153519
4:15,Temporal Marly,0.0,14.983492
4:15,Patio Bonito,0.0,10.073206
4:15,Portal Tunal,51.0,30.752342
4:15,Fucha,5.0,8.374386
4:15,Minuto de Dios,3.0,5.0574226
4:15,Portal Américas,16.0,21.59627
4:15,Las Aguas - Centro Colombo Americano,1.0,7.0695543
4:15,Portal Suba,26.0,16.10608
4:15,Suba - AV. Boyacá,1.0,6.8497834
4:15,Santa Lucía,39.0,9.1333275
4:15,San Martín,1.0,15.439524
4:15,Universidades – CityU,2.0,12.432562
4:15,Santa Isabel,1.0,22.042482
4:15,Suba - Calle 95,1.0,5.2536316
4:15,Puente Aranda,2.0,21.834282
4:15,Quiroga,3.0,17.12434
4:15,Puentelargo,1.0,8.76359
4:15,San Victorino,2.0,12.596888
4:15,CC Paseo Villa del Río - Madelena,17.0,24.247227
4:15,San Mateo - CC Unisur,587.0,22.521826
4:15,Sevillana,12.0,30.286556
4:15,Rionegro,1.0,13.547688
4:15,Suba - Calle 116,1.0,7.26406
4:15,San Bernardo,11.0,21.914398
4:15,SENA,0.0,22.260471
4:15,San Facon Carrera 22,2.0,18.743683
4:15,Socorro,3.0,22.391716
4:15,21 Ángeles,3.0,11.679233
4:15,Temporal Calle 34,2.0,10.3965225
4:15,Venecia,16.0,7.795433
4:15,Danubio,0.0,22.401932
4:15,Portal Sur - JFK Coop. Financiera,39.0,7.325529
4:15,Temporal Calle 22,2.0,12.505325
4:30,AV. Chile,1.0,4.433436
4:30,CAN,4.0,3.5750823
4:30,Campín - UAN,6.0,2.3663325
4:30,San Diego,1.0,2.545105
4:30,Granja - Kr 77,1.0,4.5508723
4:30,Ricaurte - NQS,5.0,3.3801403
4:30,Quirigua,11.0,61.760056
4:30,Suba - Calle 100,1.0,21.274508
4:30,Calle 75 - Zona M,5.0,11.42119
4:30,AV. Boyacá,7.0,12.790736
4:30,Calle 40 Sur,1.0,22.321072
4:30,AV. Américas - AV. Boyacá,5.0,22.444841
4:30,Marsella,3.0,22.412659
4:30,Niza - Calle 127,1.0,12.727466
4:30,La Campiña,15.0,46.479904
4:30,Transversal 86,22.0,22.29835
4:30,Corferias,2.0,3.6632743
4:30,Guatoque - Veraguas,2.0,6.055645
4:30,CDS - Carrera 32,1.0,21.179861
4:30,Ciudad Universitaria - Lotería de Bogotá,6.0,10.363886
4:30,Universidad Nacional,1.0,11.321428
4:30,Avenida Rojas - UNISALESIANA,5.0,5.711872
4:30,Tercer Milenio,1.0,21.474182
4:30,Concejo de Bogotá,1.0,7.896281
4:30,NQS - Calle 38A S,6.0,22.03044
4:30,7 de Agosto,9.0,6.6865807
4:30,AV. 68,9.0,2.3072886
4:30,Distrito Grafiti,5.0,22.1294
4:30,Polo - FINCOMERCIO,1.0,11.761679
4:30,Tygua - San José,1.0,2.1099224
4:30,Quinta Paredes,1.0,14.3952055
4:30,Salitre - El Greco,6.0,20.112028
4:30,Zona Industrial,2.0,21.939909
4:30,León XIII,221.0,110.82968
4:30,Paloquemao,3.0,21.290537
4:30,Carrera 90,18.0,21.296808
4:30,Gobernación,1.0,21.902273
4:30,Terreros - Hospital Cardio Vascular,302.0,61.787834
4:30,Escuela Militar,1.0,61.76006
4:30,Mandalay,1.0,22.500893
4:30,AV. Cali,27.0,12.396616
4:30,Suba - TV. 91,11.0,21.659208
4:30,Ricaurte - CL 13,6.0,21.127867
4:30,Restrepo,5.0,22.073095
4:30,Prado,14.0,16.597466
4:30,Terminal,1.0,9.180952
4:30,Virrey,1.0,9.567444
4:30,Toberin - Foundever,3.0,9.325606
4:30,Pepe Sierra,1.0,15.542589
4:30,Calle 100 - Marketmedios,5.0,9.951619
4:30,Calle 142,2.0,12.406357
4:30,Portal Norte – Unicervantes,105.0,13.448645
4:30,Calle 187,3.0,11.031866
4:30,Alcalá – Colegio S. Tomás Dominicos,6.0,7.8853197
4:30,Calle 146,1.0,12.541485
4:30,Calle 127,7.0,10.879457
4:30,Héroes,3.0,20.148605
4:30,Calle 161,1.0,13.957016
4:30,Calle 106 - Maletas Explora,1.0,6.0227175
4:30,Mazurén,9.0,10.627737
4:30,Calle 45 - American School Way,12.0,9.319399
4:30,Carrera 53,1.0,9.584362
4:30,La Castellana,3.0,11.959707
4:30,AV. 1 Mayo,9.0,22.091927
4:30,De La Sabana,1.0,6.952815
4:30,La Despensa,30.0,61.760056
4:30,Calle 72,0.0,16.954613
4:30,Centro Memoria,8.0,6.6336575
4:30,Carrera 43 - Comapan,7.0,4.5671754
4:30,Consuelo,16.0,10.045309
4:30,AV. Jiménez - Caracas,5.0,9.853949
4:30,Comuneros,4.0,21.51138
4:30,El Tiempo – Cámara de Comercio de Bogotá,9.0,6.4856877
4:30,Biblioteca Tintal,1.0,15.782118
4:30,Ciudad Jardín - UAN,20.0,38.446857
4:30,Bicentenario,3.0,14.426645
4:30,Temporal Calle 57,6.0,1.7361078
4:30,Biblioteca,22.0,22.365177
4:30,AV. ElDorado,2.0,17.170116
4:30,Calle 26,0.0,5.7420626
4:30,Alquería,24.0,22.016539
4:30,Bosa,60.0,61.76018
4:30,CAD,2.0,20.249025
4:30,Banderas,73.0,21.633177
4:30,Calle 19,3.0,17.322388
4:30,AV. Jiménez - CL 13,0.0,9.951842
4:30,Movistar Arena,3.0,21.091501
4:30,AV. 39,3.0,3.8773236
4:30,Calle 76 - San Felipe,6.0,16.605566
4:30,Calle 63,0.0,9.250937
4:30,Calle 85,1.0,2.8520045
4:30,NQS - Calle 30 S,4.0,7.1452284
4:30,Country Sur,101.0,38.446865
4:30,Carrera 47,2.0,6.4384556
4:30,Portal 80,9.0,19.813381
4:30,Olaya,9.0,38.446777
4:30,Molinos,30.0,38.446754
4:30,Nariño,6.0,38.446724
4:30,Gratamira,1.0,6.3901505
4:30,Pradera - Plaza Central,10.0,21.051811
4:30,Las Nieves,4.0,5.0589795
4:30,Modelia,2.0,9.425129
4:30,Portal El Dorado – C.C. Nuestro Bogotá,55.0,22.094957
4:30,Flores – Areandina,3.0,4.137655
4:30,Museo del Oro,2.0,38.44675
4:30,General Santander,11.0,38.44677
4:30,Portal 20 de Julio,1.0,38.44687
4:30,Humedal Córdoba,1.0,38.42059
4:30,Parque,23.0,61.76006
4:30,Policarpa,3.0,38.446815
4:30,Museo Nacional,1.0,2.91882
4:30,Hospital,3.0,38.44675
4:30,Normandía,7.0,9.070326
4:30,Perdomo,62.0,22.507854
4:30,Hortúa,4.0,38.446796
4:30,Portal Usme,380.0,38.446854
4:30,Ferias,3.0,3.206458
4:30,Temporal Marly,0.0,5.366451
4:30,Patio Bonito,0.0,22.474575
4:30,Portal Tunal,80.0,61.760174
4:30,Fucha,5.0,38.44676
4:30,Minuto de Dios,18.0,5.173416
4:30,Portal Américas,113.0,46.482426
4:30,Las Aguas - Centro Colombo Americano,1.0,6.0040545
4:30,Portal Suba,1.0,22.186245
4:30,Suba - AV. Boyacá,5.0,8.707472
4:30,Santa Lucía,19.0,22.15208
4:30,San Martín,1.0,21.199406
4:30,Universidades – CityU,15.0,5.5664463
4:30,Santa Isabel,7.0,61.760056
4:30,Suba - Calle 95,1.0,21.244013
4:30,Puente Aranda,1.0,61.76005
4:30,Quiroga,5.0,8.260223
4:30,Puentelargo,1.0,4.618961
4:30,San Victorino,4.0,38.44672
4:30,CC Paseo Villa del Río - Madelena,33.0,61.760143
4:30,San Mateo - CC Unisur,969.0,61.760143
4:30,Sevillana,26.0,61.760056
4:30,Rionegro,1.0,15.224992
4:30,Suba - Calle 116,1.0,7.904943
4:30,San Bernardo,6.0,61.76005
4:30,SENA,0.0,61.76005
4:30,San Facon Carrera 22,3.0,46.47984
4:30,Socorro,8.0,61.760056
4:30,21 Ángeles,2.0,10.135778
4:30,Temporal Calle 34,4.0,4.987365
4:30,Venecia,35.0,22.272467
4:30,Danubio,0.0,61.76008
4:30,Portal Sur - JFK Coop. Financiera,33.0,7.5126514
4:30,Temporal Calle 22,10.0,8.01023
4:45,AV. Chile,5.0,8.363939
4:45,CAN,2.0,13.473196
4:45,Campín - UAN,3.0,0.14615345
4:45,San Diego,4.0,12.760369
4:45,Granja - Kr 77,39.0,8.3163595
4:45,Ricaurte - NQS,23.0,15.2834015
4:45,Quirigua,25.0,76.6642
4:45,Suba - Calle 100,2.0,8.7712145
4:45,Calle 75 - Zona M,4.0,13.41202
4:45,AV. Boyacá,4.0,15.917713
4:45,Calle 40 Sur,6.0,38.44672
4:45,AV. Américas - AV. Boyacá,18.0,38.446762
4:45,Marsella,12.0,38.446823
4:45,Niza - Calle 127,9.0,17.604193
4:45,La Campiña,20.0,61.760067
4:45,Transversal 86,18.0,38.446613
4:45,Corferias,2.0,7.6202264
4:45,Guatoque - Veraguas,14.0,17.485813
4:45,CDS - Carrera 32,1.0,38.445187
4:45,Ciudad Universitaria - Lotería de Bogotá,3.0,11.586934
4:45,Universidad Nacional,8.0,5.641643
4:45,Avenida Rojas - UNISALESIANA,6.0,7.012986
4:45,Tercer Milenio,6.0,43.665367
4:45,Concejo de Bogotá,5.0,15.843126
4:45,NQS - Calle 38A S,6.0,38.44649
4:45,7 de Agosto,7.0,5.520855
4:45,AV. 68,19.0,21.568096
4:45,Distrito Grafiti,18.0,38.44679
4:45,Polo - FINCOMERCIO,7.0,21.435698
4:45,Tygua - San José,1.0,6.57303
4:45,Quinta Paredes,1.0,12.013382
4:45,Salitre - El Greco,3.0,38.34251
4:45,Zona Industrial,1.0,38.446754
4:45,León XIII,177.0,125.8824
4:45,Paloquemao,25.0,38.446655
4:45,Carrera 90,20.0,22.358963
4:45,Gobernación,1.0,38.44677
4:45,Terreros - Hospital Cardio Vascular,411.0,125.8824
4:45,Escuela Militar,4.0,76.665085
4:45,Mandalay,4.0,41.511574
4:45,AV. Cali,74.0,15.66902
4:45,Suba - TV. 91,37.0,38.44675
4:45,Ricaurte - CL 13,5.0,38.44684
4:45,Restrepo,3.0,38.446873
4:45,Prado,11.0,21.824438
4:45,Terminal,69.0,22.292175
4:45,Virrey,1.0,7.752155
4:45,Toberin - Foundever,6.0,22.048006
4:45,Pepe Sierra,1.0,6.525525
4:45,Calle 100 - Marketmedios,17.0,2.8295012
4:45,Calle 142,4.0,21.862747
4:45,Portal Norte – Unicervantes,29.0,21.427063
4:45,Calle 187,21.0,22.358309
4:45,Alcalá – Colegio S. Tomás Dominicos,10.0,17.98593
4:45,Calle 146,1.0,22.407028
4:45,Calle 127,15.0,21.643002
4:45,Héroes,8.0,38.41649
4:45,Calle 161,1.0,22.291891
4:45,Calle 106 - Maletas Explora,1.0,6.458236
4:45,Mazurén,2.0,22.397907
4:45,Calle 45 - American School Way,5.0,4.5334706
4:45,Carrera 53,2.0,4.7079988
4:45,La Castellana,1.0,21.860435
4:45,AV. 1 Mayo,68.0,46.480106
4:45,De La Sabana,1.0,6.7176924
4:45,La Despensa,48.0,76.66592
4:45,Calle 72,0.0,7.8557415
4:45,Centro Memoria,6.0,8.158297
4:45,Carrera 43 - Comapan,13.0,8.601257
4:45,Consuelo,19.0,46.474358
4:45,AV. Jiménez - Caracas,1.0,7.975539
4:45,Comuneros,6.0,13.92325
4:45,El Tiempo – Cámara de Comercio de Bogotá,19.0,6.6305156
4:45,Biblioteca Tintal,42.0,23.819353
4:45,Ciudad Jardín - UAN,29.0,46.448025
4:45,Bicentenario,23.0,21.957113
4:45,Temporal Calle 57,1.0,5.850016
4:45,Biblioteca,1.0,38.446667
4:45,AV. ElDorado,3.0,9.137482
4:45,Calle 26,0.0,4.826366
4:45,Alquería,44.0,22.5001
4:45,Bosa,38.0,76.66592
4:45,CAD,3.0,9.118229
4:45,Banderas,69.0,22.559032
4:45,Calle 19,3.0,10.099125
4:45,AV. Jiménez - CL 13,0.0,22.487125
4:45,Movistar Arena,3.0,9.286797
4:45,AV. 39,1.0,6.0517354
4:45,Calle 76 - San Felipe,14.0,3.2008
4:45,Calle 63,0.0,22.331453
4:45,Calle 85,2.0,8.006757
4:45,NQS - Calle 30 S,12.0,20.048746
4:45,Country Sur,102.0,61.760372
4:45,Carrera 47,4.0,20.750307
4:45,Portal 80,20.0,38.441185
4:45,Olaya,1.0,22.316608
4:45,Molinos,57.0,45.979977
4:45,Nariño,20.0,9.676058
4:45,Gratamira,2.0,21.422281
4:45,Pradera - Plaza Central,13.0,38.44657
4:45,Las Nieves,5.0,38.44638
4:45,Modelia,6.0,10.023115
4:45,Portal El Dorado – C.C. Nuestro Bogotá,6.0,10.3558
4:45,Flores – Areandina,3.0,7.82027
4:45,Museo del Oro,1.0,9.48694
4:45,General Santander,62.0,22.502317
4:45,Portal 20 de Julio,932.0,46.480167
4:45,Humedal Córdoba,1.0,9.5793295
4:45,Parque,34.0,76.66592
4:45,Policarpa,7.0,46.480053
4:45,Museo Nacional,2.0,38.487545
4:45,Hospital,7.0,9.887056
4:45,Normandía,10.0,21.784777
4:45,Perdomo,2.0,46.479862
4:45,Hortúa,9.0,46.066296
4:45,Portal Usme,28.0,38.55865
4:45,Ferias,5.0,38.446503
4:45,Temporal Marly,0.0,38.492985
4:45,Patio Bonito,19.0,46.47987
4:45,Portal Tunal,39.0,85.30253
4:45,Fucha,10.0,22.497776
4:45,Minuto de Dios,24.0,22.028215
4:45,Portal Américas,177.0,61.760067
4:45,Las Aguas - Centro Colombo Americano,2.0,45.22657
4:45,Portal Suba,1.0,38.446785
4:45,Suba - AV. Boyacá,3.0,22.454992
4:45,Santa Lucía,92.0,46.479855
4:45,San Martín,3.0,38.446754
4:45,Universidades – CityU,51.0,5.2073064
4:45,Santa Isabel,6.0,76.66591
4:45,Suba - Calle 95,2.0,9.202066
4:45,Puente Aranda,1.0,76.66584
4:45,Quiroga,9.0,8.5326
4:45,Puentelargo,1.0,6.591127
4:45,San Victorino,2.0,9.614014
4:45,CC Paseo Villa del Río - Madelena,87.0,76.66592
4:45,San Mateo - CC Unisur,362.0,110.58355
4:45,Sevillana,31.0,76.66592
4:45,Rionegro,4.0,6.1678824
4:45,Suba - Calle 116,3.0,7.6949086
4:45,San Bernardo,13.0,76.66592
4:45,SENA,0.0,76.66592
4:45,San Facon Carrera 22,4.0,61.760067
4:45,Socorro,19.0,76.66592
4:45,21 Ángeles,11.0,22.2256
4:45,Temporal Calle 34,7.0,4.756327
4:45,Venecia,63.0,22.51448
4:45,Danubio,0.0,76.66592
4:45,Portal Sur - JFK Coop. Financiera,80.0,22.49375
4:45,Temporal Calle 22,6.0,5.7548714
5:00,AV. Chile,3.0,8.671412
5:00,CAN,12.0,22.559834
5:00,Campín - UAN,1.0,8.275443
5:00,San Diego,5.0,12.926561
5:00,Granja - Kr 77,68.0,20.79871
5:00,Ricaurte - NQS,38.0,9.77803
5:00,Quirigua,41.0,40.305077
5:00,Suba - Calle 100,6.0,17.19941
5:00,Calle 75 - Zona M,7.0,11.546465
5:00,AV. Boyacá,19.0,17.935265
5:00,Calle 40 Sur,12.0,38.44653
5:00,AV. Américas - AV. Boyacá,31.0,38.44656
5:00,Marsella,19.0,38.44663
5:00,Niza - Calle 127,1.0,22.350943
5:00,La Campiña,32.0,40.599194
5:00,Transversal 86,1.0,38.446648
5:00,Corferias,7.0,7.3532457
5:00,Guatoque - Veraguas,18.0,11.781389
5:00,CDS - Carrera 32,6.0,38.44063
5:00,Ciudad Universitaria - Lotería de Bogotá,5.0,13.306036
5:00,Universidad Nacional,1.0,8.934681
5:00,Avenida Rojas - UNISALESIANA,4.0,16.630718
5:00,Tercer Milenio,1.0,23.603138
5:00,Concejo de Bogotá,2.0,11.543018
5:00,NQS - Calle 38A S,10.0,38.4465
5:00,7 de Agosto,11.0,21.465712
5:00,AV. 68,32.0,10.526995
5:00,Distrito Grafiti,15.0,46.479847
5:00,Polo - FINCOMERCIO,3.0,7.939018
5:00,Tygua - San José,9.0,10.107668
5:00,Quinta Paredes,1.0,22.215778
5:00,Salitre - El Greco,6.0,38.421314
5:00,Zona Industrial,7.0,46.47984
5:00,León XIII,402.0,85.206085
5:00,Paloquemao,22.0,38.44667
5:00,Carrera 90,28.0,22.456966
5:00,Gobernación,3.0,46.479847
5:00,Terreros - Hospital Cardio Vascular,484.0,110.09079
5:00,Escuela Militar,1.0,48.330566
5:00,Mandalay,5.0,46.696472
5:00,AV. Cali,155.0,20.40195
5:00,Suba - TV. 91,34.0,46.479847
5:00,Ricaurte - CL 13,9.0,46.479847
5:00,Restrepo,48.0,46.479847
5:00,Prado,52.0,18.341944
5:00,Terminal,104.0,22.45373
5:00,Virrey,1.0,15.452993
5:00,Toberin - Foundever,21.0,12.005566
5:00,Pepe Sierra,17.0,8.175629
5:00,Calle 100 - Marketmedios,22.0,21.083166
5:00,Calle 142,41.0,8.762346
5:00,Portal Norte – Unicervantes,108.0,16.775301
5:00,Calle 187,37.0,14.48924
5:00,Alcalá – Colegio S. Tomás Dominicos,20.0,18.334505
5:00,Calle 146,3.0,21.083881
5:00,Calle 127,1.0,8.856142
5:00,Héroes,14.0,38.41364
5:00,Calle 161,15.0,20.068136
5:00,Calle 106 - Maletas Explora,6.0,12.621133
5:00,Mazurén,15.0,14.949833
5:00,Calle 45 - American School Way,9.0,20.187807
5:00,Carrera 53,9.0,9.187988
5:00,La Castellana,4.0,8.817201
5:00,AV. 1 Mayo,71.0,46.479847
5:00,De La Sabana,3.0,22.39013
5:00,La Despensa,83.0,63.347153
5:00,Calle 72,0.0,8.231992
5:00,Centro Memoria,5.0,22.403934
5:00,Carrera 43 - Comapan,2.0,10.318224
5:00,Consuelo,13.0,29.649647
5:00,AV. Jiménez - Caracas,12.0,20.728828
5:00,Comuneros,75.0,11.941006
5:00,El Tiempo – Cámara de Comercio de Bogotá,19.0,22.039564
5:00,Biblioteca Tintal,2.0,38.446648
5:00,Ciudad Jardín - UAN,25.0,76.64439
5:00,Bicentenario,10.0,22.30185
5:00,Temporal Calle 57,9.0,7.1964145
5:00,Biblioteca,16.0,46.479847
5:00,AV. ElDorado,6.0,8.826214
5:00,Calle 26,1.0,8.749832
5:00,Alquería,62.0,38.44657
5:00,Bosa,55.0,63.355732
5:00,CAD,10.0,9.30055
5:00,Banderas,23.0,38.44654
5:00,Calle 19,3.0,9.807776
5:00,AV. Jiménez - CL 13,0.0,22.502983
5:00,Movistar Arena,4.0,8.555696
5:00,AV. 39,2.0,13.501213
5:00,Calle 76 - San Felipe,25.0,6.502178
5:00,Calle 63,0.0,22.410744
5:00,Calle 85,5.0,2.857235
5:00,NQS - Calle 30 S,36.0,21.927961
5:00,Country Sur,170.0,125.88239
5:00,Carrera 47,12.0,20.666698
5:00,Portal 80,1.0,38.446533
5:00,Olaya,17.0,61.90108
5:00,Molinos,197.0,74.82165
5:00,Nariño,3.0,61.761883
5:00,Gratamira,2.0,9.379652
5:00,Pradera - Plaza Central,11.0,38.438946
5:00,Las Nieves,10.0,10.053112
5:00,Modelia,3.0,22.141651
5:00,Portal El Dorado – C.C. Nuestro Bogotá,7.0,11.593049
5:00,Flores – Areandina,24.0,8.7403145
5:00,Museo del Oro,2.0,61.762897
5:00,General Santander,41.0,61.766277
5:00,Portal 20 de Julio,770.0,125.88239
5:00,Humedal Córdoba,6.0,61.76013
5:00,Parque,3.0,79.64885
5:00,Policarpa,17.0,76.66609
5:00,Museo Nacional,6.0,9.605314
5:00,Hospital,1.0,61.79646
5:00,Normandía,5.0,9.949957
5:00,Perdomo,141.0,46.527695
5:00,Hortúa,1.0,76.647095
5:00,Portal Usme,1.0,76.24861
5:00,Ferias,10.0,11.01569
5:00,Temporal Marly,0.0,21.943737
5:00,Patio Bonito,72.0,38.45485
5:00,Portal Tunal,83.0,87.44303
5:00,Fucha,6.0,76.66562
5:00,Minuto de Dios,51.0,38.445152
5:00,Portal Américas,2.0,49.690002
5:00,Las Aguas - Centro Colombo Americano,15.0,38.445805
5:00,Portal Suba,1.0,46.479847
5:00,Suba - AV. Boyacá,5.0,38.446632
5:00,Santa Lucía,18.0,46.47977
5:00,San Martín,3.0,46.449574
5:00,Universidades – CityU,70.0,21.462576
5:00,Santa Isabel,9.0,44.760002
5:00,Suba - Calle 95,3.0,14.404968
5:00,Puente Aranda,5.0,46.415478
5:00,Quiroga,28.0,22.50465
5:00,Puentelargo,9.0,22.459366
5:00,San Victorino,3.0,61.760708
5:00,CC Paseo Villa del Río - Madelena,135.0,47.500774
5:00,San Mateo - CC Unisur,1.0,103.511536
5:00,Sevillana,49.0,79.157074
5:00,Rionegro,6.0,22.213346
5:00,Suba - Calle 116,11.0,22.246126
5:00,San Bernardo,74.0,42.006058
5:00,SENA,0.0,48.85187
5:00,San Facon Carrera 22,6.0,40.992397
5:00,Socorro,10.0,48.667114
5:00,21 Ángeles,33.0,22.525076
5:00,Temporal Calle 34,20.0,18.389952
5:00,Venecia,13.0,38.44665
5:00,Danubio,0.0,80.257904
5:00,Portal Sur - JFK Coop. Financiera,56.0,38.44669
5:00,Temporal Calle 22,17.0,21.584555
5:15,AV. Chile,8.0,22.395922
5:15,CAN,9.0,22.45121
5:15,Campín - UAN,7.0,9.523186
5:15,San Diego,1.0,21.782946
5:15,Granja - Kr 77,17.0,38.446354
5:15,Ricaurte - NQS,32.0,22.582006
5:15,Quirigua,41.0,22.434107
5:15,Suba - Calle 100,11.0,37.701077
5:15,Calle 75 - Zona M,9.0,17.873047
5:15,AV. Boyacá,49.0,29.751451
5:15,Calle 40 Sur,7.0,46.479847
5:15,AV. Américas - AV. Boyacá,42.0,46.479847
5:15,Marsella,39.0,46.479847
5:15,Niza - Calle 127,5.0,22.496786
5:15,La Campiña,49.0,46.58438
5:15,Transversal 86,32.0,46.47983
5:15,Corferias,13.0,10.760742
5:15,Guatoque - Veraguas,15.0,22.590212
5:15,CDS - Carrera 32,3.0,46.47973
5:15,Ciudad Universitaria - Lotería de Bogotá,1.0,15.783884
5:15,Universidad Nacional,3.0,10.260103
5:15,Avenida Rojas - UNISALESIANA,46.0,13.791277
5:15,Tercer Milenio,23.0,11.5694895
5:15,Concejo de Bogotá,7.0,22.297918
5:15,NQS - Calle 38A S,30.0,46.479847
5:15,7 de Agosto,14.0,9.844408
5:15,AV. 68,27.0,22.487448
5:15,Distrito Grafiti,55.0,61.760086
5:15,Polo - FINCOMERCIO,10.0,22.359531
5:15,Tygua - San José,5.0,22.71896
5:15,Quinta Paredes,11.0,22.705801
5:15,Salitre - El Greco,10.0,38.446644
5:15,Zona Industrial,12.0,61.76006
5:15,León XIII,418.0,69.87108
5:15,Paloquemao,40.0,46.48009
5:15,Carrera 90,76.0,38.446598
5:15,Gobernación,3.0,61.745846
5:15,Terreros - Hospital Cardio Vascular,594.0,85.06097
5:15,Escuela Militar,2.0,51.194653
5:15,Mandalay,18.0,61.76007
5:15,AV. Cali,199.0,38.43506
5:15,Suba - TV. 91,69.0,61.76009
5:15,Ricaurte - CL 13,13.0,57.532604
5:15,Restrepo,4.0,61.760075
5:15,Prado,62.0,38.445362
5:15,Terminal,140.0,35.435093
5:15,Virrey,8.0,38.445736
5:15,Toberin - Foundever,40.0,38.44698
5:15,Pepe Sierra,27.0,11.349808
5:15,Calle 100 - Marketmedios,40.0,22.451874
5:15,Calle 142,69.0,22.500967
5:15,Portal Norte – Unicervantes,141.0,25.782131
5:15,Calle 187,65.0,31.101498
5:15,Alcalá – Colegio S. Tomás Dominicos,84.0,24.391647
5:15,Calle 146,3.0,38.446938
5:15,Calle 127,52.0,22.471207
5:15,Héroes,17.0,38.446644
5:15,Calle 161,24.0,22.511948
5:15,Calle 106 - Maletas Explora,16.0,38.446693
5:15,Mazurén,40.0,38.44672
5:15,Calle 45 - American School Way,3.0,21.032461
5:15,Carrera 53,17.0,22.53597
5:15,La Castellana,7.0,22.153164
5:15,AV. 1 Mayo,20.0,61.42145
5:15,De La Sabana,1.0,38.435104
5:15,La Despensa,77.0,66.47668
5:15,Calle 72,0.0,22.420221
5:15,Centro Memoria,14.0,38.446716
5:15,Carrera 43 - Comapan,3.0,22.95728
5:15,Consuelo,26.0,38.446697
5:15,AV. Jiménez - Caracas,13.0,22.304031
5:15,Comuneros,18.0,22.28647
5:15,El Tiempo – Cámara de Comercio de Bogotá,18.0,22.470663
5:15,Biblioteca Tintal,1.0,38.446503
5:15,Ciudad Jardín - UAN,39.0,61.844173
5:15,Bicentenario,17.0,38.445522
5:15,Temporal Calle 57,14.0,5.540442
5:15,Biblioteca,65.0,61.760067
5:15,AV. ElDorado,12.0,14.675787
5:15,Calle 26,1.0,9.087373
5:15,Alquería,107.0,38.44578
5:15,Bosa,196.0,66.464066
5:15,CAD,13.0,9.491306
5:15,Banderas,36.0,22.773535
5:15,Calle 19,13.0,22.271152
5:15,AV. Jiménez - CL 13,0.0,38.44664
5:15,Movistar Arena,7.0,7.6960106
5:15,AV. 39,9.0,18.833178
5:15,Calle 76 - San Felipe,1.0,9.3801365
5:15,Calle 63,0.0,38.446255
5:15,Calle 85,14.0,9.032387
5:15,NQS - Calle 30 S,28.0,38.440033
5:15,Country Sur,175.0,125.88302
5:15,Carrera 47,16.0,38.28586
5:15,Portal 80,164.0,46.246304
5:15,Olaya,67.0,61.760067
5:15,Molinos,126.0,125.88232
5:15,Nariño,5.0,61.760082
5:15,Gratamira,1.0,38.44676
5:15,Pradera - Plaza Central,15.0,46.479843
5:15,Las Nieves,7.0,38.4469
5:15,Modelia,32.0,38.44411
5:15,Portal El Dorado – C.C. Nuestro Bogotá,6.0,8.491814
5:15,Flores – Areandina,11.0,38.44308
5:15,Museo del Oro,3.0,61.76135
5:15,General Santander,43.0,61.760067
5:15,Portal 20 de Julio,585.0,125.88239
5:15,Humedal Córdoba,4.0,61.760075
5:15,Parque,1.0,66.740326
5:15,Policarpa,16.0,65.72255
5:15,Museo Nacional,4.0,38.441753
5:15,Hospital,20.0,61.76077
5:15,Normandía,36.0,38.442997
5:15,Perdomo,200.0,110.813896
5:15,Hortúa,2.0,61.834686
5:15,Portal Usme,180.0,61.84496
5:15,Ferias,17.0,38.298195
5:15,Temporal Marly,0.0,21.1767
5:15,Patio Bonito,128.0,53.935577
5:15,Portal Tunal,90.0,90.031975
5:15,Fucha,22.0,65.47808
5:15,Minuto de Dios,69.0,38.443966
5:15,Portal Américas,160.0,51.137005
5:15,Las Aguas - Centro Colombo Americano,1.0,21.660948
5:15,Portal Suba,4.0,61.760075
5:15,Suba - AV. Boyacá,15.0,38.44659
5:15,Santa Lucía,97.0,46.491764
5:15,San Martín,3.0,46.481464
5:15,Universidades – CityU,70.0,21.727615
5:15,Santa Isabel,47.0,28.08531
5:15,Suba - Calle 95,9.0,37.660915
5:15,Puente Aranda,3.0,37.32481
5:15,Quiroga,29.0,38.008156
5:15,Puentelargo,5.0,38.44575
5:15,San Victorino,7.0,61.76045
5:15,CC Paseo Villa del Río - Madelena,159.0,39.710667
5:15,San Mateo - CC Unisur,1.0,80.328705
5:15,Sevillana,69.0,81.40438
5:15,Rionegro,18.0,37.49948
5:15,Suba - Calle 116,12.0,22.669838
5:15,San Bernardo,22.0,23.64627
5:15,SENA,0.0,38.446945
5:15,San Facon Carrera 22,8.0,22.64414
5:15,Socorro,68.0,38.450176
5:15,21 Ángeles,18.0,38.446636
5:15,Temporal Calle 34,30.0,9.976924
5:15,Venecia,139.0,38.446514
5:15,Danubio,0.0,80.049286
5:15,Portal Sur - JFK Coop. Financiera,24.0,38.453857
5:15,Temporal Calle 22,24.0,13.891405
5:30,AV. Chile,20.0,22.198145
5:30,CAN,28.0,38.439396
5:30,Campín - UAN,5.0,8.66239
5:30,San Diego,12.0,17.198029
5:30,Granja - Kr 77,24.0,38.44672
5:30,Ricaurte - NQS,36.0,22.319063
5:30,Quirigua,59.0,38.446648
5:30,Suba - Calle 100,18.0,38.444286
5:30,Calle 75 - Zona M,13.0,14.3912525
5:30,AV. Boyacá,11.0,33.253284
5:30,Calle 40 Sur,96.0,48.709644
5:30,AV. Américas - AV. Boyacá,85.0,46.480618
5:30,Marsella,104.0,61.75687
5:30,Niza - Calle 127,19.0,38.447937
5:30,La Campiña,144.0,47.276108
5:30,Transversal 86,69.0,46.479855
5:30,Corferias,22.0,16.287779
5:30,Guatoque - Veraguas,32.0,38.35961
5:30,CDS - Carrera 32,1.0,46.479847
5:30,Ciudad Universitaria - Lotería de Bogotá,1.0,14.018533
5:30,Universidad Nacional,3.0,9.441654
5:30,Avenida Rojas - UNISALESIANA,1.0,29.279478
5:30,Tercer Milenio,15.0,38.44659
5:30,Concejo de Bogotá,7.0,10.99776
5:30,NQS - Calle 38A S,48.0,46.480976
5:30,7 de Agosto,22.0,23.096748
5:30,AV. 68,17.0,38.446144
5:30,Distrito Grafiti,85.0,61.937515
5:30,Polo - FINCOMERCIO,1.0,36.181793
5:30,Tygua - San José,4.0,17.908388
5:30,Quinta Paredes,19.0,38.44669
5:30,Salitre - El Greco,18.0,38.474922
5:30,Zona Industrial,6.0,62.084984
5:30,León XIII,619.0,85.14047
5:30,Paloquemao,49.0,62.369976
5:30,Carrera 90,84.0,38.446697
5:30,Gobernación,14.0,61.96819
5:30,Terreros - Hospital Cardio Vascular,1.0,85.14086
5:30,Escuela Militar,4.0,66.47489
5:30,Mandalay,21.0,61.943577
5:30,AV. Cali,34.0,38.44675
5:30,Suba - TV. 91,159.0,61.925373
5:30,Ricaurte - CL 13,4.0,62.009327
5:30,Restrepo,7.0,61.92306
5:30,Prado,15.0,38.446655
5:30,Terminal,141.0,39.2453
5:30,Virrey,8.0,38.446655
5:30,Toberin - Foundever,151.0,38.44666
5:30,Pepe Sierra,11.0,38.44693
5:30,Calle 100 - Marketmedios,51.0,38.44697
5:30,Calle 142,71.0,38.447144
5:30,Portal Norte – Unicervantes,108.0,39.412006
5:30,Calle 187,91.0,47.780087
5:30,Alcalá – Colegio S. Tomás Dominicos,58.0,26.204071
5:30,Calle 146,21.0,38.446716
5:30,Calle 127,22.0,38.446884
5:30,Héroes,28.0,38.47294
5:30,Calle 161,46.0,38.446762
5:30,Calle 106 - Maletas Explora,12.0,38.446693
5:30,Mazurén,144.0,38.44666
5:30,Calle 45 - American School Way,5.0,15.7168865
5:30,Carrera 53,6.0,23.191624
5:30,La Castellana,20.0,38.446625
5:30,AV. 1 Mayo,21.0,66.331856
5:30,De La Sabana,3.0,38.446487
5:30,La Despensa,112.0,66.47658
5:30,Calle 72,0.0,21.636293
5:30,Centro Memoria,10.0,38.432014
5:30,Carrera 43 - Comapan,25.0,22.91363
5:30,Consuelo,45.0,38.44673
5:30,AV. Jiménez - Caracas,14.0,38.420845
5:30,Comuneros,7.0,22.775715
5:30,El Tiempo – Cámara de Comercio de Bogotá,30.0,21.730804
5:30,Biblioteca Tintal,491.0,38.446728
5:30,Ciudad Jardín - UAN,12.0,66.48924
5:30,Bicentenario,9.0,38.44618
5:30,Temporal Calle 57,48.0,9.645401
5:30,Biblioteca,30.0,61.827934
5:30,AV. ElDorado,22.0,9.112488
5:30,Calle 26,2.0,38.444714
5:30,Alquería,125.0,38.446655
5:30,Bosa,94.0,110.826996
5:30,CAD,19.0,38.446655
5:30,Banderas,1.0,38.446674
5:30,Calle 19,3.0,22.496668
5:30,AV. Jiménez - CL 13,0.0,38.446655
5:30,Movistar Arena,20.0,10.110077
5:30,AV. 39,6.0,29.277538
5:30,Calle 76 - San Felipe,45.0,38.443848
5:30,Calle 63,0.0,38.44665
5:30,Calle 85,3.0,11.911966
5:30,NQS - Calle 30 S,74.0,38.446648
5:30,Country Sur,71.0,127.6114
5:30,Carrera 47,6.0,38.435707
5:30,Portal 80,266.0,63.24706
5:30,Olaya,124.0,62.9379
5:30,Molinos,329.0,110.82989
5:30,Nariño,84.0,62.070183
5:30,Gratamira,4.0,38.446613
5:30,Pradera - Plaza Central,28.0,46.479847
5:30,Las Nieves,6.0,38.446377
5:30,Modelia,38.0,38.44666
5:30,Portal El Dorado – C.C. Nuestro Bogotá,1.0,38.446537
5:30,Flores – Areandina,29.0,22.445631
5:30,Museo del Oro,2.0,61.980793
5:30,General Santander,1.0,63.151604
5:30,Portal 20 de Julio,259.0,110.82966
5:30,Humedal Córdoba,14.0,62.0191
5:30,Parque,44.0,66.48925
5:30,Policarpa,25.0,66.489204
5:30,Museo Nacional,16.0,38.445934
5:30,Hospital,7.0,62.006496
5:30,Normandía,37.0,38.447227
5:30,Perdomo,265.0,110.82909
5:30,Hortúa,1.0,66.48923
5:30,Portal Usme,158.0,110.8284
5:30,Ferias,3.0,38.448597
5:30,Temporal Marly,0.0,38.446487
5:30,Patio Bonito,135.0,77.09689
5:30,Portal Tunal,29.0,91.60991
5:30,Fucha,34.0,63.463573
5:30,Minuto de Dios,71.0,38.44665
5:30,Portal Américas,60.0,66.40901
5:30,Las Aguas - Centro Colombo Americano,10.0,38.446655
5:30,Portal Suba,13.0,61.964504
5:30,Suba - AV. Boyacá,29.0,38.446663
5:30,Santa Lucía,103.0,77.85373
5:30,San Martín,3.0,62.271618
5:30,Universidades – CityU,23.0,19.545675
5:30,Santa Isabel,45.0,38.44668
5:30,Suba - Calle 95,20.0,38.44635
5:30,Puente Aranda,5.0,38.44656
5:30,Quiroga,41.0,38.446968
5:30,Puentelargo,19.0,38.448364
5:30,San Victorino,7.0,62.03931
5:30,CC Paseo Villa del Río - Madelena,245.0,51.087498
5:30,San Mateo - CC Unisur,1.0,80.6289
5:30,Sevillana,73.0,83.06643
5:30,Rionegro,15.0,38.446404
5:30,Suba - Calle 116,22.0,32.918106
5:30,San Bernardo,35.0,22.12608
5:30,SENA,0.0,38.44666
5:30,San Facon Carrera 22,7.0,38.446632
5:30,Socorro,74.0,38.446655
5:30,21 Ángeles,53.0,38.446686
5:30,Temporal Calle 34,16.0,22.51043
5:30,Venecia,189.0,38.79721
5:30,Danubio,0.0,66.489365
5:30,Portal Sur - JFK Coop. Financiera,44.0,38.448036
5:30,Temporal Calle 22,12.0,38.4097
5:45,AV. Chile,34.0,22.665625
5:45,CAN,18.0,38.44738
5:45,Campín - UAN,10.0,22.497868
5:45,San Diego,3.0,38.44292
5:45,Granja - Kr 77,1.0,48.12147
5:45,Ricaurte - NQS,37.0,22.639181
5:45,Quirigua,105.0,38.447098
5:45,Suba - Calle 100,18.0,38.441563
5:45,Calle 75 - Zona M,11.0,38.451447
5:45,AV. Boyacá,61.0,41.54842
5:45,Calle 40 Sur,192.0,94.17821
5:45,AV. Américas - AV. Boyacá,110.0,64.65886
5:45,Marsella,101.0,110.82306
5:45,Niza - Calle 127,9.0,43.35025
5:45,La Campiña,233.0,110.82979
5:45,Transversal 86,1.0,62.56069
5:45,Corferias,35.0,23.04129
5:45,Guatoque - Veraguas,15.0,61.760395
5:45,CDS - Carrera 32,3.0,61.927605
5:45,Ciudad Universitaria - Lotería de Bogotá,4.0,21.745298
5:45,Universidad Nacional,4.0,38.446995
5:45,Avenida Rojas - UNISALESIANA,3.0,23.827011
5:45,Tercer Milenio,31.0,38.446297
5:45,Concejo de Bogotá,12.0,35.01686
5:45,NQS - Calle 38A S,77.0,63.59378
5:45,7 de Agosto,49.0,22.530905
5:45,AV. 68,73.0,61.624485
5:45,Distrito Grafiti,89.0,66.487816
5:45,Polo - FINCOMERCIO,8.0,22.466045
5:45,Tygua - San José,11.0,61.760128
5:45,Quinta Paredes,25.0,38.446655
5:45,Salitre - El Greco,40.0,62.10835
5:45,Zona Industrial,14.0,66.48181
5:45,León XIII,1.0,66.48626
5:45,Paloquemao,23.0,65.45873
5:45,Carrera 90,121.0,38.45101
5:45,Gobernación,11.0,33.25412
5:45,Terreros - Hospital Cardio Vascular,1.0,66.79797
5:45,Escuela Militar,9.0,38.49927
5:45,Mandalay,51.0,66.48255
5:45,AV. Cali,309.0,44.146755
5:45,Suba - TV. 91,149.0,47.173367
5:45,Ricaurte - CL 13,13.0,38.4887
5:45,Restrepo,1.0,45.383358
5:45,Prado,144.0,40.36373
5:45,Terminal,241.0,49.219143
5:45,Virrey,24.0,38.44505
5:45,Toberin - Foundever,192.0,49.146034
5:45,Pepe Sierra,88.0,38.560745
5:45,Calle 100 - Marketmedios,21.0,38.44667
5:45,Calle 142,203.0,39.225426
5:45,Portal Norte – Unicervantes,286.0,49.288105
5:45,Calle 187,162.0,50.196217
5:45,Alcalá – Colegio S. Tomás Dominicos,227.0,38.447277
5:45,Calle 146,5.0,39.840393
5:45,Calle 127,95.0,22.52983
5:45,Héroes,28.0,62.056973
5:45,Calle 161,6.0,48.66646
5:45,Calle 106 - Maletas Explora,46.0,38.448612
5:45,Mazurén,14.0,49.23753
5:45,Calle 45 - American School Way,14.0,38.443104
5:45,Carrera 53,38.0,38.447495
5:45,La Castellana,18.0,38.446655
5:45,AV. 1 Mayo,27.0,39.187992
5:45,De La Sabana,8.0,38.447136
5:45,La Despensa,110.0,111.60152
5:45,Calle 72,0.0,22.513683
5:45,Centro Memoria,13.0,46.472633
5:45,Carrera 43 - Comapan,6.0,61.757156
5:45,Consuelo,87.0,46.479847
5:45,AV. Jiménez - Caracas,65.0,38.44634
5:45,Comuneros,22.0,38.450268
5:45,El Tiempo – Cámara de Comercio de Bogotá,40.0,61.750744
5:45,Biblioteca Tintal,1.0,61.760063
5:45,Ciudad Jardín - UAN,72.0,66.44631
5:45,Bicentenario,5.0,26.279911
5:45,Temporal Calle 57,63.0,60.509068
5:45,Biblioteca,85.0,66.47642
5:45,AV. ElDorado,11.0,49.383686
5:45,Calle 26,6.0,46.479855
5:45,Alquería,20.0,38.631763
5:45,Bosa,508.0,110.3609
5:45,CAD,8.0,38.446663
5:45,Banderas,1.0,61.760143
5:45,Calle 19,25.0,27.880991
5:45,AV. Jiménez - CL 13,0.0,24.36807
5:45,Movistar Arena,31.0,18.606716
5:45,AV. 39,7.0,24.131691
5:45,Calle 76 - San Felipe,7.0,38.446903
5:45,Calle 63,0.0,38.449467
5:45,Calle 85,2.0,22.654373
5:45,NQS - Calle 30 S,103.0,61.760063
5:45,Country Sur,1.0,70.68738
5:45,Carrera 47,43.0,38.446537
5:45,Portal 80,164.0,39.314156
5:45,Olaya,151.0,75.160965
5:45,Molinos,3.0,94.856186
5:45,Nariño,16.0,42.33799
5:45,Gratamira,1.0,46.47984
5:45,Pradera - Plaza Central,23.0,61.983673
5:45,Las Nieves,8.0,38.50737
5:45,Modelia,56.0,38.446655
5:45,Portal El Dorado – C.C. Nuestro Bogotá,5.0,38.446964
5:45,Flores – Areandina,38.0,38.44712
5:45,Museo del Oro,6.0,39.727173
5:45,General Santander,21.0,66.47625
5:45,Portal 20 de Julio,142.0,97.448586
5:45,Humedal Córdoba,26.0,38.916157
5:45,Parque,2.0,50.775383
5:45,Policarpa,40.0,41.65031
5:45,Museo Nacional,17.0,38.447582
5:45,Hospital,13.0,49.58182
5:45,Normandía,66.0,38.51746
5:45,Perdomo,120.0,112.066925
5:45,Hortúa,1.0,44.77455
5:45,Portal Usme,2.0,94.917786
5:45,Ferias,30.0,38.44691
5:45,Temporal Marly,0.0,38.446625
5:45,Patio Bonito,3.0,110.65968
5:45,Portal Tunal,42.0,49.511147
5:45,Fucha,1.0,49.59914
5:45,Minuto de Dios,95.0,38.44635
5:45,Portal Américas,1.0,66.4017
5:45,Las Aguas - Centro Colombo Americano,5.0,38.44654
5:45,Portal Suba,447.0,66.487885
5:45,Suba - AV. Boyacá,24.0,38.45089
5:45,Santa Lucía,1.0,42.801918
5:45,San Martín,5.0,42.9172
5:45,Universidades – CityU,64.0,22.686989
5:45,Santa Isabel,80.0,38.446793
5:45,Suba - Calle 95,21.0,38.446636
5:45,Puente Aranda,5.0,38.44665
5:45,Quiroga,61.0,46.40599
5:45,Puentelargo,38.0,38.446655
5:45,San Victorino,1.0,39.77682
5:45,CC Paseo Villa del Río - Madelena,111.0,105.46536
5:45,San Mateo - CC Unisur,1.0,77.05017
5:45,Sevillana,28.0,68.30208
5:45,Rionegro,15.0,38.44665
5:45,Suba - Calle 116,37.0,38.455086
5:45,San Bernardo,20.0,21.979818
5:45,SENA,0.0,38.446655
5:45,San Facon Carrera 22,7.0,38.446655
5:45,Socorro,80.0,38.44684
5:45,21 Ángeles,94.0,46.45636
5:45,Temporal Calle 34,26.0,38.43488
5:45,Venecia,27.0,46.479862
5:45,Danubio,0.0,49.584
5:45,Portal Sur - JFK Coop. Financiera,399.0,46.479874
5:45,Temporal Calle 22,8.0,38.445934
6:00,AV. Chile,50.0,22.528946
6:00,CAN,54.0,38.51816
6:00,Campín - UAN,28.0,38.446735
6:00,San Diego,5.0,38.44667
6:00,Granja - Kr 77,189.0,46.48223
6:00,Ricaurte - NQS,47.0,38.44704
6:00,Quirigua,153.0,76.8761
6:00,Suba - Calle 100,34.0,38.44665
6:00,Calle 75 - Zona M,21.0,38.44787
6:00,AV. Boyacá,15.0,46.550083
6:00,Calle 40 Sur,12.0,107.319016
6:00,AV. Américas - AV. Boyacá,128.0,38.48311
6:00,Marsella,169.0,110.7941
6:00,Niza - Calle 127,28.0,46.536247
6:00,La Campiña,122.0,109.24692
6:00,Transversal 86,20.0,38.516468
6:00,Corferias,55.0,22.518433
6:00,Guatoque - Veraguas,18.0,38.44666
6:00,CDS - Carrera 32,2.0,33.276253
6:00,Ciudad Universitaria - Lotería de Bogotá,10.0,22.499516
6:00,Universidad Nacional,16.0,38.446712
6:00,Avenida Rojas - UNISALESIANA,105.0,61.75875
6:00,Tercer Milenio,28.0,22.604475
6:00,Concejo de Bogotá,7.0,38.447327
6:00,NQS - Calle 38A S,98.0,66.296234
6:00,7 de Agosto,47.0,46.47994
6:00,AV. 68,17.0,38.66557
6:00,Distrito Grafiti,196.0,49.20785
6:00,Polo - FINCOMERCIO,6.0,38.44682
6:00,Tygua - San José,11.0,38.446735
6:00,Quinta Paredes,32.0,38.44665
6:00,Salitre - El Greco,34.0,41.566925
6:00,Zona Industrial,16.0,38.53213
6:00,León XIII,634.0,66.48357
6:00,Paloquemao,43.0,28.237768
6:00,Carrera 90,197.0,75.62215
6:00,Gobernación,13.0,58.565186
6:00,Terreros - Hospital Cardio Vascular,787.0,66.472725
6:00,Escuela Militar,4.0,46.47985
6:00,Mandalay,68.0,48.103603
6:00,AV. Cali,375.0,46.50951
6:00,Suba - TV. 91,145.0,101.473305
6:00,Ricaurte - CL 13,16.0,38.447086
6:00,Restrepo,21.0,38.446667
6:00,Prado,34.0,71.23017
6:00,Terminal,269.0,89.29476
6:00,Virrey,24.0,61.760063
6:00,Toberin - Foundever,1.0,82.265594
6:00,Pepe Sierra,36.0,38.455944
6:00,Calle 100 - Marketmedios,45.0,46.480377
6:00,Calle 142,188.0,72.46209
6:00,Portal Norte – Unicervantes,13.0,72.995995
6:00,Calle 187,230.0,83.3074
6:00,Alcalá – Colegio S. Tomás Dominicos,127.0,46.575394
6:00,Calle 146,33.0,61.54656
6:00,Calle 127,161.0,45.978947
6:00,Héroes,56.0,39.55906
6:00,Calle 161,77.0,61.768154
6:00,Calle 106 - Maletas Explora,79.0,46.479847
6:00,Mazurén,355.0,61.779026
6:00,Calle 45 - American School Way,2.0,24.030533
6:00,Carrera 53,3.0,38.446793
6:00,La Castellana,20.0,38.89433
6:00,AV. 1 Mayo,25.0,22.490316
6:00,De La Sabana,7.0,38.44659
6:00,La Despensa,134.0,110.82881
6:00,Calle 72,0.0,27.756378
6:00,Centro Memoria,14.0,24.182446
6:00,Carrera 43 - Comapan,16.0,38.44668
6:00,Consuelo,71.0,38.580322
6:00,AV. Jiménez - Caracas,1.0,38.44625
6:00,Comuneros,21.0,38.448498
6:00,El Tiempo – Cámara de Comercio de Bogotá,64.0,61.760067
6:00,Biblioteca Tintal,517.0,61.76007
6:00,Ciudad Jardín - UAN,95.0,44.10943
6:00,Bicentenario,9.0,22.574
6:00,Temporal Calle 57,112.0,33.015835
6:00,Biblioteca,84.0,40.432537
6:00,AV. ElDorado,29.0,24.812597
6:00,Calle 26,4.0,38.459305
6:00,Alquería,192.0,46.479847
6:00,Bosa,108.0,100.049225
6:00,CAD,24.0,61.760067
6:00,Banderas,157.0,61.760075
6:00,Calle 19,5.0,22.516436
6:00,AV. Jiménez - CL 13,0.0,61.760082
6:00,Movistar Arena,51.0,22.49461
6:00,AV. 39,16.0,38.44762
6:00,Calle 76 - San Felipe,25.0,38.44663
6:00,Calle 63,0.0,61.760063
6:00,Calle 85,12.0,22.498804
6:00,NQS - Calle 30 S,157.0,45.059948
6:00,Country Sur,210.0,52.38957
6:00,Carrera 47,13.0,38.445393
6:00,Portal 80,154.0,77.08333
6:00,Olaya,151.0,108.62842
6:00,Molinos,1.0,63.786724
6:00,Nariño,19.0,46.531113
6:00,Gratamira,3.0,46.47714
6:00,Pradera - Plaza Central,12.0,49.21608
6:00,Las Nieves,13.0,22.678286
6:00,Modelia,82.0,46.479725
6:00,Portal El Dorado – C.C. Nuestro Bogotá,29.0,38.446682
6:00,Flores – Areandina,69.0,15.929958
6:00,Museo del Oro,18.0,38.443645
6:00,General Santander,3.0,48.28564
6:00,Portal 20 de Julio,311.0,63.873615
6:00,Humedal Córdoba,15.0,46.479862
6:00,Parque,65.0,38.642414
6:00,Policarpa,42.0,62.039818
6:00,Museo Nacional,35.0,19.499342
6:00,Hospital,26.0,38.448887
6:00,Normandía,97.0,61.760063
6:00,Perdomo,394.0,112.108185
6:00,Hortúa,3.0,38.45549
6:00,Portal Usme,169.0,62.32747
6:00,Ferias,5.0,38.446655
6:00,Temporal Marly,0.0,22.500805
6:00,Patio Bonito,214.0,84.912186
6:00,Portal Tunal,1.0,40.389454
6:00,Fucha,88.0,38.44843
6:00,Minuto de Dios,132.0,61.760063
6:00,Portal Américas,19.0,66.444214
6:00,Las Aguas - Centro Colombo Americano,7.0,46.479847
6:00,Portal Suba,59.0,66.256134
6:00,Suba - AV. Boyacá,60.0,61.760063
6:00,Santa Lucía,118.0,64.508415
6:00,San Martín,10.0,47.7188
6:00,Universidades – CityU,174.0,43.716686
6:00,Santa Isabel,83.0,38.446682
6:00,Suba - Calle 95,36.0,38.44666
6:00,Puente Aranda,13.0,33.74094
6:00,Quiroga,103.0,38.44693
6:00,Puentelargo,64.0,38.446655
6:00,San Victorino,22.0,38.45352
6:00,CC Paseo Villa del Río - Madelena,447.0,94.70866
6:00,San Mateo - CC Unisur,1.0,66.48464
6:00,Sevillana,182.0,64.87181
6:00,Rionegro,42.0,46.90945
6:00,Suba - Calle 116,54.0,46.679996
6:00,San Bernardo,72.0,38.44786
6:00,SENA,0.0,38.446674
6:00,San Facon Carrera 22,5.0,38.447876
6:00,Socorro,87.0,46.479794
6:00,21 Ángeles,43.0,61.760143
6:00,Temporal Calle 34,26.0,38.447933
6:00,Venecia,348.0,46.73762
6:00,Danubio,0.0,47.645702
6:00,Portal Sur - JFK Coop. Financiera,692.0,61.757988
6:00,Temporal Calle 22,13.0,46.508774
6:15,AV. Chile,72.0,38.446655
6:15,CAN,76.0,46.479847
6:15,Campín - UAN,40.0,38.44668
6:15,San Diego,3.0,38.44666
6:15,Granja - Kr 77,7.0,64.26546
6:15,Ricaurte - NQS,140.0,38.446804
6:15,Quirigua,27.0,61.79372
6:15,Suba - Calle 100,31.0,46.479847
6:15,Calle 75 - Zona M,37.0,38.46974
6:15,AV. Boyacá,32.0,46.50462
6:15,Calle 40 Sur,1.0,82.64012
6:15,AV. Américas - AV. Boyacá,147.0,110.82988
6:15,Marsella,186.0,122.91853
6:15,Niza - Calle 127,15.0,62.124012
6:15,La Campiña,122.0,111.11803
6:15,Transversal 86,2.0,61.83833
6:15,Corferias,48.0,22.513493
6:15,Guatoque - Veraguas,91.0,61.83136
6:15,CDS - Carrera 32,5.0,61.76119
6:15,Ciudad Universitaria - Lotería de Bogotá,3.0,38.446777
6:15,Universidad Nacional,55.0,38.446686
6:15,Avenida Rojas - UNISALESIANA,1.0,57.282257
6:15,Tercer Milenio,3.0,38.446663
6:15,Concejo de Bogotá,20.0,39.505974
6:15,NQS - Calle 38A S,81.0,125.872375
6:15,7 de Agosto,1.0,61.760086
6:15,AV. 68,36.0,63.071766
6:15,Distrito Grafiti,72.0,125.882385
6:15,Polo - FINCOMERCIO,26.0,38.44643
6:15,Tygua - San José,13.0,61.77383
6:15,Quinta Paredes,43.0,61.760063
6:15,Salitre - El Greco,42.0,61.760723
6:15,Zona Industrial,30.0,61.845512
6:15,León XIII,615.0,81.38942
6:15,Paloquemao,124.0,61.767223
6:15,Carrera 90,38.0,96.55057
6:15,Gobernación,27.0,76.665955
6:15,Terreros - Hospital Cardio Vascular,787.0,81.3786
6:15,Escuela Militar,3.0,61.760067
6:15,Mandalay,95.0,78.30821
6:15,AV. Cali,56.0,72.07279
6:15,Suba - TV. 91,154.0,125.76432
6:15,Ricaurte - CL 13,19.0,61.76007
6:15,Restrepo,29.0,61.76008
6:15,Prado,244.0,46.481182
6:15,Terminal,457.0,127.32884
6:15,Virrey,42.0,46.480812
6:15,Toberin - Foundever,265.0,72.443985
6:15,Pepe Sierra,156.0,38.447258
6:15,Calle 100 - Marketmedios,86.0,46.480892
6:15,Calle 142,365.0,72.76711
6:15,Portal Norte – Unicervantes,546.0,63.561974
6:15,Calle 187,270.0,94.87365
6:15,Alcalá – Colegio S. Tomás Dominicos,356.0,61.78561
6:15,Calle 146,14.0,62.594013
6:15,Calle 127,184.0,46.813522
6:15,Héroes,63.0,64.53799
6:15,Calle 161,8.0,77.27294
6:15,Calle 106 - Maletas Explora,76.0,61.211887
6:15,Mazurén,171.0,78.0334
6:15,Calle 45 - American School Way,4.0,46.481083
6:15,Carrera 53,10.0,46.480606
6:15,La Castellana,39.0,46.479847
6:15,AV. 1 Mayo,110.0,61.760063
6:15,De La Sabana,10.0,38.446655
6:15,La Despensa,1.0,125.97868
6:15,Calle 72,0.0,38.449463
6:15,Centro Memoria,19.0,38.456585
6:15,Carrera 43 - Comapan,73.0,61.86307
6:15,Consuelo,73.0,39.33182
6:15,AV. Jiménez - Caracas,36.0,46.479847
6:15,Comuneros,55.0,38.450966
6:15,El Tiempo – Cámara de Comercio de Bogotá,94.0,62.12845
6:15,Biblioteca Tintal,5.0,95.786354
6:15,Ciudad Jardín - UAN,77.0,61.761433
6:15,Bicentenario,4.0,38.447346
6:15,Temporal Calle 57,99.0,110.787285
6:15,Biblioteca,6.0,78.549385
6:15,AV. ElDorado,69.0,61.760098
6:15,Calle 26,2.0,46.480026
6:15,Alquería,1.0,57.23576
6:15,Bosa,113.0,127.61036
6:15,CAD,54.0,38.451218
6:15,Banderas,1.0,108.12244
6:15,Calle 19,4.0,38.44665
6:15,AV. Jiménez - CL 13,0.0,38.477768
6:15,Movistar Arena,57.0,38.446754
6:15,AV. 39,15.0,38.930885
6:15,Calle 76 - San Felipe,10.0,38.446697
6:15,Calle 63,0.0,51.807095
6:15,Calle 85,6.0,38.44795
6:15,NQS - Calle 30 S,151.0,110.825325
6:15,Country Sur,1.0,86.46518
6:15,Carrera 47,12.0,38.44665
6:15,Portal 80,187.0,66.30324
6:15,Olaya,32.0,92.39603
6:15,Molinos,237.0,75.78319
6:15,Nariño,14.0,61.81133
6:15,Gratamira,1.0,46.479847
6:15,Pradera - Plaza Central,1.0,61.762142
6:15,Las Nieves,7.0,38.44666
6:15,Modelia,169.0,46.541836
6:15,Portal El Dorado – C.C. Nuestro Bogotá,26.0,46.479847
6:15,Flores – Areandina,108.0,22.512775
6:15,Museo del Oro,4.0,38.551155
6:15,General Santander,23.0,61.762016
6:15,Portal 20 de Julio,631.0,70.66609
6:15,Humedal Córdoba,10.0,61.76006
6:15,Parque,2.0,61.76018
6:15,Policarpa,49.0,46.608444
6:15,Museo Nacional,52.0,38.446648
6:15,Hospital,9.0,38.790478
6:15,Normandía,201.0,61.76111
6:15,Perdomo,1.0,127.59151
6:15,Hortúa,1.0,47.010963
6:15,Portal Usme,227.0,75.77117
6:15,Ferias,12.0,49.30145
6:15,Temporal Marly,0.0,38.44665
6:15,Patio Bonito,243.0,115.85925
6:15,Portal Tunal,152.0,76.706665
6:15,Fucha,16.0,46.4817
6:15,Minuto de Dios,22.0,72.505684
6:15,Portal Américas,3.0,81.350174
6:15,Las Aguas - Centro Colombo Americano,18.0,38.827747
6:15,Portal Suba,6.0,81.16203
6:15,Suba - AV. Boyacá,38.0,61.64419
6:15,Santa Lucía,19.0,125.88237
6:15,San Martín,4.0,62.99902
6:15,Universidades – CityU,127.0,61.76009
6:15,Santa Isabel,118.0,46.47985
6:15,Suba - Calle 95,20.0,46.479855
6:15,Puente Aranda,29.0,61.760067
6:15,Quiroga,22.0,77.72856
6:15,Puentelargo,33.0,61.760063
6:15,San Victorino,24.0,61.689873
6:15,CC Paseo Villa del Río - Madelena,442.0,127.454666
6:15,San Mateo - CC Unisur,1.0,81.39108
6:15,Sevillana,165.0,125.8825
6:15,Rionegro,22.0,61.765114
6:15,Suba - Calle 116,43.0,61.767147
6:15,San Bernardo,107.0,61.760098
6:15,SENA,0.0,46.48003
6:15,San Facon Carrera 22,5.0,61.760063
6:15,Socorro,54.0,61.760075
6:15,21 Ángeles,39.0,62.363895
6:15,Temporal Calle 34,66.0,61.76008
6:15,Venecia,364.0,125.88245
6:15,Danubio,0.0,62.929142
6:15,Portal Sur - JFK Coop. Financiera,168.0,79.90412
6:15,Temporal Calle 22,10.0,61.760296
6:30,AV. Chile,56.0,38.446655
6:30,CAN,54.0,61.760063
6:30,Campín - UAN,20.0,38.450027
6:30,San Diego,2.0,39.479134
6:30,Granja - Kr 77,7.0,46.48885
6:30,Ricaurte - NQS,97.0,38.44853
6:30,Quirigua,198.0,51.06892
6:30,Suba - Calle 100,46.0,45.88106
6:30,Calle 75 - Zona M,19.0,38.446842
6:30,AV. Boyacá,27.0,46.487484
6:30,Calle 40 Sur,23.0,80.84616
6:30,AV. Américas - AV. Boyacá,176.0,110.87297
6:30,Marsella,221.0,124.18115
6:30,Niza - Calle 127,25.0,62.7812
6:30,La Campiña,150.0,112.98755
6:30,Transversal 86,37.0,61.846306
6:30,Corferias,65.0,22.895002
6:30,Guatoque - Veraguas,27.0,38.4505
6:30,CDS - Carrera 32,8.0,61.76119
6:30,Ciudad Universitaria - Lotería de Bogotá,12.0,38.448853
6:30,Universidad Nacional,25.0,38.447216
6:30,Avenida Rojas - UNISALESIANA,1.0,38.511936
6:30,Tercer Milenio,53.0,38.44671
6:30,Concejo de Bogotá,37.0,38.48417
6:30,NQS - Calle 38A S,100.0,85.15525
6:30,7 de Agosto,48.0,46.4576
6:30,AV. 68,1.0,63.316402
6:30,Distrito Grafiti,194.0,100.04829
6:30,Polo - FINCOMERCIO,5.0,61.760063
6:30,Tygua - San José,19.0,49.129948
6:30,Quinta Paredes,35.0,61.760082
6:30,Salitre - El Greco,52.0,61.760723
6:30,Zona Industrial,11.0,76.501915
6:30,León XIII,591.0,66.52912
6:30,Paloquemao,88.0,104.94941
6:30,Carrera 90,1.0,72.71663
6:30,Gobernación,27.0,64.54938
6:30,Terreros - Hospital Cardio Vascular,839.0,66.47335
6:30,Escuela Militar,3.0,61.77325
6:30,Mandalay,7.0,125.76482
6:30,AV. Cali,495.0,48.07609
6:30,Suba - TV. 91,170.0,126.97261
6:30,Ricaurte - CL 13,18.0,62.141617
6:30,Restrepo,1.0,62.0551
6:30,Prado,267.0,110.652504
6:30,Terminal,648.0,112.41542
6:30,Virrey,42.0,65.58974
6:30,Toberin - Foundever,244.0,112.54224
6:30,Pepe Sierra,142.0,75.3907
6:30,Calle 100 - Marketmedios,71.0,61.849133
6:30,Calle 142,34.0,111.433334
6:30,Portal Norte – Unicervantes,949.0,98.10649
6:30,Calle 187,307.0,112.44806
6:30,Alcalá – Colegio S. Tomás Dominicos,202.0,77.802124
6:30,Calle 146,31.0,63.457127
6:30,Calle 127,274.0,110.82859
6:30,Héroes,53.0,64.543015
6:30,Calle 161,119.0,67.35902
6:30,Calle 106 - Maletas Explora,67.0,46.601055
6:30,Mazurén,197.0,105.246376
6:30,Calle 45 - American School Way,138.0,45.378887
6:30,Carrera 53,11.0,46.498035
6:30,La Castellana,28.0,61.76008
6:30,AV. 1 Mayo,45.0,125.882385
6:30,De La Sabana,7.0,38.44665
6:30,La Despensa,144.0,101.71784
6:30,Calle 72,0.0,42.68688
6:30,Centro Memoria,15.0,38.449284
6:30,Carrera 43 - Comapan,25.0,46.823402
6:30,Consuelo,1.0,46.443996
6:30,AV. Jiménez - Caracas,19.0,46.47958
6:30,Comuneros,1.0,38.447556
6:30,El Tiempo – Cámara de Comercio de Bogotá,91.0,38.479515
6:30,Biblioteca Tintal,92.0,70.86477
6:30,Ciudad Jardín - UAN,115.0,61.76145
6:30,Bicentenario,2.0,44.702553
6:30,Temporal Calle 57,3.0,48.204235
6:30,Biblioteca,77.0,68.307365
6:30,AV. ElDorado,31.0,33.102642
6:30,Calle 26,4.0,38.44671
6:30,Alquería,234.0,46.43104
6:30,Bosa,119.0,127.61137
6:30,CAD,7.0,38.44665
6:30,Banderas,46.0,67.24815
6:30,Calle 19,12.0,38.447468
6:30,AV. Jiménez - CL 13,0.0,39.52034
6:30,Movistar Arena,51.0,38.44665
6:30,AV. 39,22.0,38.446705
6:30,Calle 76 - San Felipe,20.0,38.446655
6:30,Calle 63,0.0,38.44913
6:30,Calle 85,6.0,38.446625
6:30,NQS - Calle 30 S,140.0,77.70444
6:30,Country Sur,214.0,66.41384
6:30,Carrera 47,12.0,38.44664
6:30,Portal 80,322.0,66.30614
6:30,Olaya,168.0,81.83979
6:30,Molinos,1.0,125.613884
6:30,Nariño,29.0,61.825935
6:30,Gratamira,5.0,61.761963
6:30,Pradera - Plaza Central,83.0,61.762142
6:30,Las Nieves,8.0,38.44666
6:30,Modelia,12.0,56.609592
6:30,Portal El Dorado – C.C. Nuestro Bogotá,8.0,38.531017
6:30,Flores – Areandina,94.0,46.47987
6:30,Museo del Oro,9.0,61.760063
6:30,General Santander,74.0,61.762966
6:30,Portal 20 de Julio,731.0,101.72186
6:30,Humedal Córdoba,9.0,61.760075
6:30,Parque,64.0,61.764397
6:30,Policarpa,56.0,63.733356
6:30,Museo Nacional,30.0,38.448162
6:30,Hospital,51.0,61.760063
6:30,Normandía,170.0,57.262753
6:30,Perdomo,461.0,101.75348
6:30,Hortúa,3.0,61.760063
6:30,Portal Usme,966.0,125.91001
6:30,Ferias,16.0,61.60306
6:30,Temporal Marly,0.0,38.44666
6:30,Patio Bonito,191.0,110.99933
6:30,Portal Tunal,34.0,126.48507
6:30,Fucha,84.0,61.760555
6:30,Minuto de Dios,27.0,61.61005
6:30,Portal Américas,102.0,66.486176
6:30,Las Aguas - Centro Colombo Americano,15.0,38.44665
6:30,Portal Suba,175.0,81.15997
6:30,Suba - AV. Boyacá,31.0,62.167126
6:30,Santa Lucía,1.0,97.140915
6:30,San Martín,8.0,63.069332
6:30,Universidades – CityU,165.0,39.104427
6:30,Santa Isabel,204.0,66.68469
6:30,Suba - Calle 95,32.0,38.511776
6:30,Puente Aranda,13.0,61.760067
6:30,Quiroga,107.0,66.57826
6:30,Puentelargo,81.0,61.760075
6:30,San Victorino,16.0,61.760067
6:30,CC Paseo Villa del Río - Madelena,2.0,112.08335
6:30,San Mateo - CC Unisur,1.0,81.391495
6:30,Sevillana,164.0,125.882614
6:30,Rionegro,59.0,62.834614
6:30,Suba - Calle 116,77.0,46.845142
6:30,San Bernardo,124.0,49.198917
6:30,SENA,0.0,46.479847
6:30,San Facon Carrera 22,4.0,61.760063
6:30,Socorro,108.0,61.862892
6:30,21 Ángeles,42.0,63.58807
6:30,Temporal Calle 34,9.0,39.351116
6:30,Venecia,352.0,110.79657
6:30,Danubio,0.0,66.4539
6:30,Portal Sur - JFK Coop. Financiera,127.0,111.00353
6:30,Temporal Calle 22,10.0,47.0182
6:45,AV. Chile,57.0,38.44665
6:45,CAN,25.0,61.760258
6:45,Campín - UAN,30.0,38.318962
6:45,San Diego,2.0,38.468723
6:45,Granja - Kr 77,173.0,62.390896
6:45,Ricaurte - NQS,60.0,38.446655
6:45,Quirigua,214.0,77.20471
6:45,Suba - Calle 100,45.0,46.49597
6:45,Calle 75 - Zona M,52.0,46.479897
6:45,AV. Boyacá,135.0,47.868137
6:45,Calle 40 Sur,22.0,80.70828
6:45,AV. Américas - AV. Boyacá,8.0,110.93638
6:45,Marsella,22.0,110.70471
6:45,Niza - Calle 127,11.0,66.57527
6:45,La Campiña,458.0,99.74478
6:45,Transversal 86,490.0,66.29972
6:45,Corferias,18.0,38.447357
6:45,Guatoque - Veraguas,70.0,38.46003
6:45,CDS - Carrera 32,9.0,62.95092
6:45,Ciudad Universitaria - Lotería de Bogotá,1.0,38.446487
6:45,Universidad Nacional,34.0,38.44761
6:45,Avenida Rojas - UNISALESIANA,1.0,46.515896
6:45,Tercer Milenio,6.0,76.66524
6:45,Concejo de Bogotá,42.0,38.446293
6:45,NQS - Calle 38A S,105.0,110.87239
6:45,7 de Agosto,94.0,46.480606
6:45,AV. 68,149.0,81.20502
6:45,Distrito Grafiti,117.0,126.6759
6:45,Polo - FINCOMERCIO,27.0,76.665985
6:45,Tygua - San José,20.0,39.32004
6:45,Quinta Paredes,6.0,57.021084
6:45,Salitre - El Greco,17.0,62.544117
6:45,Zona Industrial,21.0,81.224106
6:45,León XIII,569.0,81.39521
6:45,Paloquemao,77.0,82.33992
6:45,Carrera 90,292.0,92.165924
6:45,Gobernación,5.0,81.395096
6:45,Terreros - Hospital Cardio Vascular,73.0,81.395195
6:45,Escuela Militar,12.0,66.55106
6:45,Mandalay,6.0,99.97461
6:45,AV. Cali,410.0,66.2058
6:45,Suba - TV. 91,508.0,127.596405
6:45,Ricaurte - CL 13,21.0,81.39279
6:45,Restrepo,266.0,80.52019
6:45,Prado,206.0,125.896164
6:45,Terminal,27.0,127.611595
6:45,Virrey,19.0,66.17642
6:45,Toberin - Foundever,1.0,127.60838
6:45,Pepe Sierra,42.0,77.39876
6:45,Calle 100 - Marketmedios,31.0,61.91801
6:45,Calle 142,42.0,100.9372
6:45,Portal Norte – Unicervantes,111.0,121.22657
6:45,Calle 187,294.0,127.60115
6:45,Alcalá – Colegio S. Tomás Dominicos,368.0,78.90827
6:45,Calle 146,9.0,83.05589
6:45,Calle 127,73.0,125.89799
6:45,Héroes,38.0,81.39272
6:45,Calle 161,97.0,127.60107
6:45,Calle 106 - Maletas Explora,32.0,61.866062
6:45,Mazurén,1.0,127.60983
6:45,Calle 45 - American School Way,1.0,46.479862
6:45,Carrera 53,68.0,46.481045
6:45,La Castellana,33.0,76.7046
6:45,AV. 1 Mayo,113.0,100.04826
6:45,De La Sabana,9.0,46.47577
6:45,La Despensa,166.0,127.59982
6:45,Calle 72,0.0,38.44668
6:45,Centro Memoria,13.0,38.446644
6:45,Carrera 43 - Comapan,72.0,39.16726
6:45,Consuelo,10.0,76.66609
6:45,AV. Jiménez - Caracas,27.0,38.446747
6:45,Comuneros,64.0,46.481663
6:45,El Tiempo – Cámara de Comercio de Bogotá,11.0,38.44668
6:45,Biblioteca Tintal,434.0,70.85351
6:45,Ciudad Jardín - UAN,99.0,125.88239
6:45,Bicentenario,20.0,38.446697
6:45,Temporal Calle 57,1.0,37.894543
6:45,Biblioteca,91.0,81.229355
6:45,AV. ElDorado,37.0,38.446583
6:45,Calle 26,2.0,46.42217
6:45,Alquería,207.0,55.39411
6:45,Bosa,474.0,127.61159
6:45,CAD,29.0,46.479847
6:45,Banderas,323.0,60.508762
6:45,Calle 19,24.0,38.44665
6:45,AV. Jiménez - CL 13,0.0,38.45051
6:45,Movistar Arena,58.0,38.446632
6:45,AV. 39,10.0,38.49492
6:45,Calle 76 - San Felipe,9.0,46.47964
6:45,Calle 63,0.0,46.479847
6:45,Calle 85,1.0,38.445976
6:45,NQS - Calle 30 S,166.0,87.513885
6:45,Country Sur,362.0,125.95428
6:45,Carrera 47,65.0,38.446655
6:45,Portal 80,130.0,74.78039
6:45,Olaya,224.0,125.89283
6:45,Molinos,380.0,100.1085
6:45,Nariño,13.0,66.48927
6:45,Gratamira,8.0,63.231487
6:45,Pradera - Plaza Central,114.0,63.592735
6:45,Las Nieves,32.0,61.760063
6:45,Modelia,17.0,61.76014
6:45,Portal El Dorado – C.C. Nuestro Bogotá,23.0,46.479847
6:45,Flores – Areandina,77.0,38.44666
6:45,Museo del Oro,10.0,62.155304
6:45,General Santander,1.0,63.620655
6:45,Portal 20 de Julio,38.0,126.38081
6:45,Humedal Córdoba,5.0,70.89821
6:45,Parque,1.0,76.776596
6:45,Policarpa,21.0,79.01692
6:45,Museo Nacional,15.0,76.2068
6:45,Hospital,13.0,61.782104
6:45,Normandía,14.0,96.64609
6:45,Perdomo,487.0,127.6096
6:45,Hortúa,35.0,76.85416
6:45,Portal Usme,2.0,125.96204
6:45,Ferias,73.0,61.88549
6:45,Temporal Marly,0.0,76.59735
6:45,Patio Bonito,118.0,125.884
6:45,Portal Tunal,192.0,100.98664
6:45,Fucha,76.0,78.47781
6:45,Minuto de Dios,166.0,63.49217
6:45,Portal Américas,549.0,81.3952
6:45,Las Aguas - Centro Colombo Americano,13.0,76.65692
6:45,Portal Suba,178.0,125.89453
6:45,Suba - AV. Boyacá,26.0,72.01889
6:45,Santa Lucía,20.0,100.04825
6:45,San Martín,14.0,66.49
6:45,Universidades – CityU,151.0,38.45295
6:45,Santa Isabel,1.0,77.19141
6:45,Suba - Calle 95,27.0,61.299084
6:45,Puente Aranda,39.0,46.993073
6:45,Quiroga,80.0,80.3526
6:45,Puentelargo,40.0,47.73927
6:45,San Victorino,10.0,63.95976
6:45,CC Paseo Villa del Río - Madelena,1.0,85.91016
6:45,San Mateo - CC Unisur,1.0,81.396034
6:45,Sevillana,152.0,125.8915
6:45,Rionegro,28.0,44.211246
6:45,Suba - Calle 116,31.0,46.484028
6:45,San Bernardo,32.0,56.17363
6:45,SENA,0.0,61.695858
6:45,San Facon Carrera 22,9.0,46.997967
6:45,Socorro,17.0,125.88239
6:45,21 Ángeles,131.0,82.78947
6:45,Temporal Calle 34,40.0,38.475445
6:45,Venecia,391.0,85.08824
6:45,Danubio,0.0,81.39508
6:45,Portal Sur - JFK Coop. Financiera,12.0,126.498634
6:45,Temporal Calle 22,51.0,46.90456
7:00,AV. Chile,21.0,38.446693
7:00,CAN,66.0,38.471436
7:00,Campín - UAN,56.0,38.446655
7:00,San Diego,1.0,61.740227
7:00,Granja - Kr 77,37.0,91.307236
7:00,Ricaurte - NQS,34.0,38.44665
7:00,Quirigua,21.0,101.754105
7:00,Suba - Calle 100,59.0,61.760468
7:00,Calle 75 - Zona M,10.0,61.760456
7:00,AV. Boyacá,17.0,97.71011
7:00,Calle 40 Sur,31.0,81.39078
7:00,AV. Américas - AV. Boyacá,17.0,99.485756
7:00,Marsella,14.0,99.86789
7:00,Niza - Calle 127,1.0,67.91579
7:00,La Campiña,363.0,112.50736
7:00,Transversal 86,39.0,110.824356
7:00,Corferias,24.0,61.760006
7:00,Guatoque - Veraguas,8.0,61.760067
7:00,CDS - Carrera 32,2.0,66.489204
7:00,Ciudad Universitaria - Lotería de Bogotá,23.0,38.4466
7:00,Universidad Nacional,20.0,61.760014
7:00,Avenida Rojas - UNISALESIANA,7.0,61.761486
7:00,Tercer Milenio,40.0,46.48043
7:00,Concejo de Bogotá,8.0,61.758007
7:00,NQS - Calle 38A S,104.0,110.41645
7:00,7 de Agosto,92.0,46.479855
7:00,AV. 68,20.0,95.925735
7:00,Distrito Grafiti,34.0,112.49527
7:00,Polo - FINCOMERCIO,31.0,39.043686
7:00,Tygua - San José,9.0,61.776928
7:00,Quinta Paredes,12.0,61.77516
7:00,Salitre - El Greco,50.0,66.48933
7:00,Zona Industrial,12.0,66.489365
7:00,León XIII,1.0,110.417206
7:00,Paloquemao,56.0,81.70746
7:00,Carrera 90,28.0,111.86736
7:00,Gobernación,10.0,66.4763
7:00,Terreros - Hospital Cardio Vascular,79.0,79.699005
7:00,Escuela Militar,11.0,66.48673
7:00,Mandalay,92.0,101.47004
7:00,AV. Cali,51.0,110.83409
7:00,Suba - TV. 91,430.0,112.54382
7:00,Ricaurte - CL 13,28.0,66.48914
7:00,Restrepo,28.0,92.404144
7:00,Prado,34.0,110.858315
7:00,Terminal,178.0,86.90155
7:00,Virrey,24.0,66.474365
7:00,Toberin - Foundever,1.0,86.101295
7:00,Pepe Sierra,36.0,66.52222
7:00,Calle 100 - Marketmedios,1.0,65.32863
7:00,Calle 142,28.0,69.12545
7:00,Portal Norte – Unicervantes,484.0,95.85928
7:00,Calle 187,1.0,112.51849
7:00,Alcalá – Colegio S. Tomás Dominicos,27.0,80.507034
7:00,Calle 146,39.0,68.2305
7:00,Calle 127,48.0,85.57518
7:00,Héroes,34.0,66.489365
7:00,Calle 161,18.0,71.47216
7:00,Calle 106 - Maletas Explora,23.0,64.1431
7:00,Mazurén,525.0,101.77568
7:00,Calle 45 - American School Way,185.0,38.692234
7:00,Carrera 53,90.0,46.480885
7:00,La Castellana,29.0,66.48877
7:00,AV. 1 Mayo,6.0,110.25012
7:00,De La Sabana,4.0,46.479847
7:00,La Despensa,152.0,112.54727
7:00,Calle 72,0.0,38.446835
7:00,Centro Memoria,10.0,46.479847
7:00,Carrera 43 - Comapan,53.0,61.760136
7:00,Consuelo,50.0,61.514896
7:00,AV. Jiménez - Caracas,20.0,38.44665
7:00,Comuneros,36.0,46.479977
7:00,El Tiempo – Cámara de Comercio de Bogotá,12.0,61.760036
7:00,Biblioteca Tintal,3.0,110.82982
7:00,Ciudad Jardín - UAN,15.0,85.142395
7:00,Bicentenario,24.0,46.480328
7:00,Temporal Calle 57,132.0,60.26549
7:00,Biblioteca,1.0,81.36864
7:00,AV. ElDorado,27.0,46.73778
7:00,Calle 26,5.0,46.479855
7:00,Alquería,169.0,111.088135
7:00,Bosa,405.0,127.58255
7:00,CAD,41.0,61.760063
7:00,Banderas,15.0,110.829994
7:00,Calle 19,13.0,46.47863
7:00,AV. Jiménez - CL 13,0.0,61.766624
7:00,Movistar Arena,22.0,46.479134
7:00,AV. 39,5.0,38.44666
7:00,Calle 76 - San Felipe,131.0,38.447083
7:00,Calle 63,0.0,61.760117
7:00,Calle 85,34.0,38.44634
7:00,NQS - Calle 30 S,170.0,103.04808
7:00,Country Sur,199.0,87.47467
7:00,Carrera 47,79.0,46.479324
7:00,Portal 80,549.0,87.93849
7:00,Olaya,1.0,110.83185
7:00,Molinos,324.0,107.67578
7:00,Nariño,21.0,51.08729
7:00,Gratamira,23.0,66.48515
7:00,Pradera - Plaza Central,14.0,110.82377
7:00,Las Nieves,70.0,46.483555
7:00,Modelia,10.0,61.797638
7:00,Portal El Dorado – C.C. Nuestro Bogotá,18.0,61.760113
7:00,Flores – Areandina,125.0,46.479843
7:00,Museo del Oro,20.0,48.969692
7:00,General Santander,13.0,66.48453
7:00,Portal 20 de Julio,424.0,86.80267
7:00,Humedal Córdoba,49.0,66.39861
7:00,Parque,79.0,67.291405
7:00,Policarpa,8.0,66.485756
7:00,Museo Nacional,14.0,46.45975
7:00,Hospital,12.0,51.075176
7:00,Normandía,10.0,72.51416
7:00,Perdomo,465.0,112.59897
7:00,Hortúa,9.0,66.48898
7:00,Portal Usme,2.0,85.15346
7:00,Ferias,10.0,64.09697
7:00,Temporal Marly,0.0,38.447163
7:00,Patio Bonito,122.0,127.13831
7:00,Portal Tunal,93.0,112.55905
7:00,Fucha,80.0,66.489174
7:00,Minuto de Dios,17.0,110.822296
7:00,Portal Américas,57.0,110.79183
7:00,Las Aguas - Centro Colombo Americano,65.0,61.77151
7:00,Portal Suba,582.0,110.84224
7:00,Suba - AV. Boyacá,148.0,66.59893
7:00,Santa Lucía,24.0,85.11863
7:00,San Martín,18.0,66.48692
7:00,Universidades – CityU,114.0,38.44625
7:00,Santa Isabel,212.0,66.56624
7:00,Suba - Calle 95,320.0,61.78097
7:00,Puente Aranda,42.0,47.766064
7:00,Quiroga,112.0,56.376335
7:00,Puentelargo,20.0,40.21363
7:00,San Victorino,13.0,48.952946
7:00,CC Paseo Villa del Río - Madelena,457.0,86.03464
7:00,San Mateo - CC Unisur,526.0,67.91648
7:00,Sevillana,1.0,127.53253
7:00,Rionegro,43.0,38.4484
7:00,Suba - Calle 116,70.0,46.48026
7:00,San Bernardo,22.0,41.328117
7:00,SENA,0.0,61.77075
7:00,San Facon Carrera 22,5.0,46.820774
7:00,Socorro,81.0,70.42057
7:00,21 Ángeles,151.0,111.6781
7:00,Temporal Calle 34,42.0,42.996494
7:00,Venecia,336.0,112.53653
7:00,Danubio,0.0,58.71888
7:00,Portal Sur - JFK Coop. Financiera,3.0,101.68773
7:00,Temporal Calle 22,47.0,46.678497
7:15,AV. Chile,76.0,38.44667
7:15,CAN,32.0,38.446655
7:15,Campín - UAN,61.0,38.446686
7:15,San Diego,16.0,46.479885
7:15,Granja - Kr 77,223.0,55.668377
7:15,Ricaurte - NQS,75.0,38.446648
7:15,Quirigua,1.0,91.12148
7:15,Suba - Calle 100,65.0,48.703808
7:15,Calle 75 - Zona M,34.0,46.481487
7:15,AV. Boyacá,1.0,74.73767
7:15,Calle 40 Sur,20.0,51.3691
7:15,AV. Américas - AV. Boyacá,208.0,67.472725
7:15,Marsella,278.0,85.459274
7:15,Niza - Calle 127,71.0,66.477684
7:15,La Campiña,299.0,127.61032
7:15,Transversal 86,39.0,61.823055
7:15,Corferias,48.0,38.45684
7:15,Guatoque - Veraguas,103.0,46.479855
7:15,CDS - Carrera 32,7.0,33.214417
7:15,Ciudad Universitaria - Lotería de Bogotá,6.0,38.446644
7:15,Universidad Nacional,24.0,61.09991
7:15,Avenida Rojas - UNISALESIANA,3.0,61.762814
7:15,Tercer Milenio,1.0,23.564013
7:15,Concejo de Bogotá,10.0,46.47985
7:15,NQS - Calle 38A S,103.0,109.12175
7:15,7 de Agosto,104.0,38.81567
7:15,AV. 68,149.0,70.305046
7:15,Distrito Grafiti,107.0,85.60248
7:15,Polo - FINCOMERCIO,41.0,62.227596
7:15,Tygua - San José,24.0,46.479908
7:15,Quinta Paredes,25.0,61.777214
7:15,Salitre - El Greco,5.0,33.27462
7:15,Zona Industrial,14.0,49.19194
7:15,León XIII,2.0,99.61416
7:15,Paloquemao,78.0,48.31959
7:15,Carrera 90,347.0,86.072876
7:15,Gobernación,13.0,49.216763
7:15,Terreros - Hospital Cardio Vascular,85.0,81.392715
7:15,Escuela Militar,17.0,66.48841
7:15,Mandalay,113.0,82.48576
7:15,AV. Cali,501.0,85.282036
7:15,Suba - TV. 91,410.0,112.54466
7:15,Ricaurte - CL 13,22.0,56.16403
7:15,Restrepo,34.0,53.18996
7:15,Prado,304.0,101.290504
7:15,Terminal,620.0,112.554825
7:15,Virrey,47.0,66.468765
7:15,Toberin - Foundever,344.0,85.559006
7:15,Pepe Sierra,153.0,70.71456
7:15,Calle 100 - Marketmedios,114.0,48.41775
7:15,Calle 142,32.0,80.855606
7:15,Portal Norte – Unicervantes,740.0,112.34873
7:15,Calle 187,324.0,101.56142
7:15,Alcalá – Colegio S. Tomás Dominicos,436.0,66.88615
7:15,Calle 146,32.0,68.20494
7:15,Calle 127,260.0,84.95808
7:15,Héroes,57.0,66.48926
7:15,Calle 161,14.0,99.3489
7:15,Calle 106 - Maletas Explora,92.0,66.5107
7:15,Mazurén,225.0,112.558655
7:15,Calle 45 - American School Way,208.0,110.83031
7:15,Carrera 53,98.0,61.761528
7:15,La Castellana,26.0,66.49408
7:15,AV. 1 Mayo,6.0,84.41902
7:15,De La Sabana,9.0,61.760426
7:15,La Despensa,91.0,112.548225
7:15,Calle 72,0.0,39.13649
7:15,Centro Memoria,10.0,61.760067
7:15,Carrera 43 - Comapan,84.0,48.32369
7:15,Consuelo,7.0,48.24159
7:15,AV. Jiménez - Caracas,50.0,38.495224
7:15,Comuneros,12.0,38.44665
7:15,El Tiempo – Cámara de Comercio de Bogotá,14.0,61.760063
7:15,Biblioteca Tintal,95.0,85.14209
7:15,Ciudad Jardín - UAN,35.0,84.37721
7:15,Bicentenario,18.0,38.44682
7:15,Temporal Calle 57,144.0,38.55699
7:15,Biblioteca,67.0,66.46018
7:15,AV. ElDorado,68.0,38.4466
7:15,Calle 26,5.0,61.82102
7:15,Alquería,156.0,84.943054
7:15,Bosa,6.0,112.55878
7:15,CAD,64.0,61.771755
7:15,Banderas,383.0,85.14153
7:15,Calle 19,39.0,38.753036
7:15,AV. Jiménez - CL 13,0.0,61.762184
7:15,Movistar Arena,80.0,38.446907
7:15,AV. 39,11.0,38.551582
7:15,Calle 76 - San Felipe,22.0,110.82988
7:15,Calle 63,0.0,61.762173
7:15,Calle 85,39.0,38.44788
7:15,NQS - Calle 30 S,132.0,107.35187
7:15,Country Sur,192.0,103.09415
7:15,Carrera 47,73.0,61.761314
7:15,Portal 80,1.0,108.818634
7:15,Olaya,1.0,86.66545
7:15,Molinos,139.0,109.37895
7:15,Nariño,17.0,49.720875
7:15,Gratamira,15.0,66.46431
7:15,Pradera - Plaza Central,149.0,85.13631
7:15,Las Nieves,32.0,43.586735
7:15,Modelia,8.0,65.27347
7:15,Portal El Dorado – C.C. Nuestro Bogotá,20.0,61.924465
7:15,Flores – Areandina,75.0,61.762398
7:15,Museo del Oro,23.0,46.49716
7:15,General Santander,1.0,66.43645
7:15,Portal 20 de Julio,555.0,89.11541
7:15,Humedal Córdoba,49.0,66.472916
7:15,Parque,1.0,67.98654
7:15,Policarpa,9.0,66.31432
7:15,Museo Nacional,28.0,40.542133
7:15,Hospital,51.0,65.46953
7:15,Normandía,10.0,75.933105
7:15,Perdomo,306.0,112.3505
7:15,Hortúa,5.0,66.471016
7:15,Portal Usme,425.0,84.56404
7:15,Ferias,109.0,66.47457
7:15,Temporal Marly,0.0,38.461548
7:15,Patio Bonito,199.0,112.55214
7:15,Portal Tunal,666.0,112.55788
7:15,Fucha,70.0,66.481125
7:15,Minuto de Dios,197.0,85.131256
7:15,Portal Américas,123.0,99.70827
7:15,Las Aguas - Centro Colombo Americano,18.0,66.459625
7:15,Portal Suba,530.0,111.21979
7:15,Suba - AV. Boyacá,73.0,112.13016
7:15,Santa Lucía,19.0,66.48918
7:15,San Martín,19.0,66.486855
7:15,Universidades – CityU,89.0,61.76452
7:15,Santa Isabel,19.0,110.84157
7:15,Suba - Calle 95,134.0,80.55613
7:15,Puente Aranda,46.0,63.11575
7:15,Quiroga,101.0,109.95088
7:15,Puentelargo,23.0,61.760628
7:15,San Victorino,2.0,61.76414
7:15,CC Paseo Villa del Río - Madelena,1.0,112.51039
7:15,San Mateo - CC Unisur,86.0,106.75839
7:15,Sevillana,147.0,101.79292
7:15,Rionegro,69.0,61.760067
7:15,Suba - Calle 116,112.0,39.263138
7:15,San Bernardo,1.0,61.760105
7:15,SENA,0.0,62.583134
7:15,San Facon Carrera 22,6.0,62.089252
7:15,Socorro,17.0,83.69885
7:15,21 Ángeles,140.0,112.3779
7:15,Temporal Calle 34,43.0,46.479855
7:15,Venecia,301.0,112.194496
7:15,Danubio,0.0,66.37994
7:15,Portal Sur - JFK Coop. Financiera,2.0,86.71953
7:15,Temporal Calle 22,59.0,61.967403
7:30,AV. Chile,64.0,46.479847
7:30,CAN,22.0,61.760063
7:30,Campín - UAN,66.0,43.610935
7:30,San Diego,1.0,46.51396
7:30,Granja - Kr 77,58.0,111.17414
7:30,Ricaurte - NQS,1.0,46.47977
7:30,Quirigua,158.0,81.14271
7:30,Suba - Calle 100,8.0,66.209694
7:30,Calle 75 - Zona M,40.0,53.371502
7:30,AV. Boyacá,127.0,85.91298
7:30,Calle 40 Sur,203.0,38.447247
7:30,AV. Américas - AV. Boyacá,168.0,125.70249
7:30,Marsella,24.0,127.60521
7:30,Niza - Calle 127,14.0,78.96325
7:30,La Campiña,314.0,112.555786
7:30,Transversal 86,301.0,75.63814
7:30,Corferias,58.0,38.446655
7:30,Guatoque - Veraguas,83.0,124.91016
7:30,CDS - Carrera 32,12.0,38.49979
7:30,Ciudad Universitaria - Lotería de Bogotá,62.0,38.5058
7:30,Universidad Nacional,50.0,46.53149
7:30,Avenida Rojas - UNISALESIANA,22.0,66.411804
7:30,Tercer Milenio,6.0,61.760063
7:30,Concejo de Bogotá,56.0,40.153606
7:30,NQS - Calle 38A S,80.0,107.61344
7:30,7 de Agosto,88.0,63.864944
7:30,AV. 68,119.0,126.09848
7:30,Distrito Grafiti,23.0,83.18036
7:30,Polo - FINCOMERCIO,1.0,62.245083
7:30,Tygua - San José,19.0,46.485508
7:30,Quinta Paredes,52.0,65.48002
7:30,Salitre - El Greco,6.0,46.044117
7:30,Zona Industrial,13.0,46.559113
7:30,León XIII,70.0,84.384285
7:30,Paloquemao,61.0,46.481853
7:30,Carrera 90,189.0,127.60666
7:30,Gobernación,2.0,61.761757
7:30,Terreros - Hospital Cardio Vascular,3.0,83.12355
7:30,Escuela Militar,14.0,66.497215
7:30,Mandalay,105.0,110.90437
7:30,AV. Cali,1.0,111.35896
7:30,Suba - TV. 91,363.0,127.60995
7:30,Ricaurte - CL 13,31.0,66.46762
7:30,Restrepo,251.0,52.99452
7:30,Prado,222.0,127.60956
7:30,Terminal,249.0,127.60734
7:30,Virrey,57.0,68.03323
7:30,Toberin - Foundever,80.0,126.48683
7:30,Pepe Sierra,142.0,79.479836
7:30,Calle 100 - Marketmedios,119.0,78.49449
7:30,Calle 142,24.0,80.91344
7:30,Portal Norte – Unicervantes,446.0,112.34865
7:30,Calle 187,104.0,127.58359
7:30,Alcalá – Colegio S. Tomás Dominicos,204.0,92.218994
7:30,Calle 146,72.0,83.110435
7:30,Calle 127,213.0,125.88239
7:30,Héroes,60.0,66.54831
7:30,Calle 161,46.0,99.34958
7:30,Calle 106 - Maletas Explora,70.0,92.46414
7:30,Mazurén,101.0,127.61144
7:30,Calle 45 - American School Way,6.0,80.57265
7:30,Carrera 53,63.0,73.33648
7:30,La Castellana,34.0,69.06311
7:30,AV. 1 Mayo,5.0,83.065125
7:30,De La Sabana,14.0,38.454796
7:30,La Despensa,23.0,80.82911
7:30,Calle 72,0.0,38.46337
7:30,Centro Memoria,16.0,38.448704
7:30,Carrera 43 - Comapan,57.0,61.77924
7:30,Consuelo,41.0,62.591335
7:30,AV. Jiménez - Caracas,1.0,38.446705
7:30,Comuneros,40.0,46.557064
7:30,El Tiempo – Cámara de Comercio de Bogotá,21.0,62.853245
7:30,Biblioteca Tintal,1.0,82.6465
7:30,Ciudad Jardín - UAN,135.0,85.067184
7:30,Bicentenario,1.0,38.446655
7:30,Temporal Calle 57,65.0,38.45121
7:30,Biblioteca,7.0,66.499985
7:30,AV. ElDorado,50.0,46.47988
7:30,Calle 26,12.0,44.46101
7:30,Alquería,112.0,125.89186
7:30,Bosa,297.0,86.68323
7:30,CAD,48.0,48.277454
7:30,Banderas,460.0,88.20546
7:30,Calle 19,15.0,46.479843
7:30,AV. Jiménez - CL 13,0.0,38.461395
7:30,Movistar Arena,45.0,46.479847
7:30,AV. 39,23.0,38.454185
7:30,Calle 76 - San Felipe,18.0,63.827984
7:30,Calle 63,0.0,46.797104
7:30,Calle 85,9.0,38.664646
7:30,NQS - Calle 30 S,104.0,80.398155
7:30,Country Sur,196.0,112.55199
7:30,Carrera 47,53.0,46.52189
7:30,Portal 80,481.0,83.122
7:30,Olaya,1.0,85.12509
7:30,Molinos,128.0,110.29906
7:30,Nariño,108.0,65.075554
7:30,Gratamira,26.0,66.48634
7:30,Pradera - Plaza Central,68.0,86.68545
7:30,Las Nieves,16.0,46.676067
7:30,Modelia,20.0,66.47691
7:30,Portal El Dorado – C.C. Nuestro Bogotá,14.0,65.70055
7:30,Flores – Areandina,107.0,48.09727
7:30,Museo del Oro,13.0,61.940174
7:30,General Santander,12.0,81.39862
7:30,Portal 20 de Julio,309.0,127.542114
7:30,Humedal Córdoba,6.0,76.25491
7:30,Parque,73.0,82.99834
7:30,Policarpa,54.0,66.31406
7:30,Museo Nacional,23.0,46.5169
7:30,Hospital,9.0,65.626366
7:30,Normandía,17.0,91.679565
7:30,Perdomo,1.0,127.31646
7:30,Hortúa,53.0,66.47011
7:30,Portal Usme,38.0,125.8824
7:30,Ferias,52.0,100.814026
7:30,Temporal Marly,0.0,61.760067
7:30,Patio Bonito,175.0,101.77695
7:30,Portal Tunal,517.0,112.49903
7:30,Fucha,77.0,80.63452
7:30,Minuto de Dios,99.0,110.83062
7:30,Portal Américas,54.0,127.609825
7:30,Las Aguas - Centro Colombo Americano,34.0,66.48923
7:30,Portal Suba,833.0,112.547
7:30,Suba - AV. Boyacá,134.0,101.64775
7:30,Santa Lucía,193.0,66.48865
7:30,San Martín,5.0,66.48917
7:30,Universidades – CityU,132.0,47.435574
7:30,Santa Isabel,13.0,69.7352
7:30,Suba - Calle 95,102.0,96.42783
7:30,Puente Aranda,39.0,47.394115
7:30,Quiroga,87.0,93.54619
7:30,Puentelargo,15.0,62.883034
7:30,San Victorino,8.0,61.83639
7:30,CC Paseo Villa del Río - Madelena,253.0,101.71003
7:30,San Mateo - CC Unisur,2.0,95.192215
7:30,Sevillana,101.0,112.55874
7:30,Rionegro,57.0,61.760212
7:30,Suba - Calle 116,32.0,78.63936
7:30,San Bernardo,138.0,48.66963
7:30,SENA,0.0,46.94977
7:30,San Facon Carrera 22,5.0,47.036533
7:30,Socorro,63.0,83.7115
7:30,21 Ángeles,119.0,127.60908
7:30,Temporal Calle 34,46.0,38.44685
7:30,Venecia,216.0,111.768776
7:30,Danubio,0.0,66.40011
7:30,Portal Sur - JFK Coop. Financiera,474.0,85.580246
7:30,Temporal Calle 22,41.0,62.696133
7:45,AV. Chile,71.0,33.205467
7:45,CAN,22.0,45.978844
7:45,Campín - UAN,24.0,38.446655
7:45,San Diego,1.0,46.47762
7:45,Granja - Kr 77,61.0,72.02883
7:45,Ricaurte - NQS,45.0,38.446663
7:45,Quirigua,20.0,127.577034
7:45,Suba - Calle 100,42.0,66.27314
7:45,Calle 75 - Zona M,30.0,61.64501
7:45,AV. Boyacá,149.0,87.03276
7:45,Calle 40 Sur,134.0,77.15407
7:45,AV. Américas - AV. Boyacá,134.0,110.83336
7:45,Marsella,175.0,86.83175
7:45,Niza - Calle 127,57.0,75.59279
7:45,La Campiña,230.0,127.61115
7:45,Transversal 86,49.0,101.16629
7:45,Corferias,36.0,46.05549
7:45,Guatoque - Veraguas,78.0,85.144135
7:45,CDS - Carrera 32,8.0,38.484825
7:45,Ciudad Universitaria - Lotería de Bogotá,4.0,45.12943
7:45,Universidad Nacional,26.0,46.480404
7:45,Avenida Rojas - UNISALESIANA,13.0,81.39392
7:45,Tercer Milenio,12.0,61.760063
7:45,Concejo de Bogotá,11.0,46.480007
7:45,NQS - Calle 38A S,76.0,82.09483
7:45,7 de Agosto,87.0,61.762486
7:45,AV. 68,115.0,111.04337
7:45,Distrito Grafiti,139.0,52.533543
7:45,Polo - FINCOMERCIO,23.0,66.02237
7:45,Tygua - San José,19.0,46.47987
7:45,Quinta Paredes,14.0,65.44364
7:45,Salitre - El Greco,14.0,38.451218
7:45,Zona Industrial,10.0,38.551567
7:45,León XIII,67.0,80.96596
7:45,Paloquemao,64.0,38.446655
7:45,Carrera 90,223.0,112.5512
7:45,Gobernación,9.0,61.76105
7:45,Terreros - Hospital Cardio Vascular,101.0,83.11796
7:45,Escuela Militar,9.0,50.363026
7:45,Mandalay,69.0,110.08987
7:45,AV. Cali,359.0,83.25417
7:45,Suba - TV. 91,182.0,127.604324
7:45,Ricaurte - CL 13,12.0,64.85958
7:45,Restrepo,203.0,65.690605
7:45,Prado,233.0,112.55549
7:45,Terminal,411.0,112.5549
7:45,Virrey,66.0,47.498257
7:45,Toberin - Foundever,577.0,85.481514
7:45,Pepe Sierra,128.0,105.10362
7:45,Calle 100 - Marketmedios,134.0,59.00722
7:45,Calle 142,35.0,66.49584
7:45,Portal Norte – Unicervantes,410.0,86.15997
7:45,Calle 187,1.0,111.80502
7:45,Alcalá – Colegio S. Tomás Dominicos,329.0,67.04954
7:45,Calle 146,6.0,68.17241
7:45,Calle 127,210.0,110.82731
7:45,Héroes,58.0,66.48234
7:45,Calle 161,19.0,82.93741
7:45,Calle 106 - Maletas Explora,1.0,66.81546
7:45,Mazurén,1.0,112.21437
7:45,Calle 45 - American School Way,171.0,56.30911
7:45,Carrera 53,64.0,54.099064
7:45,La Castellana,26.0,66.484886
7:45,AV. 1 Mayo,8.0,60.627872
7:45,De La Sabana,15.0,61.76768
7:45,La Despensa,56.0,82.422066
7:45,Calle 72,0.0,38.448143
7:45,Centro Memoria,13.0,38.44665
7:45,Carrera 43 - Comapan,41.0,38.449314
7:45,Consuelo,9.0,38.567825
7:45,AV. Jiménez - Caracas,43.0,38.446606
7:45,Comuneros,8.0,61.760204
7:45,El Tiempo – Cámara de Comercio de Bogotá,19.0,81.39281
7:45,Biblioteca Tintal,78.0,85.16349
7:45,Ciudad Jardín - UAN,42.0,70.219475
7:45,Bicentenario,23.0,38.446674
7:45,Temporal Calle 57,115.0,23.377615
7:45,Biblioteca,66.0,66.505226
7:45,AV. ElDorado,51.0,46.80484
7:45,Calle 26,9.0,61.76314
7:45,Alquería,121.0,110.839745
7:45,Bosa,9.0,103.34289
7:45,CAD,30.0,63.638046
7:45,Banderas,21.0,80.639465
7:45,Calle 19,22.0,46.479847
7:45,AV. Jiménez - CL 13,0.0,46.479847
7:45,Movistar Arena,61.0,61.757915
7:45,AV. 39,15.0,38.446655
7:45,Calle 76 - San Felipe,20.0,76.27278
7:45,Calle 63,0.0,46.48234
7:45,Calle 85,48.0,40.54751
7:45,NQS - Calle 30 S,1.0,101.79487
7:45,Country Sur,24.0,94.46386
7:45,Carrera 47,53.0,50.33074
7:45,Portal 80,230.0,127.037994
7:45,Olaya,178.0,80.6488
7:45,Molinos,108.0,95.36258
7:45,Nariño,11.0,98.90776
7:45,Gratamira,15.0,56.85619
7:45,Pradera - Plaza Central,2.0,53.662434
7:45,Las Nieves,14.0,47.864414
7:45,Modelia,143.0,66.485085
7:45,Portal El Dorado – C.C. Nuestro Bogotá,12.0,65.70334
7:45,Flores – Areandina,55.0,48.262566
7:45,Museo del Oro,9.0,49.482967
7:45,General Santander,65.0,66.49595
7:45,Portal 20 de Julio,120.0,112.49981
7:45,Humedal Córdoba,8.0,66.486755
7:45,Parque,3.0,67.81613
7:45,Policarpa,16.0,47.478897
7:45,Museo Nacional,22.0,41.237705
7:45,Hospital,6.0,48.270325
7:45,Normandía,13.0,83.01397
7:45,Perdomo,209.0,101.53906
7:45,Hortúa,59.0,45.847153
7:45,Portal Usme,48.0,85.14237
7:45,Ferias,71.0,70.504395
7:45,Temporal Marly,0.0,61.62367
7:45,Patio Bonito,80.0,110.968254
7:45,Portal Tunal,480.0,87.70082
7:45,Fucha,90.0,66.501015
7:45,Minuto de Dios,145.0,125.88483
7:45,Portal Américas,122.0,102.77475
7:45,Las Aguas - Centro Colombo Americano,62.0,67.26431
7:45,Portal Suba,330.0,109.93407
7:45,Suba - AV. Boyacá,106.0,127.61152
7:45,Santa Lucía,32.0,125.882385
7:45,San Martín,7.0,67.18892
7:45,Universidades – CityU,73.0,61.760082
7:45,Santa Isabel,70.0,83.87384
7:45,Suba - Calle 95,62.0,100.04287
7:45,Puente Aranda,37.0,46.48132
7:45,Quiroga,89.0,71.74082
7:45,Puentelargo,72.0,61.89575
7:45,San Victorino,28.0,47.424587
7:45,CC Paseo Villa del Río - Madelena,245.0,112.50502
7:45,San Mateo - CC Unisur,684.0,77.458984
7:45,Sevillana,84.0,112.415245
7:45,Rionegro,48.0,79.93754
7:45,Suba - Calle 116,38.0,68.40863
7:45,San Bernardo,99.0,60.628986
7:45,SENA,0.0,46.48467
7:45,San Facon Carrera 22,7.0,38.446888
7:45,Socorro,21.0,64.21223
7:45,21 Ángeles,77.0,112.55145
7:45,Temporal Calle 34,85.0,46.479965
7:45,Venecia,232.0,110.68956
7:45,Danubio,0.0,66.26537
7:45,Portal Sur - JFK Coop. Financiera,306.0,66.94606
7:45,Temporal Calle 22,38.0,66.488464
8:00,AV. Chile,1.0,38.447166
8:00,CAN,33.0,61.41595
8:00,Campín - UAN,56.0,38.48593
8:00,San Diego,14.0,38.44672
8:00,Granja - Kr 77,48.0,74.81532
8:00,Ricaurte - NQS,33.0,38.44871
8:00,Quirigua,92.0,101.70691
8:00,Suba - Calle 100,38.0,50.96726
8:00,Calle 75 - Zona M,22.0,54.343723
8:00,AV. Boyacá,126.0,80.207565
8:00,Calle 40 Sur,9.0,64.656075
8:00,AV. Américas - AV. Boyacá,115.0,110.95638
8:00,Marsella,168.0,105.77026
8:00,Niza - Calle 127,1.0,65.45418
8:00,La Campiña,1.0,101.777336
8:00,Transversal 86,44.0,53.404713
8:00,Corferias,30.0,38.458702
8:00,Guatoque - Veraguas,55.0,85.14108
8:00,CDS - Carrera 32,8.0,38.446655
8:00,Ciudad Universitaria - Lotería de Bogotá,1.0,37.072193
8:00,Universidad Nacional,25.0,38.446655
8:00,Avenida Rojas - UNISALESIANA,3.0,55.4858
8:00,Tercer Milenio,25.0,48.852978
8:00,Concejo de Bogotá,14.0,38.44677
8:00,NQS - Calle 38A S,21.0,59.712482
8:00,7 de Agosto,93.0,46.5028
8:00,AV. 68,115.0,111.294205
8:00,Distrito Grafiti,123.0,49.7756
8:00,Polo - FINCOMERCIO,36.0,64.28775
8:00,Tygua - San José,15.0,56.45098
8:00,Quinta Paredes,14.0,49.45309
8:00,Salitre - El Greco,3.0,38.46596
8:00,Zona Industrial,18.0,61.76037
8:00,León XIII,69.0,66.490685
8:00,Paloquemao,52.0,38.44665
8:00,Carrera 90,198.0,112.0117
8:00,Gobernación,11.0,62.80286
8:00,Terreros - Hospital Cardio Vascular,99.0,126.80353
8:00,Escuela Militar,8.0,68.48743
8:00,Mandalay,46.0,86.03592
8:00,AV. Cali,278.0,112.4284
8:00,Suba - TV. 91,149.0,112.37711
8:00,Ricaurte - CL 13,18.0,49.58779
8:00,Restrepo,247.0,57.777493
8:00,Prado,198.0,112.55507
8:00,Terminal,415.0,112.47993
8:00,Virrey,47.0,65.52941
8:00,Toberin - Foundever,454.0,111.40877
8:00,Pepe Sierra,139.0,108.764145
8:00,Calle 100 - Marketmedios,133.0,63.779057
8:00,Calle 142,22.0,67.459755
8:00,Portal Norte – Unicervantes,834.0,115.4861
8:00,Calle 187,200.0,101.08974
8:00,Alcalá – Colegio S. Tomás Dominicos,316.0,73.399796
8:00,Calle 146,31.0,82.796036
8:00,Calle 127,215.0,110.60809
8:00,Héroes,77.0,66.28551
8:00,Calle 161,14.0,83.12387
8:00,Calle 106 - Maletas Explora,122.0,64.58635
8:00,Mazurén,118.0,100.72778
8:00,Calle 45 - American School Way,194.0,52.50661
8:00,Carrera 53,79.0,62.249767
8:00,La Castellana,38.0,66.338264
8:00,AV. 1 Mayo,6.0,38.45701
8:00,De La Sabana,14.0,38.447556
8:00,La Despensa,1.0,82.47162
8:00,Calle 72,0.0,40.086502
8:00,Centro Memoria,26.0,38.448563
8:00,Carrera 43 - Comapan,49.0,46.480156
8:00,Consuelo,10.0,38.447304
8:00,AV. Jiménez - Caracas,59.0,38.44665
8:00,Comuneros,7.0,49.165707
8:00,El Tiempo – Cámara de Comercio de Bogotá,2.0,50.9036
8:00,Biblioteca Tintal,2.0,46.75781
8:00,Ciudad Jardín - UAN,29.0,45.69631
8:00,Bicentenario,2.0,43.78925
8:00,Temporal Calle 57,113.0,38.285263
8:00,Biblioteca,53.0,50.19102
8:00,AV. ElDorado,40.0,38.44683
8:00,Calle 26,12.0,38.44687
8:00,Alquería,135.0,110.77218
8:00,Bosa,13.0,78.07071
8:00,CAD,23.0,38.479725
8:00,Banderas,1.0,63.770428
8:00,Calle 19,19.0,45.322845
8:00,AV. Jiménez - CL 13,0.0,33.292957
8:00,Movistar Arena,70.0,33.238968
8:00,AV. 39,11.0,38.448368
8:00,Calle 76 - San Felipe,19.0,52.46641
8:00,Calle 63,0.0,38.446686
8:00,Calle 85,59.0,42.92967
8:00,NQS - Calle 30 S,23.0,76.114006
8:00,Country Sur,69.0,61.61794
8:00,Carrera 47,53.0,38.449154
8:00,Portal 80,81.0,97.08011
8:00,Olaya,176.0,50.487843
8:00,Molinos,107.0,73.5178
8:00,Nariño,7.0,49.754036
8:00,Gratamira,17.0,66.48244
8:00,Pradera - Plaza Central,2.0,41.53939
8:00,Las Nieves,26.0,39.11963
8:00,Modelia,6.0,78.14546
8:00,Portal El Dorado – C.C. Nuestro Bogotá,14.0,38.57687
8:00,Flores – Areandina,59.0,31.283756
8:00,Museo del Oro,20.0,48.494545
8:00,General Santander,48.0,66.49027
8:00,Portal 20 de Julio,404.0,112.20352
8:00,Humedal Córdoba,11.0,66.48628
8:00,Parque,59.0,81.8165
8:00,Policarpa,10.0,43.218884
8:00,Museo Nacional,22.0,28.381767
8:00,Hospital,44.0,48.779476
8:00,Normandía,7.0,66.838875
8:00,Perdomo,214.0,108.631996
8:00,Hortúa,60.0,38.44671
8:00,Portal Usme,57.0,85.13802
8:00,Ferias,70.0,74.208565
8:00,Temporal Marly,0.0,49.840374
8:00,Patio Bonito,23.0,82.1274
8:00,Portal Tunal,346.0,127.6078
8:00,Fucha,76.0,66.529106
8:00,Minuto de Dios,138.0,110.75736
8:00,Portal Américas,87.0,101.72742
8:00,Las Aguas - Centro Colombo Americano,33.0,50.915154
8:00,Portal Suba,34.0,94.87839
8:00,Suba - AV. Boyacá,88.0,112.55883
8:00,Santa Lucía,23.0,69.862
8:00,San Martín,11.0,66.48738
8:00,Universidades – CityU,87.0,38.634304
8:00,Santa Isabel,8.0,83.428375
8:00,Suba - Calle 95,9.0,58.341465
8:00,Puente Aranda,36.0,61.76453
8:00,Quiroga,64.0,59.19431
8:00,Puentelargo,8.0,48.7972
8:00,San Victorino,19.0,38.448536
8:00,CC Paseo Villa del Río - Madelena,223.0,127.45284
8:00,San Mateo - CC Unisur,80.0,90.95151
8:00,Sevillana,103.0,101.46484
8:00,Rionegro,47.0,51.03102
8:00,Suba - Calle 116,21.0,68.41036
8:00,San Bernardo,135.0,110.79887
8:00,SENA,0.0,61.760258
8:00,San Facon Carrera 22,14.0,61.760284
8:00,Socorro,19.0,66.449745
8:00,21 Ángeles,78.0,89.57417
8:00,Temporal Calle 34,41.0,38.450382
8:00,Venecia,166.0,94.21512
8:00,Danubio,0.0,66.42866
8:00,Portal Sur - JFK Coop. Financiera,2.0,89.61636
8:00,Temporal Calle 22,50.0,47.68357
8:15,AV. Chile,75.0,38.447536
8:15,CAN,1.0,61.80173
8:15,Campín - UAN,18.0,38.518826
8:15,San Diego,1.0,28.015831
8:15,Granja - Kr 77,33.0,60.3666
8:15,Ricaurte - NQS,37.0,38.44665
8:15,Quirigua,176.0,69.70594
8:15,Suba - Calle 100,8.0,38.463886
8:15,Calle 75 - Zona M,41.0,38.550556
8:15,AV. Boyacá,121.0,68.09619
8:15,Calle 40 Sur,92.0,54.21352
8:15,AV. Américas - AV. Boyacá,23.0,96.647766
8:15,Marsella,1.0,90.71708
8:15,Niza - Calle 127,15.0,67.81105
8:15,La Campiña,228.0,85.13777
8:15,Transversal 86,156.0,43.13539
8:15,Corferias,1.0,38.446655
8:15,Guatoque - Veraguas,2.0,67.024445
8:15,CDS - Carrera 32,3.0,38.44665
8:15,Ciudad Universitaria - Lotería de Bogotá,57.0,25.1496
8:15,Universidad Nacional,25.0,38.43686
8:15,Avenida Rojas - UNISALESIANA,17.0,38.920044
8:15,Tercer Milenio,6.0,28.528511
8:15,Concejo de Bogotá,29.0,38.44665
8:15,NQS - Calle 38A S,79.0,52.70048
8:15,7 de Agosto,82.0,38.51187
8:15,AV. 68,1.0,127.61086
8:15,Distrito Grafiti,110.0,57.2607
8:15,Polo - FINCOMERCIO,26.0,78.25868
8:15,Tygua - San José,22.0,45.92818
8:15,Quinta Paredes,47.0,46.491
8:15,Salitre - El Greco,21.0,38.726692
8:15,Zona Industrial,10.0,63.278988
8:15,León XIII,92.0,38.534172
8:15,Paloquemao,58.0,38.446655
8:15,Carrera 90,192.0,127.6089
8:15,Gobernación,8.0,48.66638
8:15,Terreros - Hospital Cardio Vascular,87.0,86.83449
8:15,Escuela Militar,13.0,66.47397
8:15,Mandalay,71.0,70.33452
8:15,AV. Cali,258.0,112.41762
8:15,Suba - TV. 91,1.0,112.31122
8:15,Ricaurte - CL 13,30.0,48.918495
8:15,Restrepo,1.0,57.83401
8:15,Prado,205.0,127.61147
8:15,Terminal,35.0,127.61124
8:15,Virrey,78.0,66.03572
8:15,Toberin - Foundever,14.0,127.43087
8:15,Pepe Sierra,148.0,108.50563
8:15,Calle 100 - Marketmedios,90.0,71.379616
8:15,Calle 142,24.0,82.47473
8:15,Portal Norte – Unicervantes,85.0,112.558304
8:15,Calle 187,21.0,127.611565
8:15,Alcalá – Colegio S. Tomás Dominicos,331.0,87.67056
8:15,Calle 146,3.0,83.07876
8:15,Calle 127,1.0,127.61089
8:15,Héroes,74.0,81.31816
8:15,Calle 161,54.0,83.12393
8:15,Calle 106 - Maletas Explora,138.0,79.87874
8:15,Mazurén,13.0,127.61135
8:15,Calle 45 - American School Way,152.0,46.798943
8:15,Carrera 53,50.0,65.19882
8:15,La Castellana,46.0,81.31184
8:15,AV. 1 Mayo,1.0,45.15723
8:15,De La Sabana,11.0,38.446655
8:15,La Despensa,52.0,42.728954
8:15,Calle 72,0.0,30.910772
8:15,Centro Memoria,35.0,38.44665
8:15,Carrera 43 - Comapan,22.0,46.46353
8:15,Consuelo,11.0,38.446655
8:15,AV. Jiménez - Caracas,41.0,38.44665
8:15,Comuneros,135.0,38.518337
8:15,El Tiempo – Cámara de Comercio de Bogotá,20.0,38.44687
8:15,Biblioteca Tintal,258.0,38.447224
8:15,Ciudad Jardín - UAN,77.0,46.56486
8:15,Bicentenario,4.0,38.954754
8:15,Temporal Calle 57,35.0,35.61863
8:15,Biblioteca,7.0,46.481552
8:15,AV. ElDorado,38.0,38.44663
8:15,Calle 26,12.0,38.446747
8:15,Alquería,51.0,97.30917
8:15,Bosa,40.0,47.10384
8:15,CAD,14.0,38.4471
8:15,Banderas,1.0,49.384464
8:15,Calle 19,16.0,38.485386
8:15,AV. Jiménez - CL 13,0.0,33.223907
8:15,Movistar Arena,74.0,26.751207
8:15,AV. 39,16.0,38.446663
8:15,Calle 76 - San Felipe,26.0,23.861902
8:15,Calle 63,0.0,38.44665
8:15,Calle 85,70.0,48.68479
8:15,NQS - Calle 30 S,97.0,55.71068
8:15,Country Sur,237.0,75.730835
8:15,Carrera 47,45.0,38.446655
8:15,Portal 80,61.0,71.26088
8:15,Olaya,2.0,76.97428
8:15,Molinos,1.0,88.23181
8:15,Nariño,1.0,55.999706
8:15,Gratamira,11.0,66.48261
8:15,Pradera - Plaza Central,152.0,42.35521
8:15,Las Nieves,8.0,38.769062
8:15,Modelia,12.0,51.413353
8:15,Portal El Dorado – C.C. Nuestro Bogotá,13.0,38.44666
8:15,Flores – Areandina,117.0,38.8971
8:15,Museo del Oro,9.0,46.480015
8:15,General Santander,51.0,66.42404
8:15,Portal 20 de Julio,2.0,105.30234
8:15,Humedal Córdoba,21.0,66.43216
8:15,Parque,2.0,67.420944
8:15,Policarpa,1.0,46.648808
8:15,Museo Nacional,29.0,23.224606
8:15,Hospital,8.0,46.485294
8:15,Normandía,16.0,50.38146
8:15,Perdomo,190.0,94.73335
8:15,Hortúa,3.0,46.479862
8:15,Portal Usme,285.0,84.67907
8:15,Ferias,67.0,57.446896
8:15,Temporal Marly,0.0,40.466713
8:15,Patio Bonito,0.0,58.16797
8:15,Portal Tunal,10.0,112.55289
8:15,Fucha,75.0,66.20416
8:15,Minuto de Dios,1.0,96.911995
8:15,Portal Américas,13.0,85.1501
8:15,Las Aguas - Centro Colombo Americano,49.0,48.69475
8:15,Portal Suba,7.0,57.85152
8:15,Suba - AV. Boyacá,37.0,86.869064
8:15,Santa Lucía,1.0,52.601696
8:15,San Martín,15.0,50.668278
8:15,Universidades – CityU,1.0,38.45152
8:15,Santa Isabel,146.0,49.232662
8:15,Suba - Calle 95,17.0,53.32152
8:15,Puente Aranda,13.0,42.72475
8:15,Quiroga,47.0,38.46962
8:15,Puentelargo,26.0,58.285564
8:15,San Victorino,28.0,46.479897
8:15,CC Paseo Villa del Río - Madelena,2.0,97.44293
8:15,San Mateo - CC Unisur,100.0,59.4848
8:15,Sevillana,85.0,108.770584
8:15,Rionegro,54.0,38.47062
8:15,Suba - Calle 116,46.0,71.45015
8:15,San Bernardo,97.0,64.38698
8:15,SENA,0.0,46.53445
8:15,San Facon Carrera 22,15.0,42.100758
8:15,Socorro,1.0,38.50794
8:15,21 Ángeles,50.0,101.72723
8:15,Temporal Calle 34,45.0,38.446346
8:15,Venecia,145.0,73.4715
8:15,Danubio,0.0,65.98511
8:15,Portal Sur - JFK Coop. Financiera,235.0,67.037224
8:15,Temporal Calle 22,13.0,38.44666
8:30,AV. Chile,1.0,24.177483
8:30,CAN,60.0,39.643
8:30,Campín - UAN,10.0,33.3428
8:30,San Diego,3.0,38.44673
8:30,Granja - Kr 77,30.0,46.48106
8:30,Ricaurte - NQS,51.0,38.447765
8:30,Quirigua,21.0,86.49245
8:30,Suba - Calle 100,57.0,38.44666
8:30,Calle 75 - Zona M,10.0,38.484306
8:30,AV. Boyacá,140.0,66.23957
8:30,Calle 40 Sur,1.0,46.24512
8:30,AV. Américas - AV. Boyacá,34.0,64.804565
8:30,Marsella,1.0,64.9241
8:30,Niza - Calle 127,33.0,47.3483
8:30,La Campiña,171.0,71.11222
8:30,Transversal 86,66.0,52.347607
8:30,Corferias,39.0,38.449543
8:30,Guatoque - Veraguas,43.0,44.017544
8:30,CDS - Carrera 32,3.0,38.44647
8:30,Ciudad Universitaria - Lotería de Bogotá,47.0,22.528881
8:30,Universidad Nacional,42.0,38.44665
8:30,Avenida Rojas - UNISALESIANA,122.0,38.446957
8:30,Tercer Milenio,2.0,38.44666
8:30,Concejo de Bogotá,13.0,38.44665
8:30,NQS - Calle 38A S,80.0,46.50636
8:30,7 de Agosto,1.0,38.446663
8:30,AV. 68,17.0,61.847183
8:30,Distrito Grafiti,67.0,49.495495
8:30,Polo - FINCOMERCIO,18.0,38.785393
8:30,Tygua - San José,11.0,46.306683
8:30,Quinta Paredes,35.0,46.480053
8:30,Salitre - El Greco,78.0,38.446655
8:30,Zona Industrial,24.0,38.512165
8:30,León XIII,76.0,46.481075
8:30,Paloquemao,25.0,38.44669
8:30,Carrera 90,15.0,97.63678
8:30,Gobernación,1.0,46.48052
8:30,Terreros - Hospital Cardio Vascular,82.0,52.838165
8:30,Escuela Militar,11.0,49.695656
8:30,Mandalay,5.0,55.56193
8:30,AV. Cali,42.0,82.1016
8:30,Suba - TV. 91,146.0,81.66404
8:30,Ricaurte - CL 13,24.0,38.449112
8:30,Restrepo,1.0,38.635086
8:30,Prado,1.0,63.32581
8:30,Terminal,44.0,74.71353
8:30,Virrey,77.0,45.095436
8:30,Toberin - Foundever,212.0,72.38583
8:30,Pepe Sierra,130.0,79.19621
8:30,Calle 100 - Marketmedios,98.0,50.34568
8:30,Calle 142,24.0,51.190582
8:30,Portal Norte – Unicervantes,602.0,62.578285
8:30,Calle 187,32.0,72.22897
8:30,Alcalá – Colegio S. Tomás Dominicos,164.0,67.93622
8:30,Calle 146,14.0,51.146145
8:30,Calle 127,218.0,69.86028
8:30,Héroes,13.0,38.77345
8:30,Calle 161,27.0,42.121223
8:30,Calle 106 - Maletas Explora,80.0,79.32062
8:30,Mazurén,267.0,70.79153
8:30,Calle 45 - American School Way,2.0,49.324333
8:30,Carrera 53,1.0,49.111076
8:30,La Castellana,8.0,49.281406
8:30,AV. 1 Mayo,2.0,46.479885
8:30,De La Sabana,8.0,38.444443
8:30,La Despensa,21.0,46.479866
8:30,Calle 72,0.0,38.460228
8:30,Centro Memoria,7.0,38.446762
8:30,Carrera 43 - Comapan,28.0,46.48064
8:30,Consuelo,49.0,38.44843
8:30,AV. Jiménez - Caracas,1.0,38.446705
8:30,Comuneros,53.0,38.448395
8:30,El Tiempo – Cámara de Comercio de Bogotá,121.0,46.40953
8:30,Biblioteca Tintal,56.0,38.500233
8:30,Ciudad Jardín - UAN,94.0,46.410393
8:30,Bicentenario,8.0,38.447346
8:30,Temporal Calle 57,1.0,38.44667
8:30,Biblioteca,8.0,46.47984
8:30,AV. ElDorado,34.0,38.446655
8:30,Calle 26,2.0,38.446648
8:30,Alquería,40.0,57.33434
8:30,Bosa,31.0,47.109127
8:30,CAD,59.0,26.938454
8:30,Banderas,1.0,46.551327
8:30,Calle 19,16.0,38.447315
8:30,AV. Jiménez - CL 13,0.0,38.456486
8:30,Movistar Arena,85.0,22.521313
8:30,AV. 39,1.0,33.070095
8:30,Calle 76 - San Felipe,42.0,38.451168
8:30,Calle 63,0.0,38.44665
8:30,Calle 85,82.0,46.782047
8:30,NQS - Calle 30 S,84.0,47.084347
8:30,Country Sur,203.0,73.001175
8:30,Carrera 47,54.0,38.44665
8:30,Portal 80,252.0,55.245995
8:30,Olaya,52.0,42.923557
8:30,Molinos,87.0,43.142353
8:30,Nariño,48.0,47.115658
8:30,Gratamira,11.0,49.7887
8:30,Pradera - Plaza Central,1.0,48.87666
8:30,Las Nieves,10.0,38.446613
8:30,Modelia,60.0,50.97276
8:30,Portal El Dorado – C.C. Nuestro Bogotá,12.0,38.4468
8:30,Flores – Areandina,129.0,38.37932
8:30,Museo del Oro,22.0,38.450348
8:30,General Santander,11.0,39.17722
8:30,Portal 20 de Julio,226.0,60.940533
8:30,Humedal Córdoba,20.0,49.266987
8:30,Parque,69.0,47.22218
8:30,Policarpa,30.0,38.694595
8:30,Museo Nacional,18.0,38.44669
8:30,Hospital,4.0,23.505213
8:30,Normandía,1.0,38.44687
8:30,Perdomo,180.0,64.481766
8:30,Hortúa,3.0,46.478275
8:30,Portal Usme,1.0,46.774494
8:30,Ferias,60.0,46.484554
8:30,Temporal Marly,0.0,38.446888
8:30,Patio Bonito,0.0,55.11745
8:30,Portal Tunal,181.0,69.5316
8:30,Fucha,45.0,38.496582
8:30,Minuto de Dios,114.0,69.54432
8:30,Portal Américas,261.0,47.181263
8:30,Las Aguas - Centro Colombo Americano,16.0,38.446697
8:30,Portal Suba,1.0,47.271812
8:30,Suba - AV. Boyacá,37.0,68.51122
8:30,Santa Lucía,1.0,52.373997
8:30,San Martín,7.0,38.44678
8:30,Universidades – CityU,64.0,38.44665
8:30,Santa Isabel,32.0,48.11171
8:30,Suba - Calle 95,1.0,44.87321
8:30,Puente Aranda,17.0,39.215637
8:30,Quiroga,65.0,38.448048
8:30,Puentelargo,67.0,38.451557
8:30,San Victorino,3.0,38.53477
8:30,CC Paseo Villa del Río - Madelena,174.0,63.052017
8:30,San Mateo - CC Unisur,96.0,47.041653
8:30,Sevillana,46.0,70.87548
8:30,Rionegro,63.0,38.54485
8:30,Suba - Calle 116,89.0,46.596584
8:30,San Bernardo,100.0,52.37061
8:30,SENA,0.0,40.065647
8:30,San Facon Carrera 22,8.0,38.446728
8:30,Socorro,34.0,38.57644
8:30,21 Ángeles,55.0,66.588066
8:30,Temporal Calle 34,34.0,38.4463
8:30,Venecia,138.0,63.783398
8:30,Danubio,0.0,46.871418
8:30,Portal Sur - JFK Coop. Financiera,270.0,51.159836
8:30,Temporal Calle 22,1.0,38.446655
8:45,AV. Chile,37.0,22.109472
8:45,CAN,1.0,25.131842
8:45,Campín - UAN,49.0,22.495106
8:45,San Diego,1.0,38.44695
8:45,Granja - Kr 77,34.0,38.48134
8:45,Ricaurte - NQS,17.0,10.79301
8:45,Quirigua,15.0,46.671154
8:45,Suba - Calle 100,42.0,38.44665
8:45,Calle 75 - Zona M,8.0,38.44665
8:45,AV. Boyacá,108.0,58.790997
8:45,Calle 40 Sur,10.0,38.48662
8:45,AV. Américas - AV. Boyacá,117.0,52.36012
8:45,Marsella,136.0,58.626522
8:45,Niza - Calle 127,57.0,46.503986
8:45,La Campiña,128.0,61.814907
8:45,Transversal 86,70.0,38.44666
8:45,Corferias,28.0,38.454586
8:45,Guatoque - Veraguas,43.0,38.44681
8:45,CDS - Carrera 32,9.0,38.44665
8:45,Ciudad Universitaria - Lotería de Bogotá,29.0,38.446766
8:45,Universidad Nacional,28.0,38.44665
8:45,Avenida Rojas - UNISALESIANA,3.0,44.68999
8:45,Tercer Milenio,21.0,22.500566
8:45,Concejo de Bogotá,31.0,38.446644
8:45,NQS - Calle 38A S,25.0,46.45799
8:45,7 de Agosto,63.0,38.44774
8:45,AV. 68,75.0,85.03415
8:45,Distrito Grafiti,139.0,38.537743
8:45,Polo - FINCOMERCIO,27.0,62.220562
8:45,Tygua - San José,14.0,38.44733
8:45,Quinta Paredes,46.0,46.3268
8:45,Salitre - El Greco,77.0,38.561424
8:45,Zona Industrial,9.0,38.446655
8:45,León XIII,1.0,38.44737
8:45,Paloquemao,22.0,23.273298
8:45,Carrera 90,29.0,85.142044
8:45,Gobernación,23.0,38.446995
8:45,Terreros - Hospital Cardio Vascular,124.0,52.37042
8:45,Escuela Militar,5.0,38.87734
8:45,Mandalay,36.0,38.488083
8:45,AV. Cali,67.0,61.77554
8:45,Suba - TV. 91,161.0,84.717674
8:45,Ricaurte - CL 13,24.0,38.446472
8:45,Restrepo,1.0,38.446724
8:45,Prado,172.0,84.27089
8:45,Terminal,47.0,85.17165
8:45,Virrey,70.0,38.446674
8:45,Toberin - Foundever,183.0,127.178215
8:45,Pepe Sierra,104.0,73.088005
8:45,Calle 100 - Marketmedios,171.0,38.45158
8:45,Calle 142,25.0,66.469215
8:45,Portal Norte – Unicervantes,452.0,84.44341
8:45,Calle 187,36.0,90.501305
8:45,Alcalá – Colegio S. Tomás Dominicos,143.0,52.918507
8:45,Calle 146,25.0,66.42919
8:45,Calle 127,173.0,110.834854
8:45,Héroes,15.0,62.011314
8:45,Calle 161,36.0,64.28198
8:45,Calle 106 - Maletas Explora,95.0,45.2315
8:45,Mazurén,54.0,111.67685
8:45,Calle 45 - American School Way,3.0,38.44722
8:45,Carrera 53,37.0,46.477398
8:45,La Castellana,10.0,61.813644
8:45,AV. 1 Mayo,57.0,38.44665
8:45,De La Sabana,19.0,38.44665
8:45,La Despensa,29.0,45.189648
8:45,Calle 72,0.0,38.44632
8:45,Centro Memoria,14.0,38.44665
8:45,Carrera 43 - Comapan,1.0,38.454792
8:45,Consuelo,1.0,23.75309
8:45,AV. Jiménez - Caracas,1.0,38.44438
8:45,Comuneros,7.0,38.443165
8:45,El Tiempo – Cámara de Comercio de Bogotá,115.0,46.479862
8:45,Biblioteca Tintal,64.0,38.58751
8:45,Ciudad Jardín - UAN,77.0,38.446655
8:45,Bicentenario,1.0,38.446674
8:45,Temporal Calle 57,66.0,38.351322
8:45,Biblioteca,32.0,38.598213
8:45,AV. ElDorado,26.0,34.801247
8:45,Calle 26,10.0,38.44665
8:45,Alquería,1.0,53.575047
8:45,Bosa,55.0,38.694668
8:45,CAD,5.0,38.446747
8:45,Banderas,61.0,38.44684
8:45,Calle 19,20.0,24.397903
8:45,AV. Jiménez - CL 13,0.0,38.449783
8:45,Movistar Arena,59.0,38.44882
8:45,AV. 39,4.0,38.448036
8:45,Calle 76 - San Felipe,57.0,38.562325
8:45,Calle 63,0.0,43.76415
8:45,Calle 85,1.0,38.557133
8:45,NQS - Calle 30 S,28.0,38.447357
8:45,Country Sur,90.0,47.724285
8:45,Carrera 47,40.0,38.44665
8:45,Portal 80,90.0,38.58357
8:45,Olaya,1.0,51.01533
8:45,Molinos,57.0,42.97066
8:45,Nariño,9.0,38.515343
8:45,Gratamira,12.0,65.07696
8:45,Pradera - Plaza Central,13.0,38.44705
8:45,Las Nieves,11.0,38.706417
8:45,Modelia,1.0,42.889587
8:45,Portal El Dorado – C.C. Nuestro Bogotá,250.0,38.97286
8:45,Flores – Areandina,122.0,38.44968
8:45,Museo del Oro,1.0,38.446655
8:45,General Santander,29.0,46.464943
8:45,Portal 20 de Julio,291.0,56.457264
8:45,Humedal Córdoba,33.0,46.480564
8:45,Parque,5.0,46.46661
8:45,Policarpa,22.0,38.446655
8:45,Museo Nacional,5.0,36.877937
8:45,Hospital,24.0,38.446655
8:45,Normandía,153.0,46.479847
8:45,Perdomo,1.0,83.90375
8:45,Hortúa,3.0,38.44665
8:45,Portal Usme,205.0,38.447163
8:45,Ferias,53.0,39.548164
8:45,Temporal Marly,0.0,38.446613
8:45,Patio Bonito,0.0,46.482212
8:45,Portal Tunal,1.0,86.50223
8:45,Fucha,84.0,46.479847
8:45,Minuto de Dios,1.0,63.42403
8:45,Portal Américas,332.0,73.03453
8:45,Las Aguas - Centro Colombo Americano,7.0,38.446693
8:45,Portal Suba,7.0,46.481613
8:45,Suba - AV. Boyacá,54.0,54.68874
8:45,Santa Lucía,1.0,38.44665
8:45,San Martín,9.0,38.44665
8:45,Universidades – CityU,62.0,38.446644
8:45,Santa Isabel,19.0,38.640537
8:45,Suba - Calle 95,55.0,38.45279
8:45,Puente Aranda,19.0,38.448036
8:45,Quiroga,59.0,38.44665
8:45,Puentelargo,60.0,38.45204
8:45,San Victorino,80.0,38.44665
8:45,CC Paseo Villa del Río - Madelena,149.0,87.6163
8:45,San Mateo - CC Unisur,470.0,47.18184
8:45,Sevillana,64.0,71.32736
8:45,Rionegro,51.0,38.473125
8:45,Suba - Calle 116,102.0,46.468586
8:45,San Bernardo,11.0,52.370403
8:45,SENA,0.0,38.446766
8:45,San Facon Carrera 22,8.0,38.446655
8:45,Socorro,31.0,38.446655
8:45,21 Ángeles,50.0,64.80992
8:45,Temporal Calle 34,40.0,38.446606
8:45,Venecia,1.0,73.79618
8:45,Danubio,0.0,46.47861
8:45,Portal Sur - JFK Coop. Financiera,229.0,73.78517
8:45,Temporal Calle 22,13.0,38.447098
9:00,AV. Chile,11.0,38.446926
9:00,CAN,54.0,38.447235
9:00,Campín - UAN,16.0,22.452957
9:00,San Diego,5.0,38.435642
9:00,Granja - Kr 77,18.0,38.69251
9:00,Ricaurte - NQS,53.0,24.90981
9:00,Quirigua,62.0,61.7963
9:00,Suba - Calle 100,49.0,38.457844
9:00,Calle 75 - Zona M,9.0,38.516594
9:00,AV. Boyacá,117.0,50.658077
9:00,Calle 40 Sur,78.0,38.453945
9:00,AV. Américas - AV. Boyacá,77.0,38.841663
9:00,Marsella,105.0,48.061333
9:00,Niza - Calle 127,35.0,45.999958
9:00,La Campiña,132.0,46.60757
9:00,Transversal 86,137.0,46.47985
9:00,Corferias,51.0,36.694073
9:00,Guatoque - Veraguas,1.0,38.449356
9:00,CDS - Carrera 32,1.0,38.446648
9:00,Ciudad Universitaria - Lotería de Bogotá,38.0,30.455517
9:00,Universidad Nacional,14.0,38.48137
9:00,Avenida Rojas - UNISALESIANA,105.0,48.98686
9:00,Tercer Milenio,7.0,38.44665
9:00,Concejo de Bogotá,50.0,38.434616
9:00,NQS - Calle 38A S,70.0,38.446667
9:00,7 de Agosto,1.0,38.446655
9:00,AV. 68,74.0,85.028305
9:00,Distrito Grafiti,107.0,38.464184
9:00,Polo - FINCOMERCIO,45.0,62.33862
9:00,Tygua - San José,16.0,38.460865
9:00,Quinta Paredes,42.0,38.54908
9:00,Salitre - El Greco,67.0,38.446327
9:00,Zona Industrial,20.0,38.446648
9:00,León XIII,4.0,61.760063
9:00,Paloquemao,1.0,22.406143
9:00,Carrera 90,54.0,85.116714
9:00,Gobernación,25.0,38.446655
9:00,Terreros - Hospital Cardio Vascular,105.0,110.82683
9:00,Escuela Militar,9.0,60.484417
9:00,Mandalay,64.0,38.451637
9:00,AV. Cali,153.0,44.3827
9:00,Suba - TV. 91,3.0,56.756794
9:00,Ricaurte - CL 13,34.0,38.447777
9:00,Restrepo,1.0,38.446693
9:00,Prado,127.0,101.60551
9:00,Terminal,208.0,85.056465
9:00,Virrey,48.0,38.446728
9:00,Toberin - Foundever,264.0,112.353806
9:00,Pepe Sierra,22.0,63.27508
9:00,Calle 100 - Marketmedios,114.0,55.4258
9:00,Calle 142,202.0,66.43203
9:00,Portal Norte – Unicervantes,234.0,75.11107
9:00,Calle 187,1.0,92.2863
9:00,Alcalá – Colegio S. Tomás Dominicos,15.0,49.47949
9:00,Calle 146,11.0,66.42913
9:00,Calle 127,124.0,110.61441
9:00,Héroes,1.0,61.100044
9:00,Calle 161,18.0,64.27909
9:00,Calle 106 - Maletas Explora,80.0,52.942608
9:00,Mazurén,82.0,85.86954
9:00,Calle 45 - American School Way,35.0,38.44875
9:00,Carrera 53,2.0,38.45112
9:00,La Castellana,7.0,61.824715
9:00,AV. 1 Mayo,9.0,38.446655
9:00,De La Sabana,5.0,38.446587
9:00,La Despensa,40.0,61.76006
9:00,Calle 72,0.0,38.46262
9:00,Centro Memoria,28.0,22.497564
9:00,Carrera 43 - Comapan,2.0,38.44614
9:00,Consuelo,20.0,38.44666
9:00,AV. Jiménez - Caracas,1.0,38.444927
9:00,Comuneros,15.0,38.446537
9:00,El Tiempo – Cámara de Comercio de Bogotá,136.0,43.08189
9:00,Biblioteca Tintal,5.0,46.479847
9:00,Ciudad Jardín - UAN,11.0,45.14104
9:00,Bicentenario,23.0,23.455524
9:00,Temporal Calle 57,106.0,31.820923
9:00,Biblioteca,7.0,46.189484
9:00,AV. ElDorado,16.0,26.315035
9:00,Calle 26,19.0,38.41757
9:00,Alquería,84.0,46.484875
9:00,Bosa,1.0,61.760063
9:00,CAD,89.0,22.56837
9:00,Banderas,1.0,46.479847
9:00,Calle 19,18.0,38.44667
9:00,AV. Jiménez - CL 13,0.0,49.07805
9:00,Movistar Arena,12.0,38.4465
9:00,AV. 39,13.0,38.46125
9:00,Calle 76 - San Felipe,109.0,38.44738
9:00,Calle 63,0.0,38.446655
9:00,Calle 85,56.0,38.44674
9:00,NQS - Calle 30 S,72.0,22.754417
9:00,Country Sur,69.0,46.48003
9:00,Carrera 47,33.0,38.446655
9:00,Portal 80,253.0,46.479843
9:00,Olaya,89.0,42.969296
9:00,Molinos,138.0,43.11023
9:00,Nariño,5.0,46.479847
9:00,Gratamira,12.0,65.02609
9:00,Pradera - Plaza Central,124.0,38.446724
9:00,Las Nieves,36.0,38.446545
9:00,Modelia,87.0,39.843464
9:00,Portal El Dorado – C.C. Nuestro Bogotá,155.0,39.072407
9:00,Flores – Areandina,67.0,38.446655
9:00,Museo del Oro,10.0,38.446655
9:00,General Santander,44.0,46.479847
9:00,Portal 20 de Julio,88.0,46.555977
9:00,Humedal Córdoba,15.0,46.479847
9:00,Parque,3.0,61.760113
9:00,Policarpa,6.0,46.478
9:00,Museo Nacional,13.0,38.446655
9:00,Hospital,11.0,38.45368
9:00,Normandía,136.0,46.482586
9:00,Perdomo,138.0,58.89916
9:00,Hortúa,46.0,38.447712
9:00,Portal Usme,2.0,46.47985
9:00,Ferias,54.0,38.446655
9:00,Temporal Marly,0.0,38.44665
9:00,Patio Bonito,0.0,46.479977
9:00,Portal Tunal,3.0,66.32831
9:00,Fucha,66.0,46.479847
9:00,Minuto de Dios,103.0,46.52841
9:00,Portal Américas,4.0,61.761353
9:00,Las Aguas - Centro Colombo Americano,25.0,46.270332
9:00,Portal Suba,1.0,41.850677
9:00,Suba - AV. Boyacá,26.0,46.479847
9:00,Santa Lucía,91.0,38.496292
9:00,San Martín,8.0,38.446655
9:00,Universidades – CityU,104.0,38.44659
9:00,Santa Isabel,1.0,61.752304
9:00,Suba - Calle 95,38.0,48.91178
9:00,Puente Aranda,37.0,61.75564
9:00,Quiroga,44.0,38.44676
9:00,Puentelargo,43.0,38.449207
9:00,San Victorino,1.0,38.465645
9:00,CC Paseo Villa del Río - Madelena,1.0,106.52285
9:00,San Mateo - CC Unisur,96.0,56.0778
9:00,Sevillana,77.0,67.762314
9:00,Rionegro,43.0,38.607903
9:00,Suba - Calle 116,14.0,57.239704
9:00,San Bernardo,15.0,59.594456
9:00,SENA,0.0,61.748936
9:00,San Facon Carrera 22,2.0,46.479847
9:00,Socorro,37.0,61.760063
9:00,21 Ángeles,39.0,64.80127
9:00,Temporal Calle 34,65.0,38.44662
9:00,Venecia,114.0,46.62621
9:00,Danubio,0.0,61.76025
9:00,Portal Sur - JFK Coop. Financiera,218.0,72.554695
9:00,Temporal Calle 22,9.0,38.446655
9:15,AV. Chile,67.0,38.446808
9:15,CAN,54.0,39.417496
9:15,Campín - UAN,21.0,38.448425
9:15,San Diego,25.0,38.663082
9:15,Granja - Kr 77,83.0,46.538776
9:15,Ricaurte - NQS,52.0,38.442554
9:15,Quirigua,63.0,38.928288
9:15,Suba - Calle 100,55.0,38.45114
9:15,Calle 75 - Zona M,13.0,49.14478
9:15,AV. Boyacá,94.0,55.517735
9:15,Calle 40 Sur,5.0,38.807777
9:15,AV. Américas - AV. Boyacá,17.0,40.913956
9:15,Marsella,110.0,49.179707
9:15,Niza - Calle 127,48.0,46.582508
9:15,La Campiña,52.0,46.61575
9:15,Transversal 86,1.0,49.05721
9:15,Corferias,54.0,38.45819
9:15,Guatoque - Veraguas,48.0,38.43798
9:15,CDS - Carrera 32,23.0,38.44759
9:15,Ciudad Universitaria - Lotería de Bogotá,33.0,40.35
9:15,Universidad Nacional,22.0,38.45053
9:15,Avenida Rojas - UNISALESIANA,95.0,49.390076
9:15,Tercer Milenio,18.0,38.45354
9:15,Concejo de Bogotá,35.0,38.56527
9:15,NQS - Calle 38A S,40.0,41.744854
9:15,7 de Agosto,1.0,38.446655
9:15,AV. 68,74.0,38.776203
9:15,Distrito Grafiti,104.0,38.755074
9:15,Polo - FINCOMERCIO,28.0,38.54539
9:15,Tygua - San José,4.0,38.49227
9:15,Quinta Paredes,40.0,38.458164
9:15,Salitre - El Greco,69.0,48.64898
9:15,Zona Industrial,34.0,38.446655
9:15,León XIII,1.0,49.229122
9:15,Paloquemao,23.0,22.495758
9:15,Carrera 90,133.0,43.938
9:15,Gobernación,38.0,38.446655
9:15,Terreros - Hospital Cardio Vascular,200.0,61.487244
9:15,Escuela Militar,8.0,38.491394
9:15,Mandalay,36.0,38.614582
9:15,AV. Cali,22.0,46.50517
9:15,Suba - TV. 91,129.0,46.819794
9:15,Ricaurte - CL 13,26.0,38.44665
9:15,Restrepo,32.0,38.5589
9:15,Prado,134.0,82.26921
9:15,Terminal,152.0,73.00938
9:15,Virrey,53.0,38.447037
9:15,Toberin - Foundever,89.0,96.81911
9:15,Pepe Sierra,99.0,53.083775
9:15,Calle 100 - Marketmedios,113.0,46.503407
9:15,Calle 142,46.0,73.129074
9:15,Portal Norte – Unicervantes,166.0,75.83991
9:15,Calle 187,85.0,57.4819
9:15,Alcalá – Colegio S. Tomás Dominicos,103.0,38.475475
9:15,Calle 146,33.0,53.14877
9:15,Calle 127,117.0,77.84872
9:15,Héroes,87.0,38.626457
9:15,Calle 161,15.0,47.288185
9:15,Calle 106 - Maletas Explora,147.0,39.454178
9:15,Mazurén,42.0,67.9042
9:15,Calle 45 - American School Way,57.0,38.44927
9:15,Carrera 53,54.0,38.45394
9:15,La Castellana,35.0,46.60536
9:15,AV. 1 Mayo,37.0,38.448036
9:15,De La Sabana,1.0,38.44665
9:15,La Despensa,35.0,38.44744
9:15,Calle 72,0.0,38.458702
9:15,Centro Memoria,42.0,38.475044
9:15,Carrera 43 - Comapan,11.0,36.749107
9:15,Consuelo,13.0,38.459736
9:15,AV. Jiménez - Caracas,1.0,38.273426
9:15,Comuneros,18.0,38.447628
9:15,El Tiempo – Cámara de Comercio de Bogotá,40.0,41.721405
9:15,Biblioteca Tintal,263.0,38.480484
9:15,Ciudad Jardín - UAN,49.0,25.825508
9:15,Bicentenario,3.0,22.502466
9:15,Temporal Calle 57,104.0,38.44942
9:15,Biblioteca,3.0,39.417362
9:15,AV. ElDorado,35.0,38.444057
9:15,Calle 26,1.0,38.44665
9:15,Alquería,83.0,38.930073
9:15,Bosa,28.0,49.22026
9:15,CAD,65.0,38.446674
9:15,Banderas,243.0,40.834576
9:15,Calle 19,15.0,38.446903
9:15,AV. Jiménez - CL 13,0.0,22.508528
9:15,Movistar Arena,82.0,38.44738
9:15,AV. 39,21.0,52.115753
9:15,Calle 76 - San Felipe,12.0,46.48004
9:15,Calle 63,0.0,38.48793
9:15,Calle 85,69.0,38.446915
9:15,NQS - Calle 30 S,61.0,38.44669
9:15,Country Sur,123.0,23.358082
9:15,Carrera 47,34.0,38.446663
9:15,Portal 80,169.0,46.47985
9:15,Olaya,2.0,38.447857
9:15,Molinos,36.0,38.4911
9:15,Nariño,1.0,38.446655
9:15,Gratamira,4.0,46.86067
9:15,Pradera - Plaza Central,96.0,46.046032
9:15,Las Nieves,20.0,38.451782
9:15,Modelia,64.0,46.479855
9:15,Portal El Dorado – C.C. Nuestro Bogotá,223.0,46.59142
9:15,Flores – Areandina,81.0,38.44664
9:15,Museo del Oro,31.0,34.123417
9:15,General Santander,25.0,48.598274
9:15,Portal 20 de Julio,1.0,38.773434
9:15,Humedal Córdoba,13.0,46.48205
9:15,Parque,2.0,49.229027
9:15,Policarpa,26.0,23.717682
9:15,Museo Nacional,67.0,38.4499
9:15,Hospital,21.0,38.447712
9:15,Normandía,105.0,47.52113
9:15,Perdomo,115.0,58.04277
9:15,Hortúa,1.0,38.446377
9:15,Portal Usme,185.0,38.458614
9:15,Ferias,44.0,43.67013
9:15,Temporal Marly,0.0,38.569218
9:15,Patio Bonito,0.0,40.595737
9:15,Portal Tunal,153.0,49.259777
9:15,Fucha,66.0,38.895023
9:15,Minuto de Dios,77.0,41.13721
9:15,Portal Américas,5.0,38.520935
9:15,Las Aguas - Centro Colombo Americano,22.0,29.92959
9:15,Portal Suba,23.0,46.491695
9:15,Suba - AV. Boyacá,19.0,38.450146
9:15,Santa Lucía,97.0,38.44756
9:15,San Martín,4.0,38.573757
9:15,Universidades – CityU,72.0,38.4466
9:15,Santa Isabel,93.0,38.446663
9:15,Suba - Calle 95,81.0,38.448074
9:15,Puente Aranda,26.0,49.17029
9:15,Quiroga,49.0,38.59043
9:15,Puentelargo,71.0,38.452293
9:15,San Victorino,1.0,40.44916
9:15,CC Paseo Villa del Río - Madelena,74.0,53.31952
9:15,San Mateo - CC Unisur,1.0,38.52159
9:15,Sevillana,60.0,49.62566
9:15,Rionegro,50.0,38.48306
9:15,Suba - Calle 116,30.0,46.53552
9:15,San Bernardo,3.0,38.446632
9:15,SENA,0.0,49.223442
9:15,San Facon Carrera 22,4.0,39.198288
9:15,Socorro,31.0,38.446648
9:15,21 Ángeles,24.0,55.201168
9:15,Temporal Calle 34,112.0,38.4466
9:15,Venecia,2.0,38.48539
9:15,Danubio,0.0,38.44706
9:15,Portal Sur - JFK Coop. Financiera,254.0,58.65056
9:15,Temporal Calle 22,41.0,38.446655
9:30,AV. Chile,18.0,38.446663
9:30,CAN,15.0,38.5152
9:30,Campín - UAN,14.0,47.425854
9:30,San Diego,2.0,35.15976
9:30,Granja - Kr 77,50.0,51.282333
9:30,Ricaurte - NQS,77.0,26.560646
9:30,Quirigua,43.0,38.50962
9:30,Suba - Calle 100,50.0,46.413647
9:30,Calle 75 - Zona M,14.0,49.150097
9:30,AV. Boyacá,103.0,54.79861
9:30,Calle 40 Sur,42.0,35.314503
9:30,AV. Américas - AV. Boyacá,65.0,38.44671
9:30,Marsella,82.0,47.144627
9:30,Niza - Calle 127,50.0,49.56422
9:30,La Campiña,104.0,38.546494
9:30,Transversal 86,86.0,46.479862
9:30,Corferias,61.0,49.09044
9:30,Guatoque - Veraguas,30.0,38.44665
9:30,CDS - Carrera 32,2.0,38.74144
9:30,Ciudad Universitaria - Lotería de Bogotá,29.0,44.951946
9:30,Universidad Nacional,21.0,40.433033
9:30,Avenida Rojas - UNISALESIANA,88.0,49.91065
9:30,Tercer Milenio,1.0,38.610428
9:30,Concejo de Bogotá,62.0,41.9617
9:30,NQS - Calle 38A S,77.0,39.063698
9:30,7 de Agosto,94.0,46.477047
9:30,AV. 68,84.0,46.47826
9:30,Distrito Grafiti,105.0,38.446667
9:30,Polo - FINCOMERCIO,36.0,38.447243
9:30,Tygua - San José,15.0,38.446655
9:30,Quinta Paredes,45.0,39.260124
9:30,Salitre - El Greco,86.0,49.238018
9:30,Zona Industrial,5.0,38.446655
9:30,León XIII,149.0,38.447792
9:30,Paloquemao,74.0,38.446655
9:30,Carrera 90,67.0,55.639027
9:30,Gobernación,25.0,46.47861
9:30,Terreros - Hospital Cardio Vascular,91.0,52.371048
9:30,Escuela Militar,18.0,38.44666
9:30,Mandalay,27.0,46.47655
9:30,AV. Cali,192.0,49.325333
9:30,Suba - TV. 91,1.0,57.60094
9:30,Ricaurte - CL 13,36.0,38.446655
9:30,Restrepo,145.0,38.446655
9:30,Prado,127.0,73.48006
9:30,Terminal,151.0,74.104004
9:30,Virrey,68.0,46.0059
9:30,Toberin - Foundever,253.0,70.00972
9:30,Pepe Sierra,23.0,49.975925
9:30,Calle 100 - Marketmedios,138.0,49.885326
9:30,Calle 142,183.0,49.301205
9:30,Portal Norte – Unicervantes,192.0,64.588394
9:30,Calle 187,126.0,51.927235
9:30,Alcalá – Colegio S. Tomás Dominicos,102.0,49.263805
9:30,Calle 146,15.0,59.53857
9:30,Calle 127,143.0,64.84527
9:30,Héroes,2.0,38.464573
9:30,Calle 161,48.0,58.51203
9:30,Calle 106 - Maletas Explora,94.0,62.54781
9:30,Mazurén,58.0,73.07307
9:30,Calle 45 - American School Way,26.0,43.497356
9:30,Carrera 53,35.0,49.388157
9:30,La Castellana,6.0,49.16453
9:30,AV. 1 Mayo,35.0,38.446655
9:30,De La Sabana,23.0,38.44665
9:30,La Despensa,30.0,46.38517
9:30,Calle 72,0.0,28.091122
9:30,Centro Memoria,17.0,39.44088
9:30,Carrera 43 - Comapan,60.0,38.446655
9:30,Consuelo,22.0,38.44666
9:30,AV. Jiménez - Caracas,28.0,22.587324
9:30,Comuneros,19.0,38.44665
9:30,El Tiempo – Cámara de Comercio de Bogotá,113.0,46.47932
9:30,Biblioteca Tintal,243.0,46.479847
9:30,Ciudad Jardín - UAN,30.0,38.446655
9:30,Bicentenario,5.0,38.416313
9:30,Temporal Calle 57,96.0,46.47984
9:30,Biblioteca,40.0,46.477497
9:30,AV. ElDorado,26.0,38.581364
9:30,Calle 26,28.0,38.44665
9:30,Alquería,92.0,38.446655
9:30,Bosa,27.0,46.479855
9:30,CAD,77.0,38.446655
9:30,Banderas,54.0,49.754955
9:30,Calle 19,17.0,38.44666
9:30,AV. Jiménez - CL 13,0.0,38.454704
9:30,Movistar Arena,56.0,38.44665
9:30,AV. 39,19.0,52.10059
9:30,Calle 76 - San Felipe,119.0,38.447372
9:30,Calle 63,0.0,38.44665
9:30,Calle 85,99.0,38.44665
9:30,NQS - Calle 30 S,58.0,39.452232
9:30,Country Sur,67.0,38.44665
9:30,Carrera 47,30.0,38.446655
9:30,Portal 80,302.0,46.600964
9:30,Olaya,106.0,38.446644
9:30,Molinos,50.0,38.44665
9:30,Nariño,9.0,38.448627
9:30,Gratamira,9.0,38.44837
9:30,Pradera - Plaza Central,2.0,38.446686
9:30,Las Nieves,18.0,38.44662
9:30,Modelia,114.0,38.461006
9:30,Portal El Dorado – C.C. Nuestro Bogotá,93.0,50.055912
9:30,Flores – Areandina,124.0,38.44662
9:30,Museo del Oro,30.0,22.511354
9:30,General Santander,33.0,38.815464
9:30,Portal 20 de Julio,83.0,38.446655
9:30,Humedal Córdoba,23.0,46.471104
9:30,Parque,3.0,38.546192
9:30,Policarpa,4.0,38.44665
9:30,Museo Nacional,48.0,38.44665
9:30,Hospital,19.0,22.50669
9:30,Normandía,105.0,54.515648
9:30,Perdomo,3.0,60.194485
9:30,Hortúa,1.0,38.44665
9:30,Portal Usme,1.0,38.446655
9:30,Ferias,34.0,38.446743
9:30,Temporal Marly,0.0,38.446655
9:30,Patio Bonito,0.0,46.479908
9:30,Portal Tunal,1.0,57.485004
9:30,Fucha,2.0,38.446697
9:30,Minuto de Dios,1.0,46.855556
9:30,Portal Américas,4.0,46.489193
9:30,Las Aguas - Centro Colombo Americano,31.0,38.44665
9:30,Portal Suba,1.0,48.874813
9:30,Suba - AV. Boyacá,32.0,42.673
9:30,Santa Lucía,2.0,38.44665
9:30,San Martín,2.0,38.446655
9:30,Universidades – CityU,93.0,38.44665
9:30,Santa Isabel,81.0,38.446636
9:30,Suba - Calle 95,109.0,46.482533
9:30,Puente Aranda,52.0,26.964655
9:30,Quiroga,67.0,40.255405
9:30,Puentelargo,45.0,38.4488
9:30,San Victorino,13.0,41.255943
9:30,CC Paseo Villa del Río - Madelena,156.0,56.824265
9:30,San Mateo - CC Unisur,1.0,38.44665
9:30,Sevillana,42.0,40.696407
9:30,Rionegro,38.0,41.96899
9:30,Suba - Calle 116,75.0,46.543736
9:30,San Bernardo,20.0,38.446648
9:30,SENA,0.0,38.68584
9:30,San Facon Carrera 22,15.0,32.84028
9:30,Socorro,1.0,38.44665
9:30,21 Ángeles,43.0,46.48038
9:30,Temporal Calle 34,59.0,38.446648
9:30,Venecia,107.0,38.506184
9:30,Danubio,0.0,38.446896
9:30,Portal Sur - JFK Coop. Financiera,19.0,38.46087
9:30,Temporal Calle 22,39.0,38.93948
9:45,AV. Chile,39.0,34.84594
9:45,CAN,73.0,38.44886
9:45,Campín - UAN,15.0,44.346134
9:45,San Diego,23.0,48.84018
9:45,Granja - Kr 77,18.0,40.99941
9:45,Ricaurte - NQS,29.0,23.599466
9:45,Quirigua,47.0,46.479847
9:45,Suba - Calle 100,83.0,38.45696
9:45,Calle 75 - Zona M,16.0,49.293224
9:45,AV. Boyacá,90.0,54.229507
9:45,Calle 40 Sur,1.0,46.437695
9:45,AV. Américas - AV. Boyacá,1.0,39.330494
9:45,Marsella,39.0,48.619625
9:45,Niza - Calle 127,58.0,46.947365
9:45,La Campiña,98.0,61.020695
9:45,Transversal 86,70.0,38.45073
9:45,Corferias,39.0,48.33357
9:45,Guatoque - Veraguas,34.0,38.44665
9:45,CDS - Carrera 32,3.0,38.57088
9:45,Ciudad Universitaria - Lotería de Bogotá,16.0,48.870464
9:45,Universidad Nacional,13.0,38.87928
9:45,Avenida Rojas - UNISALESIANA,2.0,49.98598
9:45,Tercer Milenio,16.0,23.78519
9:45,Concejo de Bogotá,38.0,41.349453
9:45,NQS - Calle 38A S,43.0,38.65652
9:45,7 de Agosto,57.0,49.225414
9:45,AV. 68,87.0,46.48009
9:45,Distrito Grafiti,1.0,47.124107
9:45,Polo - FINCOMERCIO,20.0,38.446667
9:45,Tygua - San José,11.0,46.3463
9:45,Quinta Paredes,30.0,38.533955
9:45,Salitre - El Greco,2.0,38.461918
9:45,Zona Industrial,29.0,45.820427
9:45,León XIII,90.0,38.455654
9:45,Paloquemao,20.0,38.4502
9:45,Carrera 90,114.0,45.581417
9:45,Gobernación,43.0,38.446743
9:45,Terreros - Hospital Cardio Vascular,111.0,52.35709
9:45,Escuela Militar,4.0,38.4549
9:45,Mandalay,39.0,56.95255
9:45,AV. Cali,100.0,46.93388
9:45,Suba - TV. 91,2.0,46.500237
9:45,Ricaurte - CL 13,44.0,38.446655
9:45,Restrepo,2.0,38.59295
9:45,Prado,131.0,88.17852
9:45,Terminal,137.0,70.67328
9:45,Virrey,89.0,39.605465
9:45,Toberin - Foundever,183.0,73.67619
9:45,Pepe Sierra,126.0,47.21041
9:45,Calle 100 - Marketmedios,209.0,47.29923
9:45,Calle 142,20.0,57.2898
9:45,Portal Norte – Unicervantes,369.0,80.19412
9:45,Calle 187,14.0,83.59901
9:45,Alcalá – Colegio S. Tomás Dominicos,73.0,44.39255
9:45,Calle 146,39.0,52.141544
9:45,Calle 127,193.0,63.31804
9:45,Héroes,63.0,38.446697
9:45,Calle 161,46.0,47.37423
9:45,Calle 106 - Maletas Explora,147.0,48.77842
9:45,Mazurén,71.0,49.132175
9:45,Calle 45 - American School Way,55.0,38.5595
9:45,Carrera 53,36.0,46.660862
9:45,La Castellana,8.0,46.479958
9:45,AV. 1 Mayo,26.0,38.449425
9:45,De La Sabana,18.0,41.067863
9:45,La Despensa,35.0,38.456226
9:45,Calle 72,0.0,39.967636
9:45,Centro Memoria,56.0,41.754787
9:45,Carrera 43 - Comapan,1.0,38.446655
9:45,Consuelo,14.0,38.662624
9:45,AV. Jiménez - Caracas,65.0,38.446537
9:45,Comuneros,18.0,48.025383
9:45,El Tiempo – Cámara de Comercio de Bogotá,120.0,46.480167
9:45,Biblioteca Tintal,78.0,44.48337
9:45,Ciudad Jardín - UAN,57.0,38.446648
9:45,Bicentenario,1.0,24.227688
9:45,Temporal Calle 57,63.0,38.44665
9:45,Biblioteca,2.0,38.447166
9:45,AV. ElDorado,14.0,38.44665
9:45,Calle 26,8.0,46.479347
9:45,Alquería,92.0,44.066174
9:45,Bosa,45.0,38.447887
9:45,CAD,4.0,46.47983
9:45,Banderas,165.0,40.888218
9:45,Calle 19,73.0,47.91389
9:45,AV. Jiménez - CL 13,0.0,38.530045
9:45,Movistar Arena,69.0,42.725758
9:45,AV. 39,2.0,54.154316
9:45,Calle 76 - San Felipe,63.0,61.761806
9:45,Calle 63,0.0,46.09249
9:45,Calle 85,12.0,43.30084
9:45,NQS - Calle 30 S,1.0,46.479847
9:45,Country Sur,109.0,38.44664
9:45,Carrera 47,1.0,46.479843
9:45,Portal 80,74.0,46.479847
9:45,Olaya,2.0,46.480038
9:45,Molinos,46.0,38.446983
9:45,Nariño,81.0,38.447098
9:45,Gratamira,5.0,46.478886
9:45,Pradera - Plaza Central,78.0,38.485817
9:45,Las Nieves,29.0,39.230915
9:45,Modelia,56.0,63.470856
9:45,Portal El Dorado – C.C. Nuestro Bogotá,98.0,46.482227
9:45,Flores – Areandina,174.0,44.503265
9:45,Museo del Oro,7.0,38.35588
9:45,General Santander,2.0,38.446674
9:45,Portal 20 de Julio,1.0,22.889326
9:45,Humedal Córdoba,32.0,46.48306
9:45,Parque,37.0,38.93243
9:45,Policarpa,22.0,23.342499
9:45,Museo Nacional,8.0,38.447838
9:45,Hospital,2.0,38.44555
9:45,Normandía,1.0,63.42921
9:45,Perdomo,1.0,38.449413
9:45,Hortúa,5.0,22.683632
9:45,Portal Usme,146.0,22.467537
9:45,Ferias,45.0,40.638218
9:45,Temporal Marly,0.0,38.44622
9:45,Patio Bonito,0.0,46.479847
9:45,Portal Tunal,1.0,40.05309
9:45,Fucha,3.0,38.44658
9:45,Minuto de Dios,63.0,38.453243
9:45,Portal Américas,61.0,46.387516
9:45,Las Aguas - Centro Colombo Americano,18.0,22.45881
9:45,Portal Suba,182.0,46.480076
9:45,Suba - AV. Boyacá,32.0,38.446667
9:45,Santa Lucía,64.0,38.061344
9:45,San Martín,10.0,38.544098
9:45,Universidades – CityU,106.0,39.274223
9:45,Santa Isabel,30.0,46.11229
9:45,Suba - Calle 95,96.0,46.478188
9:45,Puente Aranda,24.0,38.44734
9:45,Quiroga,44.0,38.448677
9:45,Puentelargo,58.0,46.479847
9:45,San Victorino,1.0,38.49744
9:45,CC Paseo Villa del Río - Madelena,121.0,55.132915
9:45,San Mateo - CC Unisur,1.0,38.446754
9:45,Sevillana,52.0,48.093895
9:45,Rionegro,1.0,47.280476
9:45,Suba - Calle 116,75.0,46.342922
9:45,San Bernardo,12.0,22.905178
9:45,SENA,0.0,38.783066
9:45,San Facon Carrera 22,25.0,38.44761
9:45,Socorro,2.0,38.446625
9:45,21 Ángeles,33.0,46.48173
9:45,Temporal Calle 34,32.0,38.93645
9:45,Venecia,119.0,38.459126
9:45,Danubio,0.0,38.44673
9:45,Portal Sur - JFK Coop. Financiera,156.0,38.84882
9:45,Temporal Calle 22,21.0,38.446655
10:00,AV. Chile,52.0,47.118603
10:00,CAN,27.0,38.44741
10:00,Campín - UAN,22.0,40.755062
10:00,San Diego,4.0,36.44372
10:00,Granja - Kr 77,12.0,41.302517
10:00,Ricaurte - NQS,51.0,24.576595
10:00,Quirigua,1.0,38.46566
10:00,Suba - Calle 100,60.0,38.446716
10:00,Calle 75 - Zona M,37.0,38.468185
10:00,AV. Boyacá,102.0,39.52598
10:00,Calle 40 Sur,1.0,47.40593
10:00,AV. Américas - AV. Boyacá,111.0,38.447712
10:00,Marsella,107.0,39.712578
10:00,Niza - Calle 127,64.0,56.606487
10:00,La Campiña,90.0,46.479935
10:00,Transversal 86,91.0,38.448917
10:00,Corferias,38.0,34.641495
10:00,Guatoque - Veraguas,1.0,22.538954
10:00,CDS - Carrera 32,5.0,38.446674
10:00,Ciudad Universitaria - Lotería de Bogotá,25.0,30.975904
10:00,Universidad Nacional,41.0,38.44682
10:00,Avenida Rojas - UNISALESIANA,1.0,38.519268
10:00,Tercer Milenio,31.0,38.44667
10:00,Concejo de Bogotá,37.0,23.366747
10:00,NQS - Calle 38A S,81.0,38.446655
10:00,7 de Agosto,91.0,38.447433
10:00,AV. 68,114.0,46.479847
10:00,Distrito Grafiti,76.0,40.26665
10:00,Polo - FINCOMERCIO,30.0,46.479847
10:00,Tygua - San José,12.0,24.855404
10:00,Quinta Paredes,17.0,39.28922
10:00,Salitre - El Greco,88.0,29.963745
10:00,Zona Industrial,46.0,38.447075
10:00,León XIII,104.0,38.44666
10:00,Paloquemao,1.0,38.000435
10:00,Carrera 90,1.0,62.63551
10:00,Gobernación,16.0,38.44674
10:00,Terreros - Hospital Cardio Vascular,1.0,38.446655
10:00,Escuela Militar,5.0,41.338356
10:00,Mandalay,36.0,55.13883
10:00,AV. Cali,140.0,38.978252
10:00,Suba - TV. 91,84.0,57.339138
10:00,Ricaurte - CL 13,1.0,38.45069
10:00,Restrepo,144.0,38.44665
10:00,Prado,129.0,84.02884
10:00,Terminal,49.0,79.9879
10:00,Virrey,77.0,38.44959
10:00,Toberin - Foundever,73.0,89.30835
10:00,Pepe Sierra,107.0,58.79591
10:00,Calle 100 - Marketmedios,191.0,58.639862
10:00,Calle 142,26.0,62.63484
10:00,Portal Norte – Unicervantes,57.0,70.78936
10:00,Calle 187,81.0,81.55193
10:00,Alcalá – Colegio S. Tomás Dominicos,67.0,38.53222
10:00,Calle 146,2.0,63.955776
10:00,Calle 127,208.0,64.58635
10:00,Héroes,80.0,46.479847
10:00,Calle 161,55.0,63.30997
10:00,Calle 106 - Maletas Explora,141.0,62.791943
10:00,Mazurén,92.0,47.132786
10:00,Calle 45 - American School Way,3.0,38.44695
10:00,Carrera 53,39.0,38.749794
10:00,La Castellana,12.0,46.493458
10:00,AV. 1 Mayo,5.0,38.446655
10:00,De La Sabana,25.0,38.442127
10:00,La Despensa,30.0,38.44675
10:00,Calle 72,0.0,38.447243
10:00,Centro Memoria,15.0,38.782093
10:00,Carrera 43 - Comapan,9.0,40.342358
10:00,Consuelo,7.0,38.446682
10:00,AV. Jiménez - Caracas,86.0,27.828419
10:00,Comuneros,1.0,38.446842
10:00,El Tiempo – Cámara de Comercio de Bogotá,148.0,40.081215
10:00,Biblioteca Tintal,187.0,38.453655
10:00,Ciudad Jardín - UAN,28.0,38.44658
10:00,Bicentenario,10.0,22.918402
10:00,Temporal Calle 57,1.0,38.36846
10:00,Biblioteca,24.0,38.4467
10:00,AV. ElDorado,24.0,38.446667
10:00,Calle 26,16.0,45.051167
10:00,Alquería,1.0,38.4467
10:00,Bosa,2.0,38.44665
10:00,CAD,17.0,38.44667
10:00,Banderas,33.0,45.700893
10:00,Calle 19,46.0,38.44684
10:00,AV. Jiménez - CL 13,0.0,39.44805
10:00,Movistar Arena,61.0,38.446606
10:00,AV. 39,48.0,39.590504
10:00,Calle 76 - San Felipe,111.0,38.447838
10:00,Calle 63,0.0,38.4467
10:00,Calle 85,5.0,38.44671
10:00,NQS - Calle 30 S,40.0,46.78399
10:00,Country Sur,63.0,38.44666
10:00,Carrera 47,1.0,49.22149
10:00,Portal 80,1.0,38.448483
10:00,Olaya,2.0,39.863766
10:00,Molinos,105.0,38.44654
10:00,Nariño,1.0,38.446655
10:00,Gratamira,9.0,46.479847
10:00,Pradera - Plaza Central,178.0,44.644936
10:00,Las Nieves,36.0,38.44569
10:00,Modelia,55.0,49.338795
10:00,Portal El Dorado – C.C. Nuestro Bogotá,12.0,38.45585
10:00,Flores – Areandina,119.0,38.446644
10:00,Museo del Oro,63.0,38.446587
10:00,General Santander,8.0,38.47291
10:00,Portal 20 de Julio,2.0,38.44657
10:00,Humedal Córdoba,31.0,38.680454
10:00,Parque,6.0,38.446968
10:00,Policarpa,24.0,38.44667
10:00,Museo Nacional,48.0,38.446632
10:00,Hospital,15.0,38.446533
10:00,Normandía,89.0,38.700417
10:00,Perdomo,1.0,38.44674
10:00,Hortúa,19.0,38.446064
10:00,Portal Usme,2.0,38.44635
10:00,Ferias,44.0,38.44705
10:00,Temporal Marly,0.0,38.446655
10:00,Patio Bonito,0.0,47.1564
10:00,Portal Tunal,1.0,38.447292
10:00,Fucha,92.0,37.82359
10:00,Minuto de Dios,84.0,38.447
10:00,Portal Américas,200.0,39.680565
10:00,Las Aguas - Centro Colombo Americano,34.0,38.44665
10:00,Portal Suba,1.0,38.462708
10:00,Suba - AV. Boyacá,25.0,38.447796
10:00,Santa Lucía,85.0,38.44665
10:00,San Martín,6.0,38.44665
10:00,Universidades – CityU,86.0,38.44664
10:00,Santa Isabel,82.0,39.334915
10:00,Suba - Calle 95,37.0,47.14551
10:00,Puente Aranda,19.0,38.39047
10:00,Quiroga,43.0,38.45369
10:00,Puentelargo,70.0,38.47785
10:00,San Victorino,1.0,38.446728
10:00,CC Paseo Villa del Río - Madelena,1.0,38.544895
10:00,San Mateo - CC Unisur,298.0,38.461
10:00,Sevillana,73.0,38.7887
10:00,Rionegro,44.0,46.862698
10:00,Suba - Calle 116,1.0,39.174973
10:00,San Bernardo,1.0,38.443993
10:00,SENA,0.0,38.460083
10:00,San Facon Carrera 22,1.0,38.448605
10:00,Socorro,30.0,38.44667
10:00,21 Ángeles,45.0,46.48062
10:00,Temporal Calle 34,17.0,38.44657
10:00,Venecia,88.0,38.613674
10:00,Danubio,0.0,38.44689
10:00,Portal Sur - JFK Coop. Financiera,2.0,45.714207
10:00,Temporal Calle 22,28.0,38.446842
10:15,AV. Chile,34.0,44.25427
10:15,CAN,52.0,38.44666
10:15,Campín - UAN,19.0,38.479134
10:15,San Diego,6.0,40.1447
10:15,Granja - Kr 77,12.0,47.58478
10:15,Ricaurte - NQS,50.0,38.44673
10:15,Quirigua,24.0,46.469204
10:15,Suba - Calle 100,54.0,38.44667
10:15,Calle 75 - Zona M,12.0,38.48442
10:15,AV. Boyacá,1.0,38.447014
10:15,Calle 40 Sur,68.0,38.85857
10:15,AV. Américas - AV. Boyacá,98.0,44.362354
10:15,Marsella,100.0,43.671303
10:15,Niza - Calle 127,44.0,38.558968
10:15,La Campiña,88.0,42.361683
10:15,Transversal 86,1.0,38.44667
10:15,Corferias,69.0,48.558712
10:15,Guatoque - Veraguas,31.0,38.446644
10:15,CDS - Carrera 32,4.0,38.44666
10:15,Ciudad Universitaria - Lotería de Bogotá,34.0,16.696678
10:15,Universidad Nacional,38.0,38.450703
10:15,Avenida Rojas - UNISALESIANA,84.0,38.513794
10:15,Tercer Milenio,18.0,38.446735
10:15,Concejo de Bogotá,1.0,38.44665
10:15,NQS - Calle 38A S,81.0,38.446697
10:15,7 de Agosto,111.0,38.553337
10:15,AV. 68,94.0,48.071728
10:15,Distrito Grafiti,76.0,38.495373
10:15,Polo - FINCOMERCIO,41.0,48.54098
10:15,Tygua - San José,1.0,38.446674
10:15,Quinta Paredes,30.0,47.91956
10:15,Salitre - El Greco,2.0,38.447193
10:15,Zona Industrial,31.0,38.49485
10:15,León XIII,1.0,53.946884
10:15,Paloquemao,72.0,22.52906
10:15,Carrera 90,26.0,48.093338
10:15,Gobernación,1.0,38.44665
10:15,Terreros - Hospital Cardio Vascular,159.0,46.335136
10:15,Escuela Militar,7.0,46.479298
10:15,Mandalay,28.0,38.529114
10:15,AV. Cali,50.0,45.26566
10:15,Suba - TV. 91,118.0,49.235023
10:15,Ricaurte - CL 13,40.0,38.447193
10:15,Restrepo,22.0,38.54708
10:15,Prado,108.0,68.28971
10:15,Terminal,152.0,47.28782
10:15,Virrey,95.0,38.44668
10:15,Toberin - Foundever,256.0,59.042534
10:15,Pepe Sierra,123.0,49.756893
10:15,Calle 100 - Marketmedios,24.0,58.720184
10:15,Calle 142,1.0,46.671734
10:15,Portal Norte – Unicervantes,291.0,41.289005
10:15,Calle 187,1.0,63.612843
10:15,Alcalá – Colegio S. Tomás Dominicos,135.0,38.44819
10:15,Calle 146,37.0,41.12064
10:15,Calle 127,49.0,58.664898
10:15,Héroes,11.0,38.44666
10:15,Calle 161,10.0,49.65563
10:15,Calle 106 - Maletas Explora,11.0,63.428066
10:15,Mazurén,117.0,48.810596
10:15,Calle 45 - American School Way,5.0,38.446667
10:15,Carrera 53,43.0,40.917736
10:15,La Castellana,30.0,38.459248
10:15,AV. 1 Mayo,180.0,38.44665
10:15,De La Sabana,21.0,38.447327
10:15,La Despensa,34.0,46.479496
10:15,Calle 72,0.0,38.448547
10:15,Centro Memoria,17.0,38.451965
10:15,Carrera 43 - Comapan,5.0,38.446663
10:15,Consuelo,20.0,22.523966
10:15,AV. Jiménez - Caracas,1.0,38.446556
10:15,Comuneros,8.0,38.44701
10:15,El Tiempo – Cámara de Comercio de Bogotá,1.0,38.44669
10:15,Biblioteca Tintal,46.0,39.756664
10:15,Ciudad Jardín - UAN,56.0,38.446022
10:15,Bicentenario,12.0,11.07056
10:15,Temporal Calle 57,61.0,38.446632
10:15,Biblioteca,33.0,38.446655
10:15,AV. ElDorado,34.0,38.44665
10:15,Calle 26,19.0,38.44664
10:15,Alquería,100.0,38.44677
10:15,Bosa,17.0,46.479847
10:15,CAD,57.0,23.976732
10:15,Banderas,28.0,38.450066
10:15,Calle 19,37.0,23.10822
10:15,AV. Jiménez - CL 13,0.0,39.072407
10:15,Movistar Arena,1.0,38.446682
10:15,AV. 39,8.0,38.44781
10:15,Calle 76 - San Felipe,13.0,38.4607
10:15,Calle 63,0.0,38.446815
10:15,Calle 85,1.0,39.082993
10:15,NQS - Calle 30 S,67.0,38.446663
10:15,Country Sur,2.0,38.422054
10:15,Carrera 47,27.0,38.557747
10:15,Portal 80,124.0,38.44665
10:15,Olaya,3.0,36.16606
10:15,Molinos,55.0,38.450474
10:15,Nariño,2.0,38.44664
10:15,Gratamira,7.0,38.605762
10:15,Pradera - Plaza Central,79.0,38.446743
10:15,Las Nieves,33.0,38.446655
10:15,Modelia,53.0,38.454987
10:15,Portal El Dorado – C.C. Nuestro Bogotá,12.0,38.44666
10:15,Flores – Areandina,26.0,43.12463
10:15,Museo del Oro,8.0,38.446632
10:15,General Santander,4.0,38.44666
10:15,Portal 20 de Julio,193.0,24.431976
10:15,Humedal Córdoba,14.0,38.447987
10:15,Parque,31.0,46.479877
10:15,Policarpa,1.0,22.80987
10:15,Museo Nacional,2.0,38.52638
10:15,Hospital,1.0,38.45335
10:15,Normandía,90.0,38.446667
10:15,Perdomo,89.0,38.44666
10:15,Hortúa,1.0,22.48226
10:15,Portal Usme,142.0,22.756464
10:15,Ferias,38.0,38.614178
10:15,Temporal Marly,0.0,38.45594
10:15,Patio Bonito,0.0,38.446915
10:15,Portal Tunal,15.0,46.479687
10:15,Fucha,2.0,38.446655
10:15,Minuto de Dios,16.0,38.447495
10:15,Portal Américas,160.0,46.47701
10:15,Las Aguas - Centro Colombo Americano,18.0,38.446655
10:15,Portal Suba,17.0,38.44756
10:15,Suba - AV. Boyacá,38.0,38.44739
10:15,Santa Lucía,2.0,38.446632
10:15,San Martín,9.0,38.446663
10:15,Universidades – CityU,93.0,23.107239
10:15,Santa Isabel,31.0,38.50913
10:15,Suba - Calle 95,71.0,38.60031
10:15,Puente Aranda,32.0,38.453426
10:15,Quiroga,51.0,38.48093
10:15,Puentelargo,55.0,38.446655
10:15,San Victorino,2.0,39.76469
10:15,CC Paseo Villa del Río - Madelena,1.0,46.479847
10:15,San Mateo - CC Unisur,256.0,38.44665
10:15,Sevillana,51.0,46.388435
10:15,Rionegro,59.0,38.466072
10:15,Suba - Calle 116,82.0,38.446865
10:15,San Bernardo,48.0,38.553078
10:15,SENA,0.0,46.4727
10:15,San Facon Carrera 22,33.0,38.44665
10:15,Socorro,34.0,38.44666
10:15,21 Ángeles,25.0,38.6273
10:15,Temporal Calle 34,27.0,22.92936
10:15,Venecia,114.0,38.44665
10:15,Danubio,0.0,46.2624
10:15,Portal Sur - JFK Coop. Financiera,63.0,38.44669
10:15,Temporal Calle 22,1.0,39.05567
10:30,AV. Chile,44.0,28.010925
10:30,CAN,69.0,38.447945
10:30,Campín - UAN,64.0,38.18784
10:30,San Diego,9.0,32.388664
10:30,Granja - Kr 77,5.0,41.806232
10:30,Ricaurte - NQS,83.0,25.581043
10:30,Quirigua,11.0,40.178074
10:30,Suba - Calle 100,74.0,38.447735
10:30,Calle 75 - Zona M,39.0,42.88606
10:30,AV. Boyacá,39.0,49.173103
10:30,Calle 40 Sur,2.0,23.327377
10:30,AV. Américas - AV. Boyacá,78.0,38.52292
10:30,Marsella,104.0,47.887196
10:30,Niza - Calle 127,1.0,38.496025
10:30,La Campiña,57.0,38.446663
10:30,Transversal 86,3.0,38.44789
10:30,Corferias,80.0,23.300703
10:30,Guatoque - Veraguas,31.0,38.896255
10:30,CDS - Carrera 32,6.0,38.62429
10:30,Ciudad Universitaria - Lotería de Bogotá,32.0,28.50242
10:30,Universidad Nacional,20.0,25.764605
10:30,Avenida Rojas - UNISALESIANA,12.0,40.312653
10:30,Tercer Milenio,1.0,38.44666
10:30,Concejo de Bogotá,51.0,45.172733
10:30,NQS - Calle 38A S,95.0,43.968464
10:30,7 de Agosto,82.0,39.637882
10:30,AV. 68,96.0,46.4781
10:30,Distrito Grafiti,2.0,38.446686
10:30,Polo - FINCOMERCIO,27.0,46.44678
10:30,Tygua - San José,24.0,42.741306
10:30,Quinta Paredes,30.0,39.53736
10:30,Salitre - El Greco,1.0,39.856632
10:30,Zona Industrial,14.0,38.446663
10:30,León XIII,1.0,45.373264
10:30,Paloquemao,67.0,38.446594
10:30,Carrera 90,28.0,46.507183
10:30,Gobernación,36.0,38.447433
10:30,Terreros - Hospital Cardio Vascular,1.0,56.823807
10:30,Escuela Militar,7.0,38.6715
10:30,Mandalay,32.0,38.44705
10:30,AV. Cali,36.0,38.459766
10:30,Suba - TV. 91,130.0,49.616943
10:30,Ricaurte - CL 13,37.0,38.446697
10:30,Restrepo,22.0,38.44665
10:30,Prado,1.0,77.81041
10:30,Terminal,44.0,76.83739
10:30,Virrey,22.0,38.446655
10:30,Toberin - Foundever,69.0,82.93907
10:30,Pepe Sierra,16.0,47.775143
10:30,Calle 100 - Marketmedios,32.0,38.468098
10:30,Calle 142,5.0,46.61219
10:30,Portal Norte – Unicervantes,302.0,62.439953
10:30,Calle 187,62.0,76.77252
10:30,Alcalá – Colegio S. Tomás Dominicos,38.0,38.295216
10:30,Calle 146,23.0,46.486004
10:30,Calle 127,36.0,46.494267
10:30,Héroes,17.0,38.448963
10:30,Calle 161,60.0,46.79481
10:30,Calle 106 - Maletas Explora,17.0,47.157055
10:30,Mazurén,158.0,71.43817
10:30,Calle 45 - American School Way,3.0,38.527054
10:30,Carrera 53,35.0,43.66681
10:30,La Castellana,13.0,46.447105
10:30,AV. 1 Mayo,39.0,38.446663
10:30,De La Sabana,18.0,38.44655
10:30,La Despensa,22.0,38.446655
10:30,Calle 72,0.0,23.471584
10:30,Centro Memoria,52.0,22.49967
10:30,Carrera 43 - Comapan,2.0,38.47396
10:30,Consuelo,18.0,38.44665
10:30,AV. Jiménez - Caracas,2.0,22.584444
10:30,Comuneros,12.0,34.762875
10:30,El Tiempo – Cámara de Comercio de Bogotá,1.0,23.453352
10:30,Biblioteca Tintal,93.0,38.446617
10:30,Ciudad Jardín - UAN,53.0,38.44665
10:30,Bicentenario,25.0,11.987241
10:30,Temporal Calle 57,73.0,10.758644
10:30,Biblioteca,28.0,38.44713
10:30,AV. ElDorado,32.0,22.11827
10:30,Calle 26,15.0,35.99248
10:30,Alquería,1.0,38.446686
10:30,Bosa,50.0,46.371807
10:30,CAD,71.0,38.440147
10:30,Banderas,28.0,38.44949
10:30,Calle 19,26.0,23.173851
10:30,AV. Jiménez - CL 13,0.0,38.446682
10:30,Movistar Arena,51.0,22.500828
10:30,AV. 39,7.0,16.356613
10:30,Calle 76 - San Felipe,65.0,37.494465
10:30,Calle 63,0.0,23.226816
10:30,Calle 85,24.0,33.60952
10:30,NQS - Calle 30 S,1.0,38.462936
10:30,Country Sur,61.0,38.446655
10:30,Carrera 47,26.0,38.45825
10:30,Portal 80,70.0,38.457882
10:30,Olaya,1.0,38.446667
10:30,Molinos,39.0,38.44665
10:30,Nariño,6.0,38.44665
10:30,Gratamira,5.0,38.448452
10:30,Pradera - Plaza Central,81.0,28.581764
10:30,Las Nieves,1.0,38.446785
10:30,Modelia,27.0,38.51536
10:30,Portal El Dorado – C.C. Nuestro Bogotá,19.0,38.858852
10:30,Flores – Areandina,46.0,23.615154
10:30,Museo del Oro,15.0,38.446648
10:30,General Santander,16.0,38.44668
10:30,Portal 20 de Julio,217.0,38.44665
10:30,Humedal Córdoba,24.0,38.446957
10:30,Parque,30.0,46.478443
10:30,Policarpa,46.0,38.446663
10:30,Museo Nacional,48.0,38.446114
10:30,Hospital,2.0,38.44665
10:30,Normandía,44.0,38.55397
10:30,Perdomo,1.0,38.451675
10:30,Hortúa,9.0,38.44665
10:30,Portal Usme,139.0,38.44686
10:30,Ferias,34.0,38.45039
10:30,Temporal Marly,0.0,38.44652
10:30,Patio Bonito,0.0,38.454926
10:30,Portal Tunal,28.0,46.480633
10:30,Fucha,2.0,38.446655
10:30,Minuto de Dios,17.0,38.446648
10:30,Portal Américas,1.0,38.44665
10:30,Las Aguas - Centro Colombo Americano,22.0,38.446617
10:30,Portal Suba,1.0,38.48678
10:30,Suba - AV. Boyacá,20.0,38.459393
10:30,Santa Lucía,1.0,38.44663
10:30,San Martín,12.0,38.446655
10:30,Universidades – CityU,102.0,22.65566
10:30,Santa Isabel,33.0,38.904095
10:30,Suba - Calle 95,65.0,49.784557
10:30,Puente Aranda,16.0,38.446674
10:30,Quiroga,48.0,38.562855
10:30,Puentelargo,54.0,39.238365
10:30,San Victorino,1.0,38.44666
10:30,CC Paseo Villa del Río - Madelena,1.0,46.479763
10:30,San Mateo - CC Unisur,107.0,38.446667
10:30,Sevillana,51.0,46.479855
10:30,Rionegro,32.0,28.347061
10:30,Suba - Calle 116,92.0,38.463165
10:30,San Bernardo,69.0,38.446655
10:30,SENA,0.0,38.446682
10:30,San Facon Carrera 22,36.0,38.446644
10:30,Socorro,20.0,38.448742
10:30,21 Ángeles,30.0,46.479824
10:30,Temporal Calle 34,42.0,30.042685
10:30,Venecia,100.0,38.44841
10:30,Danubio,0.0,42.3704
10:30,Portal Sur - JFK Coop. Financiera,176.0,38.4525
10:30,Temporal Calle 22,2.0,38.310356
10:45,AV. Chile,2.0,39.06756
10:45,CAN,66.0,46.48425
10:45,Campín - UAN,67.0,40.63013
10:45,San Diego,18.0,44.731205
10:45,Granja - Kr 77,13.0,47.87362
10:45,Ricaurte - NQS,79.0,23.707249
10:45,Quirigua,8.0,39.8979
10:45,Suba - Calle 100,60.0,28.501532
10:45,Calle 75 - Zona M,55.0,44.967014
10:45,AV. Boyacá,28.0,38.450626
10:45,Calle 40 Sur,33.0,38.45601
10:45,AV. Américas - AV. Boyacá,76.0,41.489567
10:45,Marsella,99.0,32.150837
10:45,Niza - Calle 127,1.0,38.446663
10:45,La Campiña,1.0,38.447105
10:45,Transversal 86,86.0,27.712408
10:45,Corferias,65.0,22.547995
10:45,Guatoque - Veraguas,36.0,25.288296
10:45,CDS - Carrera 32,11.0,23.082586
10:45,Ciudad Universitaria - Lotería de Bogotá,24.0,25.442413
10:45,Universidad Nacional,1.0,11.212696
10:45,Avenida Rojas - UNISALESIANA,14.0,36.19001
10:45,Tercer Milenio,1.0,38.450165
10:45,Concejo de Bogotá,1.0,34.26547
10:45,NQS - Calle 38A S,62.0,38.446674
10:45,7 de Agosto,2.0,38.446693
10:45,AV. 68,34.0,46.455708
10:45,Distrito Grafiti,115.0,22.515413
10:45,Polo - FINCOMERCIO,6.0,44.67747
10:45,Tygua - San José,21.0,48.108837
10:45,Quinta Paredes,38.0,38.448097
10:45,Salitre - El Greco,2.0,31.609625
10:45,Zona Industrial,18.0,41.74314
10:45,León XIII,102.0,48.302002
10:45,Paloquemao,123.0,26.874672
10:45,Carrera 90,49.0,46.482746
10:45,Gobernación,46.0,38.44665
10:45,Terreros - Hospital Cardio Vascular,151.0,40.598255
10:45,Escuela Militar,1.0,38.508938
10:45,Mandalay,20.0,26.405075
10:45,AV. Cali,89.0,38.449245
10:45,Suba - TV. 91,1.0,38.754047
10:45,Ricaurte - CL 13,38.0,38.446617
10:45,Restrepo,29.0,10.800316
10:45,Prado,90.0,47.81484
10:45,Terminal,124.0,49.552956
10:45,Virrey,89.0,33.240036
10:45,Toberin - Foundever,202.0,51.71214
10:45,Pepe Sierra,120.0,33.240795
10:45,Calle 100 - Marketmedios,2.0,33.33341
10:45,Calle 142,97.0,46.4667
10:45,Portal Norte – Unicervantes,2.0,46.479076
10:45,Calle 187,70.0,46.88615
10:45,Alcalá – Colegio S. Tomás Dominicos,75.0,38.444016
10:45,Calle 146,21.0,46.479916
10:45,Calle 127,207.0,38.450542
10:45,Héroes,112.0,38.44751
10:45,Calle 161,18.0,46.64629
10:45,Calle 106 - Maletas Explora,98.0,38.4587
10:45,Mazurén,102.0,70.20961
10:45,Calle 45 - American School Way,157.0,38.5803
10:45,Carrera 53,21.0,38.466213
10:45,La Castellana,46.0,39.820137
10:45,AV. 1 Mayo,23.0,38.446457
10:45,De La Sabana,1.0,19.83498
10:45,La Despensa,27.0,38.446648
10:45,Calle 72,0.0,28.911877
10:45,Centro Memoria,24.0,38.443478
10:45,Carrera 43 - Comapan,10.0,25.44292
10:45,Consuelo,16.0,38.446613
10:45,AV. Jiménez - Caracas,9.0,22.265732
10:45,Comuneros,11.0,37.391666
10:45,El Tiempo – Cámara de Comercio de Bogotá,116.0,38.44665
10:45,Biblioteca Tintal,4.0,22.525652
10:45,Ciudad Jardín - UAN,37.0,38.44665
10:45,Bicentenario,11.0,23.11811
10:45,Temporal Calle 57,130.0,22.595058
10:45,Biblioteca,13.0,23.361437
10:45,AV. ElDorado,59.0,22.519617
10:45,Calle 26,1.0,23.070623
10:45,Alquería,101.0,23.086893
10:45,Bosa,45.0,38.703278
10:45,CAD,15.0,32.785007
10:45,Banderas,24.0,42.166973
10:45,Calle 19,62.0,22.5079
10:45,AV. Jiménez - CL 13,0.0,31.609537
10:45,Movistar Arena,58.0,22.233883
10:45,AV. 39,21.0,32.702427
10:45,Calle 76 - San Felipe,193.0,22.522198
10:45,Calle 63,0.0,22.532219
10:45,Calle 85,10.0,32.66196
10:45,NQS - Calle 30 S,50.0,37.503265
10:45,Country Sur,1.0,38.44665
10:45,Carrera 47,17.0,37.93674
10:45,Portal 80,1.0,38.121204
10:45,Olaya,98.0,38.446655
10:45,Molinos,32.0,38.44665
10:45,Nariño,3.0,38.44665
10:45,Gratamira,13.0,38.44665
10:45,Pradera - Plaza Central,3.0,22.724823
10:45,Las Nieves,30.0,38.44595
10:45,Modelia,11.0,30.936306
10:45,Portal El Dorado – C.C. Nuestro Bogotá,33.0,38.44709
10:45,Flores – Areandina,78.0,22.53371
10:45,Museo del Oro,50.0,38.44665
10:45,General Santander,28.0,38.44665
10:45,Portal 20 de Julio,307.0,38.446655
10:45,Humedal Córdoba,21.0,38.44661
10:45,Parque,1.0,38.446907
10:45,Policarpa,34.0,38.44672
10:45,Museo Nacional,65.0,38.44662
10:45,Hospital,19.0,38.446655
10:45,Normandía,17.0,23.495205
10:45,Perdomo,2.0,38.44664
10:45,Hortúa,1.0,38.446655
10:45,Portal Usme,49.0,38.446865
10:45,Ferias,13.0,38.446384
10:45,Temporal Marly,0.0,38.446747
10:45,Patio Bonito,0.0,38.446674
10:45,Portal Tunal,2.0,38.44665
10:45,Fucha,26.0,38.446648
10:45,Minuto de Dios,28.0,17.61609
10:45,Portal Américas,223.0,38.446636
10:45,Las Aguas - Centro Colombo Americano,56.0,38.445087
10:45,Portal Suba,64.0,38.446163
10:45,Suba - AV. Boyacá,21.0,22.52016
10:45,Santa Lucía,35.0,38.44136
10:45,San Martín,5.0,22.561577
10:45,Universidades – CityU,128.0,38.44613
10:45,Santa Isabel,72.0,48.923306
10:45,Suba - Calle 95,65.0,54.215553
10:45,Puente Aranda,6.0,40.274914
10:45,Quiroga,1.0,37.01162
10:45,Puentelargo,60.0,26.50954
10:45,San Victorino,1.0,38.44672
10:45,CC Paseo Villa del Río - Madelena,128.0,38.446728
10:45,San Mateo - CC Unisur,357.0,22.634258
10:45,Sevillana,56.0,38.446697
10:45,Rionegro,33.0,39.553955
10:45,Suba - Calle 116,75.0,38.446896
10:45,San Bernardo,1.0,38.446613
10:45,SENA,0.0,44.364445
10:45,San Facon Carrera 22,1.0,22.510618
10:45,Socorro,30.0,38.44665
10:45,21 Ángeles,29.0,46.47984
10:45,Temporal Calle 34,91.0,38.446686
10:45,Venecia,106.0,38.446648
10:45,Danubio,0.0,38.44865
10:45,Portal Sur - JFK Coop. Financiera,2.0,38.44666
10:45,Temporal Calle 22,1.0,38.446686
11:00,AV. Chile,1.0,46.265846
11:00,CAN,1.0,41.076202
11:00,Campín - UAN,1.0,38.491066
11:00,San Diego,10.0,38.473827
11:00,Granja - Kr 77,43.0,49.171623
11:00,Ricaurte - NQS,75.0,38.446915
11:00,Quirigua,33.0,46.479855
11:00,Suba - Calle 100,58.0,38.480698
11:00,Calle 75 - Zona M,27.0,38.447197
11:00,AV. Boyacá,82.0,45.344074
11:00,Calle 40 Sur,45.0,40.17011
11:00,AV. Américas - AV. Boyacá,26.0,49.17072
11:00,Marsella,36.0,38.532364
11:00,Niza - Calle 127,1.0,38.56151
11:00,La Campiña,1.0,38.49753
11:00,Transversal 86,1.0,38.446655
11:00,Corferias,72.0,38.44695
11:00,Guatoque - Veraguas,37.0,9.583608
11:00,CDS - Carrera 32,12.0,38.446667
11:00,Ciudad Universitaria - Lotería de Bogotá,3.0,38.4469
11:00,Universidad Nacional,36.0,38.445732
11:00,Avenida Rojas - UNISALESIANA,1.0,38.44677
11:00,Tercer Milenio,18.0,22.836481
11:00,Concejo de Bogotá,1.0,38.44602
11:00,NQS - Calle 38A S,1.0,38.766785
11:00,7 de Agosto,106.0,38.758976
11:00,AV. 68,100.0,38.44665
11:00,Distrito Grafiti,74.0,38.44864
11:00,Polo - FINCOMERCIO,1.0,40.874477
11:00,Tygua - San José,29.0,41.278103
11:00,Quinta Paredes,27.0,38.450474
11:00,Salitre - El Greco,103.0,38.94994
11:00,Zona Industrial,10.0,38.526096
11:00,León XIII,94.0,61.763714
11:00,Paloquemao,61.0,38.560997
11:00,Carrera 90,90.0,49.20642
11:00,Gobernación,37.0,38.446712
11:00,Terreros - Hospital Cardio Vascular,1.0,73.79776
11:00,Escuela Militar,1.0,46.479847
11:00,Mandalay,15.0,40.0717
11:00,AV. Cali,1.0,38.44666
11:00,Suba - TV. 91,33.0,40.096245
11:00,Ricaurte - CL 13,38.0,38.446823
11:00,Restrepo,60.0,38.446682
11:00,Prado,81.0,38.473797
11:00,Terminal,122.0,38.62
11:00,Virrey,125.0,38.457302
11:00,Toberin - Foundever,120.0,38.563057
11:00,Pepe Sierra,133.0,47.17275
11:00,Calle 100 - Marketmedios,55.0,38.536346
11:00,Calle 142,136.0,38.446724
11:00,Portal Norte – Unicervantes,126.0,53.038612
11:00,Calle 187,35.0,38.450825
11:00,Alcalá – Colegio S. Tomás Dominicos,121.0,38.44665
11:00,Calle 146,30.0,38.509186
11:00,Calle 127,192.0,38.44665
11:00,Héroes,2.0,46.65034
11:00,Calle 161,16.0,38.53139
11:00,Calle 106 - Maletas Explora,1.0,40.632885
11:00,Mazurén,32.0,40.88119
11:00,Calle 45 - American School Way,14.0,38.48004
11:00,Carrera 53,15.0,45.724575
11:00,La Castellana,33.0,38.447216
11:00,AV. 1 Mayo,15.0,38.447426
11:00,De La Sabana,1.0,30.181496
11:00,La Despensa,30.0,46.479847
11:00,Calle 72,0.0,38.448227
11:00,Centro Memoria,54.0,38.44714
11:00,Carrera 43 - Comapan,14.0,38.50341
11:00,Consuelo,1.0,38.489487
11:00,AV. Jiménez - Caracas,2.0,38.43589
11:00,Comuneros,11.0,40.81946
11:00,El Tiempo – Cámara de Comercio de Bogotá,1.0,38.446705
11:00,Biblioteca Tintal,140.0,38.47096
11:00,Ciudad Jardín - UAN,34.0,38.447193
11:00,Bicentenario,6.0,38.446693
11:00,Temporal Calle 57,81.0,38.449303
11:00,Biblioteca,22.0,38.44665
11:00,AV. ElDorado,25.0,38.44681
11:00,Calle 26,16.0,38.44798
11:00,Alquería,1.0,38.44665
11:00,Bosa,15.0,46.479847
11:00,CAD,21.0,38.44768
11:00,Banderas,1.0,38.44669
11:00,Calle 19,51.0,38.4483
11:00,AV. Jiménez - CL 13,0.0,38.447357
11:00,Movistar Arena,87.0,38.434494
11:00,AV. 39,9.0,38.448486
11:00,Calle 76 - San Felipe,22.0,38.446674
11:00,Calle 63,0.0,38.44667
11:00,Calle 85,11.0,38.4475
11:00,NQS - Calle 30 S,1.0,38.446663
11:00,Country Sur,48.0,46.388817
11:00,Carrera 47,34.0,38.446682
11:00,Portal 80,43.0,38.44665
11:00,Olaya,2.0,46.478886
11:00,Molinos,1.0,38.887238
11:00,Nariño,25.0,38.450787
11:00,Gratamira,10.0,38.44665
11:00,Pradera - Plaza Central,3.0,38.447277
11:00,Las Nieves,64.0,38.474064
11:00,Modelia,44.0,22.504921
11:00,Portal El Dorado – C.C. Nuestro Bogotá,13.0,23.4495
11:00,Flores – Areandina,134.0,38.446552
11:00,Museo del Oro,83.0,38.44977
11:00,General Santander,32.0,46.47935
11:00,Portal 20 de Julio,180.0,46.479713
11:00,Humedal Córdoba,19.0,46.479816
11:00,Parque,23.0,46.48007
11:00,Policarpa,10.0,46.479183
11:00,Museo Nacional,84.0,26.86275
11:00,Hospital,11.0,38.446663
11:00,Normandía,71.0,38.44666
11:00,Perdomo,2.0,38.446663
11:00,Hortúa,2.0,38.49594
11:00,Portal Usme,3.0,38.44685
11:00,Ferias,31.0,38.467113
11:00,Temporal Marly,0.0,38.446625
11:00,Patio Bonito,0.0,38.446655
11:00,Portal Tunal,181.0,61.75614
11:00,Fucha,29.0,46.47981
11:00,Minuto de Dios,85.0,38.44693
11:00,Portal Américas,5.0,46.479565
11:00,Las Aguas - Centro Colombo Americano,59.0,38.44665
11:00,Portal Suba,393.0,38.446613
11:00,Suba - AV. Boyacá,37.0,38.446655
11:00,Santa Lucía,1.0,38.44665
11:00,San Martín,5.0,38.446655
11:00,Universidades – CityU,78.0,38.454018
11:00,Santa Isabel,3.0,46.480175
11:00,Suba - Calle 95,93.0,53.134365
11:00,Puente Aranda,9.0,46.47986
11:00,Quiroga,47.0,38.45682
11:00,Puentelargo,72.0,38.446716
11:00,San Victorino,5.0,46.479458
11:00,CC Paseo Villa del Río - Madelena,3.0,61.7626
11:00,San Mateo - CC Unisur,1.0,46.479847
11:00,Sevillana,59.0,61.67184
11:00,Rionegro,17.0,48.50725
11:00,Suba - Calle 116,2.0,38.44665
11:00,San Bernardo,8.0,46.479847
11:00,SENA,0.0,46.47989
11:00,San Facon Carrera 22,1.0,46.479836
11:00,Socorro,26.0,46.479847
11:00,21 Ángeles,29.0,40.964832
11:00,Temporal Calle 34,50.0,38.446293
11:00,Venecia,103.0,46.246494
11:00,Danubio,0.0,46.479847
11:00,Portal Sur - JFK Coop. Financiera,1.0,38.447136
11:00,Temporal Calle 22,26.0,38.44933
11:15,AV. Chile,1.0,38.45652
11:15,CAN,75.0,38.500164
11:15,Campín - UAN,93.0,39.062756
11:15,San Diego,21.0,47.901936
11:15,Granja - Kr 77,28.0,43.632137
11:15,Ricaurte - NQS,101.0,23.917469
11:15,Quirigua,21.0,46.47995
11:15,Suba - Calle 100,73.0,38.44995
11:15,Calle 75 - Zona M,42.0,38.44679
11:15,AV. Boyacá,31.0,37.066505
11:15,Calle 40 Sur,1.0,41.951954
11:15,AV. Américas - AV. Boyacá,73.0,38.452213
11:15,Marsella,123.0,38.446568
11:15,Niza - Calle 127,1.0,38.446674
11:15,La Campiña,79.0,46.479847
11:15,Transversal 86,78.0,38.44685
11:15,Corferias,54.0,22.822971
11:15,Guatoque - Veraguas,21.0,38.446762
11:15,CDS - Carrera 32,2.0,38.44669
11:15,Ciudad Universitaria - Lotería de Bogotá,8.0,22.596313
11:15,Universidad Nacional,51.0,38.44621
11:15,Avenida Rojas - UNISALESIANA,95.0,47.28056
11:15,Tercer Milenio,24.0,22.483828
11:15,Concejo de Bogotá,1.0,31.277485
11:15,NQS - Calle 38A S,101.0,22.798681
11:15,7 de Agosto,1.0,38.55665
11:15,AV. 68,27.0,38.44673
11:15,Distrito Grafiti,98.0,33.109562
11:15,Polo - FINCOMERCIO,15.0,40.140495
11:15,Tygua - San José,20.0,38.449253
11:15,Quinta Paredes,38.0,38.413845
11:15,Salitre - El Greco,114.0,38.238663
11:15,Zona Industrial,24.0,39.414597
11:15,León XIII,99.0,38.446724
11:15,Paloquemao,122.0,30.222353
11:15,Carrera 90,32.0,38.72981
11:15,Gobernación,53.0,38.44664
11:15,Terreros - Hospital Cardio Vascular,2.0,50.728817
11:15,Escuela Militar,10.0,48.82731
11:15,Mandalay,20.0,40.22801
11:15,AV. Cali,53.0,38.499165
11:15,Suba - TV. 91,121.0,46.482975
11:15,Ricaurte - CL 13,18.0,38.448833
11:15,Restrepo,45.0,38.44683
11:15,Prado,80.0,38.469578
11:15,Terminal,71.0,49.393406
11:15,Virrey,159.0,38.470837
11:15,Toberin - Foundever,1.0,49.40946
11:15,Pepe Sierra,123.0,49.47988
11:15,Calle 100 - Marketmedios,1.0,38.546734
11:15,Calle 142,113.0,49.207485
11:15,Portal Norte – Unicervantes,321.0,57.299232
11:15,Calle 187,59.0,49.25575
11:15,Alcalá – Colegio S. Tomás Dominicos,85.0,38.69047
11:15,Calle 146,45.0,38.44859
11:15,Calle 127,188.0,38.44711
11:15,Héroes,1.0,38.44665
11:15,Calle 161,1.0,48.444332
11:15,Calle 106 - Maletas Explora,138.0,38.548416
11:15,Mazurén,53.0,38.62774
11:15,Calle 45 - American School Way,44.0,38.446697
11:15,Carrera 53,23.0,46.430775
11:15,La Castellana,60.0,38.446655
11:15,AV. 1 Mayo,33.0,20.31332
11:15,De La Sabana,36.0,22.711813
11:15,La Despensa,35.0,38.447544
11:15,Calle 72,0.0,38.44674
11:15,Centro Memoria,3.0,22.572886
11:15,Carrera 43 - Comapan,1.0,38.446976
11:15,Consuelo,27.0,22.615053
11:15,AV. Jiménez - Caracas,1.0,22.517124
11:15,Comuneros,13.0,22.480783
11:15,El Tiempo – Cámara de Comercio de Bogotá,127.0,46.479847
11:15,Biblioteca Tintal,2.0,38.44585
11:15,Ciudad Jardín - UAN,9.0,38.4457
11:15,Bicentenario,1.0,32.660175
11:15,Temporal Calle 57,162.0,38.42734
11:15,Biblioteca,13.0,38.446552
11:15,AV. ElDorado,56.0,38.44644
11:15,Calle 26,13.0,38.446697
11:15,Alquería,116.0,38.44624
11:15,Bosa,95.0,38.448475
11:15,CAD,31.0,23.411858
11:15,Banderas,41.0,38.459652
11:15,Calle 19,91.0,22.806894
11:15,AV. Jiménez - CL 13,0.0,22.717415
11:15,Movistar Arena,3.0,22.550423
11:15,AV. 39,35.0,38.448223
11:15,Calle 76 - San Felipe,95.0,37.232723
11:15,Calle 63,0.0,38.446663
11:15,Calle 85,18.0,38.449924
11:15,NQS - Calle 30 S,58.0,38.44665
11:15,Country Sur,17.0,38.446533
11:15,Carrera 47,19.0,38.564323
11:15,Portal 80,46.0,46.479847
11:15,Olaya,96.0,38.446056
11:15,Molinos,2.0,38.446648
11:15,Nariño,6.0,38.446644
11:15,Gratamira,5.0,45.717068
11:15,Pradera - Plaza Central,176.0,40.116924
11:15,Las Nieves,51.0,32.729286
11:15,Modelia,17.0,22.929493
11:15,Portal El Dorado – C.C. Nuestro Bogotá,14.0,38.38548
11:15,Flores – Areandina,158.0,38.461952
11:15,Museo del Oro,53.0,38.44665
11:15,General Santander,16.0,38.452015
11:15,Portal 20 de Julio,82.0,38.46927
11:15,Humedal Córdoba,21.0,39.098343
11:15,Parque,1.0,38.447292
11:15,Policarpa,3.0,38.446804
11:15,Museo Nacional,43.0,38.447716
11:15,Hospital,14.0,38.446644
11:15,Normandía,78.0,46.480564
11:15,Perdomo,82.0,46.479847
11:15,Hortúa,6.0,38.44661
11:15,Portal Usme,8.0,38.44665
11:15,Ferias,21.0,38.464264
11:15,Temporal Marly,0.0,38.446606
11:15,Patio Bonito,0.0,38.446636
11:15,Portal Tunal,2.0,38.47954
11:15,Fucha,3.0,38.447315
11:15,Minuto de Dios,21.0,46.482914
11:15,Portal Américas,212.0,38.446682
11:15,Las Aguas - Centro Colombo Americano,56.0,46.479847
11:15,Portal Suba,320.0,46.479847
11:15,Suba - AV. Boyacá,30.0,46.47992
11:15,Santa Lucía,70.0,46.479847
11:15,San Martín,15.0,46.479855
11:15,Universidades – CityU,14.0,31.064857
11:15,Santa Isabel,1.0,26.986267
11:15,Suba - Calle 95,1.0,51.68043
11:15,Puente Aranda,7.0,27.078783
11:15,Quiroga,65.0,22.610138
11:15,Puentelargo,57.0,38.446705
11:15,San Victorino,1.0,38.45959
11:15,CC Paseo Villa del Río - Madelena,124.0,38.44772
11:15,San Mateo - CC Unisur,284.0,38.44658
11:15,Sevillana,52.0,38.44984
11:15,Rionegro,37.0,46.479973
11:15,Suba - Calle 116,1.0,38.446655
11:15,San Bernardo,1.0,33.03731
11:15,SENA,0.0,27.067392
11:15,San Facon Carrera 22,34.0,22.805956
11:15,Socorro,22.0,24.242352
11:15,21 Ángeles,21.0,38.528435
11:15,Temporal Calle 34,85.0,22.54633
11:15,Venecia,95.0,22.613985
11:15,Danubio,0.0,38.446495
11:15,Portal Sur - JFK Coop. Financiera,118.0,38.449505
11:15,Temporal Calle 22,12.0,42.040108
11:30,AV. Chile,36.0,38.46419
11:30,CAN,95.0,38.44996
11:30,Campín - UAN,23.0,38.446682
11:30,San Diego,8.0,48.94646
11:30,Granja - Kr 77,48.0,49.199474
11:30,Ricaurte - NQS,66.0,38.446697
11:30,Quirigua,32.0,46.479855
11:30,Suba - Calle 100,62.0,38.446854
11:30,Calle 75 - Zona M,42.0,38.44666
11:30,AV. Boyacá,87.0,38.46376
11:30,Calle 40 Sur,30.0,49.445423
11:30,AV. Américas - AV. Boyacá,41.0,47.937683
11:30,Marsella,49.0,49.202045
11:30,Niza - Calle 127,23.0,38.446693
11:30,La Campiña,53.0,46.479847
11:30,Transversal 86,1.0,38.44666
11:30,Corferias,48.0,38.4817
11:30,Guatoque - Veraguas,14.0,22.443768
11:30,CDS - Carrera 32,3.0,38.44674
11:30,Ciudad Universitaria - Lotería de Bogotá,1.0,38.446674
11:30,Universidad Nacional,49.0,38.446613
11:30,Avenida Rojas - UNISALESIANA,81.0,46.479847
11:30,Tercer Milenio,18.0,38.446693
11:30,Concejo de Bogotá,1.0,38.446793
11:30,NQS - Calle 38A S,1.0,38.461697
11:30,7 de Agosto,115.0,38.44725
11:30,AV. 68,42.0,46.479843
11:30,Distrito Grafiti,37.0,40.99184
11:30,Polo - FINCOMERCIO,40.0,46.47984
11:30,Tygua - San José,23.0,41.04256
11:30,Quinta Paredes,37.0,43.230106
11:30,Salitre - El Greco,2.0,38.521595
11:30,Zona Industrial,6.0,38.459377
11:30,León XIII,96.0,46.479855
11:30,Paloquemao,103.0,38.51622
11:30,Carrera 90,87.0,46.479965
11:30,Gobernación,46.0,38.446674
11:30,Terreros - Hospital Cardio Vascular,86.0,49.886837
11:30,Escuela Militar,9.0,46.47978
11:30,Mandalay,12.0,47.790386
11:30,AV. Cali,86.0,38.463127
11:30,Suba - TV. 91,1.0,62.990105
11:30,Ricaurte - CL 13,9.0,38.446846
11:30,Restrepo,2.0,38.446625
11:30,Prado,1.0,46.479847
11:30,Terminal,122.0,46.481014
11:30,Virrey,138.0,38.45517
11:30,Toberin - Foundever,61.0,46.482098
11:30,Pepe Sierra,137.0,47.876804
11:30,Calle 100 - Marketmedios,234.0,38.477085
11:30,Calle 142,1.0,61.79765
11:30,Portal Norte – Unicervantes,273.0,46.480713
11:30,Calle 187,1.0,46.498177
11:30,Alcalá – Colegio S. Tomás Dominicos,97.0,38.446655
11:30,Calle 146,33.0,46.479847
11:30,Calle 127,224.0,61.760014
11:30,Héroes,3.0,46.479847
11:30,Calle 161,1.0,61.60471
11:30,Calle 106 - Maletas Explora,150.0,41.200546
11:30,Mazurén,61.0,46.47985
11:30,Calle 45 - American School Way,22.0,38.447784
11:30,Carrera 53,26.0,38.592976
11:30,La Castellana,51.0,46.479847
11:30,AV. 1 Mayo,140.0,38.444935
11:30,De La Sabana,56.0,38.445568
11:30,La Despensa,35.0,43.506943
11:30,Calle 72,0.0,38.448547
11:30,Centro Memoria,1.0,38.446968
11:30,Carrera 43 - Comapan,1.0,38.446636
11:30,Consuelo,18.0,38.446663
11:30,AV. Jiménez - Caracas,181.0,38.44666
11:30,Comuneros,14.0,38.567345
11:30,El Tiempo – Cámara de Comercio de Bogotá,1.0,61.761036
11:30,Biblioteca Tintal,113.0,38.562077
11:30,Ciudad Jardín - UAN,32.0,22.461708
11:30,Bicentenario,25.0,38.44718
11:30,Temporal Calle 57,1.0,38.44834
11:30,Biblioteca,37.0,38.44665
11:30,AV. ElDorado,40.0,38.446617
11:30,Calle 26,12.0,38.446667
11:30,Alquería,1.0,46.060287
11:30,Bosa,80.0,46.479847
11:30,CAD,96.0,38.47513
11:30,Banderas,24.0,38.44666
11:30,Calle 19,1.0,38.44728
11:30,AV. Jiménez - CL 13,0.0,22.527609
11:30,Movistar Arena,80.0,38.458027
11:30,AV. 39,71.0,38.447124
11:30,Calle 76 - San Felipe,121.0,38.446663
11:30,Calle 63,0.0,38.45326
11:30,Calle 85,122.0,38.447575
11:30,NQS - Calle 30 S,79.0,42.21769
11:30,Country Sur,2.0,26.843473
11:30,Carrera 47,19.0,38.44673
11:30,Portal 80,70.0,46.479847
11:30,Olaya,104.0,40.02398
11:30,Molinos,1.0,38.446655
11:30,Nariño,32.0,38.44665
11:30,Gratamira,4.0,46.205936
11:30,Pradera - Plaza Central,48.0,38.448097
11:30,Las Nieves,62.0,38.447247
11:30,Modelia,53.0,38.4467
11:30,Portal El Dorado – C.C. Nuestro Bogotá,16.0,38.44676
11:30,Flores – Areandina,183.0,38.446613
11:30,Museo del Oro,87.0,38.44666
11:30,General Santander,14.0,38.44665
11:30,Portal 20 de Julio,1.0,22.486822
11:30,Humedal Córdoba,7.0,38.446663
11:30,Parque,21.0,46.479847
11:30,Policarpa,1.0,22.75462
11:30,Museo Nacional,101.0,38.447155
11:30,Hospital,6.0,38.446377
11:30,Normandía,66.0,46.479847
11:30,Perdomo,66.0,46.479847
11:30,Hortúa,1.0,22.88549
11:30,Portal Usme,3.0,22.553177
11:30,Ferias,16.0,38.446884
11:30,Temporal Marly,0.0,38.4469
11:30,Patio Bonito,0.0,38.446667
11:30,Portal Tunal,210.0,46.479847
11:30,Fucha,29.0,38.44665
11:30,Minuto de Dios,76.0,46.479908
11:30,Portal Américas,2.0,46.479034
11:30,Las Aguas - Centro Colombo Americano,94.0,46.47979
11:30,Portal Suba,1.0,46.479847
11:30,Suba - AV. Boyacá,37.0,46.479847
11:30,Santa Lucía,1.0,46.28097
11:30,San Martín,6.0,46.28581
11:30,Universidades – CityU,108.0,35.70829
11:30,Santa Isabel,2.0,38.447376
11:30,Suba - Calle 95,84.0,40.29751
11:30,Puente Aranda,7.0,42.433147
11:30,Quiroga,51.0,38.44693
11:30,Puentelargo,21.0,38.446655
11:30,San Victorino,118.0,38.44672
11:30,CC Paseo Villa del Río - Madelena,80.0,58.331806
11:30,San Mateo - CC Unisur,292.0,38.446655
11:30,Sevillana,48.0,46.47985
11:30,Rionegro,50.0,46.48003
11:30,Suba - Calle 116,25.0,38.446655
11:30,San Bernardo,60.0,38.446693
11:30,SENA,0.0,42.759518
11:30,San Facon Carrera 22,7.0,38.44665
11:30,Socorro,11.0,38.446697
11:30,21 Ángeles,20.0,46.479847
11:30,Temporal Calle 34,136.0,22.434195
11:30,Venecia,1.0,38.44665
11:30,Danubio,0.0,44.410202
11:30,Portal Sur - JFK Coop. Financiera,105.0,46.501183
11:30,Temporal Calle 22,36.0,38.551235
11:45,AV. Chile,47.0,38.49688
11:45,CAN,93.0,38.653587
11:45,Campín - UAN,55.0,36.84925
11:45,San Diego,5.0,49.24686
11:45,Granja - Kr 77,38.0,38.84097
11:45,Ricaurte - NQS,31.0,38.44757
11:45,Quirigua,47.0,46.478252
11:45,Suba - Calle 100,71.0,38.587692
11:45,Calle 75 - Zona M,39.0,46.443726
11:45,AV. Boyacá,95.0,38.447678
11:45,Calle 40 Sur,4.0,49.082672
11:45,AV. Américas - AV. Boyacá,3.0,38.446987
11:45,Marsella,88.0,38.44824
11:45,Niza - Calle 127,1.0,38.446655
11:45,La Campiña,42.0,38.446655
11:45,Transversal 86,1.0,38.476364
11:45,Corferias,17.0,23.167633
11:45,Guatoque - Veraguas,15.0,38.44665
11:45,CDS - Carrera 32,5.0,38.44665
11:45,Ciudad Universitaria - Lotería de Bogotá,9.0,28.820293
11:45,Universidad Nacional,22.0,38.44665
11:45,Avenida Rojas - UNISALESIANA,59.0,38.446655
11:45,Tercer Milenio,29.0,38.4467
11:45,Concejo de Bogotá,7.0,38.46313
11:45,NQS - Calle 38A S,86.0,38.475754
11:45,7 de Agosto,71.0,38.462475
11:45,AV. 68,1.0,46.47972
11:45,Distrito Grafiti,79.0,38.45454
11:45,Polo - FINCOMERCIO,15.0,38.658398
11:45,Tygua - San José,8.0,41.311947
11:45,Quinta Paredes,7.0,44.687992
11:45,Salitre - El Greco,101.0,42.50211
11:45,Zona Industrial,20.0,39.07052
11:45,León XIII,51.0,43.915573
11:45,Paloquemao,72.0,38.543713
11:45,Carrera 90,79.0,46.47275
11:45,Gobernación,66.0,38.44665
11:45,Terreros - Hospital Cardio Vascular,1.0,50.563175
11:45,Escuela Militar,9.0,46.479885
11:45,Mandalay,25.0,38.464806
11:45,AV. Cali,97.0,38.746967
11:45,Suba - TV. 91,121.0,49.202763
11:45,Ricaurte - CL 13,1.0,38.446625
11:45,Restrepo,1.0,38.44665
11:45,Prado,87.0,46.47986
11:45,Terminal,182.0,46.67049
11:45,Virrey,137.0,46.574604
11:45,Toberin - Foundever,57.0,39.2657
11:45,Pepe Sierra,109.0,48.48116
11:45,Calle 100 - Marketmedios,1.0,52.720028
11:45,Calle 142,106.0,46.61197
11:45,Portal Norte – Unicervantes,222.0,46.48061
11:45,Calle 187,72.0,46.652187
11:45,Alcalá – Colegio S. Tomás Dominicos,1.0,38.446808
11:45,Calle 146,20.0,46.47984
11:45,Calle 127,197.0,61.4221
11:45,Héroes,191.0,46.479847
11:45,Calle 161,2.0,46.48035
11:45,Calle 106 - Maletas Explora,145.0,46.601734
11:45,Mazurén,72.0,38.49828
11:45,Calle 45 - American School Way,49.0,38.446663
11:45,Carrera 53,42.0,38.455875
11:45,La Castellana,31.0,46.479855
11:45,AV. 1 Mayo,40.0,43.393124
11:45,De La Sabana,42.0,38.446667
11:45,La Despensa,19.0,42.76831
11:45,Calle 72,0.0,38.44666
11:45,Centro Memoria,8.0,38.446686
11:45,Carrera 43 - Comapan,12.0,38.44666
11:45,Consuelo,23.0,38.446674
11:45,AV. Jiménez - Caracas,2.0,38.446697
11:45,Comuneros,2.0,38.44667
11:45,El Tiempo – Cámara de Comercio de Bogotá,1.0,49.203373
11:45,Biblioteca Tintal,164.0,38.430805
11:45,Ciudad Jardín - UAN,13.0,38.44665
11:45,Bicentenario,2.0,38.479607
11:45,Temporal Calle 57,117.0,38.447388
11:45,Biblioteca,22.0,38.44818
11:45,AV. ElDorado,1.0,38.446625
11:45,Calle 26,10.0,38.446655
11:45,Alquería,82.0,38.446644
11:45,Bosa,25.0,46.479847
11:45,CAD,1.0,38.884064
11:45,Banderas,1.0,39.1058
11:45,Calle 19,2.0,38.446712
11:45,AV. Jiménez - CL 13,0.0,39.55959
11:45,Movistar Arena,56.0,38.449646
11:45,AV. 39,3.0,41.327423
11:45,Calle 76 - San Felipe,121.0,38.458168
11:45,Calle 63,0.0,38.44665
11:45,Calle 85,19.0,39.97887
11:45,NQS - Calle 30 S,57.0,38.44667
11:45,Country Sur,14.0,38.445892
11:45,Carrera 47,25.0,39.939827
11:45,Portal 80,89.0,45.650097
11:45,Olaya,101.0,38.446667
11:45,Molinos,1.0,38.44664
11:45,Nariño,9.0,38.446655
11:45,Gratamira,6.0,38.44692
11:45,Pradera - Plaza Central,40.0,38.44681
11:45,Las Nieves,3.0,44.445885
11:45,Modelia,9.0,42.713856
11:45,Portal El Dorado – C.C. Nuestro Bogotá,21.0,38.446648
11:45,Flores – Areandina,222.0,38.461315
11:45,Museo del Oro,45.0,38.44668
11:45,General Santander,5.0,38.44664
11:45,Portal 20 de Julio,76.0,38.44665
11:45,Humedal Córdoba,17.0,44.74767
11:45,Parque,26.0,45.974586
11:45,Policarpa,3.0,22.612272
11:45,Museo Nacional,49.0,38.44667
11:45,Hospital,26.0,38.44666
11:45,Normandía,2.0,45.222607
11:45,Perdomo,58.0,38.446655
11:45,Hortúa,9.0,22.490778
11:45,Portal Usme,1.0,38.446655
11:45,Ferias,1.0,38.44666
11:45,Temporal Marly,0.0,38.44665
11:45,Patio Bonito,0.0,38.44665
11:45,Portal Tunal,203.0,46.48861
11:45,Fucha,1.0,38.44665
11:45,Minuto de Dios,147.0,38.44665
11:45,Portal Américas,159.0,46.301056
11:45,Las Aguas - Centro Colombo Americano,98.0,48.04816
11:45,Portal Suba,3.0,49.21179
11:45,Suba - AV. Boyacá,24.0,38.44665
11:45,Santa Lucía,76.0,40.349983
11:45,San Martín,7.0,38.447033
11:45,Universidades – CityU,1.0,41.692307
11:45,Santa Isabel,39.0,45.276035
11:45,Suba - Calle 95,1.0,46.479984
11:45,Puente Aranda,20.0,45.174633
11:45,Quiroga,40.0,38.473053
11:45,Puentelargo,60.0,38.44667
11:45,San Victorino,8.0,50.698025
11:45,CC Paseo Villa del Río - Madelena,116.0,46.499813
11:45,San Mateo - CC Unisur,1.0,46.479847
11:45,Sevillana,37.0,46.479847
11:45,Rionegro,55.0,39.26921
11:45,Suba - Calle 116,96.0,38.44665
11:45,San Bernardo,6.0,38.45544
11:45,SENA,0.0,46.47856
11:45,San Facon Carrera 22,1.0,38.44668
11:45,Socorro,14.0,40.82343
11:45,21 Ángeles,19.0,40.02714
11:45,Temporal Calle 34,1.0,38.446674
11:45,Venecia,90.0,38.446026
11:45,Danubio,0.0,46.47983
11:45,Portal Sur - JFK Coop. Financiera,100.0,41.951027
11:45,Temporal Calle 22,41.0,38.73281
12:00,AV. Chile,2.0,38.57259
12:00,CAN,131.0,38.446705
12:00,Campín - UAN,105.0,38.44666
12:00,San Diego,5.0,44.32738
12:00,Granja - Kr 77,19.0,38.483364
12:00,Ricaurte - NQS,89.0,27.305897
12:00,Quirigua,1.0,49.22021
12:00,Suba - Calle 100,87.0,38.446625
12:00,Calle 75 - Zona M,20.0,38.446667
12:00,AV. Boyacá,99.0,38.447742
12:00,Calle 40 Sur,23.0,46.9008
12:00,AV. Américas - AV. Boyacá,63.0,38.447716
12:00,Marsella,2.0,38.451263
12:00,Niza - Calle 127,19.0,38.448265
12:00,La Campiña,39.0,38.44665
12:00,Transversal 86,61.0,38.44683
12:00,Corferias,2.0,38.446663
12:00,Guatoque - Veraguas,1.0,38.44665
12:00,CDS - Carrera 32,2.0,38.44665
12:00,Ciudad Universitaria - Lotería de Bogotá,1.0,22.75902
12:00,Universidad Nacional,130.0,38.44665
12:00,Avenida Rojas - UNISALESIANA,98.0,38.44665
12:00,Tercer Milenio,34.0,22.500206
12:00,Concejo de Bogotá,36.0,22.6686
12:00,NQS - Calle 38A S,54.0,48.858494
12:00,7 de Agosto,41.0,38.44666
12:00,AV. 68,121.0,46.009266
12:00,Distrito Grafiti,67.0,44.15259
12:00,Polo - FINCOMERCIO,17.0,38.45052
12:00,Tygua - San José,37.0,38.447376
12:00,Quinta Paredes,27.0,38.44702
12:00,Salitre - El Greco,93.0,38.50206
12:00,Zona Industrial,10.0,38.446667
12:00,León XIII,66.0,38.446636
12:00,Paloquemao,146.0,23.890907
12:00,Carrera 90,99.0,46.465664
12:00,Gobernación,58.0,38.446655
12:00,Terreros - Hospital Cardio Vascular,98.0,38.446655
12:00,Escuela Militar,14.0,38.465214
12:00,Mandalay,14.0,39.02668
12:00,AV. Cali,104.0,47.861103
12:00,Suba - TV. 91,114.0,47.390186
12:00,Ricaurte - CL 13,70.0,38.446648
12:00,Restrepo,1.0,38.44663
12:00,Prado,108.0,47.227886
12:00,Terminal,71.0,56.380524
12:00,Virrey,176.0,55.871243
12:00,Toberin - Foundever,171.0,46.37014
12:00,Pepe Sierra,137.0,39.295593
12:00,Calle 100 - Marketmedios,271.0,38.90514
12:00,Calle 142,96.0,50.256184
12:00,Portal Norte – Unicervantes,239.0,57.255886
12:00,Calle 187,90.0,46.404934
12:00,Alcalá – Colegio S. Tomás Dominicos,126.0,38.446655
12:00,Calle 146,45.0,47.706287
12:00,Calle 127,243.0,58.70525
12:00,Héroes,27.0,56.739758
12:00,Calle 161,13.0,47.207813
12:00,Calle 106 - Maletas Explora,157.0,57.35899
12:00,Mazurén,112.0,38.448757
12:00,Calle 45 - American School Way,41.0,38.446655
12:00,Carrera 53,32.0,38.45675
12:00,La Castellana,8.0,53.40072
12:00,AV. 1 Mayo,16.0,38.446655
12:00,De La Sabana,50.0,38.44662
12:00,La Despensa,35.0,38.446617
12:00,Calle 72,0.0,38.44665
12:00,Centro Memoria,56.0,21.7852
12:00,Carrera 43 - Comapan,1.0,38.44665
12:00,Consuelo,1.0,37.68806
12:00,AV. Jiménez - Caracas,3.0,22.57663
12:00,Comuneros,77.0,22.521328
12:00,El Tiempo – Cámara de Comercio de Bogotá,150.0,38.44715
12:00,Biblioteca Tintal,3.0,38.446747
12:00,Ciudad Jardín - UAN,36.0,38.443462
12:00,Bicentenario,14.0,23.670376
12:00,Temporal Calle 57,291.0,38.44678
12:00,Biblioteca,20.0,38.44668
12:00,AV. ElDorado,53.0,38.44553
12:00,Calle 26,14.0,38.446503
12:00,Alquería,93.0,38.44665
12:00,Bosa,25.0,38.45398
12:00,CAD,1.0,38.454353
12:00,Banderas,67.0,38.446804
12:00,Calle 19,60.0,22.528723
12:00,AV. Jiménez - CL 13,0.0,38.46076
12:00,Movistar Arena,79.0,22.484539
12:00,AV. 39,29.0,38.44665
12:00,Calle 76 - San Felipe,1.0,46.485806
12:00,Calle 63,0.0,38.446655
12:00,Calle 85,2.0,38.4741
12:00,NQS - Calle 30 S,73.0,38.446712
12:00,Country Sur,1.0,22.49288
12:00,Carrera 47,17.0,38.457085
12:00,Portal 80,1.0,38.447014
12:00,Olaya,5.0,22.78557
12:00,Molinos,39.0,38.44665
12:00,Nariño,60.0,38.44665
12:00,Gratamira,11.0,38.44666
12:00,Pradera - Plaza Central,66.0,48.96034
12:00,Las Nieves,11.0,22.518543
12:00,Modelia,47.0,29.126654
12:00,Portal El Dorado – C.C. Nuestro Bogotá,25.0,38.446568
12:00,Flores – Areandina,49.0,38.44665
12:00,Museo del Oro,80.0,38.44665
12:00,General Santander,17.0,38.446762
12:00,Portal 20 de Julio,1.0,38.446644
12:00,Humedal Córdoba,8.0,40.015812
12:00,Parque,2.0,38.446693
12:00,Policarpa,47.0,23.231445
12:00,Museo Nacional,61.0,38.446636
12:00,Hospital,15.0,38.44664
12:00,Normandía,1.0,38.655807
12:00,Perdomo,85.0,38.44665
12:00,Hortúa,55.0,38.44329
12:00,Portal Usme,2.0,38.446674
12:00,Ferias,1.0,38.446655
12:00,Temporal Marly,0.0,38.44665
12:00,Patio Bonito,0.0,38.44665
12:00,Portal Tunal,2.0,38.447166
12:00,Fucha,86.0,38.446674
12:00,Minuto de Dios,71.0,45.443405
12:00,Portal Américas,103.0,57.179234
12:00,Las Aguas - Centro Colombo Americano,82.0,38.446762
12:00,Portal Suba,9.0,38.934834
12:00,Suba - AV. Boyacá,27.0,38.446655
12:00,Santa Lucía,62.0,38.446655
12:00,San Martín,5.0,38.44665
12:00,Universidades – CityU,169.0,22.496492
12:00,Santa Isabel,40.0,32.24747
12:00,Suba - Calle 95,35.0,42.934433
12:00,Puente Aranda,27.0,46.781258
12:00,Quiroga,1.0,38.51495
12:00,Puentelargo,60.0,38.446747
12:00,San Victorino,78.0,38.446663
12:00,CC Paseo Villa del Río - Madelena,92.0,56.042583
12:00,San Mateo - CC Unisur,278.0,38.44665
12:00,Sevillana,52.0,49.202396
12:00,Rionegro,25.0,38.44665
12:00,Suba - Calle 116,13.0,38.44665
12:00,San Bernardo,66.0,22.422043
12:00,SENA,0.0,22.807981
12:00,San Facon Carrera 22,62.0,38.834667
12:00,Socorro,25.0,25.877201
12:00,21 Ángeles,43.0,42.071297
12:00,Temporal Calle 34,79.0,22.472204
12:00,Venecia,102.0,38.44666
12:00,Danubio,0.0,22.968678
12:00,Portal Sur - JFK Coop. Financiera,6.0,38.45932
12:00,Temporal Calle 22,41.0,38.446655
12:15,AV. Chile,158.0,38.44673
12:15,CAN,122.0,51.603542
12:15,Campín - UAN,1.0,61.378876
12:15,San Diego,13.0,38.473747
12:15,Granja - Kr 77,20.0,40.069874
12:15,Ricaurte - NQS,110.0,47.535267
12:15,Quirigua,46.0,46.476826
12:15,Suba - Calle 100,71.0,39.28959
12:15,Calle 75 - Zona M,141.0,46.45502
12:15,AV. Boyacá,139.0,38.44665
12:15,Calle 40 Sur,1.0,38.47981
12:15,AV. Américas - AV. Boyacá,88.0,39.41774
12:15,Marsella,72.0,46.097393
12:15,Niza - Calle 127,61.0,46.480003
12:15,La Campiña,58.0,38.45413
12:15,Transversal 86,64.0,38.529385
12:15,Corferias,31.0,38.811188
12:15,Guatoque - Veraguas,62.0,38.415443
12:15,CDS - Carrera 32,10.0,40.347492
12:15,Ciudad Universitaria - Lotería de Bogotá,9.0,46.480648
12:15,Universidad Nacional,186.0,38.446407
12:15,Avenida Rojas - UNISALESIANA,61.0,39.017143
12:15,Tercer Milenio,31.0,38.45028
12:15,Concejo de Bogotá,1.0,46.31547
12:15,NQS - Calle 38A S,100.0,44.87598
12:15,7 de Agosto,211.0,39.046097
12:15,AV. 68,188.0,57.18339
12:15,Distrito Grafiti,85.0,48.873013
12:15,Polo - FINCOMERCIO,19.0,38.451683
12:15,Tygua - San José,12.0,38.45697
12:15,Quinta Paredes,51.0,38.801064
12:15,Salitre - El Greco,47.0,40.82328
12:15,Zona Industrial,30.0,38.462814
12:15,León XIII,101.0,43.24671
12:15,Paloquemao,230.0,38.448277
12:15,Carrera 90,99.0,46.619434
12:15,Gobernación,68.0,46.47869
12:15,Terreros - Hospital Cardio Vascular,72.0,46.479675
12:15,Escuela Militar,11.0,46.479847
12:15,Mandalay,23.0,46.479862
12:15,AV. Cali,1.0,59.50095
12:15,Suba - TV. 91,137.0,50.353836
12:15,Ricaurte - CL 13,55.0,46.479847
12:15,Restrepo,160.0,38.446655
12:15,Prado,1.0,67.47683
12:15,Terminal,129.0,47.62749
12:15,Virrey,119.0,48.602177
12:15,Toberin - Foundever,52.0,57.98522
12:15,Pepe Sierra,1.0,55.37065
12:15,Calle 100 - Marketmedios,1.0,52.23805
12:15,Calle 142,18.0,56.225906
12:15,Portal Norte – Unicervantes,275.0,69.550446
12:15,Calle 187,102.0,72.10294
12:15,Alcalá – Colegio S. Tomás Dominicos,114.0,48.59138
12:15,Calle 146,38.0,57.317135
12:15,Calle 127,212.0,74.26189
12:15,Héroes,158.0,38.44709
12:15,Calle 161,47.0,51.22918
12:15,Calle 106 - Maletas Explora,1.0,73.84589
12:15,Mazurén,130.0,57.12843
12:15,Calle 45 - American School Way,72.0,44.682457
12:15,Carrera 53,61.0,39.873867
12:15,La Castellana,87.0,46.77959
12:15,AV. 1 Mayo,16.0,38.749763
12:15,De La Sabana,54.0,38.446754
12:15,La Despensa,1.0,38.44786
12:15,Calle 72,0.0,43.35479
12:15,Centro Memoria,5.0,38.446705
12:15,Carrera 43 - Comapan,30.0,38.44709
12:15,Consuelo,19.0,38.45471
12:15,AV. Jiménez - Caracas,240.0,38.87681
12:15,Comuneros,19.0,38.447453
12:15,El Tiempo – Cámara de Comercio de Bogotá,52.0,46.48247
12:15,Biblioteca Tintal,115.0,46.479847
12:15,Ciudad Jardín - UAN,1.0,22.540941
12:15,Bicentenario,20.0,43.8643
12:15,Temporal Calle 57,327.0,46.53553
12:15,Biblioteca,7.0,46.478085
12:15,AV. ElDorado,52.0,38.604767
12:15,Calle 26,35.0,41.38985
12:15,Alquería,73.0,38.43784
12:15,Bosa,18.0,45.92668
12:15,CAD,2.0,38.446716
12:15,Banderas,1.0,49.24777
12:15,Calle 19,41.0,38.446674
12:15,AV. Jiménez - CL 13,0.0,26.565653
12:15,Movistar Arena,139.0,38.44667
12:15,AV. 39,70.0,46.479847
12:15,Calle 76 - San Felipe,201.0,38.44524
12:15,Calle 63,0.0,46.479847
12:15,Calle 85,113.0,42.67526
12:15,NQS - Calle 30 S,49.0,38.446556
12:15,Country Sur,71.0,18.876566
12:15,Carrera 47,24.0,38.44681
12:15,Portal 80,63.0,38.446606
12:15,Olaya,123.0,22.5053
12:15,Molinos,28.0,22.648764
12:15,Nariño,43.0,38.44663
12:15,Gratamira,10.0,38.44668
12:15,Pradera - Plaza Central,161.0,47.899094
12:15,Las Nieves,105.0,38.44701
12:15,Modelia,48.0,37.23304
12:15,Portal El Dorado – C.C. Nuestro Bogotá,116.0,38.46499
12:15,Flores – Areandina,239.0,38.446632
12:15,Museo del Oro,1.0,38.474426
12:15,General Santander,21.0,33.061016
12:15,Portal 20 de Julio,87.0,26.0342
12:15,Humedal Córdoba,16.0,46.312122
12:15,Parque,1.0,38.44786
12:15,Policarpa,37.0,24.692467
12:15,Museo Nacional,55.0,31.25868
12:15,Hospital,35.0,23.624853
12:15,Normandía,78.0,38.44665
12:15,Perdomo,65.0,42.026478
12:15,Hortúa,50.0,30.538893
12:15,Portal Usme,6.0,22.557045
12:15,Ferias,52.0,42.37201
12:15,Temporal Marly,0.0,46.478756
12:15,Patio Bonito,0.0,38.571335
12:15,Portal Tunal,20.0,46.430912
12:15,Fucha,106.0,39.38681
12:15,Minuto de Dios,69.0,38.475487
12:15,Portal Américas,8.0,38.447025
12:15,Las Aguas - Centro Colombo Americano,66.0,38.486153
12:15,Portal Suba,2.0,38.572872
12:15,Suba - AV. Boyacá,19.0,40.738117
12:15,Santa Lucía,74.0,39.45828
12:15,San Martín,19.0,38.696346
12:15,Universidades – CityU,139.0,38.44668
12:15,Santa Isabel,28.0,46.479748
12:15,Suba - Calle 95,1.0,46.490166
12:15,Puente Aranda,36.0,46.47368
12:15,Quiroga,43.0,39.03219
12:15,Puentelargo,71.0,45.098305
12:15,San Victorino,2.0,38.44677
12:15,CC Paseo Villa del Río - Madelena,93.0,38.61797
12:15,San Mateo - CC Unisur,286.0,38.446655
12:15,Sevillana,41.0,46.479946
12:15,Rionegro,59.0,46.479847
12:15,Suba - Calle 116,80.0,38.535374
12:15,San Bernardo,76.0,38.48312
12:15,SENA,0.0,39.480797
12:15,San Facon Carrera 22,1.0,38.446655
12:15,Socorro,21.0,46.359535
12:15,21 Ángeles,33.0,38.448097
12:15,Temporal Calle 34,1.0,38.446644
12:15,Venecia,63.0,41.3968
12:15,Danubio,0.0,38.60497
12:15,Portal Sur - JFK Coop. Financiera,8.0,38.465813
12:15,Temporal Calle 22,15.0,38.446716
12:30,AV. Chile,129.0,57.17898
12:30,CAN,94.0,72.96882
12:30,Campín - UAN,40.0,61.708935
12:30,San Diego,5.0,39.425323
12:30,Granja - Kr 77,1.0,38.447575
12:30,Ricaurte - NQS,92.0,50.99374
12:30,Quirigua,46.0,46.480186
12:30,Suba - Calle 100,89.0,38.446743
12:30,Calle 75 - Zona M,61.0,57.260715
12:30,AV. Boyacá,88.0,46.78344
12:30,Calle 40 Sur,13.0,54.49574
12:30,AV. Américas - AV. Boyacá,91.0,43.95676
12:30,Marsella,97.0,48.38388
12:30,Niza - Calle 127,26.0,51.049717
12:30,La Campiña,66.0,46.479847
12:30,Transversal 86,60.0,40.72116
12:30,Corferias,48.0,39.555134
12:30,Guatoque - Veraguas,31.0,38.44665
12:30,CDS - Carrera 32,5.0,41.661533
12:30,Ciudad Universitaria - Lotería de Bogotá,1.0,46.47987
12:30,Universidad Nacional,164.0,46.479855
12:30,Avenida Rojas - UNISALESIANA,29.0,46.510735
12:30,Tercer Milenio,1.0,38.44673
12:30,Concejo de Bogotá,40.0,46.479847
12:30,NQS - Calle 38A S,2.0,38.448963
12:30,7 de Agosto,133.0,50.594902
12:30,AV. 68,160.0,72.69795
12:30,Distrito Grafiti,103.0,46.536076
12:30,Polo - FINCOMERCIO,29.0,46.479847
12:30,Tygua - San José,2.0,46.05936
12:30,Quinta Paredes,30.0,46.51314
12:30,Salitre - El Greco,3.0,38.452744
12:30,Zona Industrial,1.0,46.480312
12:30,León XIII,1.0,46.479862
12:30,Paloquemao,144.0,38.446724
12:30,Carrera 90,88.0,46.516293
12:30,Gobernación,42.0,46.697277
12:30,Terreros - Hospital Cardio Vascular,1.0,46.479618
12:30,Escuela Militar,23.0,46.479893
12:30,Mandalay,1.0,39.05395
12:30,AV. Cali,117.0,51.74313
12:30,Suba - TV. 91,70.0,49.84689
12:30,Ricaurte - CL 13,53.0,46.479847
12:30,Restrepo,170.0,38.463066
12:30,Prado,94.0,48.079407
12:30,Terminal,86.0,74.156265
12:30,Virrey,172.0,53.2738
12:30,Toberin - Foundever,35.0,46.479946
12:30,Pepe Sierra,139.0,48.740776
12:30,Calle 100 - Marketmedios,1.0,38.940212
12:30,Calle 142,28.0,46.570934
12:30,Portal Norte – Unicervantes,225.0,73.81015
12:30,Calle 187,29.0,78.57974
12:30,Alcalá – Colegio S. Tomás Dominicos,73.0,45.848766
12:30,Calle 146,32.0,47.02907
12:30,Calle 127,248.0,74.266495
12:30,Héroes,2.0,67.786896
12:30,Calle 161,18.0,46.63316
12:30,Calle 106 - Maletas Explora,178.0,49.575764
12:30,Mazurén,46.0,71.367775
12:30,Calle 45 - American School Way,18.0,46.48341
12:30,Carrera 53,69.0,41.98172
12:30,La Castellana,1.0,47.097504
12:30,AV. 1 Mayo,41.0,38.948574
12:30,De La Sabana,2.0,38.44677
12:30,La Despensa,27.0,46.47922
12:30,Calle 72,0.0,46.71937
12:30,Centro Memoria,22.0,38.446663
12:30,Carrera 43 - Comapan,11.0,46.480328
12:30,Consuelo,9.0,46.46119
12:30,AV. Jiménez - Caracas,2.0,38.499546
12:30,Comuneros,13.0,43.642826
12:30,El Tiempo – Cámara de Comercio de Bogotá,1.0,46.479847
12:30,Biblioteca Tintal,46.0,61.77622
12:30,Ciudad Jardín - UAN,28.0,38.44668
12:30,Bicentenario,12.0,46.479847
12:30,Temporal Calle 57,2.0,61.76517
12:30,Biblioteca,20.0,46.47388
12:30,AV. ElDorado,64.0,46.479847
12:30,Calle 26,20.0,46.479847
12:30,Alquería,1.0,23.139233
12:30,Bosa,76.0,46.479057
12:30,CAD,34.0,38.49148
12:30,Banderas,25.0,48.61261
12:30,Calle 19,86.0,46.479855
12:30,AV. Jiménez - CL 13,0.0,46.47894
12:30,Movistar Arena,108.0,38.446964
12:30,AV. 39,1.0,46.5015
12:30,Calle 76 - San Felipe,109.0,46.55579
12:30,Calle 63,0.0,46.536976
12:30,Calle 85,143.0,72.92942
12:30,NQS - Calle 30 S,48.0,46.5926
12:30,Country Sur,42.0,38.446644
12:30,Carrera 47,35.0,46.490364
12:30,Portal 80,124.0,38.44665
12:30,Olaya,2.0,46.479862
12:30,Molinos,1.0,38.49596
12:30,Nariño,6.0,38.496258
12:30,Gratamira,2.0,46.46628
12:30,Pradera - Plaza Central,120.0,46.646534
12:30,Las Nieves,104.0,38.465523
12:30,Modelia,36.0,38.449165
12:30,Portal El Dorado – C.C. Nuestro Bogotá,20.0,46.47985
12:30,Flores – Areandina,253.0,46.6992
12:30,Museo del Oro,73.0,44.79406
12:30,General Santander,19.0,45.345676
12:30,Portal 20 de Julio,294.0,38.44839
12:30,Humedal Córdoba,10.0,46.477077
12:30,Parque,1.0,46.479847
12:30,Policarpa,1.0,22.951366
12:30,Museo Nacional,66.0,38.446857
12:30,Hospital,43.0,38.73389
12:30,Normandía,71.0,46.47983
12:30,Perdomo,65.0,38.45034
12:30,Hortúa,55.0,38.548946
12:30,Portal Usme,1.0,34.032345
12:30,Ferias,52.0,46.30812
12:30,Temporal Marly,0.0,46.479847
12:30,Patio Bonito,0.0,39.269432
12:30,Portal Tunal,57.0,46.479847
12:30,Fucha,130.0,38.530716
12:30,Minuto de Dios,65.0,38.44665
12:30,Portal Américas,25.0,38.44669
12:30,Las Aguas - Centro Colombo Americano,1.0,38.446655
12:30,Portal Suba,1.0,47.969154
12:30,Suba - AV. Boyacá,17.0,38.447678
12:30,Santa Lucía,12.0,38.446995
12:30,San Martín,4.0,38.885918
12:30,Universidades – CityU,111.0,38.455257
12:30,Santa Isabel,44.0,46.479855
12:30,Suba - Calle 95,3.0,41.808994
12:30,Puente Aranda,17.0,46.479855
12:30,Quiroga,31.0,41.02686
12:30,Puentelargo,25.0,38.448566
12:30,San Victorino,2.0,46.479206
12:30,CC Paseo Villa del Río - Madelena,83.0,46.4463
12:30,San Mateo - CC Unisur,150.0,38.446663
12:30,Sevillana,39.0,46.48
12:30,Rionegro,40.0,46.21212
12:30,Suba - Calle 116,26.0,38.45084
12:30,San Bernardo,16.0,40.929775
12:30,SENA,0.0,46.47983
12:30,San Facon Carrera 22,1.0,46.416622
12:30,Socorro,27.0,46.475433
12:30,21 Ángeles,26.0,43.855713
12:30,Temporal Calle 34,154.0,38.446568
12:30,Venecia,91.0,22.650911
12:30,Danubio,0.0,46.479847
12:30,Portal Sur - JFK Coop. Financiera,139.0,38.446697
12:30,Temporal Calle 22,1.0,46.48008
12:45,AV. Chile,72.0,49.26063
12:45,CAN,24.0,50.84975
12:45,Campín - UAN,122.0,40.049175
12:45,San Diego,11.0,38.5673
12:45,Granja - Kr 77,11.0,38.483837
12:45,Ricaurte - NQS,1.0,45.288048
12:45,Quirigua,37.0,46.442265
12:45,Suba - Calle 100,62.0,38.4473
12:45,Calle 75 - Zona M,1.0,45.683586
12:45,AV. Boyacá,137.0,49.2516
12:45,Calle 40 Sur,4.0,46.40963
12:45,AV. Américas - AV. Boyacá,1.0,49.18736
12:45,Marsella,93.0,39.279743
12:45,Niza - Calle 127,54.0,46.87213
12:45,La Campiña,40.0,38.446655
12:45,Transversal 86,59.0,38.448654
12:45,Corferias,57.0,44.553375
12:45,Guatoque - Veraguas,20.0,38.44663
12:45,CDS - Carrera 32,22.0,38.44701
12:45,Ciudad Universitaria - Lotería de Bogotá,1.0,38.44669
12:45,Universidad Nacional,179.0,46.48019
12:45,Avenida Rojas - UNISALESIANA,16.0,46.47971
12:45,Tercer Milenio,35.0,38.447613
12:45,Concejo de Bogotá,6.0,38.771084
12:45,NQS - Calle 38A S,94.0,38.44732
12:45,7 de Agosto,2.0,52.119717
12:45,AV. 68,47.0,58.894176
12:45,Distrito Grafiti,101.0,38.45025
12:45,Polo - FINCOMERCIO,29.0,43.48942
12:45,Tygua - San José,20.0,38.505196
12:45,Quinta Paredes,42.0,40.47285
12:45,Salitre - El Greco,105.0,38.446888
12:45,Zona Industrial,63.0,39.323692
12:45,León XIII,39.0,45.595863
12:45,Paloquemao,188.0,38.446785
12:45,Carrera 90,26.0,42.833687
12:45,Gobernación,62.0,49.124657
12:45,Terreros - Hospital Cardio Vascular,1.0,38.48361
12:45,Escuela Militar,15.0,50.87367
12:45,Mandalay,10.0,38.446663
12:45,AV. Cali,57.0,50.127758
12:45,Suba - TV. 91,107.0,38.508636
12:45,Ricaurte - CL 13,66.0,38.44727
12:45,Restrepo,1.0,46.479847
12:45,Prado,88.0,60.81723
12:45,Terminal,59.0,58.964222
12:45,Virrey,14.0,56.59685
12:45,Toberin - Foundever,65.0,38.451824
12:45,Pepe Sierra,122.0,55.615063
12:45,Calle 100 - Marketmedios,1.0,46.486034
12:45,Calle 142,113.0,38.44715
12:45,Portal Norte – Unicervantes,1.0,60.92466
12:45,Calle 187,97.0,60.334545
12:45,Alcalá – Colegio S. Tomás Dominicos,85.0,38.447308
12:45,Calle 146,17.0,46.889843
12:45,Calle 127,182.0,58.976093
12:45,Héroes,24.0,46.48843
12:45,Calle 161,5.0,46.846695
12:45,Calle 106 - Maletas Explora,30.0,38.764557
12:45,Mazurén,52.0,38.82892
12:45,Calle 45 - American School Way,181.0,46.47955
12:45,Carrera 53,51.0,38.488136
12:45,La Castellana,56.0,47.14049
12:45,AV. 1 Mayo,2.0,38.44665
12:45,De La Sabana,1.0,38.44665
12:45,La Despensa,9.0,38.473156
12:45,Calle 72,0.0,38.446655
12:45,Centro Memoria,7.0,38.446503
12:45,Carrera 43 - Comapan,1.0,38.553997
12:45,Consuelo,21.0,38.44632
12:45,AV. Jiménez - Caracas,237.0,38.446968
12:45,Comuneros,6.0,38.476833
12:45,El Tiempo – Cámara de Comercio de Bogotá,29.0,38.629345
12:45,Biblioteca Tintal,2.0,38.525967
12:45,Ciudad Jardín - UAN,45.0,38.44666
12:45,Bicentenario,45.0,39.346554
12:45,Temporal Calle 57,235.0,38.573288
12:45,Biblioteca,1.0,43.479122
12:45,AV. ElDorado,65.0,22.684128
12:45,Calle 26,14.0,38.535915
12:45,Alquería,123.0,22.592775
12:45,Bosa,1.0,38.446777
12:45,CAD,83.0,38.51921
12:45,Banderas,87.0,49.24143
12:45,Calle 19,46.0,38.917454
12:45,AV. Jiménez - CL 13,0.0,47.76621
12:45,Movistar Arena,62.0,38.449192
12:45,AV. 39,46.0,46.47969
12:45,Calle 76 - San Felipe,340.0,46.492756
12:45,Calle 63,0.0,42.88605
12:45,Calle 85,2.0,57.607365
12:45,NQS - Calle 30 S,26.0,38.892387
12:45,Country Sur,99.0,46.15517
12:45,Carrera 47,29.0,40.050285
12:45,Portal 80,2.0,38.70242
12:45,Olaya,88.0,38.44669
12:45,Molinos,36.0,46.479855
12:45,Nariño,89.0,46.479847
12:45,Gratamira,8.0,38.446655
12:45,Pradera - Plaza Central,117.0,47.319355
12:45,Las Nieves,88.0,38.856373
12:45,Modelia,48.0,41.13468
12:45,Portal El Dorado – C.C. Nuestro Bogotá,236.0,38.46285
12:45,Flores – Areandina,170.0,46.479862
12:45,Museo del Oro,156.0,46.479843
12:45,General Santander,22.0,38.514553
12:45,Portal 20 de Julio,1.0,46.478397
12:45,Humedal Córdoba,27.0,46.47988
12:45,Parque,1.0,46.479847
12:45,Policarpa,1.0,46.425552
12:45,Museo Nacional,73.0,38.447002
12:45,Hospital,2.0,42.861637
12:45,Normandía,57.0,46.47974
12:45,Perdomo,1.0,38.532246
12:45,Hortúa,52.0,38.455173
12:45,Portal Usme,2.0,38.44666
12:45,Ferias,21.0,39.243126
12:45,Temporal Marly,0.0,38.475513
12:45,Patio Bonito,0.0,38.465515
12:45,Portal Tunal,14.0,46.479847
12:45,Fucha,102.0,61.34737
12:45,Minuto de Dios,1.0,38.446655
12:45,Portal Américas,33.0,38.46584
12:45,Las Aguas - Centro Colombo Americano,74.0,38.447536
12:45,Portal Suba,1.0,38.51501
12:45,Suba - AV. Boyacá,22.0,40.36752
12:45,Santa Lucía,1.0,31.675766
12:45,San Martín,8.0,38.446674
12:45,Universidades – CityU,92.0,38.45577
12:45,Santa Isabel,64.0,40.92863
12:45,Suba - Calle 95,66.0,57.37678
12:45,Puente Aranda,12.0,39.182747
12:45,Quiroga,37.0,27.280067
12:45,Puentelargo,53.0,38.598038
12:45,San Victorino,19.0,46.479847
12:45,CC Paseo Villa del Río - Madelena,94.0,39.592056
12:45,San Mateo - CC Unisur,126.0,38.446526
12:45,Sevillana,36.0,46.47986
12:45,Rionegro,39.0,46.47597
12:45,Suba - Calle 116,83.0,46.419254
12:45,San Bernardo,73.0,38.44837
12:45,SENA,0.0,38.838375
12:45,San Facon Carrera 22,4.0,38.447052
12:45,Socorro,50.0,38.45147
12:45,21 Ángeles,25.0,38.759354
12:45,Temporal Calle 34,157.0,38.44601
12:45,Venecia,93.0,38.44682
12:45,Danubio,0.0,46.479847
12:45,Portal Sur - JFK Coop. Financiera,111.0,38.450634
12:45,Temporal Calle 22,3.0,46.47989
13:00,AV. Chile,88.0,38.470367
13:00,CAN,1.0,43.638943
13:00,Campín - UAN,25.0,46.482723
13:00,San Diego,9.0,38.44674
13:00,Granja - Kr 77,15.0,41.15753
13:00,Ricaurte - NQS,93.0,38.54642
13:00,Quirigua,37.0,46.614834
13:00,Suba - Calle 100,67.0,40.586994
13:00,Calle 75 - Zona M,59.0,46.481327
13:00,AV. Boyacá,120.0,38.500885
13:00,Calle 40 Sur,7.0,38.469925
13:00,AV. Américas - AV. Boyacá,16.0,38.656994
13:00,Marsella,84.0,38.4468
13:00,Niza - Calle 127,1.0,63.831276
13:00,La Campiña,66.0,38.44666
13:00,Transversal 86,59.0,38.44671
13:00,Corferias,84.0,38.689632
13:00,Guatoque - Veraguas,36.0,38.44663
13:00,CDS - Carrera 32,1.0,38.669666
13:00,Ciudad Universitaria - Lotería de Bogotá,1.0,38.446724
13:00,Universidad Nacional,173.0,38.452225
13:00,Avenida Rojas - UNISALESIANA,39.0,38.456554
13:00,Tercer Milenio,1.0,38.446655
13:00,Concejo de Bogotá,29.0,38.447327
13:00,NQS - Calle 38A S,1.0,49.208916
13:00,7 de Agosto,110.0,38.701298
13:00,AV. 68,169.0,38.589336
13:00,Distrito Grafiti,96.0,38.44687
13:00,Polo - FINCOMERCIO,19.0,44.859394
13:00,Tygua - San José,24.0,38.446827
13:00,Quinta Paredes,1.0,38.4512
13:00,Salitre - El Greco,3.0,46.109303
13:00,Zona Industrial,46.0,46.47985
13:00,León XIII,90.0,38.446747
13:00,Paloquemao,116.0,38.58827
13:00,Carrera 90,1.0,38.46492
13:00,Gobernación,43.0,46.481785
13:00,Terreros - Hospital Cardio Vascular,1.0,38.44664
13:00,Escuela Militar,3.0,38.507668
13:00,Mandalay,13.0,39.00692
13:00,AV. Cali,95.0,35.765152
13:00,Suba - TV. 91,110.0,47.63444
13:00,Ricaurte - CL 13,1.0,38.44665
13:00,Restrepo,155.0,38.44691
13:00,Prado,2.0,41.794548
13:00,Terminal,86.0,50.237423
13:00,Virrey,131.0,39.3006
13:00,Toberin - Foundever,63.0,48.016285
13:00,Pepe Sierra,1.0,45.920048
13:00,Calle 100 - Marketmedios,192.0,39.02485
13:00,Calle 142,106.0,39.612488
13:00,Portal Norte – Unicervantes,336.0,43.555202
13:00,Calle 187,78.0,54.24052
13:00,Alcalá – Colegio S. Tomás Dominicos,154.0,38.44692
13:00,Calle 146,36.0,46.5295
13:00,Calle 127,233.0,38.468613
13:00,Héroes,201.0,46.48003
13:00,Calle 161,44.0,38.447166
13:00,Calle 106 - Maletas Explora,156.0,38.46278
13:00,Mazurén,109.0,46.51269
13:00,Calle 45 - American School Way,6.0,41.78477
13:00,Carrera 53,56.0,43.18354
13:00,La Castellana,52.0,38.61389
13:00,AV. 1 Mayo,6.0,38.446655
13:00,De La Sabana,1.0,38.44665
13:00,La Despensa,25.0,38.42705
13:00,Calle 72,0.0,46.479847
13:00,Centro Memoria,13.0,42.827488
13:00,Carrera 43 - Comapan,33.0,38.44897
13:00,Consuelo,8.0,38.44665
13:00,AV. Jiménez - Caracas,154.0,38.446667
13:00,Comuneros,10.0,38.451923
13:00,El Tiempo – Cámara de Comercio de Bogotá,15.0,46.47983
13:00,Biblioteca Tintal,1.0,38.446667
13:00,Ciudad Jardín - UAN,17.0,38.44665
13:00,Bicentenario,2.0,38.570312
13:00,Temporal Calle 57,1.0,46.475178
13:00,Biblioteca,1.0,38.446655
13:00,AV. ElDorado,50.0,38.496727
13:00,Calle 26,32.0,38.44675
13:00,Alquería,128.0,38.456013
13:00,Bosa,69.0,38.44687
13:00,CAD,26.0,46.479847
13:00,Banderas,119.0,38.452328
13:00,Calle 19,37.0,46.480038
13:00,AV. Jiménez - CL 13,0.0,46.729057
13:00,Movistar Arena,91.0,38.71374
13:00,AV. 39,2.0,47.78479
13:00,Calle 76 - San Felipe,140.0,46.479984
13:00,Calle 63,0.0,46.93645
13:00,Calle 85,1.0,47.205853
13:00,NQS - Calle 30 S,64.0,46.47985
13:00,Country Sur,18.0,25.853592
13:00,Carrera 47,23.0,46.479855
13:00,Portal 80,1.0,46.479847
13:00,Olaya,48.0,38.446663
13:00,Molinos,49.0,38.446667
13:00,Nariño,13.0,38.802532
13:00,Gratamira,9.0,46.471775
13:00,Pradera - Plaza Central,115.0,57.19048
13:00,Las Nieves,1.0,38.486404
13:00,Modelia,49.0,38.44667
13:00,Portal El Dorado – C.C. Nuestro Bogotá,26.0,38.446686
13:00,Flores – Areandina,169.0,61.840427
13:00,Museo del Oro,78.0,57.048183
13:00,General Santander,20.0,38.446728
13:00,Portal 20 de Julio,72.0,38.463524
13:00,Humedal Córdoba,27.0,46.45666
13:00,Parque,4.0,38.64547
13:00,Policarpa,39.0,38.448868
13:00,Museo Nacional,73.0,38.446762
13:00,Hospital,2.0,38.44666
13:00,Normandía,64.0,38.446655
13:00,Perdomo,65.0,38.927216
13:00,Hortúa,52.0,23.278967
13:00,Portal Usme,57.0,22.771374
13:00,Ferias,58.0,38.447105
13:00,Temporal Marly,0.0,38.58581
13:00,Patio Bonito,0.0,38.451797
13:00,Portal Tunal,48.0,46.254566
13:00,Fucha,2.0,27.35936
13:00,Minuto de Dios,1.0,38.44669
13:00,Portal Américas,25.0,38.76355
13:00,Las Aguas - Centro Colombo Americano,52.0,38.44665
13:00,Portal Suba,1.0,22.847782
13:00,Suba - AV. Boyacá,1.0,39.324932
13:00,Santa Lucía,10.0,34.72101
13:00,San Martín,12.0,46.413372
13:00,Universidades – CityU,129.0,38.456287
13:00,Santa Isabel,69.0,38.446655
13:00,Suba - Calle 95,1.0,49.82437
13:00,Puente Aranda,27.0,38.446854
13:00,Quiroga,32.0,44.163204
13:00,Puentelargo,87.0,38.446712
13:00,San Victorino,22.0,45.691113
13:00,CC Paseo Villa del Río - Madelena,86.0,38.44665
13:00,San Mateo - CC Unisur,224.0,38.446835
13:00,Sevillana,1.0,49.21291
13:00,Rionegro,62.0,38.748596
13:00,Suba - Calle 116,70.0,46.405586
13:00,San Bernardo,27.0,38.44753
13:00,SENA,0.0,39.241173
13:00,San Facon Carrera 22,1.0,46.478516
13:00,Socorro,14.0,38.49344
13:00,21 Ángeles,21.0,38.5221
13:00,Temporal Calle 34,161.0,38.446644
13:00,Venecia,104.0,38.446625
13:00,Danubio,0.0,46.47944
13:00,Portal Sur - JFK Coop. Financiera,96.0,38.448643
13:00,Temporal Calle 22,1.0,46.505913
13:15,AV. Chile,97.0,38.502377
13:15,CAN,130.0,49.19009
13:15,Campín - UAN,28.0,38.446693
13:15,San Diego,44.0,39.673073
13:15,Granja - Kr 77,45.0,39.936527
13:15,Ricaurte - NQS,1.0,38.44681
13:15,Quirigua,2.0,38.44671
13:15,Suba - Calle 100,80.0,38.44874
13:15,Calle 75 - Zona M,51.0,44.38528
13:15,AV. Boyacá,188.0,38.48311
13:15,Calle 40 Sur,2.0,38.538227
13:15,AV. Américas - AV. Boyacá,83.0,49.137722
13:15,Marsella,89.0,42.925285
13:15,Niza - Calle 127,131.0,48.06602
13:15,La Campiña,72.0,46.479755
13:15,Transversal 86,61.0,38.44823
13:15,Corferias,140.0,38.446804
13:15,Guatoque - Veraguas,1.0,38.446594
13:15,CDS - Carrera 32,28.0,38.446697
13:15,Ciudad Universitaria - Lotería de Bogotá,64.0,38.446648
13:15,Universidad Nacional,322.0,38.446674
13:15,Avenida Rojas - UNISALESIANA,71.0,38.44684
13:15,Tercer Milenio,40.0,38.446915
13:15,Concejo de Bogotá,36.0,38.446724
13:15,NQS - Calle 38A S,3.0,49.084106
13:15,7 de Agosto,2.0,46.934845
13:15,AV. 68,73.0,61.852665
13:15,Distrito Grafiti,1.0,38.44665
13:15,Polo - FINCOMERCIO,23.0,46.479862
13:15,Tygua - San José,49.0,38.44669
13:15,Quinta Paredes,31.0,38.447876
13:15,Salitre - El Greco,116.0,38.44671
13:15,Zona Industrial,20.0,38.447716
13:15,León XIII,1.0,38.44676
13:15,Paloquemao,176.0,38.513596
13:15,Carrera 90,34.0,46.48029
13:15,Gobernación,62.0,38.695065
13:15,Terreros - Hospital Cardio Vascular,115.0,38.44665
13:15,Escuela Militar,16.0,46.498028
13:15,Mandalay,20.0,38.450035
13:15,AV. Cali,45.0,38.448204
13:15,Suba - TV. 91,2.0,38.65293
13:15,Ricaurte - CL 13,73.0,38.44663
13:15,Restrepo,131.0,38.460938
13:15,Prado,80.0,66.621635
13:15,Terminal,85.0,46.489395
13:15,Virrey,175.0,46.488064
13:15,Toberin - Foundever,63.0,46.47996
13:15,Pepe Sierra,42.0,38.456276
13:15,Calle 100 - Marketmedios,3.0,55.649296
13:15,Calle 142,117.0,62.66786
13:15,Portal Norte – Unicervantes,1.0,62.30563
13:15,Calle 187,90.0,66.40235
13:15,Alcalá – Colegio S. Tomás Dominicos,31.0,46.485355
13:15,Calle 146,25.0,62.00381
13:15,Calle 127,61.0,61.835953
13:15,Héroes,37.0,62.09303
13:15,Calle 161,12.0,61.773273
13:15,Calle 106 - Maletas Explora,26.0,56.84711
13:15,Mazurén,131.0,61.982822
13:15,Calle 45 - American School Way,17.0,46.484035
13:15,Carrera 53,23.0,43.87811
13:15,La Castellana,78.0,46.50591
13:15,AV. 1 Mayo,2.0,38.446655
13:15,De La Sabana,14.0,38.446606
13:15,La Despensa,20.0,38.44665
13:15,Calle 72,0.0,38.485023
13:15,Centro Memoria,3.0,38.45901
13:15,Carrera 43 - Comapan,14.0,38.446663
13:15,Consuelo,5.0,38.44656
13:15,AV. Jiménez - Caracas,233.0,38.446667
13:15,Comuneros,17.0,38.520687
13:15,El Tiempo – Cámara de Comercio de Bogotá,136.0,38.44855
13:15,Biblioteca Tintal,1.0,38.44671
13:15,Ciudad Jardín - UAN,50.0,38.4465
13:15,Bicentenario,1.0,22.984497
13:15,Temporal Calle 57,286.0,15.234004
13:15,Biblioteca,1.0,38.469845
13:15,AV. ElDorado,64.0,38.44657
13:15,Calle 26,3.0,38.446785
13:15,Alquería,1.0,38.46407
13:15,Bosa,23.0,38.44665
13:15,CAD,14.0,42.78062
13:15,Banderas,63.0,39.23017
13:15,Calle 19,51.0,40.209454
13:15,AV. Jiménez - CL 13,0.0,38.772675
13:15,Movistar Arena,122.0,38.45542
13:15,AV. 39,64.0,38.446686
13:15,Calle 76 - San Felipe,109.0,46.71839
13:15,Calle 63,0.0,38.478233
13:15,Calle 85,3.0,41.21959
13:15,NQS - Calle 30 S,2.0,38.505165
13:15,Country Sur,37.0,38.446507
13:15,Carrera 47,19.0,39.751057
13:15,Portal 80,79.0,38.476868
13:15,Olaya,134.0,38.446434
13:15,Molinos,22.0,38.446648
13:15,Nariño,48.0,38.446667
13:15,Gratamira,21.0,46.479763
13:15,Pradera - Plaza Central,1.0,46.979614
13:15,Las Nieves,50.0,38.733837
13:15,Modelia,56.0,38.798256
13:15,Portal El Dorado – C.C. Nuestro Bogotá,140.0,38.44679
13:15,Flores – Areandina,20.0,49.882404
13:15,Museo del Oro,142.0,38.471474
13:15,General Santander,13.0,38.45339
13:15,Portal 20 de Julio,1.0,26.952291
13:15,Humedal Córdoba,22.0,41.33675
13:15,Parque,10.0,42.612797
13:15,Policarpa,49.0,34.2955
13:15,Museo Nacional,55.0,38.446663
13:15,Hospital,27.0,38.446655
13:15,Normandía,45.0,38.446796
13:15,Perdomo,80.0,45.32852
13:15,Hortúa,47.0,29.940105
13:15,Portal Usme,3.0,21.85909
13:15,Ferias,45.0,38.44665
13:15,Temporal Marly,0.0,38.446648
13:15,Patio Bonito,0.0,38.95301
13:15,Portal Tunal,45.0,38.446655
13:15,Fucha,83.0,38.44642
13:15,Minuto de Dios,2.0,38.44666
13:15,Portal Américas,164.0,38.446655
13:15,Las Aguas - Centro Colombo Americano,92.0,38.44678
13:15,Portal Suba,3.0,38.438084
13:15,Suba - AV. Boyacá,68.0,38.447304
13:15,Santa Lucía,58.0,38.44662
13:15,San Martín,1.0,38.446827
13:15,Universidades – CityU,1.0,38.446857
13:15,Santa Isabel,1.0,38.44665
13:15,Suba - Calle 95,94.0,58.368816
13:15,Puente Aranda,49.0,38.44666
13:15,Quiroga,2.0,38.358166
13:15,Puentelargo,1.0,38.446663
13:15,San Victorino,203.0,38.76973
13:15,CC Paseo Villa del Río - Madelena,108.0,38.446655
13:15,San Mateo - CC Unisur,225.0,38.44665
13:15,Sevillana,58.0,38.451057
13:15,Rionegro,72.0,42.690243
13:15,Suba - Calle 116,105.0,40.379253
13:15,San Bernardo,15.0,38.44665
13:15,SENA,0.0,38.4552
13:15,San Facon Carrera 22,69.0,38.44665
13:15,Socorro,23.0,38.44665
13:15,21 Ángeles,1.0,46.479847
13:15,Temporal Calle 34,142.0,38.446636
13:15,Venecia,137.0,38.446648
13:15,Danubio,0.0,46.423164
13:15,Portal Sur - JFK Coop. Financiera,82.0,38.44668
13:15,Temporal Calle 22,37.0,48.85308
13:30,AV. Chile,111.0,38.464554
13:30,CAN,93.0,61.796833
13:30,Campín - UAN,59.0,46.479847
13:30,San Diego,38.0,38.44716
13:30,Granja - Kr 77,16.0,38.56765
13:30,Ricaurte - NQS,87.0,38.46371
13:30,Quirigua,52.0,41.546387
13:30,Suba - Calle 100,2.0,38.446964
13:30,Calle 75 - Zona M,55.0,38.47052
13:30,AV. Boyacá,113.0,38.57595
13:30,Calle 40 Sur,30.0,46.479847
13:30,AV. Américas - AV. Boyacá,76.0,38.46127
13:30,Marsella,57.0,38.446674
13:30,Niza - Calle 127,52.0,67.3234
13:30,La Campiña,45.0,46.479847
13:30,Transversal 86,2.0,38.454617
13:30,Corferias,112.0,48.03693
13:30,Guatoque - Veraguas,49.0,38.94621
13:30,CDS - Carrera 32,13.0,38.447086
13:30,Ciudad Universitaria - Lotería de Bogotá,15.0,46.480072
13:30,Universidad Nacional,217.0,46.479733
13:30,Avenida Rojas - UNISALESIANA,110.0,44.434765
13:30,Tercer Milenio,26.0,46.269142
13:30,Concejo de Bogotá,5.0,46.479855
13:30,NQS - Calle 38A S,200.0,38.463634
13:30,7 de Agosto,137.0,43.385044
13:30,AV. 68,146.0,49.26165
13:30,Distrito Grafiti,84.0,46.43547
13:30,Polo - FINCOMERCIO,51.0,38.51164
13:30,Tygua - San José,14.0,38.508987
13:30,Quinta Paredes,28.0,46.47985
13:30,Salitre - El Greco,1.0,42.416233
13:30,Zona Industrial,29.0,39.09094
13:30,León XIII,71.0,38.446655
13:30,Paloquemao,186.0,38.44669
13:30,Carrera 90,83.0,38.555447
13:30,Gobernación,51.0,46.479904
13:30,Terreros - Hospital Cardio Vascular,40.0,46.482265
13:30,Escuela Militar,21.0,46.018673
13:30,Mandalay,18.0,38.45514
13:30,AV. Cali,85.0,38.446712
13:30,Suba - TV. 91,1.0,40.725525
13:30,Ricaurte - CL 13,52.0,46.479847
13:30,Restrepo,1.0,38.446648
13:30,Prado,116.0,51.505886
13:30,Terminal,110.0,42.919407
13:30,Virrey,1.0,38.729355
13:30,Toberin - Foundever,111.0,38.908558
13:30,Pepe Sierra,1.0,38.446915
13:30,Calle 100 - Marketmedios,227.0,38.488907
13:30,Calle 142,13.0,49.273266
13:30,Portal Norte – Unicervantes,1.0,49.602734
13:30,Calle 187,74.0,49.262646
13:30,Alcalá – Colegio S. Tomás Dominicos,109.0,40.11596
13:30,Calle 146,24.0,40.904278
13:30,Calle 127,239.0,42.55938
13:30,Héroes,202.0,41.92494
13:30,Calle 161,7.0,43.612587
13:30,Calle 106 - Maletas Explora,125.0,48.957897
13:30,Mazurén,21.0,57.599644
13:30,Calle 45 - American School Way,40.0,46.47983
13:30,Carrera 53,41.0,40.685135
13:30,La Castellana,67.0,44.47235
13:30,AV. 1 Mayo,172.0,38.446712
13:30,De La Sabana,1.0,38.44739
13:30,La Despensa,25.0,38.446686
13:30,Calle 72,0.0,46.479847
13:30,Centro Memoria,4.0,38.447395
13:30,Carrera 43 - Comapan,55.0,38.44665
13:30,Consuelo,22.0,39.37123
13:30,AV. Jiménez - Caracas,264.0,39.388317
13:30,Comuneros,16.0,38.44723
13:30,El Tiempo – Cámara de Comercio de Bogotá,13.0,46.47985
13:30,Biblioteca Tintal,3.0,46.479847
13:30,Ciudad Jardín - UAN,51.0,38.44665
13:30,Bicentenario,33.0,46.47986
13:30,Temporal Calle 57,225.0,48.456745
13:30,Biblioteca,15.0,46.46357
13:30,AV. ElDorado,55.0,46.479847
13:30,Calle 26,19.0,46.479847
13:30,Alquería,106.0,38.446625
13:30,Bosa,1.0,41.694397
13:30,CAD,3.0,38.4467
13:30,Banderas,1.0,38.740288
13:30,Calle 19,80.0,38.447533
13:30,AV. Jiménez - CL 13,0.0,46.479847
13:30,Movistar Arena,211.0,48.66876
13:30,AV. 39,38.0,46.47999
13:30,Calle 76 - San Felipe,104.0,42.466335
13:30,Calle 63,0.0,46.47985
13:30,Calle 85,164.0,46.479855
13:30,NQS - Calle 30 S,74.0,46.479847
13:30,Country Sur,1.0,38.446217
13:30,Carrera 47,26.0,38.448517
13:30,Portal 80,48.0,38.446667
13:30,Olaya,1.0,42.69825
13:30,Molinos,1.0,38.44685
13:30,Nariño,6.0,38.44669
13:30,Gratamira,5.0,39.532204
13:30,Pradera - Plaza Central,1.0,40.546917
13:30,Las Nieves,99.0,38.44666
13:30,Modelia,46.0,38.446682
13:30,Portal El Dorado – C.C. Nuestro Bogotá,1.0,42.297207
13:30,Flores – Areandina,148.0,46.481472
13:30,Museo del Oro,136.0,44.962475
13:30,General Santander,40.0,38.446705
13:30,Portal 20 de Julio,1.0,38.446728
13:30,Humedal Córdoba,14.0,38.73926
13:30,Parque,13.0,38.446655
13:30,Policarpa,54.0,38.47397
13:30,Museo Nacional,77.0,38.44665
13:30,Hospital,18.0,38.44665
13:30,Normandía,113.0,38.44838
13:30,Perdomo,62.0,38.44742
13:30,Hortúa,7.0,23.738152
13:30,Portal Usme,5.0,22.521502
13:30,Ferias,38.0,38.44666
13:30,Temporal Marly,0.0,46.479847
13:30,Patio Bonito,0.0,38.446644
13:30,Portal Tunal,135.0,43.73122
13:30,Fucha,109.0,38.447147
13:30,Minuto de Dios,83.0,38.446674
13:30,Portal Américas,34.0,38.4478
13:30,Las Aguas - Centro Colombo Americano,94.0,38.446655
13:30,Portal Suba,27.0,38.96774
13:30,Suba - AV. Boyacá,30.0,38.446686
13:30,Santa Lucía,73.0,38.44665
13:30,San Martín,21.0,38.446697
13:30,Universidades – CityU,28.0,38.44665
13:30,Santa Isabel,38.0,39.66235
13:30,Suba - Calle 95,82.0,46.492184
13:30,Puente Aranda,16.0,46.478123
13:30,Quiroga,54.0,38.44675
13:30,Puentelargo,79.0,38.44665
13:30,San Victorino,241.0,46.479855
13:30,CC Paseo Villa del Río - Madelena,71.0,46.479946
13:30,San Mateo - CC Unisur,171.0,38.44665
13:30,Sevillana,1.0,46.481304
13:30,Rionegro,51.0,38.4467
13:30,Suba - Calle 116,91.0,38.473866
13:30,San Bernardo,56.0,38.44665
13:30,SENA,0.0,46.186726
13:30,San Facon Carrera 22,42.0,46.4798
13:30,Socorro,18.0,38.446663
13:30,21 Ángeles,29.0,38.53466
13:30,Temporal Calle 34,2.0,38.447468
13:30,Venecia,89.0,38.4594
13:30,Danubio,0.0,46.238033
13:30,Portal Sur - JFK Coop. Financiera,7.0,38.618355
13:30,Temporal Calle 22,34.0,46.488213
13:45,AV. Chile,89.0,44.530518
13:45,CAN,89.0,46.82851
13:45,Campín - UAN,39.0,47.473354
13:45,San Diego,36.0,38.446968
13:45,Granja - Kr 77,1.0,46.51527
13:45,Ricaurte - NQS,83.0,46.47864
13:45,Quirigua,42.0,38.447044
13:45,Suba - Calle 100,76.0,39.731297
13:45,Calle 75 - Zona M,86.0,46.479816
13:45,AV. Boyacá,118.0,46.818817
13:45,Calle 40 Sur,2.0,38.456757
13:45,AV. Américas - AV. Boyacá,47.0,40.285244
13:45,Marsella,60.0,38.446724
13:45,Niza - Calle 127,1.0,52.387993
13:45,La Campiña,46.0,38.448242
13:45,Transversal 86,35.0,38.44675
13:45,Corferias,99.0,57.24889
13:45,Guatoque - Veraguas,43.0,38.44665
13:45,CDS - Carrera 32,10.0,46.48008
13:45,Ciudad Universitaria - Lotería de Bogotá,5.0,46.47369
13:45,Universidad Nacional,182.0,38.446655
13:45,Avenida Rojas - UNISALESIANA,13.0,52.4546
13:45,Tercer Milenio,3.0,38.44705
13:45,Concejo de Bogotá,9.0,38.450283
13:45,NQS - Calle 38A S,1.0,38.447403
13:45,7 de Agosto,117.0,57.256023
13:45,AV. 68,1.0,46.532963
13:45,Distrito Grafiti,108.0,46.479866
13:45,Polo - FINCOMERCIO,59.0,38.447205
13:45,Tygua - San José,17.0,38.446655
13:45,Quinta Paredes,31.0,43.633568
13:45,Salitre - El Greco,107.0,42.508163
13:45,Zona Industrial,32.0,46.492725
13:45,León XIII,53.0,38.446655
13:45,Paloquemao,191.0,40.091984
13:45,Carrera 90,67.0,38.44702
13:45,Gobernación,60.0,46.55761
13:45,Terreros - Hospital Cardio Vascular,1.0,38.449337
13:45,Escuela Militar,10.0,41.03697
13:45,Mandalay,21.0,46.47934
13:45,AV. Cali,98.0,38.959545
13:45,Suba - TV. 91,94.0,38.459248
13:45,Ricaurte - CL 13,73.0,38.44665
13:45,Restrepo,130.0,38.446655
13:45,Prado,1.0,46.77924
13:45,Terminal,100.0,38.564846
13:45,Virrey,143.0,46.094566
13:45,Toberin - Foundever,1.0,38.44668
13:45,Pepe Sierra,145.0,38.44837
13:45,Calle 100 - Marketmedios,237.0,53.310204
13:45,Calle 142,40.0,38.5104
13:45,Portal Norte – Unicervantes,174.0,46.874775
13:45,Calle 187,43.0,46.588116
13:45,Alcalá – Colegio S. Tomás Dominicos,1.0,56.913258
13:45,Calle 146,27.0,43.12907
13:45,Calle 127,239.0,50.436584
13:45,Héroes,139.0,53.41948
13:45,Calle 161,4.0,38.687866
13:45,Calle 106 - Maletas Explora,128.0,57.401897
13:45,Mazurén,1.0,38.545574
13:45,Calle 45 - American School Way,9.0,46.47926
13:45,Carrera 53,1.0,38.44683
13:45,La Castellana,60.0,38.449253
13:45,AV. 1 Mayo,8.0,46.88476
13:45,De La Sabana,2.0,46.399338
13:45,La Despensa,21.0,38.44665
13:45,Calle 72,0.0,46.47985
13:45,Centro Memoria,5.0,38.446655
13:45,Carrera 43 - Comapan,29.0,46.479847
13:45,Consuelo,14.0,38.44698
13:45,AV. Jiménez - Caracas,223.0,46.479847
13:45,Comuneros,7.0,38.56538
13:45,El Tiempo – Cámara de Comercio de Bogotá,11.0,38.446655
13:45,Biblioteca Tintal,60.0,38.44665
13:45,Ciudad Jardín - UAN,2.0,38.446724
13:45,Bicentenario,4.0,46.48045
13:45,Temporal Calle 57,194.0,47.18874
13:45,Biblioteca,1.0,38.44665
13:45,AV. ElDorado,54.0,45.832653
13:45,Calle 26,25.0,46.478584
13:45,Alquería,85.0,39.23435
13:45,Bosa,9.0,38.446648
13:45,CAD,21.0,38.446728
13:45,Banderas,1.0,38.446663
13:45,Calle 19,64.0,46.47987
13:45,AV. Jiménez - CL 13,0.0,46.56969
13:45,Movistar Arena,93.0,38.44691
13:45,AV. 39,41.0,46.494316
13:45,Calle 76 - San Felipe,90.0,46.50015
13:45,Calle 63,0.0,46.823956
13:45,Calle 85,115.0,57.269573
13:45,NQS - Calle 30 S,79.0,46.414394
13:45,Country Sur,7.0,38.445614
13:45,Carrera 47,30.0,38.44883
13:45,Portal 80,20.0,38.557964
13:45,Olaya,100.0,38.446987
13:45,Molinos,1.0,38.44665
13:45,Nariño,4.0,38.44665
13:45,Gratamira,4.0,38.4541
13:45,Pradera - Plaza Central,1.0,46.48249
13:45,Las Nieves,65.0,46.47492
13:45,Modelia,58.0,38.44667
13:45,Portal El Dorado – C.C. Nuestro Bogotá,29.0,38.446754
13:45,Flores – Areandina,164.0,57.25279
13:45,Museo del Oro,100.0,49.63016
13:45,General Santander,35.0,38.45068
13:45,Portal 20 de Julio,80.0,38.447216
13:45,Humedal Córdoba,27.0,46.47947
13:45,Parque,3.0,38.448437
13:45,Policarpa,4.0,38.654522
13:45,Museo Nacional,95.0,38.446915
13:45,Hospital,1.0,40.62925
13:45,Normandía,15.0,46.481113
13:45,Perdomo,56.0,38.44955
13:45,Hortúa,3.0,35.607304
13:45,Portal Usme,2.0,38.4467
13:45,Ferias,1.0,38.446667
13:45,Temporal Marly,0.0,40.24421
13:45,Patio Bonito,0.0,38.461277
13:45,Portal Tunal,2.0,47.643757
13:45,Fucha,125.0,38.52561
13:45,Minuto de Dios,55.0,38.44746
13:45,Portal Américas,66.0,38.446693
13:45,Las Aguas - Centro Colombo Americano,104.0,38.61479
13:45,Portal Suba,48.0,49.143337
13:45,Suba - AV. Boyacá,1.0,44.977406
13:45,Santa Lucía,60.0,38.44665
13:45,San Martín,18.0,44.782955
13:45,Universidades – CityU,29.0,38.44907
13:45,Santa Isabel,26.0,38.950043
13:45,Suba - Calle 95,85.0,42.348934
13:45,Puente Aranda,24.0,47.09264
13:45,Quiroga,33.0,38.446846
13:45,Puentelargo,52.0,38.533512
13:45,San Victorino,2.0,46.612354
13:45,CC Paseo Villa del Río - Madelena,1.0,38.446865
13:45,San Mateo - CC Unisur,66.0,38.446655
13:45,Sevillana,31.0,42.170406
13:45,Rionegro,48.0,45.80234
13:45,Suba - Calle 116,108.0,40.165375
13:45,San Bernardo,12.0,38.446663
13:45,SENA,0.0,38.44668
13:45,San Facon Carrera 22,18.0,46.479843
13:45,Socorro,21.0,38.478924
13:45,21 Ángeles,13.0,39.656315
13:45,Temporal Calle 34,82.0,23.097649
13:45,Venecia,86.0,23.753685
13:45,Danubio,0.0,38.446663
13:45,Portal Sur - JFK Coop. Financiera,88.0,38.44666
13:45,Temporal Calle 22,29.0,46.481216
14:00,AV. Chile,2.0,39.371983
14:00,CAN,119.0,40.3353
14:00,Campín - UAN,1.0,38.473495
14:00,San Diego,2.0,38.447586
14:00,Granja - Kr 77,13.0,44.0089
14:00,Ricaurte - NQS,129.0,38.44665
14:00,Quirigua,22.0,38.522625
14:00,Suba - Calle 100,103.0,38.452698
14:00,Calle 75 - Zona M,32.0,46.48042
14:00,AV. Boyacá,1.0,38.455193
14:00,Calle 40 Sur,16.0,38.448986
14:00,AV. Américas - AV. Boyacá,72.0,39.297623
14:00,Marsella,90.0,38.450836
14:00,Niza - Calle 127,60.0,45.68398
14:00,La Campiña,50.0,38.446712
14:00,Transversal 86,1.0,38.481865
14:00,Corferias,103.0,49.282787
14:00,Guatoque - Veraguas,1.0,38.446625
14:00,CDS - Carrera 32,57.0,38.673546
14:00,Ciudad Universitaria - Lotería de Bogotá,52.0,38.520096
14:00,Universidad Nacional,217.0,38.44671
14:00,Avenida Rojas - UNISALESIANA,57.0,38.446663
14:00,Tercer Milenio,47.0,38.44662
14:00,Concejo de Bogotá,20.0,38.450836
14:00,NQS - Calle 38A S,1.0,44.809948
14:00,7 de Agosto,38.0,49.32714
14:00,AV. 68,50.0,40.228474
14:00,Distrito Grafiti,137.0,46.375435
14:00,Polo - FINCOMERCIO,12.0,38.60384
14:00,Tygua - San José,11.0,44.310947
14:00,Quinta Paredes,35.0,38.45081
14:00,Salitre - El Greco,1.0,49.127483
14:00,Zona Industrial,33.0,39.309364
14:00,León XIII,1.0,38.44665
14:00,Paloquemao,220.0,38.446697
14:00,Carrera 90,31.0,38.44822
14:00,Gobernación,48.0,38.688633
14:00,Terreros - Hospital Cardio Vascular,1.0,38.446655
14:00,Escuela Militar,4.0,47.304173
14:00,Mandalay,13.0,38.446774
14:00,AV. Cali,50.0,38.44914
14:00,Suba - TV. 91,34.0,39.412674
14:00,Ricaurte - CL 13,72.0,38.446655
14:00,Restrepo,161.0,45.67014
14:00,Prado,90.0,46.64618
14:00,Terminal,116.0,38.44666
14:00,Virrey,182.0,47.752605
14:00,Toberin - Foundever,1.0,38.44665
14:00,Pepe Sierra,153.0,46.491276
14:00,Calle 100 - Marketmedios,2.0,57.595695
14:00,Calle 142,17.0,38.550087
14:00,Portal Norte – Unicervantes,218.0,46.935
14:00,Calle 187,55.0,46.460102
14:00,Alcalá – Colegio S. Tomás Dominicos,100.0,38.450874
14:00,Calle 146,31.0,45.393482
14:00,Calle 127,281.0,57.87733
14:00,Héroes,183.0,57.269352
14:00,Calle 161,5.0,38.44945
14:00,Calle 106 - Maletas Explora,143.0,57.49338
14:00,Mazurén,1.0,38.44747
14:00,Calle 45 - American School Way,3.0,45.59036
14:00,Carrera 53,14.0,38.456406
14:00,La Castellana,17.0,46.48054
14:00,AV. 1 Mayo,22.0,38.446712
14:00,De La Sabana,42.0,38.446655
14:00,La Despensa,2.0,38.449825
14:00,Calle 72,0.0,38.831673
14:00,Centro Memoria,38.0,38.44665
14:00,Carrera 43 - Comapan,49.0,38.446655
14:00,Consuelo,20.0,38.44665
14:00,AV. Jiménez - Caracas,183.0,38.44665
14:00,Comuneros,19.0,38.44665
14:00,El Tiempo – Cámara de Comercio de Bogotá,133.0,38.44665
14:00,Biblioteca Tintal,138.0,38.446648
14:00,Ciudad Jardín - UAN,28.0,38.44665
14:00,Bicentenario,8.0,38.446663
14:00,Temporal Calle 57,285.0,38.46078
14:00,Biblioteca,25.0,38.44665
14:00,AV. ElDorado,64.0,38.44665
14:00,Calle 26,4.0,38.44677
14:00,Alquería,119.0,23.536625
14:00,Bosa,48.0,38.446724
14:00,CAD,21.0,38.446655
14:00,Banderas,26.0,49.159992
14:00,Calle 19,55.0,38.446823
14:00,AV. Jiménez - CL 13,0.0,38.4467
14:00,Movistar Arena,35.0,43.067
14:00,AV. 39,74.0,46.610615
14:00,Calle 76 - San Felipe,339.0,38.552025
14:00,Calle 63,0.0,46.504673
14:00,Calle 85,130.0,57.295795
14:00,NQS - Calle 30 S,61.0,38.45813
14:00,Country Sur,1.0,38.445587
14:00,Carrera 47,12.0,39.36593
14:00,Portal 80,31.0,38.45203
14:00,Olaya,3.0,38.44665
14:00,Molinos,1.0,38.446674
14:00,Nariño,9.0,38.44655
14:00,Gratamira,4.0,38.446648
14:00,Pradera - Plaza Central,99.0,38.446655
14:00,Las Nieves,3.0,49.181355
14:00,Modelia,47.0,34.112644
14:00,Portal El Dorado – C.C. Nuestro Bogotá,47.0,38.446728
14:00,Flores – Areandina,205.0,48.12581
14:00,Museo del Oro,11.0,38.4478
14:00,General Santander,20.0,37.144466
14:00,Portal 20 de Julio,36.0,38.43483
14:00,Humedal Córdoba,34.0,43.103474
14:00,Parque,18.0,38.44665
14:00,Policarpa,21.0,22.67467
14:00,Museo Nacional,100.0,38.446644
14:00,Hospital,16.0,38.44665
14:00,Normandía,41.0,38.446655
14:00,Perdomo,51.0,38.435104
14:00,Hortúa,6.0,38.44497
14:00,Portal Usme,1.0,22.500866
14:00,Ferias,10.0,38.44667
14:00,Temporal Marly,0.0,38.4467
14:00,Patio Bonito,0.0,28.442724
14:00,Portal Tunal,1.0,39.134987
14:00,Fucha,126.0,38.79676
14:00,Minuto de Dios,36.0,38.44683
14:00,Portal Américas,163.0,38.58152
14:00,Las Aguas - Centro Colombo Americano,38.0,38.446835
14:00,Portal Suba,40.0,47.978573
14:00,Suba - AV. Boyacá,39.0,38.46993
14:00,Santa Lucía,28.0,38.447147
14:00,San Martín,16.0,42.71846
14:00,Universidades – CityU,1.0,43.605526
14:00,Santa Isabel,1.0,38.446632
14:00,Suba - Calle 95,133.0,46.482388
14:00,Puente Aranda,30.0,38.4476
14:00,Quiroga,1.0,24.898375
14:00,Puentelargo,65.0,38.450203
14:00,San Victorino,2.0,38.510334
14:00,CC Paseo Villa del Río - Madelena,3.0,38.44665
14:00,San Mateo - CC Unisur,150.0,14.434582
14:00,Sevillana,52.0,49.175068
14:00,Rionegro,50.0,38.44734
14:00,Suba - Calle 116,103.0,46.479183
14:00,San Bernardo,18.0,24.666035
14:00,SENA,0.0,38.507763
14:00,San Facon Carrera 22,1.0,38.446655
14:00,Socorro,13.0,23.026314
14:00,21 Ángeles,14.0,38.532207
14:00,Temporal Calle 34,2.0,25.145182
14:00,Venecia,99.0,22.524925
14:00,Danubio,0.0,38.446655
14:00,Portal Sur - JFK Coop. Financiera,11.0,40.032173
14:00,Temporal Calle 22,1.0,46.503105
14:15,AV. Chile,1.0,38.447098
14:15,CAN,128.0,59.72846
14:15,Campín - UAN,141.0,46.480022
14:15,San Diego,10.0,38.44665
14:15,Granja - Kr 77,53.0,39.529945
14:15,Ricaurte - NQS,258.0,38.46031
14:15,Quirigua,34.0,38.487106
14:15,Suba - Calle 100,90.0,38.465206
14:15,Calle 75 - Zona M,120.0,46.47987
14:15,AV. Boyacá,109.0,47.453217
14:15,Calle 40 Sur,1.0,38.44665
14:15,AV. Américas - AV. Boyacá,41.0,38.622734
14:15,Marsella,30.0,38.396976
14:15,Niza - Calle 127,2.0,46.480305
14:15,La Campiña,55.0,38.44665
14:15,Transversal 86,2.0,38.63469
14:15,Corferias,40.0,38.462997
14:15,Guatoque - Veraguas,66.0,38.44665
14:15,CDS - Carrera 32,1.0,46.479855
14:15,Ciudad Universitaria - Lotería de Bogotá,14.0,46.480053
14:15,Universidad Nacional,181.0,46.479546
14:15,Avenida Rojas - UNISALESIANA,105.0,46.47388
14:15,Tercer Milenio,41.0,38.44665
14:15,Concejo de Bogotá,13.0,46.479958
14:15,NQS - Calle 38A S,2.0,38.543957
14:15,7 de Agosto,1.0,38.54315
14:15,AV. 68,151.0,46.47994
14:15,Distrito Grafiti,165.0,38.462875
14:15,Polo - FINCOMERCIO,72.0,46.48041
14:15,Tygua - San José,30.0,38.45252
14:15,Quinta Paredes,27.0,38.52052
14:15,Salitre - El Greco,85.0,38.505363
14:15,Zona Industrial,47.0,46.480145
14:15,León XIII,53.0,38.447296
14:15,Paloquemao,273.0,38.44673
14:15,Carrera 90,79.0,46.521515
14:15,Gobernación,51.0,46.480633
14:15,Terreros - Hospital Cardio Vascular,43.0,38.44665
14:15,Escuela Militar,25.0,57.709156
14:15,Mandalay,10.0,38.44664
14:15,AV. Cali,1.0,38.446682
14:15,Suba - TV. 91,89.0,38.652954
14:15,Ricaurte - CL 13,65.0,46.47977
14:15,Restrepo,52.0,46.47985
14:15,Prado,31.0,46.58375
14:15,Terminal,60.0,48.54626
14:15,Virrey,22.0,51.199245
14:15,Toberin - Foundever,53.0,38.44677
14:15,Pepe Sierra,187.0,45.79971
14:15,Calle 100 - Marketmedios,283.0,46.93551
14:15,Calle 142,159.0,38.446667
14:15,Portal Norte – Unicervantes,141.0,47.85196
14:15,Calle 187,84.0,38.44687
14:15,Alcalá – Colegio S. Tomás Dominicos,14.0,46.196133
14:15,Calle 146,19.0,46.479847
14:15,Calle 127,53.0,64.27184
14:15,Héroes,57.0,72.89689
14:15,Calle 161,3.0,44.44671
14:15,Calle 106 - Maletas Explora,198.0,58.336002
14:15,Mazurén,26.0,38.446655
14:15,Calle 45 - American School Way,35.0,46.47985
14:15,Carrera 53,75.0,46.478485
14:15,La Castellana,14.0,46.480045
14:15,AV. 1 Mayo,1.0,38.446667
14:15,De La Sabana,1.0,38.446663
14:15,La Despensa,15.0,38.447697
14:15,Calle 72,0.0,46.48584
14:15,Centro Memoria,21.0,38.446655
14:15,Carrera 43 - Comapan,15.0,38.44685
14:15,Consuelo,1.0,38.44665
14:15,AV. Jiménez - Caracas,3.0,38.446655
14:15,Comuneros,16.0,38.448536
14:15,El Tiempo – Cámara de Comercio de Bogotá,163.0,62.030296
14:15,Biblioteca Tintal,69.0,46.482075
14:15,Ciudad Jardín - UAN,32.0,38.446587
14:15,Bicentenario,18.0,38.446655
14:15,Temporal Calle 57,236.0,46.76468
14:15,Biblioteca,15.0,39.13237
14:15,AV. ElDorado,60.0,46.479836
14:15,Calle 26,4.0,45.002052
14:15,Alquería,3.0,38.446667
14:15,Bosa,1.0,38.44666
14:15,CAD,1.0,46.479847
14:15,Banderas,13.0,48.825367
14:15,Calle 19,72.0,38.44665
14:15,AV. Jiménez - CL 13,0.0,46.479847
14:15,Movistar Arena,89.0,38.59416
14:15,AV. 39,81.0,62.620045
14:15,Calle 76 - San Felipe,66.0,61.76232
14:15,Calle 63,0.0,62.648518
14:15,Calle 85,37.0,77.65227
14:15,NQS - Calle 30 S,80.0,46.479847
14:15,Country Sur,47.0,38.44495
14:15,Carrera 47,42.0,46.479855
14:15,Portal 80,51.0,46.47986
14:15,Olaya,1.0,38.446606
14:15,Molinos,22.0,38.44665
14:15,Nariño,20.0,38.44662
14:15,Gratamira,21.0,38.44665
14:15,Pradera - Plaza Central,1.0,38.44666
14:15,Las Nieves,144.0,38.449158
14:15,Modelia,84.0,22.655535
14:15,Portal El Dorado – C.C. Nuestro Bogotá,56.0,38.44665
14:15,Flores – Areandina,320.0,61.87083
14:15,Museo del Oro,53.0,38.44671
14:15,General Santander,26.0,38.448654
14:15,Portal 20 de Julio,1.0,23.06605
14:15,Humedal Córdoba,23.0,46.479855
14:15,Parque,13.0,38.44665
14:15,Policarpa,18.0,22.500687
14:15,Museo Nacional,105.0,38.44664
14:15,Hospital,29.0,38.44665
14:15,Normandía,107.0,46.423157
14:15,Perdomo,77.0,38.446655
14:15,Hortúa,53.0,34.878178
14:15,Portal Usme,94.0,22.479492
14:15,Ferias,47.0,38.446655
14:15,Temporal Marly,0.0,46.479847
14:15,Patio Bonito,0.0,38.446663
14:15,Portal Tunal,3.0,38.45536
14:15,Fucha,23.0,38.687546
14:15,Minuto de Dios,135.0,38.997513
14:15,Portal Américas,76.0,38.473877
14:15,Las Aguas - Centro Colombo Americano,148.0,38.44665
14:15,Portal Suba,28.0,38.4853
14:15,Suba - AV. Boyacá,1.0,38.46371
14:15,Santa Lucía,43.0,38.446644
14:15,San Martín,6.0,46.479847
14:15,Universidades – CityU,92.0,38.443333
14:15,Santa Isabel,37.0,38.44665
14:15,Suba - Calle 95,106.0,57.25313
14:15,Puente Aranda,37.0,38.44667
14:15,Quiroga,24.0,38.446552
14:15,Puentelargo,87.0,46.359444
14:15,San Victorino,150.0,38.446728
14:15,CC Paseo Villa del Río - Madelena,92.0,38.44666
14:15,San Mateo - CC Unisur,147.0,38.404194
14:15,Sevillana,48.0,38.447098
14:15,Rionegro,60.0,38.44665
14:15,Suba - Calle 116,147.0,46.47989
14:15,San Bernardo,56.0,38.442814
14:15,SENA,0.0,38.446655
14:15,San Facon Carrera 22,74.0,38.44665
14:15,Socorro,1.0,38.44461
14:15,21 Ángeles,14.0,38.44671
14:15,Temporal Calle 34,121.0,38.44666
14:15,Venecia,1.0,38.446598
14:15,Danubio,0.0,38.44665
14:15,Portal Sur - JFK Coop. Financiera,33.0,38.447735
14:15,Temporal Calle 22,34.0,38.446808
14:30,AV. Chile,1.0,46.421333
14:30,CAN,110.0,58.154163
14:30,Campín - UAN,2.0,72.58224
14:30,San Diego,5.0,46.479847
14:30,Granja - Kr 77,20.0,46.483494
14:30,Ricaurte - NQS,148.0,46.47944
14:30,Quirigua,30.0,46.479813
14:30,Suba - Calle 100,102.0,46.479877
14:30,Calle 75 - Zona M,114.0,46.508472
14:30,AV. Boyacá,69.0,46.48106
14:30,Calle 40 Sur,26.0,46.479813
14:30,AV. Américas - AV. Boyacá,62.0,39.80693
14:30,Marsella,69.0,38.518673
14:30,Niza - Calle 127,91.0,40.544533
14:30,La Campiña,30.0,38.447628
14:30,Transversal 86,38.0,38.44666
14:30,Corferias,142.0,45.788452
14:30,Guatoque - Veraguas,61.0,38.446613
14:30,CDS - Carrera 32,47.0,46.47984
14:30,Ciudad Universitaria - Lotería de Bogotá,40.0,46.47994
14:30,Universidad Nacional,184.0,62.164806
14:30,Avenida Rojas - UNISALESIANA,80.0,57.26033
14:30,Tercer Milenio,27.0,42.390232
14:30,Concejo de Bogotá,4.0,38.467793
14:30,NQS - Calle 38A S,2.0,38.446835
14:30,7 de Agosto,184.0,46.48107
14:30,AV. 68,1.0,49.430115
14:30,Distrito Grafiti,125.0,43.703064
14:30,Polo - FINCOMERCIO,16.0,39.272335
14:30,Tygua - San José,2.0,38.45161
14:30,Quinta Paredes,40.0,39.71712
14:30,Salitre - El Greco,2.0,38.859592
14:30,Zona Industrial,49.0,46.48009
14:30,León XIII,51.0,38.721264
14:30,Paloquemao,248.0,38.45641
14:30,Carrera 90,55.0,46.48283
14:30,Gobernación,68.0,46.479877
14:30,Terreros - Hospital Cardio Vascular,27.0,38.44666
14:30,Escuela Militar,6.0,47.099316
14:30,Mandalay,12.0,46.214836
14:30,AV. Cali,70.0,38.44666
14:30,Suba - TV. 91,85.0,38.446735
14:30,Ricaurte - CL 13,60.0,40.82568
14:30,Restrepo,123.0,32.90873
14:30,Prado,77.0,39.080772
14:30,Terminal,105.0,43.90205
14:30,Virrey,197.0,39.103798
14:30,Toberin - Foundever,105.0,46.478916
14:30,Pepe Sierra,162.0,71.37212
14:30,Calle 100 - Marketmedios,1.0,47.95802
14:30,Calle 142,44.0,70.646385
14:30,Portal Norte – Unicervantes,196.0,50.662018
14:30,Calle 187,1.0,46.479855
14:30,Alcalá – Colegio S. Tomás Dominicos,78.0,46.479645
14:30,Calle 146,19.0,46.886005
14:30,Calle 127,272.0,46.637928
14:30,Héroes,225.0,39.483467
14:30,Calle 161,16.0,46.481426
14:30,Calle 106 - Maletas Explora,178.0,74.26955
14:30,Mazurén,46.0,38.446663
14:30,Calle 45 - American School Way,22.0,46.487488
14:30,Carrera 53,35.0,38.48957
14:30,La Castellana,111.0,38.76228
14:30,AV. 1 Mayo,33.0,46.4792
14:30,De La Sabana,1.0,38.447437
14:30,La Despensa,18.0,38.44665
14:30,Calle 72,0.0,46.479862
14:30,Centro Memoria,1.0,38.447536
14:30,Carrera 43 - Comapan,58.0,38.446686
14:30,Consuelo,12.0,38.44665
14:30,AV. Jiménez - Caracas,180.0,38.44686
14:30,Comuneros,13.0,45.186684
14:30,El Tiempo – Cámara de Comercio de Bogotá,84.0,46.643425
14:30,Biblioteca Tintal,52.0,38.747086
14:30,Ciudad Jardín - UAN,49.0,22.499395
14:30,Bicentenario,17.0,46.47231
14:30,Temporal Calle 57,221.0,47.25691
14:30,Biblioteca,28.0,38.454803
14:30,AV. ElDorado,69.0,38.44665
14:30,Calle 26,15.0,38.446655
14:30,Alquería,111.0,22.797598
14:30,Bosa,38.0,38.446648
14:30,CAD,44.0,38.96307
14:30,Banderas,55.0,48.99596
14:30,Calle 19,61.0,46.45409
14:30,AV. Jiménez - CL 13,0.0,38.45971
14:30,Movistar Arena,135.0,38.4497
14:30,AV. 39,46.0,38.462505
14:30,Calle 76 - San Felipe,356.0,46.480152
14:30,Calle 63,0.0,46.558197
14:30,Calle 85,163.0,51.16923
14:30,NQS - Calle 30 S,51.0,38.44679
14:30,Country Sur,46.0,22.44204
14:30,Carrera 47,14.0,39.19765
14:30,Portal 80,26.0,38.446697
14:30,Olaya,92.0,23.944399
14:30,Molinos,48.0,46.47563
14:30,Nariño,2.0,46.466953
14:30,Gratamira,3.0,46.479847
14:30,Pradera - Plaza Central,1.0,46.242054
14:30,Las Nieves,147.0,55.675556
14:30,Modelia,77.0,38.44682
14:30,Portal El Dorado – C.C. Nuestro Bogotá,50.0,38.44665
14:30,Flores – Areandina,225.0,46.810474
14:30,Museo del Oro,25.0,46.479847
14:30,General Santander,47.0,38.446606
14:30,Portal 20 de Julio,37.0,38.446625
14:30,Humedal Córdoba,23.0,46.479847
14:30,Parque,5.0,46.42196
14:30,Policarpa,34.0,37.603764
14:30,Museo Nacional,130.0,61.75984
14:30,Hospital,25.0,46.197166
14:30,Normandía,77.0,61.7605
14:30,Perdomo,50.0,38.44669
14:30,Hortúa,4.0,38.446846
14:30,Portal Usme,2.0,38.44653
14:30,Ferias,22.0,46.479847
14:30,Temporal Marly,0.0,46.479855
14:30,Patio Bonito,0.0,49.078968
14:30,Portal Tunal,1.0,38.477352
14:30,Fucha,130.0,38.44693
14:30,Minuto de Dios,84.0,43.097786
14:30,Portal Américas,22.0,38.446777
14:30,Las Aguas - Centro Colombo Americano,1.0,46.48882
14:30,Portal Suba,39.0,42.311783
14:30,Suba - AV. Boyacá,33.0,38.446114
14:30,Santa Lucía,19.0,38.446537
14:30,San Martín,21.0,46.479847
14:30,Universidades – CityU,1.0,45.908054
14:30,Santa Isabel,26.0,44.199436
14:30,Suba - Calle 95,113.0,73.79402
14:30,Puente Aranda,30.0,46.479847
14:30,Quiroga,1.0,38.44679
14:30,Puentelargo,83.0,40.851025
14:30,San Victorino,5.0,64.51077
14:30,CC Paseo Villa del Río - Madelena,87.0,38.446877
14:30,San Mateo - CC Unisur,1.0,38.44665
14:30,Sevillana,35.0,40.225307
14:30,Rionegro,61.0,50.51592
14:30,Suba - Calle 116,122.0,38.87524
14:30,San Bernardo,12.0,38.44873
14:30,SENA,0.0,38.447147
14:30,San Facon Carrera 22,1.0,38.44674
14:30,Socorro,13.0,40.61224
14:30,21 Ángeles,12.0,38.65641
14:30,Temporal Calle 34,1.0,38.679596
14:30,Venecia,77.0,38.43876
14:30,Danubio,0.0,38.4916
14:30,Portal Sur - JFK Coop. Financiera,53.0,38.44687
14:30,Temporal Calle 22,42.0,46.47985
14:45,AV. Chile,106.0,38.507175
14:45,CAN,41.0,58.8642
14:45,Campín - UAN,25.0,50.67792
14:45,San Diego,38.0,42.037388
14:45,Granja - Kr 77,5.0,38.940742
14:45,Ricaurte - NQS,134.0,38.749733
14:45,Quirigua,40.0,42.461224
14:45,Suba - Calle 100,93.0,40.453064
14:45,Calle 75 - Zona M,67.0,73.49498
14:45,AV. Boyacá,2.0,49.228382
14:45,Calle 40 Sur,19.0,38.479965
14:45,AV. Américas - AV. Boyacá,78.0,39.184704
14:45,Marsella,71.0,39.318905
14:45,Niza - Calle 127,38.0,46.4799
14:45,La Campiña,1.0,38.446674
14:45,Transversal 86,16.0,50.561672
14:45,Corferias,129.0,47.27779
14:45,Guatoque - Veraguas,51.0,38.44665
14:45,CDS - Carrera 32,25.0,46.47985
14:45,Ciudad Universitaria - Lotería de Bogotá,39.0,45.878925
14:45,Universidad Nacional,233.0,53.776787
14:45,Avenida Rojas - UNISALESIANA,67.0,46.48023
14:45,Tercer Milenio,1.0,38.446644
14:45,Concejo de Bogotá,1.0,46.44631
14:45,NQS - Calle 38A S,187.0,38.446663
14:45,7 de Agosto,150.0,57.25662
14:45,AV. 68,153.0,46.48971
14:45,Distrito Grafiti,108.0,56.09117
14:45,Polo - FINCOMERCIO,41.0,46.54891
14:45,Tygua - San José,15.0,38.446674
14:45,Quinta Paredes,33.0,46.481373
14:45,Salitre - El Greco,96.0,38.472507
14:45,Zona Industrial,28.0,61.70966
14:45,León XIII,33.0,38.446655
14:45,Paloquemao,181.0,38.44665
14:45,Carrera 90,65.0,47.716667
14:45,Gobernación,27.0,46.479893
14:45,Terreros - Hospital Cardio Vascular,20.0,38.44665
14:45,Escuela Militar,19.0,48.490646
14:45,Mandalay,19.0,49.216686
14:45,AV. Cali,1.0,38.481297
14:45,Suba - TV. 91,25.0,38.45132
14:45,Ricaurte - CL 13,59.0,46.475666
14:45,Restrepo,1.0,46.48117
14:45,Prado,1.0,58.360317
14:45,Terminal,102.0,57.227802
14:45,Virrey,61.0,47.037373
14:45,Toberin - Foundever,71.0,57.26052
14:45,Pepe Sierra,184.0,58.740417
14:45,Calle 100 - Marketmedios,1.0,47.147953
14:45,Calle 142,32.0,49.183704
14:45,Portal Norte – Unicervantes,1.0,71.669
14:45,Calle 187,90.0,56.566265
14:45,Alcalá – Colegio S. Tomás Dominicos,47.0,38.446663
14:45,Calle 146,10.0,46.48355
14:45,Calle 127,83.0,65.70016
14:45,Héroes,221.0,73.25358
14:45,Calle 161,2.0,46.509907
14:45,Calle 106 - Maletas Explora,1.0,59.012836
14:45,Mazurén,13.0,38.446705
14:45,Calle 45 - American School Way,207.0,46.592533
14:45,Carrera 53,50.0,46.479847
14:45,La Castellana,96.0,72.7658
14:45,AV. 1 Mayo,72.0,38.83126
14:45,De La Sabana,40.0,38.44666
14:45,La Despensa,3.0,38.452324
14:45,Calle 72,0.0,53.027958
14:45,Centro Memoria,1.0,38.446663
14:45,Carrera 43 - Comapan,44.0,46.47917
14:45,Consuelo,5.0,38.44665
14:45,AV. Jiménez - Caracas,30.0,38.44667
14:45,Comuneros,17.0,45.37797
14:45,El Tiempo – Cámara de Comercio de Bogotá,1.0,46.496033
14:45,Biblioteca Tintal,24.0,38.44665
14:45,Ciudad Jardín - UAN,23.0,38.44665
14:45,Bicentenario,7.0,38.446655
14:45,Temporal Calle 57,200.0,48.723324
14:45,Biblioteca,4.0,38.44665
14:45,AV. ElDorado,81.0,38.44851
14:45,Calle 26,18.0,38.666874
14:45,Alquería,170.0,37.712753
14:45,Bosa,52.0,38.44665
14:45,CAD,18.0,46.483204
14:45,Banderas,7.0,53.379326
14:45,Calle 19,1.0,46.116047
14:45,AV. Jiménez - CL 13,0.0,46.487022
14:45,Movistar Arena,126.0,39.274754
14:45,AV. 39,51.0,61.764763
14:45,Calle 76 - San Felipe,171.0,61.762127
14:45,Calle 63,0.0,61.84322
14:45,Calle 85,52.0,77.3744
14:45,NQS - Calle 30 S,62.0,46.48637
14:45,Country Sur,45.0,38.44594
14:45,Carrera 47,36.0,47.834587
14:45,Portal 80,1.0,46.479847
14:45,Olaya,116.0,38.446644
14:45,Molinos,25.0,38.446705
14:45,Nariño,56.0,38.44665
14:45,Gratamira,9.0,38.446777
14:45,Pradera - Plaza Central,117.0,38.468937
14:45,Las Nieves,104.0,49.17591
14:45,Modelia,57.0,38.446453
14:45,Portal El Dorado – C.C. Nuestro Bogotá,131.0,38.44665
14:45,Flores – Areandina,202.0,70.2797
14:45,Museo del Oro,51.0,38.570168
14:45,General Santander,23.0,43.07366
14:45,Portal 20 de Julio,100.0,38.44704
14:45,Humedal Córdoba,34.0,46.479855
14:45,Parque,2.0,38.44665
14:45,Policarpa,52.0,38.443058
14:45,Museo Nacional,44.0,46.758236
14:45,Hospital,1.0,38.44665
14:45,Normandía,65.0,46.479847
14:45,Perdomo,73.0,38.453564
14:45,Hortúa,57.0,38.444447
14:45,Portal Usme,2.0,38.44505
14:45,Ferias,41.0,38.813972
14:45,Temporal Marly,0.0,45.958237
14:45,Patio Bonito,0.0,48.690586
14:45,Portal Tunal,66.0,39.126705
14:45,Fucha,3.0,38.46082
14:45,Minuto de Dios,94.0,38.4557
14:45,Portal Américas,1.0,38.915268
14:45,Las Aguas - Centro Colombo Americano,129.0,38.446663
14:45,Portal Suba,1.0,48.603
14:45,Suba - AV. Boyacá,45.0,38.470867
14:45,Santa Lucía,37.0,38.44665
14:45,San Martín,11.0,46.479877
14:45,Universidades – CityU,219.0,38.449974
14:45,Santa Isabel,16.0,38.44665
14:45,Suba - Calle 95,69.0,59.472782
14:45,Puente Aranda,1.0,38.446716
14:45,Quiroga,29.0,38.569317
14:45,Puentelargo,76.0,46.479847
14:45,San Victorino,141.0,39.049397
14:45,CC Paseo Villa del Río - Madelena,44.0,38.446648
14:45,San Mateo - CC Unisur,110.0,22.555012
14:45,Sevillana,35.0,38.65461
14:45,Rionegro,46.0,38.48917
14:45,Suba - Calle 116,115.0,46.486065
14:45,San Bernardo,30.0,38.44614
14:45,SENA,0.0,38.452988
14:45,San Facon Carrera 22,20.0,38.446667
14:45,Socorro,14.0,36.689453
14:45,21 Ángeles,24.0,38.446655
14:45,Temporal Calle 34,84.0,38.442997
14:45,Venecia,126.0,24.153885
14:45,Danubio,0.0,38.44664
14:45,Portal Sur - JFK Coop. Financiera,5.0,38.446712
14:45,Temporal Calle 22,57.0,38.446697
15:00,AV. Chile,87.0,49.196377
15:00,CAN,29.0,54.896194
15:00,Campín - UAN,115.0,48.45991
15:00,San Diego,1.0,46.500164
15:00,Granja - Kr 77,18.0,38.535614
15:00,Ricaurte - NQS,1.0,47.079453
15:00,Quirigua,33.0,38.447094
15:00,Suba - Calle 100,108.0,38.51513
15:00,Calle 75 - Zona M,100.0,49.79011
15:00,AV. Boyacá,97.0,43.09138
15:00,Calle 40 Sur,30.0,46.478992
15:00,AV. Américas - AV. Boyacá,1.0,38.471184
15:00,Marsella,1.0,38.457268
15:00,Niza - Calle 127,72.0,38.44666
15:00,La Campiña,37.0,38.446655
15:00,Transversal 86,1.0,40.327568
15:00,Corferias,33.0,57.484234
15:00,Guatoque - Veraguas,67.0,38.44665
15:00,CDS - Carrera 32,19.0,38.62236
15:00,Ciudad Universitaria - Lotería de Bogotá,4.0,46.480095
15:00,Universidad Nacional,48.0,43.857395
15:00,Avenida Rojas - UNISALESIANA,2.0,38.51283
15:00,Tercer Milenio,23.0,39.643368
15:00,Concejo de Bogotá,6.0,42.535435
15:00,NQS - Calle 38A S,1.0,38.469147
15:00,7 de Agosto,135.0,57.313374
15:00,AV. 68,160.0,49.209255
15:00,Distrito Grafiti,100.0,63.41303
15:00,Polo - FINCOMERCIO,43.0,40.624523
15:00,Tygua - San José,12.0,38.447548
15:00,Quinta Paredes,11.0,46.487858
15:00,Salitre - El Greco,2.0,38.505154
15:00,Zona Industrial,41.0,55.478497
15:00,León XIII,50.0,38.4511
15:00,Paloquemao,230.0,38.489006
15:00,Carrera 90,70.0,43.625782
15:00,Gobernación,11.0,46.482727
15:00,Terreros - Hospital Cardio Vascular,35.0,38.44665
15:00,Escuela Militar,14.0,46.311604
15:00,Mandalay,20.0,38.45165
15:00,AV. Cali,65.0,23.69509
15:00,Suba - TV. 91,102.0,38.44665
15:00,Ricaurte - CL 13,68.0,38.446663
15:00,Restrepo,25.0,38.44754
15:00,Prado,49.0,49.971706
15:00,Terminal,52.0,45.655552
15:00,Virrey,54.0,38.529476
15:00,Toberin - Foundever,169.0,38.44896
15:00,Pepe Sierra,203.0,47.167377
15:00,Calle 100 - Marketmedios,265.0,38.475143
15:00,Calle 142,30.0,38.454216
15:00,Portal Norte – Unicervantes,41.0,39.87469
15:00,Calle 187,80.0,46.162586
15:00,Alcalá – Colegio S. Tomás Dominicos,134.0,47.554882
15:00,Calle 146,23.0,38.446682
15:00,Calle 127,273.0,38.497734
15:00,Héroes,75.0,57.876392
15:00,Calle 161,34.0,38.451523
15:00,Calle 106 - Maletas Explora,170.0,47.98601
15:00,Mazurén,62.0,38.44665
15:00,Calle 45 - American School Way,3.0,58.26469
15:00,Carrera 53,1.0,38.503872
15:00,La Castellana,40.0,57.180233
15:00,AV. 1 Mayo,11.0,38.44665
15:00,De La Sabana,80.0,38.44841
15:00,La Despensa,25.0,38.450058
15:00,Calle 72,0.0,38.460213
15:00,Centro Memoria,9.0,38.44665
15:00,Carrera 43 - Comapan,77.0,46.58901
15:00,Consuelo,7.0,38.44665
15:00,AV. Jiménez - Caracas,249.0,38.46195
15:00,Comuneros,10.0,38.44853
15:00,El Tiempo – Cámara de Comercio de Bogotá,30.0,38.480686
15:00,Biblioteca Tintal,76.0,38.44665
15:00,Ciudad Jardín - UAN,20.0,38.480885
15:00,Bicentenario,3.0,38.446655
15:00,Temporal Calle 57,1.0,38.453514
15:00,Biblioteca,17.0,38.44665
15:00,AV. ElDorado,42.0,38.44665
15:00,Calle 26,26.0,38.44665
15:00,Alquería,1.0,38.446735
15:00,Bosa,22.0,38.446644
15:00,CAD,64.0,38.46554
15:00,Banderas,3.0,44.30605
15:00,Calle 19,102.0,46.603806
15:00,AV. Jiménez - CL 13,0.0,41.81234
15:00,Movistar Arena,84.0,39.32222
15:00,AV. 39,32.0,45.230274
15:00,Calle 76 - San Felipe,1.0,57.202972
15:00,Calle 63,0.0,51.858288
15:00,Calle 85,59.0,62.1189
15:00,NQS - Calle 30 S,27.0,46.479954
15:00,Country Sur,59.0,38.446404
15:00,Carrera 47,47.0,49.22324
15:00,Portal 80,2.0,38.466312
15:00,Olaya,119.0,38.44669
15:00,Molinos,27.0,38.44665
15:00,Nariño,59.0,39.30723
15:00,Gratamira,8.0,38.447224
15:00,Pradera - Plaza Central,109.0,51.471058
15:00,Las Nieves,33.0,55.88695
15:00,Modelia,14.0,38.452892
15:00,Portal El Dorado – C.C. Nuestro Bogotá,29.0,38.44665
15:00,Flores – Areandina,226.0,58.67897
15:00,Museo del Oro,112.0,38.447495
15:00,General Santander,12.0,38.44796
15:00,Portal 20 de Julio,1.0,38.450043
15:00,Humedal Córdoba,46.0,38.452118
15:00,Parque,7.0,38.450134
15:00,Policarpa,13.0,40.81065
15:00,Museo Nacional,46.0,38.446705
15:00,Hospital,10.0,38.44665
15:00,Normandía,17.0,38.448467
15:00,Perdomo,52.0,38.752937
15:00,Hortúa,53.0,38.447166
15:00,Portal Usme,1.0,38.447643
15:00,Ferias,42.0,38.446693
15:00,Temporal Marly,0.0,39.06284
15:00,Patio Bonito,0.0,38.453506
15:00,Portal Tunal,4.0,38.446957
15:00,Fucha,1.0,38.635098
15:00,Minuto de Dios,60.0,38.448074
15:00,Portal Américas,1.0,38.44707
15:00,Las Aguas - Centro Colombo Americano,84.0,46.50631
15:00,Portal Suba,1.0,38.709488
15:00,Suba - AV. Boyacá,47.0,38.44683
15:00,Santa Lucía,1.0,38.44665
15:00,San Martín,28.0,46.41789
15:00,Universidades – CityU,1.0,38.461185
15:00,Santa Isabel,15.0,38.446865
15:00,Suba - Calle 95,108.0,50.397526
15:00,Puente Aranda,39.0,38.506783
15:00,Quiroga,42.0,38.449184
15:00,Puentelargo,1.0,38.514763
15:00,San Victorino,157.0,53.80853
15:00,CC Paseo Villa del Río - Madelena,43.0,38.449036
15:00,San Mateo - CC Unisur,139.0,22.857334
15:00,Sevillana,1.0,49.343525
15:00,Rionegro,47.0,38.447487
15:00,Suba - Calle 116,106.0,38.515266
15:00,San Bernardo,18.0,38.44665
15:00,SENA,0.0,40.3583
15:00,San Facon Carrera 22,1.0,38.447002
15:00,Socorro,15.0,38.44672
15:00,21 Ángeles,23.0,38.44665
15:00,Temporal Calle 34,121.0,38.446663
15:00,Venecia,57.0,25.178566
15:00,Danubio,0.0,38.446655
15:00,Portal Sur - JFK Coop. Financiera,4.0,38.44668
15:00,Temporal Calle 22,65.0,44.96029
15:15,AV. Chile,38.0,44.15028
15:15,CAN,27.0,49.48168
15:15,Campín - UAN,1.0,39.2017
15:15,San Diego,1.0,38.446667
15:15,Granja - Kr 77,9.0,38.448597
15:15,Ricaurte - NQS,175.0,43.412155
15:15,Quirigua,43.0,38.44673
15:15,Suba - Calle 100,105.0,46.639412
15:15,Calle 75 - Zona M,57.0,50.834843
15:15,AV. Boyacá,109.0,38.448296
15:15,Calle 40 Sur,1.0,48.270947
15:15,AV. Américas - AV. Boyacá,83.0,22.552181
15:15,Marsella,73.0,22.528015
15:15,Niza - Calle 127,1.0,46.479275
15:15,La Campiña,42.0,38.492046
15:15,Transversal 86,48.0,42.523434
15:15,Corferias,34.0,49.1392
15:15,Guatoque - Veraguas,60.0,38.446644
15:15,CDS - Carrera 32,10.0,46.479855
15:15,Ciudad Universitaria - Lotería de Bogotá,2.0,33.107723
15:15,Universidad Nacional,255.0,38.447506
15:15,Avenida Rojas - UNISALESIANA,7.0,38.47761
15:15,Tercer Milenio,23.0,38.44661
15:15,Concejo de Bogotá,7.0,38.58017
15:15,NQS - Calle 38A S,3.0,38.45953
15:15,7 de Agosto,145.0,49.535038
15:15,AV. 68,156.0,46.532177
15:15,Distrito Grafiti,99.0,46.11912
15:15,Polo - FINCOMERCIO,67.0,38.47537
15:15,Tygua - San José,20.0,38.451294
15:15,Quinta Paredes,11.0,38.446865
15:15,Salitre - El Greco,46.0,38.446697
15:15,Zona Industrial,1.0,38.46616
15:15,León XIII,1.0,38.44665
15:15,Paloquemao,1.0,38.44665
15:15,Carrera 90,71.0,46.504967
15:15,Gobernación,11.0,38.44673
15:15,Terreros - Hospital Cardio Vascular,1.0,38.44665
15:15,Escuela Militar,26.0,50.73776
15:15,Mandalay,14.0,38.446842
15:15,AV. Cali,61.0,40.05142
15:15,Suba - TV. 91,65.0,38.44781
15:15,Ricaurte - CL 13,83.0,38.44697
15:15,Restrepo,24.0,38.44666
15:15,Prado,133.0,46.854378
15:15,Terminal,146.0,45.6499
15:15,Virrey,240.0,46.482635
15:15,Toberin - Foundever,61.0,46.480267
15:15,Pepe Sierra,239.0,52.550655
15:15,Calle 100 - Marketmedios,318.0,72.611595
15:15,Calle 142,31.0,46.48088
15:15,Portal Norte – Unicervantes,146.0,47.15613
15:15,Calle 187,90.0,46.548954
15:15,Alcalá – Colegio S. Tomás Dominicos,154.0,72.6537
15:15,Calle 146,29.0,46.485195
15:15,Calle 127,341.0,46.591312
15:15,Héroes,286.0,45.569904
15:15,Calle 161,46.0,46.478424
15:15,Calle 106 - Maletas Explora,278.0,73.71147
15:15,Mazurén,66.0,38.450356
15:15,Calle 45 - American School Way,12.0,46.536232
15:15,Carrera 53,47.0,38.446655
15:15,La Castellana,72.0,47.84093
15:15,AV. 1 Mayo,6.0,38.722668
15:15,De La Sabana,57.0,38.446655
15:15,La Despensa,24.0,38.447144
15:15,Calle 72,0.0,44.749676
15:15,Centro Memoria,8.0,38.44665
15:15,Carrera 43 - Comapan,54.0,39.299957
15:15,Consuelo,14.0,38.44665
15:15,AV. Jiménez - Caracas,282.0,46.44966
15:15,Comuneros,18.0,38.44666
15:15,El Tiempo – Cámara de Comercio de Bogotá,22.0,22.980337
15:15,Biblioteca Tintal,1.0,38.446598
15:15,Ciudad Jardín - UAN,17.0,38.44665
15:15,Bicentenario,17.0,38.460007
15:15,Temporal Calle 57,191.0,34.800484
15:15,Biblioteca,16.0,33.168415
15:15,AV. ElDorado,105.0,38.44665
15:15,Calle 26,17.0,38.45873
15:15,Alquería,34.0,22.494234
15:15,Bosa,30.0,38.44666
15:15,CAD,38.0,38.44665
15:15,Banderas,8.0,44.47658
15:15,Calle 19,104.0,46.480293
15:15,AV. Jiménez - CL 13,0.0,46.1574
15:15,Movistar Arena,2.0,39.955017
15:15,AV. 39,27.0,42.25583
15:15,Calle 76 - San Felipe,131.0,38.446907
15:15,Calle 63,0.0,38.446743
15:15,Calle 85,201.0,42.89699
15:15,NQS - Calle 30 S,27.0,39.11334
15:15,Country Sur,2.0,22.490383
15:15,Carrera 47,39.0,38.671516
15:15,Portal 80,39.0,38.44665
15:15,Olaya,95.0,45.246727
15:15,Molinos,31.0,38.446644
15:15,Nariño,54.0,38.44665
15:15,Gratamira,22.0,38.44666
15:15,Pradera - Plaza Central,84.0,46.483273
15:15,Las Nieves,37.0,42.243713
15:15,Modelia,12.0,38.45655
15:15,Portal El Dorado – C.C. Nuestro Bogotá,52.0,38.44665
15:15,Flores – Areandina,268.0,42.791508
15:15,Museo del Oro,233.0,55.442577
15:15,General Santander,11.0,22.536283
15:15,Portal 20 de Julio,1.0,38.446655
15:15,Humedal Córdoba,27.0,46.47999
15:15,Parque,12.0,38.44665
15:15,Policarpa,17.0,25.821926
15:15,Museo Nacional,193.0,38.44666
15:15,Hospital,21.0,38.446655
15:15,Normandía,13.0,42.295986
15:15,Perdomo,54.0,35.37532
15:15,Hortúa,61.0,23.765749
15:15,Portal Usme,7.0,22.485733
15:15,Ferias,39.0,38.44764
15:15,Temporal Marly,0.0,38.44665
15:15,Patio Bonito,0.0,27.882847
15:15,Portal Tunal,99.0,38.444824
15:15,Fucha,2.0,24.127491
15:15,Minuto de Dios,90.0,38.446953
15:15,Portal Américas,7.0,38.445877
15:15,Las Aguas - Centro Colombo Americano,147.0,38.446663
15:15,Portal Suba,2.0,39.365204
15:15,Suba - AV. Boyacá,49.0,38.446857
15:15,Santa Lucía,1.0,37.913395
15:15,San Martín,10.0,38.59673
15:15,Universidades – CityU,75.0,38.466076
15:15,Santa Isabel,26.0,38.44665
15:15,Suba - Calle 95,110.0,74.802475
15:15,Puente Aranda,29.0,38.454395
15:15,Quiroga,46.0,38.44664
15:15,Puentelargo,113.0,46.47961
15:15,San Victorino,190.0,54.961872
15:15,CC Paseo Villa del Río - Madelena,56.0,38.446648
15:15,San Mateo - CC Unisur,54.0,38.17214
15:15,Sevillana,35.0,38.586445
15:15,Rionegro,65.0,46.479847
15:15,Suba - Calle 116,2.0,46.50416
15:15,San Bernardo,18.0,38.446545
15:15,SENA,0.0,39.357082
15:15,San Facon Carrera 22,75.0,46.464725
15:15,Socorro,19.0,38.446712
15:15,21 Ángeles,25.0,38.88451
15:15,Temporal Calle 34,2.0,38.605793
15:15,Venecia,62.0,22.423763
15:15,Danubio,0.0,41.75937
15:15,Portal Sur - JFK Coop. Financiera,59.0,38.44913
15:15,Temporal Calle 22,90.0,46.479866
15:30,AV. Chile,2.0,39.866932
15:30,CAN,139.0,44.978355
15:30,Campín - UAN,1.0,46.4799
15:30,San Diego,2.0,38.44696
15:30,Granja - Kr 77,14.0,46.47988
15:30,Ricaurte - NQS,52.0,60.56978
15:30,Quirigua,36.0,38.446655
15:30,Suba - Calle 100,148.0,72.81769
15:30,Calle 75 - Zona M,137.0,50.103832
15:30,AV. Boyacá,129.0,45.812878
15:30,Calle 40 Sur,25.0,45.5804
15:30,AV. Américas - AV. Boyacá,83.0,38.44666
15:30,Marsella,79.0,38.527428
15:30,Niza - Calle 127,133.0,46.48444
15:30,La Campiña,34.0,38.451782
15:30,Transversal 86,8.0,38.823105
15:30,Corferias,1.0,38.447853
15:30,Guatoque - Veraguas,60.0,38.44665
15:30,CDS - Carrera 32,28.0,46.479847
15:30,Ciudad Universitaria - Lotería de Bogotá,4.0,42.327477
15:30,Universidad Nacional,101.0,46.47993
15:30,Avenida Rojas - UNISALESIANA,106.0,46.479847
15:30,Tercer Milenio,1.0,38.446655
15:30,Concejo de Bogotá,33.0,38.448677
15:30,NQS - Calle 38A S,130.0,38.44739
15:30,7 de Agosto,204.0,74.06448
15:30,AV. 68,171.0,62.54174
15:30,Distrito Grafiti,101.0,51.736416
15:30,Polo - FINCOMERCIO,45.0,46.480648
15:30,Tygua - San José,8.0,38.45123
15:30,Quinta Paredes,71.0,46.479942
15:30,Salitre - El Greco,144.0,38.446663
15:30,Zona Industrial,10.0,46.48072
15:30,León XIII,68.0,38.44665
15:30,Paloquemao,59.0,38.44665
15:30,Carrera 90,1.0,46.507977
15:30,Gobernación,140.0,46.479664
15:30,Terreros - Hospital Cardio Vascular,49.0,32.47398
15:30,Escuela Militar,22.0,47.82527
15:30,Mandalay,22.0,46.479862
15:30,AV. Cali,60.0,46.494648
15:30,Suba - TV. 91,32.0,46.479847
15:30,Ricaurte - CL 13,101.0,46.477528
15:30,Restrepo,1.0,45.00001
15:30,Prado,126.0,77.06329
15:30,Terminal,159.0,54.80903
15:30,Virrey,276.0,72.63686
15:30,Toberin - Foundever,178.0,46.479893
15:30,Pepe Sierra,323.0,77.98651
15:30,Calle 100 - Marketmedios,477.0,83.27544
15:30,Calle 142,31.0,46.479996
15:30,Portal Norte – Unicervantes,165.0,83.07337
15:30,Calle 187,100.0,61.95146
15:30,Alcalá – Colegio S. Tomás Dominicos,132.0,82.16786
15:30,Calle 146,61.0,62.660397
15:30,Calle 127,411.0,75.65911
15:30,Héroes,1.0,74.10027
15:30,Calle 161,19.0,46.498806
15:30,Calle 106 - Maletas Explora,318.0,83.84224
15:30,Mazurén,77.0,38.46963
15:30,Calle 45 - American School Way,29.0,50.737656
15:30,Carrera 53,66.0,46.479847
15:30,La Castellana,162.0,63.823124
15:30,AV. 1 Mayo,1.0,46.47984
15:30,De La Sabana,1.0,46.47974
15:30,La Despensa,23.0,23.975225
15:30,Calle 72,0.0,46.47994
15:30,Centro Memoria,13.0,40.04979
15:30,Carrera 43 - Comapan,11.0,46.468025
15:30,Consuelo,8.0,38.44665
15:30,AV. Jiménez - Caracas,70.0,46.479877
15:30,Comuneros,23.0,46.192596
15:30,El Tiempo – Cámara de Comercio de Bogotá,178.0,38.446663
15:30,Biblioteca Tintal,2.0,38.44665
15:30,Ciudad Jardín - UAN,38.0,38.44666
15:30,Bicentenario,7.0,46.479965
15:30,Temporal Calle 57,187.0,39.28473
15:30,Biblioteca,26.0,38.44665
15:30,AV. ElDorado,80.0,46.479847
15:30,Calle 26,10.0,46.479847
15:30,Alquería,91.0,26.21924
15:30,Bosa,1.0,38.44665
15:30,CAD,27.0,38.44665
15:30,Banderas,20.0,49.18168
15:30,Calle 19,74.0,46.526806
15:30,AV. Jiménez - CL 13,0.0,46.479992
15:30,Movistar Arena,151.0,38.446693
15:30,AV. 39,100.0,46.479866
15:30,Calle 76 - San Felipe,239.0,73.504814
15:30,Calle 63,0.0,46.48125
15:30,Calle 85,262.0,77.368004
15:30,NQS - Calle 30 S,1.0,38.447605
15:30,Country Sur,31.0,22.266743
15:30,Carrera 47,26.0,46.483944
15:30,Portal 80,192.0,38.44668
15:30,Olaya,85.0,38.44665
15:30,Molinos,32.0,38.446655
15:30,Nariño,16.0,42.10876
15:30,Gratamira,23.0,46.479847
15:30,Pradera - Plaza Central,165.0,46.468
15:30,Las Nieves,168.0,46.484375
15:30,Modelia,77.0,38.44721
15:30,Portal El Dorado – C.C. Nuestro Bogotá,47.0,38.446766
15:30,Flores – Areandina,241.0,73.80322
15:30,Museo del Oro,153.0,72.25116
15:30,General Santander,4.0,38.44666
15:30,Portal 20 de Julio,113.0,38.446655
15:30,Humedal Córdoba,53.0,61.791515
15:30,Parque,16.0,38.446655
15:30,Policarpa,18.0,38.44682
15:30,Museo Nacional,1.0,58.191334
15:30,Hospital,2.0,46.47961
15:30,Normandía,2.0,46.479847
15:30,Perdomo,32.0,42.03185
15:30,Hortúa,2.0,38.446655
15:30,Portal Usme,1.0,38.44665
15:30,Ferias,37.0,46.479847
15:30,Temporal Marly,0.0,46.47983
15:30,Patio Bonito,0.0,38.36818
15:30,Portal Tunal,2.0,25.335794
15:30,Fucha,42.0,38.446888
15:30,Minuto de Dios,87.0,46.479847
15:30,Portal Américas,1.0,38.448597
15:30,Las Aguas - Centro Colombo Americano,123.0,44.218857
15:30,Portal Suba,3.0,38.451736
15:30,Suba - AV. Boyacá,49.0,38.46169
15:30,Santa Lucía,11.0,38.447216
15:30,San Martín,19.0,46.48174
15:30,Universidades – CityU,289.0,38.446873
15:30,Santa Isabel,58.0,38.446655
15:30,Suba - Calle 95,158.0,83.78281
15:30,Puente Aranda,36.0,38.479836
15:30,Quiroga,30.0,38.446655
15:30,Puentelargo,139.0,71.91512
15:30,San Victorino,145.0,78.014786
15:30,CC Paseo Villa del Río - Madelena,1.0,38.446896
15:30,San Mateo - CC Unisur,50.0,22.542183
15:30,Sevillana,24.0,39.01309
15:30,Rionegro,83.0,46.481487
15:30,Suba - Calle 116,1.0,46.48318
15:30,San Bernardo,13.0,38.44665
15:30,SENA,0.0,46.068626
15:30,San Facon Carrera 22,42.0,46.47985
15:30,Socorro,14.0,38.44665
15:30,21 Ángeles,39.0,38.60343
15:30,Temporal Calle 34,173.0,35.740692
15:30,Venecia,74.0,23.411015
15:30,Danubio,0.0,38.60819
15:30,Portal Sur - JFK Coop. Financiera,7.0,38.46928
15:30,Temporal Calle 22,1.0,46.480034
15:45,AV. Chile,32.0,46.480156
15:45,CAN,140.0,73.51138
15:45,Campín - UAN,1.0,38.480274
15:45,San Diego,9.0,46.479816
15:45,Granja - Kr 77,1.0,46.479954
15:45,Ricaurte - NQS,3.0,47.44487
15:45,Quirigua,24.0,46.4799
15:45,Suba - Calle 100,126.0,100.61659
15:45,Calle 75 - Zona M,147.0,110.73937
15:45,AV. Boyacá,122.0,61.759975
15:45,Calle 40 Sur,50.0,46.479923
15:45,AV. Américas - AV. Boyacá,51.0,38.46553
15:45,Marsella,94.0,38.550526
15:45,Niza - Calle 127,93.0,77.08829
15:45,La Campiña,46.0,46.514263
15:45,Transversal 86,24.0,46.479847
15:45,Corferias,21.0,38.491806
15:45,Guatoque - Veraguas,12.0,38.44664
15:45,CDS - Carrera 32,3.0,61.76006
15:45,Ciudad Universitaria - Lotería de Bogotá,19.0,38.448746
15:45,Universidad Nacional,1.0,46.48007
15:45,Avenida Rojas - UNISALESIANA,135.0,77.08679
15:45,Tercer Milenio,3.0,38.447742
15:45,Concejo de Bogotá,4.0,38.578236
15:45,NQS - Calle 38A S,64.0,38.446968
15:45,7 de Agosto,235.0,74.266754
15:45,AV. 68,1.0,78.45561
15:45,Distrito Grafiti,106.0,61.16705
15:45,Polo - FINCOMERCIO,86.0,46.51244
15:45,Tygua - San José,8.0,38.44912
15:45,Quinta Paredes,22.0,46.479767
15:45,Salitre - El Greco,183.0,57.27605
15:45,Zona Industrial,10.0,46.48001
15:45,León XIII,62.0,38.44716
15:45,Paloquemao,279.0,38.46182
15:45,Carrera 90,1.0,46.51359
15:45,Gobernación,77.0,57.259525
15:45,Terreros - Hospital Cardio Vascular,63.0,38.44665
15:45,Escuela Militar,1.0,60.797543
15:45,Mandalay,7.0,61.760067
15:45,AV. Cali,67.0,46.49905
15:45,Suba - TV. 91,30.0,46.483334
15:45,Ricaurte - CL 13,86.0,46.483017
15:45,Restrepo,40.0,46.479847
15:45,Prado,109.0,96.89066
15:45,Terminal,162.0,61.783756
15:45,Virrey,1.0,95.41643
15:45,Toberin - Foundever,230.0,61.760082
15:45,Pepe Sierra,3.0,110.35013
15:45,Calle 100 - Marketmedios,1.0,102.5197
15:45,Calle 142,175.0,61.785
15:45,Portal Norte – Unicervantes,265.0,99.58228
15:45,Calle 187,90.0,98.19647
15:45,Alcalá – Colegio S. Tomás Dominicos,234.0,111.67268
15:45,Calle 146,30.0,63.64327
15:45,Calle 127,133.0,102.956696
15:45,Héroes,341.0,61.83297
15:45,Calle 161,56.0,46.64224
15:45,Calle 106 - Maletas Explora,313.0,111.88581
15:45,Mazurén,178.0,46.479847
15:45,Calle 45 - American School Way,33.0,61.795795
15:45,Carrera 53,60.0,59.324352
15:45,La Castellana,189.0,100.00716
15:45,AV. 1 Mayo,8.0,61.734936
15:45,De La Sabana,66.0,38.44709
15:45,La Despensa,23.0,38.44664
15:45,Calle 72,0.0,46.482506
15:45,Centro Memoria,7.0,38.450237
15:45,Carrera 43 - Comapan,2.0,46.479725
15:45,Consuelo,13.0,38.446655
15:45,AV. Jiménez - Caracas,2.0,38.45286
15:45,Comuneros,25.0,38.459557
15:45,El Tiempo – Cámara de Comercio de Bogotá,239.0,46.49332
15:45,Biblioteca Tintal,38.0,38.44665
15:45,Ciudad Jardín - UAN,17.0,38.276676
15:45,Bicentenario,19.0,44.19382
15:45,Temporal Calle 57,90.0,47.000042
15:45,Biblioteca,13.0,38.446655
15:45,AV. ElDorado,91.0,38.44773
15:45,Calle 26,12.0,48.91572
15:45,Alquería,24.0,38.442387
15:45,Bosa,35.0,38.446655
15:45,CAD,1.0,46.157635
15:45,Banderas,1.0,38.643005
15:45,Calle 19,86.0,46.481014
15:45,AV. Jiménez - CL 13,0.0,45.925423
15:45,Movistar Arena,52.0,46.49945
15:45,AV. 39,10.0,72.12608
15:45,Calle 76 - San Felipe,64.0,77.26375
15:45,Calle 63,0.0,61.760067
15:45,Calle 85,1.0,78.54527
15:45,NQS - Calle 30 S,23.0,46.479847
15:45,Country Sur,28.0,23.106674
15:45,Carrera 47,43.0,63.65984
15:45,Portal 80,42.0,61.98049
15:45,Olaya,2.0,38.446655
15:45,Molinos,39.0,38.446655
15:45,Nariño,55.0,46.479847
15:45,Gratamira,9.0,46.480286
15:45,Pradera - Plaza Central,2.0,49.36932
15:45,Las Nieves,144.0,72.58783
15:45,Modelia,124.0,38.45155
15:45,Portal El Dorado – C.C. Nuestro Bogotá,1.0,46.47898
15:45,Flores – Areandina,205.0,75.25258
15:45,Museo del Oro,217.0,58.87315
15:45,General Santander,3.0,38.446716
15:45,Portal 20 de Julio,1.0,38.512905
15:45,Humedal Córdoba,60.0,62.019596
15:45,Parque,17.0,38.44851
15:45,Policarpa,7.0,38.446613
15:45,Museo Nacional,116.0,38.455418
15:45,Hospital,16.0,38.446648
15:45,Normandía,110.0,61.760014
15:45,Perdomo,40.0,38.44665
15:45,Hortúa,6.0,38.447033
15:45,Portal Usme,90.0,38.44477
15:45,Ferias,59.0,46.47988
15:45,Temporal Marly,0.0,45.783447
15:45,Patio Bonito,0.0,38.44666
15:45,Portal Tunal,41.0,38.447987
15:45,Fucha,1.0,38.454815
15:45,Minuto de Dios,67.0,49.761654
15:45,Portal Américas,82.0,38.446632
15:45,Las Aguas - Centro Colombo Americano,99.0,46.490406
15:45,Portal Suba,46.0,38.448505
15:45,Suba - AV. Boyacá,51.0,38.45306
15:45,Santa Lucía,1.0,38.44671
15:45,San Martín,22.0,61.760143
15:45,Universidades – CityU,319.0,46.481663
15:45,Santa Isabel,29.0,46.47983
15:45,Suba - Calle 95,129.0,110.26438
15:45,Puente Aranda,47.0,38.448647
15:45,Quiroga,1.0,38.4467
15:45,Puentelargo,130.0,96.65648
15:45,San Victorino,1.0,78.73895
15:45,CC Paseo Villa del Río - Madelena,28.0,38.446674
15:45,San Mateo - CC Unisur,48.0,11.58746
15:45,Sevillana,19.0,39.860966
15:45,Rionegro,53.0,61.775692
15:45,Suba - Calle 116,165.0,61.760094
15:45,San Bernardo,8.0,46.456203
15:45,SENA,0.0,38.44697
15:45,San Facon Carrera 22,21.0,40.929417
15:45,Socorro,13.0,38.446877
15:45,21 Ángeles,27.0,46.479847
15:45,Temporal Calle 34,269.0,47.18823
15:45,Venecia,61.0,38.44625
15:45,Danubio,0.0,38.44665
15:45,Portal Sur - JFK Coop. Financiera,4.0,46.479378
15:45,Temporal Calle 22,1.0,46.486526
16:00,AV. Chile,1.0,38.447525
16:00,CAN,248.0,73.95338
16:00,Campín - UAN,63.0,46.479847
16:00,San Diego,16.0,46.479847
16:00,Granja - Kr 77,67.0,46.484516
16:00,Ricaurte - NQS,224.0,38.40461
16:00,Quirigua,21.0,46.48287
16:00,Suba - Calle 100,65.0,87.10804
16:00,Calle 75 - Zona M,159.0,73.237785
16:00,AV. Boyacá,153.0,57.27601
16:00,Calle 40 Sur,21.0,46.479843
16:00,AV. Américas - AV. Boyacá,98.0,38.448566
16:00,Marsella,68.0,38.44712
16:00,Niza - Calle 127,182.0,61.893017
16:00,La Campiña,46.0,40.326305
16:00,Transversal 86,28.0,38.449677
16:00,Corferias,215.0,46.479847
16:00,Guatoque - Veraguas,87.0,38.446644
16:00,CDS - Carrera 32,101.0,46.480373
16:00,Ciudad Universitaria - Lotería de Bogotá,1.0,38.452145
16:00,Universidad Nacional,21.0,38.44666
16:00,Avenida Rojas - UNISALESIANA,166.0,77.28125
16:00,Tercer Milenio,5.0,38.44665
16:00,Concejo de Bogotá,64.0,46.13004
16:00,NQS - Calle 38A S,146.0,38.44665
16:00,7 de Agosto,288.0,74.48277
16:00,AV. 68,199.0,65.630486
16:00,Distrito Grafiti,2.0,57.25555
16:00,Polo - FINCOMERCIO,66.0,58.911644
16:00,Tygua - San José,7.0,46.449707
16:00,Quinta Paredes,113.0,46.4992
16:00,Salitre - El Greco,211.0,48.48805
16:00,Zona Industrial,9.0,46.496292
16:00,León XIII,64.0,46.47869
16:00,Paloquemao,62.0,46.479847
16:00,Carrera 90,47.0,61.874973
16:00,Gobernación,21.0,46.480335
16:00,Terreros - Hospital Cardio Vascular,71.0,38.446674
16:00,Escuela Militar,33.0,62.296215
16:00,Mandalay,22.0,49.08302
16:00,AV. Cali,1.0,46.480553
16:00,Suba - TV. 91,28.0,46.480152
16:00,Ricaurte - CL 13,1.0,38.44666
16:00,Restrepo,57.0,38.5549
16:00,Prado,212.0,83.31275
16:00,Terminal,196.0,73.170845
16:00,Virrey,507.0,58.757366
16:00,Toberin - Foundever,122.0,73.682434
16:00,Pepe Sierra,436.0,84.44276
16:00,Calle 100 - Marketmedios,643.0,90.408264
16:00,Calle 142,45.0,77.999374
16:00,Portal Norte – Unicervantes,221.0,88.40166
16:00,Calle 187,142.0,84.72597
16:00,Alcalá – Colegio S. Tomás Dominicos,235.0,73.8365
16:00,Calle 146,46.0,62.1218
16:00,Calle 127,602.0,87.3139
16:00,Héroes,1.0,72.82901
16:00,Calle 161,20.0,69.52426
16:00,Calle 106 - Maletas Explora,2.0,96.480225
16:00,Mazurén,108.0,63.70151
16:00,Calle 45 - American School Way,29.0,61.779842
16:00,Carrera 53,105.0,46.48068
16:00,La Castellana,136.0,87.75328
16:00,AV. 1 Mayo,1.0,46.480644
16:00,De La Sabana,1.0,38.446655
16:00,La Despensa,17.0,38.446827
16:00,Calle 72,0.0,46.482227
16:00,Centro Memoria,20.0,46.47984
16:00,Carrera 43 - Comapan,70.0,47.748398
16:00,Consuelo,6.0,38.446655
16:00,AV. Jiménez - Caracas,104.0,22.520159
16:00,Comuneros,34.0,38.453873
16:00,El Tiempo – Cámara de Comercio de Bogotá,313.0,38.460403
16:00,Biblioteca Tintal,46.0,38.44665
16:00,Ciudad Jardín - UAN,25.0,22.472034
16:00,Bicentenario,17.0,38.447807
16:00,Temporal Calle 57,451.0,38.44668
16:00,Biblioteca,25.0,38.44665
16:00,AV. ElDorado,13.0,38.44665
16:00,Calle 26,76.0,46.479847
16:00,Alquería,92.0,22.859615
16:00,Bosa,9.0,38.449974
16:00,CAD,117.0,38.474697
16:00,Banderas,21.0,38.533546
16:00,Calle 19,91.0,46.47985
16:00,AV. Jiménez - CL 13,0.0,31.672382
16:00,Movistar Arena,215.0,38.446655
16:00,AV. 39,192.0,38.55587
16:00,Calle 76 - San Felipe,1.0,62.41271
16:00,Calle 63,0.0,38.465054
16:00,Calle 85,362.0,65.79812
16:00,NQS - Calle 30 S,56.0,33.353176
16:00,Country Sur,29.0,22.288929
16:00,Carrera 47,96.0,46.488953
16:00,Portal 80,5.0,38.479
16:00,Olaya,108.0,22.490446
16:00,Molinos,16.0,38.44665
16:00,Nariño,22.0,46.479847
16:00,Gratamira,28.0,46.500713
16:00,Pradera - Plaza Central,213.0,38.678516
16:00,Las Nieves,182.0,76.507675
16:00,Modelia,129.0,38.4723
16:00,Portal El Dorado – C.C. Nuestro Bogotá,2.0,38.44666
16:00,Flores – Areandina,445.0,62.29218
16:00,Museo del Oro,263.0,74.2198
16:00,General Santander,25.0,38.446644
16:00,Portal 20 de Julio,52.0,38.446648
16:00,Humedal Córdoba,10.0,55.28429
16:00,Parque,12.0,38.44665
16:00,Policarpa,44.0,38.44665
16:00,Museo Nacional,268.0,52.145733
16:00,Hospital,11.0,38.44665
16:00,Normandía,147.0,57.257458
16:00,Perdomo,50.0,44.636005
16:00,Hortúa,1.0,38.649284
16:00,Portal Usme,99.0,38.445007
16:00,Ferias,55.0,52.33546
16:00,Temporal Marly,0.0,38.446712
16:00,Patio Bonito,0.0,40.587154
16:00,Portal Tunal,1.0,44.38042
16:00,Fucha,52.0,34.711086
16:00,Minuto de Dios,94.0,46.488934
16:00,Portal Américas,2.0,27.480865
16:00,Las Aguas - Centro Colombo Americano,55.0,46.488796
16:00,Portal Suba,28.0,45.451153
16:00,Suba - AV. Boyacá,99.0,38.484417
16:00,Santa Lucía,20.0,46.479847
16:00,San Martín,35.0,47.383213
16:00,Universidades – CityU,1.0,61.523186
16:00,Santa Isabel,47.0,46.47984
16:00,Suba - Calle 95,1.0,99.22122
16:00,Puente Aranda,3.0,46.311172
16:00,Quiroga,44.0,38.446262
16:00,Puentelargo,220.0,82.1262
16:00,San Victorino,1.0,52.22229
16:00,CC Paseo Villa del Río - Madelena,2.0,38.46094
16:00,San Mateo - CC Unisur,2.0,22.58119
16:00,Sevillana,17.0,38.446663
16:00,Rionegro,131.0,62.18519
16:00,Suba - Calle 116,249.0,61.873676
16:00,San Bernardo,2.0,46.47981
16:00,SENA,0.0,38.446846
16:00,San Facon Carrera 22,87.0,38.446655
16:00,Socorro,15.0,46.427685
16:00,21 Ángeles,42.0,46.47987
16:00,Temporal Calle 34,554.0,68.11016
16:00,Venecia,121.0,38.446655
16:00,Danubio,0.0,38.456104
16:00,Portal Sur - JFK Coop. Financiera,3.0,46.47985
16:00,Temporal Calle 22,131.0,46.51402
16:15,AV. Chile,172.0,61.760067
16:15,CAN,354.0,111.72114
16:15,Campín - UAN,91.0,61.760067
16:15,San Diego,12.0,46.49962
16:15,Granja - Kr 77,31.0,60.219753
16:15,Ricaurte - NQS,101.0,46.48319
16:15,Quirigua,34.0,61.760815
16:15,Suba - Calle 100,1.0,82.7185
16:15,Calle 75 - Zona M,256.0,127.28063
16:15,AV. Boyacá,227.0,62.666077
16:15,Calle 40 Sur,1.0,42.93045
16:15,AV. Américas - AV. Boyacá,34.0,46.480335
16:15,Marsella,38.0,38.44679
16:15,Niza - Calle 127,187.0,112.43117
16:15,La Campiña,21.0,39.37877
16:15,Transversal 86,19.0,61.760063
16:15,Corferias,2.0,72.74197
16:15,Guatoque - Veraguas,125.0,38.44666
16:15,CDS - Carrera 32,54.0,110.828156
16:15,Ciudad Universitaria - Lotería de Bogotá,41.0,61.760063
16:15,Universidad Nacional,131.0,61.760067
16:15,Avenida Rojas - UNISALESIANA,1.0,110.91397
16:15,Tercer Milenio,35.0,61.760063
16:15,Concejo de Bogotá,69.0,61.76009
16:15,NQS - Calle 38A S,2.0,46.479847
16:15,7 de Agosto,292.0,100.777985
16:15,AV. 68,52.0,112.52948
16:15,Distrito Grafiti,1.0,47.27525
16:15,Polo - FINCOMERCIO,31.0,64.15234
16:15,Tygua - San José,32.0,61.76007
16:15,Quinta Paredes,158.0,76.439896
16:15,Salitre - El Greco,1.0,78.32808
16:15,Zona Industrial,58.0,61.761585
16:15,León XIII,73.0,38.446663
16:15,Paloquemao,2.0,45.00833
16:15,Carrera 90,81.0,62.60009
16:15,Gobernación,223.0,61.7607
16:15,Terreros - Hospital Cardio Vascular,76.0,22.876406
16:15,Escuela Militar,23.0,64.40384
16:15,Mandalay,3.0,61.760975
16:15,AV. Cali,92.0,61.7616
16:15,Suba - TV. 91,112.0,42.785194
16:15,Ricaurte - CL 13,178.0,61.76045
16:15,Restrepo,109.0,61.760067
16:15,Prado,122.0,112.40352
16:15,Terminal,242.0,97.81651
16:15,Virrey,1.0,112.10296
16:15,Toberin - Foundever,193.0,78.62805
16:15,Pepe Sierra,499.0,127.143074
16:15,Calle 100 - Marketmedios,733.0,125.729996
16:15,Calle 142,32.0,82.9661
16:15,Portal Norte – Unicervantes,53.0,112.4124
16:15,Calle 187,126.0,115.96024
16:15,Alcalá – Colegio S. Tomás Dominicos,280.0,127.137115
16:15,Calle 146,87.0,62.1485
16:15,Calle 127,204.0,127.47791
16:15,Héroes,534.0,62.91956
16:15,Calle 161,49.0,59.017406
16:15,Calle 106 - Maletas Explora,142.0,98.38071
16:15,Mazurén,114.0,57.261845
16:15,Calle 45 - American School Way,41.0,62.896236
16:15,Carrera 53,82.0,110.83498
16:15,La Castellana,193.0,114.133385
16:15,AV. 1 Mayo,1.0,64.51606
16:15,De La Sabana,100.0,46.479847
16:15,La Despensa,25.0,46.41518
16:15,Calle 72,0.0,61.974487
16:15,Centro Memoria,74.0,61.760067
16:15,Carrera 43 - Comapan,141.0,46.445698
16:15,Consuelo,18.0,61.760063
16:15,AV. Jiménez - Caracas,10.0,46.480434
16:15,Comuneros,1.0,46.479847
16:15,El Tiempo – Cámara de Comercio de Bogotá,1.0,77.63486
16:15,Biblioteca Tintal,58.0,61.760063
16:15,Ciudad Jardín - UAN,14.0,38.47058
16:15,Bicentenario,2.0,61.760075
16:15,Temporal Calle 57,325.0,109.33982
16:15,Biblioteca,13.0,61.76006
16:15,AV. ElDorado,232.0,61.760067
16:15,Calle 26,9.0,61.770275
16:15,Alquería,1.0,38.44731
16:15,Bosa,2.0,61.760063
16:15,CAD,366.0,70.17608
16:15,Banderas,1.0,38.446693
16:15,Calle 19,97.0,38.645657
16:15,AV. Jiménez - CL 13,0.0,38.446663
16:15,Movistar Arena,1.0,77.42525
16:15,AV. 39,74.0,110.86233
16:15,Calle 76 - San Felipe,345.0,66.90781
16:15,Calle 63,0.0,61.79224
16:15,Calle 85,34.0,111.19197
16:15,NQS - Calle 30 S,34.0,46.47988
16:15,Country Sur,40.0,38.312206
16:15,Carrera 47,100.0,62.49763
16:15,Portal 80,7.0,61.76538
16:15,Olaya,100.0,39.41654
16:15,Molinos,73.0,61.760063
16:15,Nariño,10.0,61.760067
16:15,Gratamira,33.0,62.113247
16:15,Pradera - Plaza Central,253.0,79.43268
16:15,Las Nieves,1.0,77.89732
16:15,Modelia,210.0,47.270363
16:15,Portal El Dorado – C.C. Nuestro Bogotá,493.0,61.760036
16:15,Flores – Areandina,497.0,93.97329
16:15,Museo del Oro,276.0,98.05346
16:15,General Santander,23.0,38.44665
16:15,Portal 20 de Julio,52.0,38.446655
16:15,Humedal Córdoba,91.0,72.15015
16:15,Parque,45.0,61.760006
16:15,Policarpa,34.0,46.479847
16:15,Museo Nacional,300.0,92.35518
16:15,Hospital,5.0,61.75166
16:15,Normandía,163.0,110.8297
16:15,Perdomo,69.0,38.4467
16:15,Hortúa,12.0,38.447807
16:15,Portal Usme,99.0,38.44665
16:15,Ferias,81.0,61.760868
16:15,Temporal Marly,0.0,61.760067
16:15,Patio Bonito,0.0,38.446663
16:15,Portal Tunal,1.0,39.516384
16:15,Fucha,1.0,38.446663
16:15,Minuto de Dios,129.0,76.67055
16:15,Portal Américas,2.0,38.494774
16:15,Las Aguas - Centro Colombo Americano,366.0,40.466316
16:15,Portal Suba,118.0,46.479954
16:15,Suba - AV. Boyacá,96.0,46.48038
16:15,Santa Lucía,25.0,38.446655
16:15,San Martín,45.0,63.904797
16:15,Universidades – CityU,490.0,61.761242
16:15,Santa Isabel,40.0,38.96155
16:15,Suba - Calle 95,1.0,94.10339
16:15,Puente Aranda,96.0,46.479946
16:15,Quiroga,39.0,38.44661
16:15,Puentelargo,253.0,112.19253
16:15,San Victorino,18.0,66.33145
16:15,CC Paseo Villa del Río - Madelena,1.0,38.446655
16:15,San Mateo - CC Unisur,78.0,22.443588
16:15,Sevillana,19.0,46.46538
16:15,Rionegro,154.0,127.53527
16:15,Suba - Calle 116,1.0,110.846725
16:15,San Bernardo,125.0,38.44683
16:15,SENA,0.0,61.760067
16:15,San Facon Carrera 22,100.0,46.479702
16:15,Socorro,1.0,38.44665
16:15,21 Ángeles,41.0,61.760128
16:15,Temporal Calle 34,285.0,62.223545
16:15,Venecia,1.0,46.500046
16:15,Danubio,0.0,61.760063
16:15,Portal Sur - JFK Coop. Financiera,1.0,61.760075
16:15,Temporal Calle 22,48.0,111.01869
16:30,AV. Chile,1.0,110.821724
16:30,CAN,273.0,105.553505
16:30,Campín - UAN,42.0,61.77422
16:30,San Diego,120.0,61.763004
16:30,Granja - Kr 77,26.0,49.832256
16:30,Ricaurte - NQS,306.0,46.480236
16:30,Quirigua,49.0,62.28441
16:30,Suba - Calle 100,102.0,75.705025
16:30,Calle 75 - Zona M,286.0,127.61038
16:30,AV. Boyacá,113.0,61.7869
16:30,Calle 40 Sur,47.0,61.760067
16:30,AV. Américas - AV. Boyacá,86.0,46.480267
16:30,Marsella,103.0,61.760063
16:30,Niza - Calle 127,41.0,107.88406
16:30,La Campiña,51.0,46.483517
16:30,Transversal 86,19.0,61.76047
16:30,Corferias,180.0,62.036057
16:30,Guatoque - Veraguas,121.0,46.48483
16:30,CDS - Carrera 32,47.0,76.87984
16:30,Ciudad Universitaria - Lotería de Bogotá,1.0,60.114433
16:30,Universidad Nacional,12.0,110.813095
16:30,Avenida Rojas - UNISALESIANA,1.0,70.58497
16:30,Tercer Milenio,43.0,46.480015
16:30,Concejo de Bogotá,15.0,61.784576
16:30,NQS - Calle 38A S,262.0,46.334568
16:30,7 de Agosto,380.0,110.59817
16:30,AV. 68,283.0,70.820854
16:30,Distrito Grafiti,224.0,46.491627
16:30,Polo - FINCOMERCIO,55.0,65.83668
16:30,Tygua - San José,7.0,61.773453
16:30,Quinta Paredes,10.0,108.924286
16:30,Salitre - El Greco,267.0,52.13799
16:30,Zona Industrial,123.0,66.09744
16:30,León XIII,102.0,47.236034
16:30,Paloquemao,453.0,61.76034
16:30,Carrera 90,46.0,64.376
16:30,Gobernación,13.0,77.199234
16:30,Terreros - Hospital Cardio Vascular,70.0,38.448685
16:30,Escuela Militar,43.0,65.96475
16:30,Mandalay,24.0,62.623226
16:30,AV. Cali,78.0,57.23287
16:30,Suba - TV. 91,26.0,57.29954
16:30,Ricaurte - CL 13,169.0,77.01776
16:30,Restrepo,32.0,45.21139
16:30,Prado,126.0,90.2977
16:30,Terminal,250.0,86.39651
16:30,Virrey,561.0,86.19385
16:30,Toberin - Foundever,156.0,80.503204
16:30,Pepe Sierra,1.0,127.109344
16:30,Calle 100 - Marketmedios,701.0,102.150696
16:30,Calle 142,59.0,83.9397
16:30,Portal Norte – Unicervantes,358.0,101.566185
16:30,Calle 187,123.0,116.01941
16:30,Alcalá – Colegio S. Tomás Dominicos,391.0,127.14253
16:30,Calle 146,66.0,78.40288
16:30,Calle 127,604.0,127.54478
16:30,Héroes,502.0,62.548874
16:30,Calle 161,15.0,63.25948
16:30,Calle 106 - Maletas Explora,421.0,127.609344
16:30,Mazurén,121.0,108.465836
16:30,Calle 45 - American School Way,1.0,77.82111
16:30,Carrera 53,85.0,85.16394
16:30,La Castellana,301.0,112.025635
16:30,AV. 1 Mayo,9.0,64.946976
16:30,De La Sabana,2.0,61.760063
16:30,La Despensa,28.0,38.449394
16:30,Calle 72,0.0,62.60079
16:30,Centro Memoria,23.0,61.787724
16:30,Carrera 43 - Comapan,108.0,110.84271
16:30,Consuelo,7.0,46.480335
16:30,AV. Jiménez - Caracas,5.0,46.47931
16:30,Comuneros,54.0,38.44666
16:30,El Tiempo – Cámara de Comercio de Bogotá,263.0,66.63701
16:30,Biblioteca Tintal,34.0,46.47985
16:30,Ciudad Jardín - UAN,52.0,38.52212
16:30,Bicentenario,4.0,61.76011
16:30,Temporal Calle 57,546.0,104.90502
16:30,Biblioteca,9.0,46.47985
16:30,AV. ElDorado,16.0,61.807228
16:30,Calle 26,93.0,62.093956
16:30,Alquería,1.0,46.479885
16:30,Bosa,36.0,46.479847
16:30,CAD,436.0,77.161415
16:30,Banderas,132.0,61.760067
16:30,Calle 19,109.0,97.579994
16:30,AV. Jiménez - CL 13,0.0,46.47992
16:30,Movistar Arena,1.0,66.70376
16:30,AV. 39,60.0,95.28841
16:30,Calle 76 - San Felipe,315.0,111.04526
16:30,Calle 63,0.0,61.786007
16:30,Calle 85,431.0,100.929276
16:30,NQS - Calle 30 S,23.0,46.479954
16:30,Country Sur,29.0,38.470303
16:30,Carrera 47,86.0,96.7275
16:30,Portal 80,19.0,61.806004
16:30,Olaya,103.0,38.446648
16:30,Molinos,1.0,61.760067
16:30,Nariño,73.0,61.891167
16:30,Gratamira,50.0,63.08965
16:30,Pradera - Plaza Central,88.0,109.57702
16:30,Las Nieves,66.0,67.74892
16:30,Modelia,214.0,109.676506
16:30,Portal El Dorado – C.C. Nuestro Bogotá,166.0,61.76009
16:30,Flores – Areandina,478.0,97.19336
16:30,Museo del Oro,200.0,104.7529
16:30,General Santander,42.0,61.760044
16:30,Portal 20 de Julio,53.0,38.4467
16:30,Humedal Córdoba,1.0,78.257935
16:30,Parque,4.0,61.760075
16:30,Policarpa,37.0,46.479847
16:30,Museo Nacional,291.0,104.20163
16:30,Hospital,12.0,61.760067
16:30,Normandía,233.0,110.94885
16:30,Perdomo,45.0,38.44742
16:30,Hortúa,9.0,46.48218
16:30,Portal Usme,73.0,61.76006
16:30,Ferias,96.0,62.418236
16:30,Temporal Marly,0.0,61.760956
16:30,Patio Bonito,0.0,46.4754
16:30,Portal Tunal,51.0,39.766506
16:30,Fucha,2.0,46.479908
16:30,Minuto de Dios,26.0,77.07752
16:30,Portal Américas,23.0,46.479855
16:30,Las Aguas - Centro Colombo Americano,55.0,106.82997
16:30,Portal Suba,8.0,72.360146
16:30,Suba - AV. Boyacá,72.0,61.760414
16:30,Santa Lucía,33.0,61.760067
16:30,San Martín,39.0,79.341446
16:30,Universidades – CityU,394.0,69.510994
16:30,Santa Isabel,55.0,61.760063
16:30,Suba - Calle 95,214.0,94.33543
16:30,Puente Aranda,77.0,46.4981
16:30,Quiroga,58.0,38.44665
16:30,Puentelargo,75.0,112.456726
16:30,San Victorino,2.0,62.90449
16:30,CC Paseo Villa del Río - Madelena,105.0,42.467896
16:30,San Mateo - CC Unisur,67.0,38.44679
16:30,Sevillana,69.0,38.533558
16:30,Rionegro,175.0,127.5742
16:30,Suba - Calle 116,86.0,85.25096
16:30,San Bernardo,141.0,107.689644
16:30,SENA,0.0,61.760845
16:30,San Facon Carrera 22,3.0,46.479847
16:30,Socorro,23.0,61.760063
16:30,21 Ángeles,11.0,61.836575
16:30,Temporal Calle 34,529.0,112.4814
16:30,Venecia,1.0,38.44666
16:30,Danubio,0.0,61.761017
16:30,Portal Sur - JFK Coop. Financiera,60.0,61.776955
16:30,Temporal Calle 22,149.0,101.11517
16:45,AV. Chile,4.0,100.16446
16:45,CAN,332.0,110.73752
16:45,Campín - UAN,1.0,79.163185
16:45,San Diego,1.0,111.730286
16:45,Granja - Kr 77,12.0,63.40628
16:45,Ricaurte - NQS,410.0,46.481297
16:45,Quirigua,34.0,65.78564
16:45,Suba - Calle 100,267.0,125.8761
16:45,Calle 75 - Zona M,282.0,127.610794
16:45,AV. Boyacá,202.0,63.328117
16:45,Calle 40 Sur,25.0,61.770245
16:45,AV. Américas - AV. Boyacá,95.0,61.69786
16:45,Marsella,110.0,70.98335
16:45,Niza - Calle 127,221.0,90.261475
16:45,La Campiña,47.0,46.78249
16:45,Transversal 86,38.0,46.66537
16:45,Corferias,49.0,111.33568
16:45,Guatoque - Veraguas,110.0,65.63227
16:45,CDS - Carrera 32,47.0,94.11389
16:45,Ciudad Universitaria - Lotería de Bogotá,42.0,61.783928
16:45,Universidad Nacional,384.0,85.12705
16:45,Avenida Rojas - UNISALESIANA,1.0,85.88687
16:45,Tercer Milenio,63.0,61.879993
16:45,Concejo de Bogotá,20.0,63.661366
16:45,NQS - Calle 38A S,1.0,61.760063
16:45,7 de Agosto,3.0,111.80571
16:45,AV. 68,311.0,111.96683
16:45,Distrito Grafiti,214.0,77.07999
16:45,Polo - FINCOMERCIO,164.0,81.11568
16:45,Tygua - San José,31.0,64.25133
16:45,Quinta Paredes,23.0,90.618805
16:45,Salitre - El Greco,235.0,80.45879
16:45,Zona Industrial,110.0,110.1387
16:45,León XIII,103.0,62.323162
16:45,Paloquemao,645.0,91.980675
16:45,Carrera 90,77.0,75.717224
16:45,Gobernación,20.0,66.45566
16:45,Terreros - Hospital Cardio Vascular,1.0,46.485226
16:45,Escuela Militar,36.0,82.5735
16:45,Mandalay,16.0,62.796455
16:45,AV. Cali,69.0,61.76811
16:45,Suba - TV. 91,100.0,62.30899
16:45,Ricaurte - CL 13,170.0,110.99408
16:45,Restrepo,34.0,61.76069
16:45,Prado,269.0,105.33283
16:45,Terminal,204.0,100.51823
16:45,Virrey,582.0,111.986725
16:45,Toberin - Foundever,129.0,84.95978
16:45,Pepe Sierra,1.0,101.40838
16:45,Calle 100 - Marketmedios,792.0,112.43782
16:45,Calle 142,21.0,85.55349
16:45,Portal Norte – Unicervantes,344.0,111.353806
16:45,Calle 187,178.0,119.72162
16:45,Alcalá – Colegio S. Tomás Dominicos,220.0,127.261894
16:45,Calle 146,50.0,82.056435
16:45,Calle 127,670.0,127.561226
16:45,Héroes,2.0,111.35855
16:45,Calle 161,86.0,78.888855
16:45,Calle 106 - Maletas Explora,436.0,127.60884
16:45,Mazurén,89.0,109.49854
16:45,Calle 45 - American School Way,1.0,81.38513
16:45,Carrera 53,66.0,85.17844
16:45,La Castellana,282.0,127.535965
16:45,AV. 1 Mayo,32.0,78.72607
16:45,De La Sabana,67.0,46.479843
16:45,La Despensa,34.0,38.44678
16:45,Calle 72,0.0,67.66527
16:45,Centro Memoria,9.0,63.73476
16:45,Carrera 43 - Comapan,114.0,111.21962
16:45,Consuelo,22.0,62.277863
16:45,AV. Jiménez - Caracas,59.0,46.479847
16:45,Comuneros,41.0,61.760063
16:45,El Tiempo – Cámara de Comercio de Bogotá,261.0,110.95749
16:45,Biblioteca Tintal,82.0,61.802402
16:45,Ciudad Jardín - UAN,13.0,38.44896
16:45,Bicentenario,1.0,62.81611
16:45,Temporal Calle 57,1.0,109.463455
16:45,Biblioteca,1.0,61.827793
16:45,AV. ElDorado,224.0,61.76109
16:45,Calle 26,9.0,80.469986
16:45,Alquería,147.0,61.760067
16:45,Bosa,37.0,61.950935
16:45,CAD,1.0,110.75552
16:45,Banderas,63.0,61.759846
16:45,Calle 19,163.0,110.15314
16:45,AV. Jiménez - CL 13,0.0,46.086033
16:45,Movistar Arena,2.0,66.92879
16:45,AV. 39,227.0,101.346306
16:45,Calle 76 - San Felipe,279.0,111.25688
16:45,Calle 63,0.0,78.733086
16:45,Calle 85,451.0,121.80252
16:45,NQS - Calle 30 S,24.0,61.737827
16:45,Country Sur,40.0,24.595928
16:45,Carrera 47,63.0,87.41009
16:45,Portal 80,18.0,62.681637
16:45,Olaya,132.0,46.47312
16:45,Molinos,31.0,62.085518
16:45,Nariño,62.0,63.816998
16:45,Gratamira,26.0,67.3697
16:45,Pradera - Plaza Central,1.0,94.793724
16:45,Las Nieves,2.0,67.25988
16:45,Modelia,39.0,77.27087
16:45,Portal El Dorado – C.C. Nuestro Bogotá,38.0,92.165215
16:45,Flores – Areandina,585.0,106.24855
16:45,Museo del Oro,1.0,109.90523
16:45,General Santander,42.0,38.446712
16:45,Portal 20 de Julio,53.0,38.44665
16:45,Humedal Córdoba,78.0,81.68956
16:45,Parque,21.0,63.87959
16:45,Policarpa,9.0,46.481594
16:45,Museo Nacional,539.0,107.078705
16:45,Hospital,11.0,62.189938
16:45,Normandía,152.0,112.687836
16:45,Perdomo,70.0,46.308926
16:45,Hortúa,19.0,46.479794
16:45,Portal Usme,4.0,38.446667
16:45,Ferias,73.0,80.98012
16:45,Temporal Marly,0.0,62.959103
16:45,Patio Bonito,0.0,38.44721
16:45,Portal Tunal,64.0,40.31468
16:45,Fucha,133.0,38.48867
16:45,Minuto de Dios,128.0,67.61064
16:45,Portal Américas,4.0,39.766953
16:45,Las Aguas - Centro Colombo Americano,230.0,81.181526
16:45,Portal Suba,7.0,47.3138
16:45,Suba - AV. Boyacá,98.0,61.762432
16:45,Santa Lucía,31.0,61.76096
16:45,San Martín,38.0,81.66228
16:45,Universidades – CityU,98.0,110.67792
16:45,Santa Isabel,1.0,61.760067
16:45,Suba - Calle 95,262.0,127.54942
16:45,Puente Aranda,61.0,61.760067
16:45,Quiroga,48.0,38.446968
16:45,Puentelargo,271.0,101.696396
16:45,San Victorino,107.0,66.1814
16:45,CC Paseo Villa del Río - Madelena,90.0,46.48707
16:45,San Mateo - CC Unisur,255.0,38.606987
16:45,Sevillana,80.0,46.479847
16:45,Rionegro,143.0,127.57112
16:45,Suba - Calle 116,310.0,85.351685
16:45,San Bernardo,122.0,104.783905
16:45,SENA,0.0,63.374435
16:45,San Facon Carrera 22,99.0,46.28455
16:45,Socorro,18.0,59.082783
16:45,21 Ángeles,16.0,66.48236
16:45,Temporal Calle 34,658.0,107.40211
16:45,Venecia,2.0,47.20535
16:45,Danubio,0.0,65.550415
16:45,Portal Sur - JFK Coop. Financiera,100.0,66.47394
16:45,Temporal Calle 22,134.0,112.48947
17:00,AV. Chile,2.0,101.46919
17:00,CAN,94.0,109.63958
17:00,Campín - UAN,1.0,67.54854
17:00,San Diego,161.0,101.74058
17:00,Granja - Kr 77,23.0,65.07321
17:00,Ricaurte - NQS,1.0,61.88917
17:00,Quirigua,57.0,66.41195
17:00,Suba - Calle 100,409.0,125.87495
17:00,Calle 75 - Zona M,445.0,127.61051
17:00,AV. Boyacá,271.0,81.39522
17:00,Calle 40 Sur,26.0,65.102036
17:00,AV. Américas - AV. Boyacá,127.0,61.933796
17:00,Marsella,111.0,55.77422
17:00,Niza - Calle 127,296.0,120.39325
17:00,La Campiña,59.0,61.93378
17:00,Transversal 86,37.0,46.483196
17:00,Corferias,45.0,86.075226
17:00,Guatoque - Veraguas,151.0,72.56429
17:00,CDS - Carrera 32,110.0,97.37453
17:00,Ciudad Universitaria - Lotería de Bogotá,49.0,62.182747
17:00,Universidad Nacional,450.0,110.906395
17:00,Avenida Rojas - UNISALESIANA,73.0,88.740005
17:00,Tercer Milenio,114.0,61.99909
17:00,Concejo de Bogotá,20.0,66.284775
17:00,NQS - Calle 38A S,182.0,52.13329
17:00,7 de Agosto,601.0,101.1838
17:00,AV. 68,395.0,127.00586
17:00,Distrito Grafiti,315.0,77.32146
17:00,Polo - FINCOMERCIO,290.0,110.77553
17:00,Tygua - San José,41.0,64.94029
17:00,Quinta Paredes,33.0,91.52982
17:00,Salitre - El Greco,94.0,81.23151
17:00,Zona Industrial,206.0,126.06313
17:00,León XIII,80.0,125.6492
17:00,Paloquemao,741.0,81.84247
17:00,Carrera 90,87.0,80.040146
17:00,Gobernación,26.0,66.513435
17:00,Terreros - Hospital Cardio Vascular,43.0,61.76007
17:00,Escuela Militar,92.0,83.04677
17:00,Mandalay,36.0,81.395226
17:00,AV. Cali,134.0,61.76856
17:00,Suba - TV. 91,138.0,77.208206
17:00,Ricaurte - CL 13,326.0,112.54536
17:00,Restrepo,78.0,61.76285
17:00,Prado,1.0,124.898964
17:00,Terminal,229.0,102.02159
17:00,Virrey,774.0,127.2652
17:00,Toberin - Foundever,175.0,83.50955
17:00,Pepe Sierra,670.0,101.70231
17:00,Calle 100 - Marketmedios,910.0,126.33031
17:00,Calle 142,30.0,83.11635
17:00,Portal Norte – Unicervantes,385.0,126.25476
17:00,Calle 187,145.0,127.39162
17:00,Alcalá – Colegio S. Tomás Dominicos,398.0,126.310165
17:00,Calle 146,36.0,82.18413
17:00,Calle 127,695.0,127.372536
17:00,Héroes,1.0,100.59834
17:00,Calle 161,153.0,82.22
17:00,Calle 106 - Maletas Explora,541.0,127.61054
17:00,Mazurén,1.0,81.672775
17:00,Calle 45 - American School Way,1.0,81.39702
17:00,Carrera 53,142.0,81.93621
17:00,La Castellana,372.0,127.56236
17:00,AV. 1 Mayo,3.0,81.3952
17:00,De La Sabana,76.0,46.4818
17:00,La Despensa,56.0,46.247025
17:00,Calle 72,0.0,82.403496
17:00,Centro Memoria,25.0,82.81622
17:00,Carrera 43 - Comapan,167.0,127.418365
17:00,Consuelo,17.0,63.29341
17:00,AV. Jiménez - Caracas,167.0,61.76007
17:00,Comuneros,45.0,61.762188
17:00,El Tiempo – Cámara de Comercio de Bogotá,128.0,95.17767
17:00,Biblioteca Tintal,72.0,46.56572
17:00,Ciudad Jardín - UAN,12.0,38.51851
17:00,Bicentenario,12.0,47.344997
17:00,Temporal Calle 57,736.0,83.48702
17:00,Biblioteca,9.0,47.820343
17:00,AV. ElDorado,389.0,59.904408
17:00,Calle 26,17.0,81.99824
17:00,Alquería,172.0,49.048946
17:00,Bosa,65.0,64.924164
17:00,CAD,208.0,99.14615
17:00,Banderas,97.0,46.54311
17:00,Calle 19,227.0,127.216
17:00,AV. Jiménez - CL 13,0.0,46.479736
17:00,Movistar Arena,414.0,71.87212
17:00,AV. 39,328.0,127.61138
17:00,Calle 76 - San Felipe,442.0,116.47015
17:00,Calle 63,0.0,81.36738
17:00,Calle 85,518.0,127.61121
17:00,NQS - Calle 30 S,124.0,62.157677
17:00,Country Sur,32.0,38.44509
17:00,Carrera 47,152.0,91.43614
17:00,Portal 80,10.0,46.687504
17:00,Olaya,146.0,46.000195
17:00,Molinos,30.0,66.45398
17:00,Nariño,102.0,66.20624
17:00,Gratamira,33.0,75.862915
17:00,Pradera - Plaza Central,109.0,83.986
17:00,Las Nieves,271.0,64.87058
17:00,Modelia,61.0,58.82639
17:00,Portal El Dorado – C.C. Nuestro Bogotá,14.0,66.86212
17:00,Flores – Areandina,775.0,110.33808
17:00,Museo del Oro,497.0,99.695175
17:00,General Santander,41.0,38.552223
17:00,Portal 20 de Julio,82.0,38.81975
17:00,Humedal Córdoba,85.0,83.15825
17:00,Parque,24.0,66.47685
17:00,Policarpa,20.0,61.77845
17:00,Museo Nacional,684.0,112.47608
17:00,Hospital,30.0,66.47271
17:00,Normandía,84.0,127.58433
17:00,Perdomo,60.0,38.446766
17:00,Hortúa,21.0,61.760067
17:00,Portal Usme,8.0,61.76016
17:00,Ferias,128.0,82.37508
17:00,Temporal Marly,0.0,67.05492
17:00,Patio Bonito,0.0,46.479847
17:00,Portal Tunal,76.0,46.479877
17:00,Fucha,181.0,57.245823
17:00,Minuto de Dios,209.0,126.072426
17:00,Portal Américas,3.0,46.479847
17:00,Las Aguas - Centro Colombo Americano,316.0,126.03035
17:00,Portal Suba,1.0,47.45867
17:00,Suba - AV. Boyacá,157.0,46.54203
17:00,Santa Lucía,1.0,46.663803
17:00,San Martín,74.0,82.91891
17:00,Universidades – CityU,84.0,110.759735
17:00,Santa Isabel,145.0,62.75227
17:00,Suba - Calle 95,431.0,127.59047
17:00,Puente Aranda,140.0,66.16159
17:00,Quiroga,1.0,46.476936
17:00,Puentelargo,358.0,127.59567
17:00,San Victorino,94.0,117.54246
17:00,CC Paseo Villa del Río - Madelena,93.0,46.47987
17:00,San Mateo - CC Unisur,197.0,38.44689
17:00,Sevillana,86.0,53.15495
17:00,Rionegro,320.0,127.14589
17:00,Suba - Calle 116,377.0,126.12303
17:00,San Bernardo,130.0,73.91254
17:00,SENA,0.0,63.850998
17:00,San Facon Carrera 22,148.0,46.492634
17:00,Socorro,1.0,46.51595
17:00,21 Ángeles,43.0,66.48674
17:00,Temporal Calle 34,972.0,101.218956
17:00,Venecia,1.0,63.256992
17:00,Danubio,0.0,66.48427
17:00,Portal Sur - JFK Coop. Financiera,2.0,66.48394
17:00,Temporal Calle 22,157.0,127.61159
17:15,AV. Chile,74.0,98.96374
17:15,CAN,385.0,126.41245
17:15,Campín - UAN,1.0,82.477844
17:15,San Diego,11.0,127.600586
17:15,Granja - Kr 77,96.0,81.945915
17:15,Ricaurte - NQS,181.0,62.572124
17:15,Quirigua,37.0,81.80441
17:15,Suba - Calle 100,82.0,125.88927
17:15,Calle 75 - Zona M,417.0,127.61138
17:15,AV. Boyacá,2.0,81.39522
17:15,Calle 40 Sur,47.0,66.669
17:15,AV. Américas - AV. Boyacá,46.0,94.12561
17:15,Marsella,133.0,90.658905
17:15,Niza - Calle 127,1.0,125.54075
17:15,La Campiña,68.0,65.77334
17:15,Transversal 86,51.0,61.827232
17:15,Corferias,232.0,81.868645
17:15,Guatoque - Veraguas,242.0,125.532455
17:15,CDS - Carrera 32,107.0,127.57601
17:15,Ciudad Universitaria - Lotería de Bogotá,61.0,79.06291
17:15,Universidad Nacional,430.0,125.89483
17:15,Avenida Rojas - UNISALESIANA,370.0,82.01363
17:15,Tercer Milenio,35.0,125.9715
17:15,Concejo de Bogotá,11.0,81.395035
17:15,NQS - Calle 38A S,204.0,61.76197
17:15,7 de Agosto,509.0,127.60972
17:15,AV. 68,541.0,127.12621
17:15,Distrito Grafiti,367.0,101.8136
17:15,Polo - FINCOMERCIO,19.0,125.936646
17:15,Tygua - San José,85.0,81.487915
17:15,Quinta Paredes,133.0,91.99711
17:15,Salitre - El Greco,1.0,81.10019
17:15,Zona Industrial,55.0,127.47494
17:15,León XIII,70.0,99.87602
17:15,Paloquemao,236.0,100.20552
17:15,Carrera 90,85.0,101.76444
17:15,Gobernación,494.0,84.492966
17:15,Terreros - Hospital Cardio Vascular,3.0,65.98849
17:15,Escuela Militar,59.0,127.36542
17:15,Mandalay,1.0,81.39691
17:15,AV. Cali,151.0,125.9999
17:15,Suba - TV. 91,19.0,112.18671
17:15,Ricaurte - CL 13,88.0,127.61157
17:15,Restrepo,37.0,63.94045
17:15,Prado,459.0,93.28447
17:15,Terminal,191.0,123.37802
17:15,Virrey,1.0,127.32638
17:15,Toberin - Foundever,523.0,107.305695
17:15,Pepe Sierra,1.0,127.611595
17:15,Calle 100 - Marketmedios,206.0,123.15272
17:15,Calle 142,59.0,83.11684
17:15,Portal Norte – Unicervantes,56.0,125.82555
17:15,Calle 187,1.0,127.60951
17:15,Alcalá – Colegio S. Tomás Dominicos,335.0,127.584625
17:15,Calle 146,86.0,82.87974
17:15,Calle 127,895.0,127.6074
17:15,Héroes,942.0,101.02304
17:15,Calle 161,132.0,102.51369
17:15,Calle 106 - Maletas Explora,856.0,127.611595
17:15,Mazurén,155.0,76.99039
17:15,Calle 45 - American School Way,39.0,82.10816
17:15,Carrera 53,158.0,125.91835
17:15,La Castellana,73.0,127.49921
17:15,AV. 1 Mayo,58.0,81.44843
17:15,De La Sabana,2.0,61.76662
17:15,La Despensa,27.0,38.448154
17:15,Calle 72,0.0,91.4412
17:15,Centro Memoria,188.0,83.10226
17:15,Carrera 43 - Comapan,80.0,127.48533
17:15,Consuelo,32.0,81.37999
17:15,AV. Jiménez - Caracas,42.0,77.151215
17:15,Comuneros,1.0,76.62149
17:15,El Tiempo – Cámara de Comercio de Bogotá,620.0,127.01198
17:15,Biblioteca Tintal,2.0,76.92995
17:15,Ciudad Jardín - UAN,21.0,38.969143
17:15,Bicentenario,3.0,76.68646
17:15,Temporal Calle 57,1.0,127.29896
17:15,Biblioteca,1.0,66.39218
17:15,AV. ElDorado,453.0,125.885345
17:15,Calle 26,19.0,86.17976
17:15,Alquería,236.0,68.06997
17:15,Bosa,54.0,75.19939
17:15,CAD,1.0,127.61078
17:15,Banderas,5.0,80.200356
17:15,Calle 19,1.0,127.559784
17:15,AV. Jiménez - CL 13,0.0,61.76009
17:15,Movistar Arena,3.0,110.90808
17:15,AV. 39,291.0,127.60983
17:15,Calle 76 - San Felipe,36.0,127.611404
17:15,Calle 63,0.0,89.970055
17:15,Calle 85,706.0,127.61077
17:15,NQS - Calle 30 S,86.0,110.768166
17:15,Country Sur,4.0,38.44659
17:15,Carrera 47,134.0,127.54045
17:15,Portal 80,14.0,62.51508
17:15,Olaya,46.0,69.3924
17:15,Molinos,42.0,81.36679
17:15,Nariño,7.0,125.88235
17:15,Gratamira,51.0,83.10202
17:15,Pradera - Plaza Central,119.0,110.82592
17:15,Las Nieves,312.0,125.77912
17:15,Modelia,388.0,57.72848
17:15,Portal El Dorado – C.C. Nuestro Bogotá,260.0,68.52551
17:15,Flores – Areandina,92.0,127.06734
17:15,Museo del Oro,56.0,127.57514
17:15,General Santander,3.0,61.614513
17:15,Portal 20 de Julio,48.0,61.760067
17:15,Humedal Córdoba,89.0,102.54494
17:15,Parque,14.0,74.793076
17:15,Policarpa,3.0,80.06575
17:15,Museo Nacional,761.0,127.58879
17:15,Hospital,8.0,81.38497
17:15,Normandía,291.0,102.74559
17:15,Perdomo,65.0,46.479847
17:15,Hortúa,11.0,62.328667
17:15,Portal Usme,1.0,63.69742
17:15,Ferias,162.0,127.602715
17:15,Temporal Marly,0.0,82.151535
17:15,Patio Bonito,0.0,51.381344
17:15,Portal Tunal,40.0,57.25748
17:15,Fucha,142.0,79.4642
17:15,Minuto de Dios,195.0,126.03323
17:15,Portal Américas,5.0,46.483524
17:15,Las Aguas - Centro Colombo Americano,399.0,127.35829
17:15,Portal Suba,140.0,63.218163
17:15,Suba - AV. Boyacá,112.0,77.25423
17:15,Santa Lucía,18.0,46.51276
17:15,San Martín,11.0,83.124535
17:15,Universidades – CityU,618.0,123.679924
17:15,Santa Isabel,163.0,125.88235
17:15,Suba - Calle 95,95.0,127.6107
17:15,Puente Aranda,157.0,125.88351
17:15,Quiroga,38.0,61.760063
17:15,Puentelargo,1.0,127.60918
17:15,San Victorino,61.0,127.5987
17:15,CC Paseo Villa del Río - Madelena,96.0,61.7625
17:15,San Mateo - CC Unisur,50.0,46.486916
17:15,Sevillana,30.0,61.760777
17:15,Rionegro,46.0,127.60933
17:15,Suba - Calle 116,469.0,126.17371
17:15,San Bernardo,1.0,111.6632
17:15,SENA,0.0,81.39671
17:15,San Facon Carrera 22,2.0,110.81269
17:15,Socorro,22.0,61.746853
17:15,21 Ángeles,28.0,81.39378
17:15,Temporal Calle 34,769.0,124.32141
17:15,Venecia,66.0,66.276985
17:15,Danubio,0.0,81.39282
17:15,Portal Sur - JFK Coop. Financiera,112.0,81.39345
17:15,Temporal Calle 22,49.0,127.611595
17:30,AV. Chile,33.0,68.55435
17:30,CAN,1.0,126.871506
17:30,Campín - UAN,109.0,82.49315
17:30,San Diego,1.0,101.77644
17:30,Granja - Kr 77,4.0,127.56645
17:30,Ricaurte - NQS,1.0,45.95264
17:30,Quirigua,46.0,72.723495
17:30,Suba - Calle 100,384.0,101.59851
17:30,Calle 75 - Zona M,45.0,127.611595
17:30,AV. Boyacá,1.0,82.38479
17:30,Calle 40 Sur,39.0,81.92102
17:30,AV. Américas - AV. Boyacá,28.0,86.21383
17:30,Marsella,34.0,103.157196
17:30,Niza - Calle 127,1.0,99.63791
17:30,La Campiña,36.0,65.95767
17:30,Transversal 86,21.0,62.578876
17:30,Corferias,214.0,127.28634
17:30,Guatoque - Veraguas,147.0,112.50105
17:30,CDS - Carrera 32,58.0,127.61059
17:30,Ciudad Universitaria - Lotería de Bogotá,1.0,71.89652
17:30,Universidad Nacional,1.0,110.8477
17:30,Avenida Rojas - UNISALESIANA,410.0,126.75515
17:30,Tercer Milenio,30.0,100.556656
17:30,Concejo de Bogotá,55.0,81.41014
17:30,NQS - Calle 38A S,2.0,62.190952
17:30,7 de Agosto,1.0,127.61136
17:30,AV. 68,85.0,127.53026
17:30,Distrito Grafiti,49.0,109.42256
17:30,Polo - FINCOMERCIO,282.0,101.773544
17:30,Tygua - San José,1.0,82.740906
17:30,Quinta Paredes,123.0,126.97991
17:30,Salitre - El Greco,264.0,72.95105
17:30,Zona Industrial,70.0,101.69274
17:30,León XIII,54.0,83.44191
17:30,Paloquemao,180.0,108.77406
17:30,Carrera 90,95.0,121.5616
17:30,Gobernación,349.0,110.844604
17:30,Terreros - Hospital Cardio Vascular,32.0,66.48455
17:30,Escuela Militar,10.0,101.53163
17:30,Mandalay,9.0,81.439606
17:30,AV. Cali,102.0,126.16298
17:30,Suba - TV. 91,37.0,101.28154
17:30,Ricaurte - CL 13,295.0,86.913055
17:30,Restrepo,59.0,81.3952
17:30,Prado,390.0,127.611565
17:30,Terminal,319.0,119.52871
17:30,Virrey,50.0,99.98731
17:30,Toberin - Foundever,143.0,108.050514
17:30,Pepe Sierra,1.0,101.731384
17:30,Calle 100 - Marketmedios,139.0,127.60445
17:30,Calle 142,266.0,68.866875
17:30,Portal Norte – Unicervantes,1.0,98.97505
17:30,Calle 187,149.0,112.54729
17:30,Alcalá – Colegio S. Tomás Dominicos,347.0,127.611595
17:30,Calle 146,20.0,127.18241
17:30,Calle 127,795.0,127.61143
17:30,Héroes,816.0,127.60986
17:30,Calle 161,36.0,127.609055
17:30,Calle 106 - Maletas Explora,80.0,127.6116
17:30,Mazurén,87.0,82.97888
17:30,Calle 45 - American School Way,4.0,82.308426
17:30,Carrera 53,16.0,111.064476
17:30,La Castellana,28.0,101.725555
17:30,AV. 1 Mayo,3.0,81.3959
17:30,De La Sabana,2.0,61.764454
17:30,La Despensa,25.0,61.760063
17:30,Calle 72,0.0,91.44017
17:30,Centro Memoria,132.0,127.608475
17:30,Carrera 43 - Comapan,154.0,101.56549
17:30,Consuelo,17.0,66.572624
17:30,AV. Jiménez - Caracas,4.0,66.40745
17:30,Comuneros,1.0,66.53602
17:30,El Tiempo – Cámara de Comercio de Bogotá,1.0,112.5475
17:30,Biblioteca Tintal,68.0,77.220726
17:30,Ciudad Jardín - UAN,10.0,38.44666
17:30,Bicentenario,15.0,61.84165
17:30,Temporal Calle 57,1.0,101.47683
17:30,Biblioteca,18.0,57.879932
17:30,AV. ElDorado,35.0,125.85024
17:30,Calle 26,17.0,85.60051
17:30,Alquería,1.0,47.230812
17:30,Bosa,19.0,41.318718
17:30,CAD,48.0,101.65852
17:30,Banderas,15.0,66.4664
17:30,Calle 19,197.0,101.73295
17:30,AV. Jiménez - CL 13,0.0,32.95008
17:30,Movistar Arena,361.0,101.28715
17:30,AV. 39,31.0,127.609634
17:30,Calle 76 - San Felipe,124.0,101.77381
17:30,Calle 63,0.0,91.72693
17:30,Calle 85,102.0,127.6116
17:30,NQS - Calle 30 S,102.0,85.08154
17:30,Country Sur,1.0,38.445354
17:30,Carrera 47,21.0,127.567795
17:30,Portal 80,17.0,62.54529
17:30,Olaya,106.0,46.482166
17:30,Molinos,1.0,81.15355
17:30,Nariño,79.0,85.29057
17:30,Gratamira,33.0,83.11911
17:30,Pradera - Plaza Central,110.0,112.35017
17:30,Las Nieves,299.0,125.87444
17:30,Modelia,254.0,63.670685
17:30,Portal El Dorado – C.C. Nuestro Bogotá,53.0,125.88223
17:30,Flores – Areandina,212.0,127.02105
17:30,Museo del Oro,163.0,100.20413
17:30,General Santander,18.0,46.479893
17:30,Portal 20 de Julio,1.0,39.120903
17:30,Humedal Córdoba,30.0,123.18855
17:30,Parque,10.0,50.11343
17:30,Policarpa,14.0,81.32065
17:30,Museo Nacional,668.0,127.60538
17:30,Hospital,3.0,66.61051
17:30,Normandía,246.0,127.611465
17:30,Perdomo,46.0,61.743
17:30,Hortúa,103.0,80.36078
17:30,Portal Usme,1.0,65.48443
17:30,Ferias,1.0,101.77298
17:30,Temporal Marly,0.0,67.10897
17:30,Patio Bonito,0.0,46.479862
17:30,Portal Tunal,52.0,62.142162
17:30,Fucha,1.0,96.143005
17:30,Minuto de Dios,85.0,126.266174
17:30,Portal Américas,1.0,61.760277
17:30,Las Aguas - Centro Colombo Americano,87.0,127.43492
17:30,Portal Suba,1.0,112.147964
17:30,Suba - AV. Boyacá,129.0,111.00087
17:30,Santa Lucía,23.0,76.66786
17:30,San Martín,71.0,83.12522
17:30,Universidades – CityU,181.0,127.06737
17:30,Santa Isabel,1.0,125.846245
17:30,Suba - Calle 95,289.0,127.60162
17:30,Puente Aranda,100.0,110.96886
17:30,Quiroga,1.0,46.48093
17:30,Puentelargo,87.0,101.7742
17:30,San Victorino,133.0,101.77527
17:30,CC Paseo Villa del Río - Madelena,67.0,61.279415
17:30,San Mateo - CC Unisur,56.0,38.507133
17:30,Sevillana,14.0,61.811096
17:30,Rionegro,177.0,101.74392
17:30,Suba - Calle 116,97.0,127.61109
17:30,San Bernardo,71.0,85.23209
17:30,SENA,0.0,81.396866
17:30,San Facon Carrera 22,104.0,85.49942
17:30,Socorro,22.0,61.767696
17:30,21 Ángeles,35.0,81.42064
17:30,Temporal Calle 34,1.0,123.13859
17:30,Venecia,69.0,66.489365
17:30,Danubio,0.0,77.91736
17:30,Portal Sur - JFK Coop. Financiera,1.0,107.437904
17:30,Temporal Calle 22,125.0,101.77733
17:45,AV. Chile,41.0,65.98141
17:45,CAN,1.0,84.94912
17:45,Campín - UAN,91.0,127.58056
17:45,San Diego,1.0,101.73813
17:45,Granja - Kr 77,60.0,86.80913
17:45,Ricaurte - NQS,297.0,61.67355
17:45,Quirigua,42.0,66.23623
17:45,Suba - Calle 100,286.0,86.59274
17:45,Calle 75 - Zona M,302.0,100.28391
17:45,AV. Boyacá,142.0,66.48554
17:45,Calle 40 Sur,41.0,50.055653
17:45,AV. Américas - AV. Boyacá,85.0,41.078716
17:45,Marsella,1.0,63.06689
17:45,Niza - Calle 127,159.0,99.58925
17:45,La Campiña,36.0,49.48724
17:45,Transversal 86,22.0,66.255554
17:45,Corferias,31.0,127.385315
17:45,Guatoque - Veraguas,144.0,61.028355
17:45,CDS - Carrera 32,31.0,101.77185
17:45,Ciudad Universitaria - Lotería de Bogotá,1.0,67.366394
17:45,Universidad Nacional,37.0,86.355316
17:45,Avenida Rojas - UNISALESIANA,14.0,127.570465
17:45,Tercer Milenio,103.0,69.85982
17:45,Concejo de Bogotá,11.0,66.468506
17:45,NQS - Calle 38A S,2.0,46.581554
17:45,7 de Agosto,2.0,101.77494
17:45,AV. 68,61.0,101.72899
17:45,Distrito Grafiti,360.0,83.8385
17:45,Polo - FINCOMERCIO,23.0,127.61153
17:45,Tygua - San José,1.0,44.245003
17:45,Quinta Paredes,14.0,127.58709
17:45,Salitre - El Greco,1.0,101.35032
17:45,Zona Industrial,18.0,100.59239
17:45,León XIII,45.0,83.34084
17:45,Paloquemao,175.0,93.70157
17:45,Carrera 90,56.0,122.92607
17:45,Gobernación,19.0,85.95302
17:45,Terreros - Hospital Cardio Vascular,32.0,50.22727
17:45,Escuela Militar,7.0,101.53156
17:45,Mandalay,30.0,66.48943
17:45,AV. Cali,88.0,93.45538
17:45,Suba - TV. 91,32.0,84.6855
17:45,Ricaurte - CL 13,20.0,89.13936
17:45,Restrepo,58.0,80.58591
17:45,Prado,385.0,127.6116
17:45,Terminal,205.0,111.04601
17:45,Virrey,57.0,99.95421
17:45,Toberin - Foundever,126.0,106.922295
17:45,Pepe Sierra,731.0,85.141975
17:45,Calle 100 - Marketmedios,153.0,127.61092
17:45,Calle 142,39.0,74.67725
17:45,Portal Norte – Unicervantes,266.0,99.83233
17:45,Calle 187,96.0,105.45411
17:45,Alcalá – Colegio S. Tomás Dominicos,121.0,127.611595
17:45,Calle 146,37.0,101.55119
17:45,Calle 127,222.0,127.611595
17:45,Héroes,667.0,127.61101
17:45,Calle 161,17.0,101.75305
17:45,Calle 106 - Maletas Explora,111.0,101.77747
17:45,Mazurén,94.0,51.168736
17:45,Calle 45 - American School Way,1.0,81.73399
17:45,Carrera 53,16.0,86.486374
17:45,La Castellana,258.0,101.70645
17:45,AV. 1 Mayo,2.0,81.3947
17:45,De La Sabana,31.0,38.571857
17:45,La Despensa,44.0,41.483223
17:45,Calle 72,0.0,75.15875
17:45,Centro Memoria,9.0,127.61151
17:45,Carrera 43 - Comapan,108.0,127.61153
17:45,Consuelo,20.0,38.466873
17:45,AV. Jiménez - Caracas,3.0,45.263733
17:45,Comuneros,17.0,38.660152
17:45,El Tiempo – Cámara de Comercio de Bogotá,24.0,85.2334
17:45,Biblioteca Tintal,64.0,44.12875
17:45,Ciudad Jardín - UAN,20.0,38.445953
17:45,Bicentenario,15.0,47.464466
17:45,Temporal Calle 57,64.0,69.7101
17:45,Biblioteca,12.0,39.39596
17:45,AV. ElDorado,34.0,70.0208
17:45,Calle 26,13.0,66.49045
17:45,Alquería,30.0,38.808796
17:45,Bosa,43.0,38.446674
17:45,CAD,51.0,100.34871
17:45,Banderas,4.0,73.07109
17:45,Calle 19,1.0,91.494415
17:45,AV. Jiménez - CL 13,0.0,46.482594
17:45,Movistar Arena,385.0,86.638824
17:45,AV. 39,27.0,101.70789
17:45,Calle 76 - San Felipe,73.0,127.6116
17:45,Calle 63,0.0,90.1029
17:45,Calle 85,110.0,127.6116
17:45,NQS - Calle 30 S,30.0,76.38986
17:45,Country Sur,44.0,22.418808
17:45,Carrera 47,1.0,86.831024
17:45,Portal 80,11.0,65.97013
17:45,Olaya,132.0,38.463947
17:45,Molinos,21.0,66.489365
17:45,Nariño,6.0,61.35921
17:45,Gratamira,19.0,83.037
17:45,Pradera - Plaza Central,101.0,99.40782
17:45,Las Nieves,224.0,126.20137
17:45,Modelia,11.0,62.22961
17:45,Portal El Dorado – C.C. Nuestro Bogotá,13.0,80.531265
17:45,Flores – Areandina,172.0,126.24597
17:45,Museo del Oro,190.0,126.073784
17:45,General Santander,22.0,38.44685
17:45,Portal 20 de Julio,32.0,38.446667
17:45,Humedal Córdoba,25.0,97.35449
17:45,Parque,16.0,38.47142
17:45,Policarpa,10.0,66.489426
17:45,Museo Nacional,580.0,127.516045
17:45,Hospital,20.0,66.489365
17:45,Normandía,21.0,127.6116
17:45,Perdomo,53.0,38.446655
17:45,Hortúa,88.0,125.879845
17:45,Portal Usme,3.0,66.48936
17:45,Ferias,9.0,100.04417
17:45,Temporal Marly,0.0,64.36338
17:45,Patio Bonito,0.0,38.44671
17:45,Portal Tunal,75.0,46.48458
17:45,Fucha,150.0,59.518593
17:45,Minuto de Dios,146.0,101.7706
17:45,Portal Américas,3.0,48.918003
17:45,Las Aguas - Centro Colombo Americano,299.0,101.733505
17:45,Portal Suba,1.0,85.773605
17:45,Suba - AV. Boyacá,94.0,107.43428
17:45,Santa Lucía,31.0,62.613544
17:45,San Martín,44.0,81.41004
17:45,Universidades – CityU,98.0,99.74244
17:45,Santa Isabel,48.0,69.85741
17:45,Suba - Calle 95,282.0,112.54097
17:45,Puente Aranda,67.0,72.82458
17:45,Quiroga,37.0,46.479847
17:45,Puentelargo,76.0,112.52066
17:45,San Victorino,130.0,127.609314
17:45,CC Paseo Villa del Río - Madelena,52.0,39.201523
17:45,San Mateo - CC Unisur,59.0,37.068768
17:45,Sevillana,27.0,46.607265
17:45,Rionegro,142.0,73.33272
17:45,Suba - Calle 116,108.0,127.611465
17:45,San Bernardo,12.0,61.085415
17:45,SENA,0.0,49.197853
17:45,San Facon Carrera 22,22.0,86.3869
17:45,Socorro,17.0,48.55241
17:45,21 Ángeles,40.0,50.491802
17:45,Temporal Calle 34,631.0,66.51197
17:45,Venecia,71.0,42.859585
17:45,Danubio,0.0,38.493233
17:45,Portal Sur - JFK Coop. Financiera,1.0,81.027405
17:45,Temporal Calle 22,112.0,73.05247
18:00,AV. Chile,60.0,61.899883
18:00,CAN,444.0,80.5758
18:00,Campín - UAN,1.0,103.47757
18:00,San Diego,156.0,86.74263
18:00,Granja - Kr 77,82.0,64.723946
18:00,Ricaurte - NQS,34.0,72.229294
18:00,Quirigua,50.0,66.46732
18:00,Suba - Calle 100,403.0,88.56085
18:00,Calle 75 - Zona M,28.0,86.7491
18:00,AV. Boyacá,251.0,77.279305
18:00,Calle 40 Sur,53.0,46.491337
18:00,AV. Américas - AV. Boyacá,2.0,55.058247
18:00,Marsella,66.0,53.303364
18:00,Niza - Calle 127,166.0,107.111
18:00,La Campiña,42.0,46.491795
18:00,Transversal 86,1.0,66.404465
18:00,Corferias,183.0,100.210396
18:00,Guatoque - Veraguas,160.0,52.370445
18:00,CDS - Carrera 32,63.0,85.93746
18:00,Ciudad Universitaria - Lotería de Bogotá,2.0,39.25428
18:00,Universidad Nacional,18.0,61.43967
18:00,Avenida Rojas - UNISALESIANA,254.0,84.499054
18:00,Tercer Milenio,14.0,110.82988
18:00,Concejo de Bogotá,76.0,66.48079
18:00,NQS - Calle 38A S,117.0,46.487446
18:00,7 de Agosto,2.0,85.13863
18:00,AV. 68,83.0,86.160904
18:00,Distrito Grafiti,104.0,81.56207
18:00,Polo - FINCOMERCIO,24.0,101.4321
18:00,Tygua - San José,85.0,67.735146
18:00,Quinta Paredes,83.0,86.807655
18:00,Salitre - El Greco,3.0,74.8153
18:00,Zona Industrial,95.0,87.11436
18:00,León XIII,52.0,66.489365
18:00,Paloquemao,72.0,91.54009
18:00,Carrera 90,1.0,97.113525
18:00,Gobernación,264.0,68.75418
18:00,Terreros - Hospital Cardio Vascular,56.0,46.938557
18:00,Escuela Militar,19.0,99.21413
18:00,Mandalay,16.0,66.48929
18:00,AV. Cali,78.0,69.8705
18:00,Suba - TV. 91,132.0,83.50512
18:00,Ricaurte - CL 13,237.0,76.807
18:00,Restrepo,31.0,51.180717
18:00,Prado,333.0,101.44708
18:00,Terminal,1.0,110.67099
18:00,Virrey,827.0,99.01926
18:00,Toberin - Foundever,120.0,121.84617
18:00,Pepe Sierra,626.0,100.03511
18:00,Calle 100 - Marketmedios,1.0,127.611465
18:00,Calle 142,44.0,78.67207
18:00,Portal Norte – Unicervantes,118.0,126.638565
18:00,Calle 187,154.0,90.30194
18:00,Alcalá – Colegio S. Tomás Dominicos,1.0,85.00302
18:00,Calle 146,23.0,99.61166
18:00,Calle 127,664.0,127.61155
18:00,Héroes,84.0,101.77644
18:00,Calle 161,36.0,101.48708
18:00,Calle 106 - Maletas Explora,550.0,127.6116
18:00,Mazurén,124.0,46.500675
18:00,Calle 45 - American School Way,137.0,81.74252
18:00,Carrera 53,20.0,85.49574
18:00,La Castellana,18.0,127.61157
18:00,AV. 1 Mayo,1.0,66.489365
18:00,De La Sabana,130.0,46.480045
18:00,La Despensa,22.0,42.14616
18:00,Calle 72,0.0,75.01906
18:00,Centro Memoria,117.0,101.7524
18:00,Carrera 43 - Comapan,1.0,127.611465
18:00,Consuelo,11.0,61.79914
18:00,AV. Jiménez - Caracas,4.0,52.855785
18:00,Comuneros,48.0,46.308445
18:00,El Tiempo – Cámara de Comercio de Bogotá,469.0,69.069046
18:00,Biblioteca Tintal,15.0,38.448875
18:00,Ciudad Jardín - UAN,22.0,38.44679
18:00,Bicentenario,14.0,46.54807
18:00,Temporal Calle 57,189.0,54.460354
18:00,Biblioteca,14.0,46.47985
18:00,AV. ElDorado,13.0,63.193653
18:00,Calle 26,17.0,66.49834
18:00,Alquería,155.0,23.352259
18:00,Bosa,11.0,38.446823
18:00,CAD,105.0,85.125854
18:00,Banderas,74.0,73.7955
18:00,Calle 19,1.0,80.175964
18:00,AV. Jiménez - CL 13,0.0,57.66293
18:00,Movistar Arena,401.0,66.93498
18:00,AV. 39,90.0,90.38846
18:00,Calle 76 - San Felipe,73.0,100.12489
18:00,Calle 63,0.0,60.67752
18:00,Calle 85,5.0,127.6116
18:00,NQS - Calle 30 S,19.0,59.541107
18:00,Country Sur,24.0,38.429707
18:00,Carrera 47,12.0,84.34956
18:00,Portal 80,43.0,66.09267
18:00,Olaya,101.0,36.606533
18:00,Molinos,58.0,66.48926
18:00,Nariño,25.0,52.37053
18:00,Gratamira,19.0,66.4895
18:00,Pradera - Plaza Central,111.0,67.46084
18:00,Las Nieves,1.0,110.807755
18:00,Modelia,261.0,40.23357
18:00,Portal El Dorado – C.C. Nuestro Bogotá,1.0,52.383057
18:00,Flores – Areandina,77.0,111.87753
18:00,Museo del Oro,34.0,111.00867
18:00,General Santander,32.0,38.44665
18:00,Portal 20 de Julio,1.0,38.446846
18:00,Humedal Córdoba,44.0,97.22014
18:00,Parque,1.0,38.446655
18:00,Policarpa,31.0,66.48928
18:00,Museo Nacional,354.0,112.524315
18:00,Hospital,1.0,66.48933
18:00,Normandía,184.0,85.143005
18:00,Perdomo,53.0,46.479935
18:00,Hortúa,57.0,85.13952
18:00,Portal Usme,1.0,66.48924
18:00,Ferias,72.0,85.0552
18:00,Temporal Marly,0.0,39.58618
18:00,Patio Bonito,0.0,38.44731
18:00,Portal Tunal,51.0,39.805447
18:00,Fucha,49.0,71.82752
18:00,Minuto de Dios,1.0,93.15048
18:00,Portal Américas,14.0,46.479874
18:00,Las Aguas - Centro Colombo Americano,109.0,112.55401
18:00,Portal Suba,136.0,66.231606
18:00,Suba - AV. Boyacá,94.0,81.13795
18:00,Santa Lucía,28.0,66.48683
18:00,San Martín,52.0,69.10618
18:00,Universidades – CityU,165.0,111.51245
18:00,Santa Isabel,13.0,52.45765
18:00,Suba - Calle 95,276.0,127.61128
18:00,Puente Aranda,183.0,70.538864
18:00,Quiroga,28.0,46.407284
18:00,Puentelargo,300.0,101.76777
18:00,San Victorino,43.0,112.54524
18:00,CC Paseo Villa del Río - Madelena,57.0,46.479847
18:00,San Mateo - CC Unisur,182.0,32.28309
18:00,Sevillana,1.0,41.779366
18:00,Rionegro,156.0,112.53902
18:00,Suba - Calle 116,379.0,112.558945
18:00,San Bernardo,25.0,48.34505
18:00,SENA,0.0,61.767853
18:00,San Facon Carrera 22,75.0,73.9017
18:00,Socorro,14.0,42.015285
18:00,21 Ángeles,47.0,65.78394
18:00,Temporal Calle 34,697.0,96.26335
18:00,Venecia,65.0,61.761726
18:00,Danubio,0.0,61.83858
18:00,Portal Sur - JFK Coop. Financiera,21.0,81.51248
18:00,Temporal Calle 22,1.0,127.61083
18:15,AV. Chile,304.0,76.76627
18:15,CAN,57.0,102.129395
18:15,Campín - UAN,117.0,86.77246
18:15,San Diego,66.0,97.387024
18:15,Granja - Kr 77,58.0,79.21024
18:15,Ricaurte - NQS,1.0,61.768894
18:15,Quirigua,34.0,68.758064
18:15,Suba - Calle 100,76.0,127.6088
18:15,Calle 75 - Zona M,362.0,90.87131
18:15,AV. Boyacá,1.0,101.076355
18:15,Calle 40 Sur,20.0,46.48022
18:15,AV. Américas - AV. Boyacá,61.0,61.760094
18:15,Marsella,47.0,47.247234
18:15,Niza - Calle 127,227.0,127.01672
18:15,La Campiña,33.0,61.760113
18:15,Transversal 86,23.0,66.454765
18:15,Corferias,94.0,110.579254
18:15,Guatoque - Veraguas,163.0,52.370247
18:15,CDS - Carrera 32,53.0,87.20426
18:15,Ciudad Universitaria - Lotería de Bogotá,94.0,47.288685
18:15,Universidad Nacional,118.0,60.45915
18:15,Avenida Rojas - UNISALESIANA,235.0,125.90147
18:15,Tercer Milenio,85.0,85.52692
18:15,Concejo de Bogotá,5.0,66.51887
18:15,NQS - Calle 38A S,1.0,49.009426
18:15,7 de Agosto,441.0,84.475845
18:15,AV. 68,405.0,93.924255
18:15,Distrito Grafiti,2.0,103.16753
18:15,Polo - FINCOMERCIO,57.0,101.42587
18:15,Tygua - San José,1.0,77.50529
18:15,Quinta Paredes,31.0,84.451385
18:15,Salitre - El Greco,129.0,74.49592
18:15,Zona Industrial,36.0,125.89364
18:15,León XIII,51.0,40.396576
18:15,Paloquemao,461.0,63.232494
18:15,Carrera 90,41.0,96.935745
18:15,Gobernación,27.0,60.406002
18:15,Terreros - Hospital Cardio Vascular,1.0,46.480087
18:15,Escuela Militar,45.0,83.11813
18:15,Mandalay,6.0,63.419857
18:15,AV. Cali,80.0,100.05264
18:15,Suba - TV. 91,100.0,111.38068
18:15,Ricaurte - CL 13,81.0,125.96096
18:15,Restrepo,1.0,66.4632
18:15,Prado,1.0,127.6116
18:15,Terminal,1.0,101.20276
18:15,Virrey,868.0,123.14898
18:15,Toberin - Foundever,1.0,107.79657
18:15,Pepe Sierra,529.0,125.8823
18:15,Calle 100 - Marketmedios,3.0,102.79633
18:15,Calle 142,193.0,80.78706
18:15,Portal Norte – Unicervantes,86.0,125.06891
18:15,Calle 187,1.0,72.91063
18:15,Alcalá – Colegio S. Tomás Dominicos,238.0,85.141495
18:15,Calle 146,68.0,82.92702
18:15,Calle 127,624.0,127.611595
18:15,Héroes,625.0,92.048584
18:15,Calle 161,36.0,101.48779
18:15,Calle 106 - Maletas Explora,433.0,127.6116
18:15,Mazurén,151.0,61.921806
18:15,Calle 45 - American School Way,153.0,125.94687
18:15,Carrera 53,99.0,90.03436
18:15,La Castellana,389.0,101.773476
18:15,AV. 1 Mayo,4.0,66.48925
18:15,De La Sabana,113.0,95.924255
18:15,La Despensa,16.0,61.760063
18:15,Calle 72,0.0,66.45266
18:15,Centro Memoria,33.0,127.586586
18:15,Carrera 43 - Comapan,140.0,85.27529
18:15,Consuelo,16.0,62.097713
18:15,AV. Jiménez - Caracas,755.0,40.813225
18:15,Comuneros,4.0,61.7601
18:15,El Tiempo – Cámara de Comercio de Bogotá,422.0,96.12313
18:15,Biblioteca Tintal,65.0,61.760063
18:15,Ciudad Jardín - UAN,32.0,38.446625
18:15,Bicentenario,1.0,38.44686
18:15,Temporal Calle 57,62.0,110.8295
18:15,Biblioteca,13.0,38.44665
18:15,AV. ElDorado,210.0,76.68811
18:15,Calle 26,6.0,81.39282
18:15,Alquería,151.0,38.446655
18:15,Bosa,49.0,61.76035
18:15,CAD,67.0,97.16092
18:15,Banderas,34.0,64.871284
18:15,Calle 19,2.0,55.816147
18:15,AV. Jiménez - CL 13,0.0,56.336315
18:15,Movistar Arena,92.0,110.827866
18:15,AV. 39,99.0,111.95699
18:15,Calle 76 - San Felipe,728.0,85.14012
18:15,Calle 63,0.0,67.59371
18:15,Calle 85,544.0,101.769104
18:15,NQS - Calle 30 S,96.0,61.441143
18:15,Country Sur,1.0,38.39306
18:15,Carrera 47,66.0,99.591064
18:15,Portal 80,11.0,66.1687
18:15,Olaya,129.0,38.44665
18:15,Molinos,35.0,49.6358
18:15,Nariño,4.0,38.44665
18:15,Gratamira,23.0,63.168827
18:15,Pradera - Plaza Central,65.0,103.1623
18:15,Las Nieves,249.0,86.52527
18:15,Modelia,186.0,47.461334
18:15,Portal El Dorado – C.C. Nuestro Bogotá,2.0,60.276215
18:15,Flores – Areandina,699.0,67.497765
18:15,Museo del Oro,45.0,72.32924
18:15,General Santander,2.0,38.44665
18:15,Portal 20 de Julio,1.0,28.278254
18:15,Humedal Córdoba,48.0,96.96917
18:15,Parque,4.0,38.446667
18:15,Policarpa,13.0,49.967915
18:15,Museo Nacional,79.0,97.4566
18:15,Hospital,68.0,49.606052
18:15,Normandía,176.0,125.884094
18:15,Perdomo,36.0,38.497353
18:15,Hortúa,8.0,66.775536
18:15,Portal Usme,2.0,50.217144
18:15,Ferias,71.0,62.92017
18:15,Temporal Marly,0.0,61.760117
18:15,Patio Bonito,0.0,46.479847
18:15,Portal Tunal,24.0,46.47985
18:15,Fucha,36.0,55.80884
18:15,Minuto de Dios,159.0,81.00228
18:15,Portal Américas,54.0,38.447273
18:15,Las Aguas - Centro Colombo Americano,125.0,97.47017
18:15,Portal Suba,4.0,105.350266
18:15,Suba - AV. Boyacá,106.0,61.81
18:15,Santa Lucía,7.0,47.542305
18:15,San Martín,10.0,75.55855
18:15,Universidades – CityU,101.0,127.60185
18:15,Santa Isabel,51.0,56.38049
18:15,Suba - Calle 95,374.0,127.60953
18:15,Puente Aranda,144.0,82.720314
18:15,Quiroga,17.0,46.479763
18:15,Puentelargo,1.0,127.60225
18:15,San Victorino,195.0,85.5822
18:15,CC Paseo Villa del Río - Madelena,32.0,46.479847
18:15,San Mateo - CC Unisur,44.0,38.44759
18:15,Sevillana,23.0,46.491158
18:15,Rionegro,39.0,127.58736
18:15,Suba - Calle 116,267.0,127.61118
18:15,San Bernardo,62.0,46.479847
18:15,SENA,0.0,61.778736
18:15,San Facon Carrera 22,59.0,61.76897
18:15,Socorro,11.0,57.851727
18:15,21 Ángeles,21.0,66.19672
18:15,Temporal Calle 34,586.0,96.47139
18:15,Venecia,97.0,61.76173
18:15,Danubio,0.0,61.840015
18:15,Portal Sur - JFK Coop. Financiera,3.0,80.04546
18:15,Temporal Calle 22,3.0,101.63014
18:30,AV. Chile,25.0,126.46202
18:30,CAN,23.0,85.12541
18:30,Campín - UAN,80.0,127.55952
18:30,San Diego,112.0,71.52469
18:30,Granja - Kr 77,52.0,63.09183
18:30,Ricaurte - NQS,2.0,76.3392
18:30,Quirigua,19.0,66.48271
18:30,Suba - Calle 100,189.0,101.75548
18:30,Calle 75 - Zona M,194.0,126.14769
18:30,AV. Boyacá,210.0,75.82922
18:30,Calle 40 Sur,20.0,46.479866
18:30,AV. Américas - AV. Boyacá,67.0,61.76012
18:30,Marsella,22.0,46.48188
18:30,Niza - Calle 127,1.0,127.32704
18:30,La Campiña,21.0,61.684196
18:30,Transversal 86,31.0,66.48836
18:30,Corferias,97.0,110.473335
18:30,Guatoque - Veraguas,59.0,77.10065
18:30,CDS - Carrera 32,32.0,69.229836
18:30,Ciudad Universitaria - Lotería de Bogotá,11.0,46.87435
18:30,Universidad Nacional,34.0,125.900826
18:30,Avenida Rojas - UNISALESIANA,175.0,121.02899
18:30,Tercer Milenio,56.0,85.13605
18:30,Concejo de Bogotá,28.0,66.48836
18:30,NQS - Calle 38A S,117.0,51.21903
18:30,7 de Agosto,72.0,125.88243
18:30,AV. 68,85.0,111.4084
18:30,Distrito Grafiti,195.0,89.625015
18:30,Polo - FINCOMERCIO,25.0,101.41721
18:30,Tygua - San José,38.0,66.30916
18:30,Quinta Paredes,81.0,99.31943
18:30,Salitre - El Greco,1.0,99.96657
18:30,Zona Industrial,68.0,100.13489
18:30,León XIII,56.0,61.763382
18:30,Paloquemao,101.0,62.92029
18:30,Carrera 90,52.0,98.20279
18:30,Gobernación,146.0,61.76028
18:30,Terreros - Hospital Cardio Vascular,22.0,46.463276
18:30,Escuela Militar,5.0,83.11838
18:30,Mandalay,14.0,47.990643
18:30,AV. Cali,78.0,81.40431
18:30,Suba - TV. 91,19.0,111.77617
18:30,Ricaurte - CL 13,134.0,100.116165
18:30,Restrepo,40.0,66.46503
18:30,Prado,270.0,101.777466
18:30,Terminal,81.0,86.71013
18:30,Virrey,53.0,123.14463
18:30,Toberin - Foundever,92.0,94.64021
18:30,Pepe Sierra,464.0,125.88239
18:30,Calle 100 - Marketmedios,155.0,101.77859
18:30,Calle 142,29.0,111.873146
18:30,Portal Norte – Unicervantes,73.0,98.90918
18:30,Calle 187,109.0,77.23236
18:30,Alcalá – Colegio S. Tomás Dominicos,1.0,123.34242
18:30,Calle 146,25.0,81.40021
18:30,Calle 127,1.0,127.61156
18:30,Héroes,95.0,125.991425
18:30,Calle 161,32.0,82.565285
18:30,Calle 106 - Maletas Explora,86.0,127.611115
18:30,Mazurén,93.0,70.96103
18:30,Calle 45 - American School Way,6.0,127.02583
18:30,Carrera 53,13.0,125.88361
18:30,La Castellana,236.0,127.61157
18:30,AV. 1 Mayo,4.0,66.489204
18:30,De La Sabana,20.0,125.86288
18:30,La Despensa,7.0,61.75629
18:30,Calle 72,0.0,81.6465
18:30,Centro Memoria,57.0,101.75239
18:30,Carrera 43 - Comapan,19.0,126.015976
18:30,Consuelo,15.0,65.81343
18:30,AV. Jiménez - Caracas,8.0,95.70834
18:30,Comuneros,4.0,76.64496
18:30,El Tiempo – Cámara de Comercio de Bogotá,322.0,125.84972
18:30,Biblioteca Tintal,23.0,61.760067
18:30,Ciudad Jardín - UAN,10.0,61.760063
18:30,Bicentenario,6.0,46.48035
18:30,Temporal Calle 57,50.0,85.14232
18:30,Biblioteca,17.0,38.44665
18:30,AV. ElDorado,28.0,125.88237
18:30,Calle 26,8.0,81.39617
18:30,Alquería,1.0,38.44713
18:30,Bosa,1.0,76.61455
18:30,CAD,55.0,86.390335
18:30,Banderas,58.0,63.993397
18:30,Calle 19,134.0,85.34935
18:30,AV. Jiménez - CL 13,0.0,80.55435
18:30,Movistar Arena,78.0,100.04526
18:30,AV. 39,52.0,126.475296
18:30,Calle 76 - San Felipe,19.0,125.88241
18:30,Calle 63,0.0,81.36749
18:30,Calle 85,2.0,127.60324
18:30,NQS - Calle 30 S,13.0,125.85492
18:30,Country Sur,19.0,38.38338
18:30,Carrera 47,21.0,81.28694
18:30,Portal 80,12.0,81.39423
18:30,Olaya,94.0,125.88239
18:30,Molinos,1.0,64.91604
18:30,Nariño,46.0,61.760063
18:30,Gratamira,8.0,63.186935
18:30,Pradera - Plaza Central,118.0,90.23645
18:30,Las Nieves,231.0,72.823425
18:30,Modelia,129.0,46.503094
18:30,Portal El Dorado – C.C. Nuestro Bogotá,10.0,61.760063
18:30,Flores – Areandina,67.0,125.889275
18:30,Museo del Oro,48.0,84.4732
18:30,General Santander,30.0,38.45305
18:30,Portal 20 de Julio,1.0,38.446648
18:30,Humedal Córdoba,37.0,82.365906
18:30,Parque,8.0,61.760063
18:30,Policarpa,14.0,33.286644
18:30,Museo Nacional,514.0,83.99191
18:30,Hospital,61.0,79.78929
18:30,Normandía,128.0,125.88411
18:30,Perdomo,19.0,38.446644
18:30,Hortúa,58.0,52.382618
18:30,Portal Usme,1.0,38.451527
18:30,Ferias,19.0,62.919075
18:30,Temporal Marly,0.0,61.76019
18:30,Patio Bonito,0.0,38.563087
18:30,Portal Tunal,36.0,38.50457
18:30,Fucha,49.0,38.524113
18:30,Minuto de Dios,67.0,115.87491
18:30,Portal Américas,1.0,38.507782
18:30,Las Aguas - Centro Colombo Americano,230.0,109.599884
18:30,Portal Suba,99.0,78.7125
18:30,Suba - AV. Boyacá,72.0,69.364685
18:30,Santa Lucía,1.0,62.822453
18:30,San Martín,41.0,81.39522
18:30,Universidades – CityU,86.0,112.47309
18:30,Santa Isabel,9.0,61.75855
18:30,Suba - Calle 95,158.0,127.60595
18:30,Puente Aranda,64.0,97.76807
18:30,Quiroga,25.0,46.577274
18:30,Puentelargo,69.0,101.76812
18:30,San Victorino,113.0,126.38416
18:30,CC Paseo Villa del Río - Madelena,38.0,61.760086
18:30,San Mateo - CC Unisur,205.0,38.447453
18:30,Sevillana,26.0,46.478188
18:30,Rionegro,1.0,101.76665
18:30,Suba - Calle 116,298.0,127.5747
18:30,San Bernardo,23.0,40.455276
18:30,SENA,0.0,62.264793
18:30,San Facon Carrera 22,83.0,77.837524
18:30,Socorro,1.0,46.445637
18:30,21 Ángeles,8.0,66.477295
18:30,Temporal Calle 34,407.0,83.95387
18:30,Venecia,86.0,63.35667
18:30,Danubio,0.0,79.39807
18:30,Portal Sur - JFK Coop. Financiera,2.0,66.48333
18:30,Temporal Calle 22,1.0,101.62272
18:45,AV. Chile,1.0,81.72541
18:45,CAN,38.0,50.72373
18:45,Campín - UAN,184.0,68.51605
18:45,San Diego,130.0,112.10966
18:45,Granja - Kr 77,10.0,48.905544
18:45,Ricaurte - NQS,241.0,49.605824
18:45,Quirigua,21.0,66.41609
18:45,Suba - Calle 100,255.0,74.67344
18:45,Calle 75 - Zona M,22.0,97.31445
18:45,AV. Boyacá,2.0,88.112915
18:45,Calle 40 Sur,8.0,38.6506
18:45,AV. Américas - AV. Boyacá,39.0,48.835423
18:45,Marsella,41.0,38.446655
18:45,Niza - Calle 127,124.0,75.0729
18:45,La Campiña,19.0,57.40787
18:45,Transversal 86,25.0,66.477905
18:45,Corferias,52.0,77.55784
18:45,Guatoque - Veraguas,66.0,43.44186
18:45,CDS - Carrera 32,18.0,50.448566
18:45,Ciudad Universitaria - Lotería de Bogotá,61.0,38.464497
18:45,Universidad Nacional,50.0,72.190186
18:45,Avenida Rojas - UNISALESIANA,111.0,95.75659
18:45,Tercer Milenio,17.0,69.008354
18:45,Concejo de Bogotá,27.0,66.473816
18:45,NQS - Calle 38A S,127.0,38.52104
18:45,7 de Agosto,52.0,72.642136
18:45,AV. 68,60.0,70.155334
18:45,Distrito Grafiti,50.0,70.07611
18:45,Polo - FINCOMERCIO,58.0,50.519016
18:45,Tygua - San José,12.0,66.454445
18:45,Quinta Paredes,18.0,39.557896
18:45,Salitre - El Greco,85.0,66.65576
18:45,Zona Industrial,64.0,74.76969
18:45,León XIII,28.0,38.717567
18:45,Paloquemao,218.0,47.382812
18:45,Carrera 90,16.0,66.82669
18:45,Gobernación,11.0,45.32697
18:45,Terreros - Hospital Cardio Vascular,1.0,38.454296
18:45,Escuela Militar,22.0,66.57596
18:45,Mandalay,12.0,61.76058
18:45,AV. Cali,32.0,43.650352
18:45,Suba - TV. 91,110.0,81.353874
18:45,Ricaurte - CL 13,69.0,64.402084
18:45,Restrepo,41.0,39.56394
18:45,Prado,1.0,91.23213
18:45,Terminal,43.0,54.42355
18:45,Virrey,441.0,81.81972
18:45,Toberin - Foundever,208.0,80.4251
18:45,Pepe Sierra,300.0,86.8604
18:45,Calle 100 - Marketmedios,403.0,109.44753
18:45,Calle 142,119.0,84.6591
18:45,Portal Norte – Unicervantes,2.0,68.387215
18:45,Calle 187,111.0,50.776066
18:45,Alcalá – Colegio S. Tomás Dominicos,252.0,72.067604
18:45,Calle 146,36.0,39.228767
18:45,Calle 127,426.0,87.896545
18:45,Héroes,71.0,84.32187
18:45,Calle 161,18.0,51.57287
18:45,Calle 106 - Maletas Explora,304.0,86.93367
18:45,Mazurén,94.0,41.653057
18:45,Calle 45 - American School Way,165.0,85.9492
18:45,Carrera 53,34.0,85.16139
18:45,La Castellana,15.0,112.55107
18:45,AV. 1 Mayo,1.0,38.657867
18:45,De La Sabana,1.0,69.845116
18:45,La Despensa,9.0,46.65032
18:45,Calle 72,0.0,66.74158
18:45,Centro Memoria,37.0,86.39072
18:45,Carrera 43 - Comapan,42.0,61.861828
18:45,Consuelo,7.0,51.138058
18:45,AV. Jiménez - Caracas,197.0,49.329082
18:45,Comuneros,119.0,50.44836
18:45,El Tiempo – Cámara de Comercio de Bogotá,97.0,69.89301
18:45,Biblioteca Tintal,27.0,46.502934
18:45,Ciudad Jardín - UAN,17.0,33.018528
18:45,Bicentenario,14.0,46.288063
18:45,Temporal Calle 57,235.0,65.67975
18:45,Biblioteca,6.0,38.446648
18:45,AV. ElDorado,108.0,69.82347
18:45,Calle 26,25.0,66.67114
18:45,Alquería,31.0,38.446793
18:45,Bosa,4.0,38.50492
18:45,CAD,42.0,71.47864
18:45,Banderas,3.0,38.516224
18:45,Calle 19,112.0,57.458485
18:45,AV. Jiménez - CL 13,0.0,46.232754
18:45,Movistar Arena,37.0,69.02639
18:45,AV. 39,26.0,84.693
18:45,Calle 76 - San Felipe,188.0,69.860214
18:45,Calle 63,0.0,43.06614
18:45,Calle 85,275.0,61.834446
18:45,NQS - Calle 30 S,63.0,70.25023
18:45,Country Sur,22.0,22.207245
18:45,Carrera 47,35.0,51.058575
18:45,Portal 80,26.0,66.48916
18:45,Olaya,101.0,71.169266
18:45,Molinos,41.0,64.91576
18:45,Nariño,4.0,38.446655
18:45,Gratamira,21.0,63.172695
18:45,Pradera - Plaza Central,86.0,72.477036
18:45,Las Nieves,1.0,112.230736
18:45,Modelia,41.0,55.15256
18:45,Portal El Dorado – C.C. Nuestro Bogotá,266.0,49.228268
18:45,Flores – Areandina,210.0,85.14241
18:45,Museo del Oro,107.0,80.42539
18:45,General Santander,30.0,24.10921
18:45,Portal 20 de Julio,9.0,38.49029
18:45,Humedal Córdoba,25.0,66.49366
18:45,Parque,11.0,38.44665
18:45,Policarpa,20.0,61.76083
18:45,Museo Nacional,424.0,110.60228
18:45,Hospital,6.0,64.88613
18:45,Normandía,41.0,110.83061
18:45,Perdomo,30.0,38.44665
18:45,Hortúa,13.0,61.760075
18:45,Portal Usme,51.0,61.76251
18:45,Ferias,16.0,46.516804
18:45,Temporal Marly,0.0,49.159946
18:45,Patio Bonito,0.0,38.433796
18:45,Portal Tunal,35.0,38.446655
18:45,Fucha,50.0,38.44668
18:45,Minuto de Dios,39.0,61.48747
18:45,Portal Américas,16.0,38.44665
18:45,Las Aguas - Centro Colombo Americano,154.0,107.813095
18:45,Portal Suba,2.0,64.11778
18:45,Suba - AV. Boyacá,1.0,45.312332
18:45,Santa Lucía,1.0,38.457897
18:45,San Martín,17.0,51.592945
18:45,Universidades – CityU,131.0,86.41493
18:45,Santa Isabel,102.0,38.448235
18:45,Suba - Calle 95,191.0,112.55329
18:45,Puente Aranda,39.0,58.727146
18:45,Quiroga,18.0,38.449005
18:45,Puentelargo,144.0,86.57709
18:45,San Victorino,90.0,111.27591
18:45,CC Paseo Villa del Río - Madelena,82.0,38.447483
18:45,San Mateo - CC Unisur,23.0,38.446144
18:45,Sevillana,12.0,46.479847
18:45,Rionegro,80.0,83.38916
18:45,Suba - Calle 116,240.0,110.9108
18:45,San Bernardo,19.0,38.853436
18:45,SENA,0.0,66.32197
18:45,San Facon Carrera 22,80.0,48.72765
18:45,Socorro,1.0,46.47985
18:45,21 Ángeles,20.0,66.39159
18:45,Temporal Calle 34,1.0,69.58174
18:45,Venecia,66.0,43.24428
18:45,Danubio,0.0,60.96544
18:45,Portal Sur - JFK Coop. Financiera,1.0,66.210106
18:45,Temporal Calle 22,57.0,85.22967
19:00,AV. Chile,152.0,86.02189
19:00,CAN,45.0,55.127537
19:00,Campín - UAN,41.0,73.60752
19:00,San Diego,131.0,111.955315
19:00,Granja - Kr 77,2.0,46.51985
19:00,Ricaurte - NQS,1.0,72.71492
19:00,Quirigua,16.0,47.481167
19:00,Suba - Calle 100,185.0,105.72082
19:00,Calle 75 - Zona M,234.0,86.399956
19:00,AV. Boyacá,130.0,55.716686
19:00,Calle 40 Sur,11.0,40.77103
19:00,AV. Américas - AV. Boyacá,80.0,38.452297
19:00,Marsella,57.0,38.763317
19:00,Niza - Calle 127,1.0,103.05521
19:00,La Campiña,18.0,45.363018
19:00,Transversal 86,20.0,49.79761
19:00,Corferias,43.0,63.818146
19:00,Guatoque - Veraguas,17.0,29.260006
19:00,CDS - Carrera 32,4.0,61.878887
19:00,Ciudad Universitaria - Lotería de Bogotá,4.0,38.77765
19:00,Universidad Nacional,62.0,52.457077
19:00,Avenida Rojas - UNISALESIANA,6.0,110.979485
19:00,Tercer Milenio,21.0,38.473488
19:00,Concejo de Bogotá,8.0,38.72776
19:00,NQS - Calle 38A S,2.0,48.011127
19:00,7 de Agosto,59.0,60.623287
19:00,AV. 68,51.0,83.987305
19:00,Distrito Grafiti,121.0,54.534847
19:00,Polo - FINCOMERCIO,16.0,63.217968
19:00,Tygua - San José,30.0,49.210194
19:00,Quinta Paredes,15.0,47.024952
19:00,Salitre - El Greco,81.0,53.01724
19:00,Zona Industrial,9.0,78.422516
19:00,León XIII,27.0,38.44665
19:00,Paloquemao,195.0,54.69319
19:00,Carrera 90,14.0,47.69231
19:00,Gobernación,11.0,38.463974
19:00,Terreros - Hospital Cardio Vascular,1.0,38.446583
19:00,Escuela Militar,4.0,66.56709
19:00,Mandalay,8.0,61.76405
19:00,AV. Cali,11.0,62.433353
19:00,Suba - TV. 91,63.0,88.22539
19:00,Ricaurte - CL 13,17.0,78.81117
19:00,Restrepo,38.0,46.537434
19:00,Prado,44.0,80.42081
19:00,Terminal,82.0,62.97696
19:00,Virrey,378.0,102.68294
19:00,Toberin - Foundever,49.0,74.73195
19:00,Pepe Sierra,41.0,112.489914
19:00,Calle 100 - Marketmedios,396.0,109.255714
19:00,Calle 142,38.0,101.67667
19:00,Portal Norte – Unicervantes,1.0,82.17344
19:00,Calle 187,87.0,103.08505
19:00,Alcalá – Colegio S. Tomás Dominicos,69.0,109.015915
19:00,Calle 146,20.0,61.770775
19:00,Calle 127,94.0,109.206345
19:00,Héroes,437.0,84.74064
19:00,Calle 161,4.0,47.242886
19:00,Calle 106 - Maletas Explora,33.0,103.2711
19:00,Mazurén,20.0,47.351185
19:00,Calle 45 - American School Way,6.0,88.930374
19:00,Carrera 53,21.0,85.8167
19:00,La Castellana,130.0,86.8273
19:00,AV. 1 Mayo,3.0,50.04707
19:00,De La Sabana,18.0,52.371223
19:00,La Despensa,9.0,24.717995
19:00,Calle 72,0.0,66.40607
19:00,Centro Memoria,18.0,84.87135
19:00,Carrera 43 - Comapan,4.0,60.40469
19:00,Consuelo,6.0,38.44746
19:00,AV. Jiménez - Caracas,74.0,55.152664
19:00,Comuneros,4.0,57.257385
19:00,El Tiempo – Cámara de Comercio de Bogotá,29.0,52.37755
19:00,Biblioteca Tintal,29.0,38.44699
19:00,Ciudad Jardín - UAN,11.0,38.446655
19:00,Bicentenario,4.0,38.491405
19:00,Temporal Calle 57,54.0,83.00905
19:00,Biblioteca,11.0,38.44666
19:00,AV. ElDorado,17.0,71.164536
19:00,Calle 26,1.0,66.34997
19:00,Alquería,18.0,38.58122
19:00,Bosa,7.0,46.503345
19:00,CAD,84.0,75.976715
19:00,Banderas,39.0,46.479908
19:00,Calle 19,30.0,72.57385
19:00,AV. Jiménez - CL 13,0.0,38.446976
19:00,Movistar Arena,150.0,60.38074
19:00,AV. 39,16.0,84.02692
19:00,Calle 76 - San Felipe,70.0,85.97998
19:00,Calle 63,0.0,61.787518
19:00,Calle 85,64.0,100.24285
19:00,NQS - Calle 30 S,1.0,56.627663
19:00,Country Sur,1.0,22.48151
19:00,Carrera 47,12.0,62.9036
19:00,Portal 80,4.0,47.158436
19:00,Olaya,79.0,52.37154
19:00,Molinos,17.0,66.1512
19:00,Nariño,38.0,38.44788
19:00,Gratamira,5.0,65.89891
19:00,Pradera - Plaza Central,1.0,63.99648
19:00,Las Nieves,10.0,85.11223
19:00,Modelia,18.0,38.45632
19:00,Portal El Dorado – C.C. Nuestro Bogotá,8.0,46.482006
19:00,Flores – Areandina,100.0,100.33558
19:00,Museo del Oro,1.0,81.766815
19:00,General Santander,22.0,38.446674
19:00,Portal 20 de Julio,53.0,40.118656
19:00,Humedal Córdoba,26.0,65.81204
19:00,Parque,8.0,38.446655
19:00,Policarpa,5.0,61.76227
19:00,Museo Nacional,164.0,109.32321
19:00,Hospital,12.0,65.07133
19:00,Normandía,37.0,86.41821
19:00,Perdomo,42.0,23.18641
19:00,Hortúa,43.0,61.590706
19:00,Portal Usme,49.0,46.483273
19:00,Ferias,16.0,46.49248
19:00,Temporal Marly,0.0,38.446663
19:00,Patio Bonito,0.0,38.448483
19:00,Portal Tunal,20.0,28.052637
19:00,Fucha,68.0,38.446476
19:00,Minuto de Dios,27.0,75.48392
19:00,Portal Américas,2.0,38.446617
19:00,Las Aguas - Centro Colombo Americano,37.0,106.368065
19:00,Portal Suba,85.0,52.506508
19:00,Suba - AV. Boyacá,90.0,38.44665
19:00,Santa Lucía,23.0,38.446655
19:00,San Martín,22.0,61.860813
19:00,Universidades – CityU,47.0,72.552536
19:00,Santa Isabel,16.0,38.44721
19:00,Suba - Calle 95,169.0,112.53773
19:00,Puente Aranda,3.0,55.685272
19:00,Quiroga,21.0,38.44665
19:00,Puentelargo,176.0,110.999374
19:00,San Victorino,21.0,85.55168
19:00,CC Paseo Villa del Río - Madelena,39.0,38.446648
19:00,San Mateo - CC Unisur,32.0,22.508461
19:00,Sevillana,16.0,38.446655
19:00,Rionegro,109.0,81.78824
19:00,Suba - Calle 116,219.0,112.40104
19:00,San Bernardo,41.0,38.44665
19:00,SENA,0.0,49.228462
19:00,San Facon Carrera 22,7.0,46.480236
19:00,Socorro,15.0,38.44666
19:00,21 Ángeles,11.0,38.526207
19:00,Temporal Calle 34,324.0,42.44446
19:00,Venecia,67.0,22.902882
19:00,Danubio,0.0,38.449894
19:00,Portal Sur - JFK Coop. Financiera,28.0,38.59074
19:00,Temporal Calle 22,41.0,60.77031
19:15,AV. Chile,22.0,88.366486
19:15,CAN,39.0,39.856113
19:15,Campín - UAN,1.0,75.68579
19:15,San Diego,102.0,76.8667
19:15,Granja - Kr 77,3.0,38.449345
19:15,Ricaurte - NQS,140.0,41.422474
19:15,Quirigua,21.0,38.44882
19:15,Suba - Calle 100,116.0,109.908485
19:15,Calle 75 - Zona M,24.0,89.04701
19:15,AV. Boyacá,164.0,63.24898
19:15,Calle 40 Sur,2.0,38.44665
19:15,AV. Américas - AV. Boyacá,2.0,38.446655
19:15,Marsella,28.0,38.44665
19:15,Niza - Calle 127,123.0,64.032974
19:15,La Campiña,18.0,38.448093
19:15,Transversal 86,9.0,38.454914
19:15,Corferias,29.0,70.31304
19:15,Guatoque - Veraguas,10.0,32.6926
19:15,CDS - Carrera 32,6.0,38.447037
19:15,Ciudad Universitaria - Lotería de Bogotá,12.0,25.712093
19:15,Universidad Nacional,47.0,52.370293
19:15,Avenida Rojas - UNISALESIANA,8.0,69.93286
19:15,Tercer Milenio,14.0,38.566017
19:15,Concejo de Bogotá,4.0,42.692833
19:15,NQS - Calle 38A S,162.0,38.717945
19:15,7 de Agosto,40.0,60.919193
19:15,AV. 68,76.0,54.09757
19:15,Distrito Grafiti,122.0,38.45477
19:15,Polo - FINCOMERCIO,17.0,63.169106
19:15,Tygua - San José,24.0,46.4788
19:15,Quinta Paredes,5.0,50.995434
19:15,Salitre - El Greco,1.0,47.324505
19:15,Zona Industrial,4.0,63.018692
19:15,León XIII,33.0,46.47982
19:15,Paloquemao,130.0,38.446922
19:15,Carrera 90,22.0,62.121323
19:15,Gobernación,19.0,38.446655
19:15,Terreros - Hospital Cardio Vascular,23.0,38.446606
19:15,Escuela Militar,3.0,66.49087
19:15,Mandalay,12.0,48.159233
19:15,AV. Cali,25.0,47.151543
19:15,Suba - TV. 91,17.0,47.97537
19:15,Ricaurte - CL 13,17.0,47.56636
19:15,Restrepo,26.0,38.559414
19:15,Prado,113.0,62.970383
19:15,Terminal,57.0,47.7605
19:15,Virrey,391.0,71.79121
19:15,Toberin - Foundever,56.0,50.663876
19:15,Pepe Sierra,53.0,86.60595
19:15,Calle 100 - Marketmedios,1.0,82.69681
19:15,Calle 142,104.0,60.92766
19:15,Portal Norte – Unicervantes,179.0,64.589745
19:15,Calle 187,76.0,75.92868
19:15,Alcalá – Colegio S. Tomás Dominicos,181.0,67.665726
19:15,Calle 146,20.0,61.719593
19:15,Calle 127,125.0,83.52197
19:15,Héroes,469.0,67.2111
19:15,Calle 161,37.0,61.764774
19:15,Calle 106 - Maletas Explora,1.0,77.58537
19:15,Mazurén,63.0,45.651608
19:15,Calle 45 - American School Way,9.0,81.38404
19:15,Carrera 53,10.0,69.69685
19:15,La Castellana,144.0,103.437546
19:15,AV. 1 Mayo,9.0,61.7626
19:15,De La Sabana,17.0,50.569103
19:15,La Despensa,11.0,38.446365
19:15,Calle 72,0.0,40.028778
19:15,Centro Memoria,9.0,49.71932
19:15,Carrera 43 - Comapan,7.0,60.407307
19:15,Consuelo,10.0,38.509975
19:15,AV. Jiménez - Caracas,50.0,34.118557
19:15,Comuneros,7.0,38.446823
19:15,El Tiempo – Cámara de Comercio de Bogotá,26.0,52.371006
19:15,Biblioteca Tintal,36.0,16.463621
19:15,Ciudad Jardín - UAN,14.0,24.93226
19:15,Bicentenario,7.0,18.574997
19:15,Temporal Calle 57,61.0,33.17609
19:15,Biblioteca,13.0,20.657158
19:15,AV. ElDorado,31.0,52.41122
19:15,Calle 26,4.0,49.480865
19:15,Alquería,22.0,22.450602
19:15,Bosa,22.0,46.482502
19:15,CAD,86.0,39.82764
19:15,Banderas,38.0,38.490665
19:15,Calle 19,1.0,38.539574
19:15,AV. Jiménez - CL 13,0.0,38.448326
19:15,Movistar Arena,59.0,38.44884
19:15,AV. 39,16.0,68.4498
19:15,Calle 76 - San Felipe,1.0,75.6843
19:15,Calle 63,0.0,42.96696
19:15,Calle 85,39.0,75.688484
19:15,NQS - Calle 30 S,23.0,52.370815
19:15,Country Sur,1.0,19.383703
19:15,Carrera 47,12.0,47.569935
19:15,Portal 80,10.0,38.44672
19:15,Olaya,60.0,36.753155
19:15,Molinos,4.0,38.52345
19:15,Nariño,4.0,22.47069
19:15,Gratamira,12.0,41.327717
19:15,Pradera - Plaza Central,101.0,38.44682
19:15,Las Nieves,35.0,61.959682
19:15,Modelia,7.0,36.867435
19:15,Portal El Dorado – C.C. Nuestro Bogotá,51.0,38.451927
19:15,Flores – Areandina,77.0,62.88927
19:15,Museo del Oro,1.0,43.161106
19:15,General Santander,16.0,27.236134
19:15,Portal 20 de Julio,1.0,26.787773
19:15,Humedal Córdoba,21.0,39.434525
19:15,Parque,4.0,23.504177
19:15,Policarpa,6.0,43.723984
19:15,Museo Nacional,212.0,64.32039
19:15,Hospital,9.0,38.611916
19:15,Normandía,28.0,53.0389
19:15,Perdomo,23.0,37.40569
19:15,Hortúa,54.0,38.459
19:15,Portal Usme,1.0,38.44594
19:15,Ferias,8.0,57.619152
19:15,Temporal Marly,0.0,40.25195
19:15,Patio Bonito,0.0,38.446526
19:15,Portal Tunal,60.0,27.655062
19:15,Fucha,91.0,23.894642
19:15,Minuto de Dios,32.0,55.97772
19:15,Portal Américas,8.0,27.581463
19:15,Las Aguas - Centro Colombo Americano,42.0,68.21184
19:15,Portal Suba,94.0,41.971558
19:15,Suba - AV. Boyacá,37.0,26.005508
19:15,Santa Lucía,28.0,46.481842
19:15,San Martín,9.0,62.32529
19:15,Universidades – CityU,40.0,60.403656
19:15,Santa Isabel,14.0,38.44665
19:15,Suba - Calle 95,131.0,112.05963
19:15,Puente Aranda,5.0,47.05657
19:15,Quiroga,18.0,38.446568
19:15,Puentelargo,109.0,79.39329
19:15,San Victorino,5.0,52.797855
19:15,CC Paseo Villa del Río - Madelena,43.0,38.44665
19:15,San Mateo - CC Unisur,1.0,10.016305
19:15,Sevillana,16.0,38.44665
19:15,Rionegro,46.0,79.07095
19:15,Suba - Calle 116,127.0,97.21003
19:15,San Bernardo,55.0,38.445732
19:15,SENA,0.0,46.478058
19:15,San Facon Carrera 22,5.0,38.44665
19:15,Socorro,6.0,38.44665
19:15,21 Ángeles,8.0,46.479866
19:15,Temporal Calle 34,20.0,46.484997
19:15,Venecia,70.0,38.446632
19:15,Danubio,0.0,46.479797
19:15,Portal Sur - JFK Coop. Financiera,1.0,38.44705
19:15,Temporal Calle 22,30.0,53.03863
19:30,AV. Chile,2.0,66.454216
19:30,CAN,129.0,38.881504
19:30,Campín - UAN,29.0,61.761776
19:30,San Diego,43.0,56.423073
19:30,Granja - Kr 77,16.0,38.446655
19:30,Ricaurte - NQS,10.0,38.73437
19:30,Quirigua,20.0,38.44932
19:30,Suba - Calle 100,44.0,92.28668
19:30,Calle 75 - Zona M,14.0,53.60061
19:30,AV. Boyacá,2.0,51.391384
19:30,Calle 40 Sur,30.0,38.44798
19:30,AV. Américas - AV. Boyacá,44.0,38.446686
19:30,Marsella,42.0,38.446545
19:30,Niza - Calle 127,76.0,59.968807
19:30,La Campiña,16.0,38.489044
19:30,Transversal 86,7.0,38.44713
19:30,Corferias,1.0,61.76177
19:30,Guatoque - Veraguas,3.0,38.44197
19:30,CDS - Carrera 32,4.0,38.447994
19:30,Ciudad Universitaria - Lotería de Bogotá,32.0,23.971796
19:30,Universidad Nacional,19.0,38.447914
19:30,Avenida Rojas - UNISALESIANA,65.0,52.10339
19:30,Tercer Milenio,15.0,38.446793
19:30,Concejo de Bogotá,14.0,38.44582
19:30,NQS - Calle 38A S,112.0,38.448273
19:30,7 de Agosto,12.0,61.751076
19:30,AV. 68,62.0,38.44729
19:30,Distrito Grafiti,108.0,38.450172
19:30,Polo - FINCOMERCIO,14.0,66.317535
19:30,Tygua - San José,11.0,38.4631
19:30,Quinta Paredes,43.0,63.197628
19:30,Salitre - El Greco,114.0,38.447758
19:30,Zona Industrial,1.0,65.782616
19:30,León XIII,24.0,46.480343
19:30,Paloquemao,77.0,38.39565
19:30,Carrera 90,30.0,63.186245
19:30,Gobernación,34.0,38.736485
19:30,Terreros - Hospital Cardio Vascular,15.0,38.389122
19:30,Escuela Militar,1.0,66.48466
19:30,Mandalay,7.0,38.448345
19:30,AV. Cali,1.0,47.138638
19:30,Suba - TV. 91,36.0,38.477997
19:30,Ricaurte - CL 13,3.0,47.840923
19:30,Restrepo,1.0,38.454666
19:30,Prado,103.0,75.16639
19:30,Terminal,81.0,58.66479
19:30,Virrey,27.0,55.020214
19:30,Toberin - Foundever,89.0,48.98691
19:30,Pepe Sierra,198.0,80.324036
19:30,Calle 100 - Marketmedios,365.0,64.508865
19:30,Calle 142,72.0,60.77526
19:30,Portal Norte – Unicervantes,17.0,102.16197
19:30,Calle 187,77.0,62.902714
19:30,Alcalá – Colegio S. Tomás Dominicos,1.0,52.455307
19:30,Calle 146,20.0,62.641853
19:30,Calle 127,273.0,103.86329
19:30,Héroes,100.0,66.043304
19:30,Calle 161,27.0,64.20103
19:30,Calle 106 - Maletas Explora,196.0,75.56424
19:30,Mazurén,50.0,39.48205
19:30,Calle 45 - American School Way,57.0,64.63999
19:30,Carrera 53,17.0,48.094776
19:30,La Castellana,2.0,104.99198
19:30,AV. 1 Mayo,18.0,61.764587
19:30,De La Sabana,17.0,25.805305
19:30,La Despensa,8.0,22.345455
19:30,Calle 72,0.0,38.446648
19:30,Centro Memoria,8.0,38.44857
19:30,Carrera 43 - Comapan,1.0,61.76012
19:30,Consuelo,1.0,17.437124
19:30,AV. Jiménez - Caracas,19.0,38.446495
19:30,Comuneros,10.0,38.44731
19:30,El Tiempo – Cámara de Comercio de Bogotá,124.0,22.502205
19:30,Biblioteca Tintal,18.0,26.64255
19:30,Ciudad Jardín - UAN,17.0,22.467592
19:30,Bicentenario,6.0,22.481747
19:30,Temporal Calle 57,33.0,16.416368
19:30,Biblioteca,1.0,38.427002
19:30,AV. ElDorado,1.0,24.80179
19:30,Calle 26,7.0,38.447716
19:30,Alquería,62.0,38.44646
19:30,Bosa,3.0,46.49262
19:30,CAD,63.0,38.44665
19:30,Banderas,31.0,38.53197
19:30,Calle 19,36.0,38.537827
19:30,AV. Jiménez - CL 13,0.0,14.55925
19:30,Movistar Arena,1.0,22.496792
19:30,AV. 39,48.0,48.90742
19:30,Calle 76 - San Felipe,23.0,61.76541
19:30,Calle 63,0.0,38.421017
19:30,Calle 85,266.0,68.89764
19:30,NQS - Calle 30 S,35.0,38.446487
19:30,Country Sur,12.0,9.206675
19:30,Carrera 47,10.0,47.979942
19:30,Portal 80,21.0,38.46007
19:30,Olaya,35.0,38.444435
19:30,Molinos,25.0,38.44665
19:30,Nariño,30.0,22.497343
19:30,Gratamira,8.0,38.446655
19:30,Pradera - Plaza Central,105.0,38.447044
19:30,Las Nieves,16.0,48.57958
19:30,Modelia,44.0,38.446617
19:30,Portal El Dorado – C.C. Nuestro Bogotá,19.0,22.716993
19:30,Flores – Areandina,47.0,43.00404
19:30,Museo del Oro,23.0,42.99517
19:30,General Santander,1.0,24.081095
19:30,Portal 20 de Julio,22.0,22.478218
19:30,Humedal Córdoba,13.0,38.446663
19:30,Parque,6.0,22.511427
19:30,Policarpa,11.0,38.44665
19:30,Museo Nacional,35.0,47.892498
19:30,Hospital,22.0,38.446648
19:30,Normandía,60.0,47.304543
19:30,Perdomo,31.0,38.496452
19:30,Hortúa,4.0,38.446423
19:30,Portal Usme,33.0,38.446564
19:30,Ferias,27.0,62.033787
19:30,Temporal Marly,0.0,29.458158
19:30,Patio Bonito,0.0,22.504766
19:30,Portal Tunal,26.0,22.509413
19:30,Fucha,98.0,22.52015
19:30,Minuto de Dios,85.0,38.446903
19:30,Portal Américas,2.0,23.883093
19:30,Las Aguas - Centro Colombo Americano,2.0,47.302967
19:30,Portal Suba,25.0,33.36952
19:30,Suba - AV. Boyacá,35.0,38.446716
19:30,Santa Lucía,18.0,47.34257
19:30,San Martín,11.0,65.34768
19:30,Universidades – CityU,227.0,39.925175
19:30,Santa Isabel,25.0,38.26537
19:30,Suba - Calle 95,100.0,109.08728
19:30,Puente Aranda,1.0,38.46096
19:30,Quiroga,16.0,38.352238
19:30,Puentelargo,48.0,72.81908
19:30,San Victorino,2.0,49.339924
19:30,CC Paseo Villa del Río - Madelena,35.0,38.443127
19:30,San Mateo - CC Unisur,26.0,10.723026
19:30,Sevillana,20.0,38.311035
19:30,Rionegro,21.0,51.8333
19:30,Suba - Calle 116,61.0,55.813053
19:30,San Bernardo,16.0,22.424479
19:30,SENA,0.0,32.81987
19:30,San Facon Carrera 22,2.0,38.449097
19:30,Socorro,13.0,37.961514
19:30,21 Ángeles,11.0,38.654793
19:30,Temporal Calle 34,208.0,38.61347
19:30,Venecia,70.0,22.014156
19:30,Danubio,0.0,19.857922
19:30,Portal Sur - JFK Coop. Financiera,40.0,38.44669
19:30,Temporal Calle 22,2.0,48.630337
19:45,AV. Chile,36.0,47.62726
19:45,CAN,9.0,46.48048
19:45,Campín - UAN,13.0,42.192463
19:45,San Diego,1.0,46.273712
19:45,Granja - Kr 77,27.0,38.446655
19:45,Ricaurte - NQS,131.0,22.63948
19:45,Quirigua,20.0,38.446655
19:45,Suba - Calle 100,76.0,64.921
19:45,Calle 75 - Zona M,50.0,50.920692
19:45,AV. Boyacá,127.0,38.471455
19:45,Calle 40 Sur,1.0,38.44665
19:45,AV. Américas - AV. Boyacá,1.0,38.4389
19:45,Marsella,36.0,22.9556
19:45,Niza - Calle 127,1.0,52.954117
19:45,La Campiña,10.0,37.286587
19:45,Transversal 86,3.0,38.446648
19:45,Corferias,9.0,47.5501
19:45,Guatoque - Veraguas,1.0,22.393806
19:45,CDS - Carrera 32,3.0,38.447075
19:45,Ciudad Universitaria - Lotería de Bogotá,6.0,21.906221
19:45,Universidad Nacional,31.0,24.679224
19:45,Avenida Rojas - UNISALESIANA,5.0,50.27223
19:45,Tercer Milenio,9.0,38.44665
19:45,Concejo de Bogotá,5.0,38.446648
19:45,NQS - Calle 38A S,140.0,46.623806
19:45,7 de Agosto,87.0,39.094814
19:45,AV. 68,84.0,41.123814
19:45,Distrito Grafiti,13.0,43.581615
19:45,Polo - FINCOMERCIO,22.0,38.84854
19:45,Tygua - San José,3.0,38.44665
19:45,Quinta Paredes,1.0,39.27324
19:45,Salitre - El Greco,31.0,45.346455
19:45,Zona Industrial,3.0,46.378548
19:45,León XIII,26.0,48.453938
19:45,Paloquemao,93.0,23.517326
19:45,Carrera 90,24.0,38.482758
19:45,Gobernación,45.0,35.899284
19:45,Terreros - Hospital Cardio Vascular,20.0,22.493652
19:45,Escuela Militar,5.0,38.753975
19:45,Mandalay,6.0,46.479855
19:45,AV. Cali,35.0,38.446945
19:45,Suba - TV. 91,7.0,38.44704
19:45,Ricaurte - CL 13,9.0,23.72343
19:45,Restrepo,23.0,38.44667
19:45,Prado,87.0,50.625828
19:45,Terminal,33.0,46.988598
19:45,Virrey,242.0,55.102337
19:45,Toberin - Foundever,29.0,47.18429
19:45,Pepe Sierra,204.0,86.75992
19:45,Calle 100 - Marketmedios,222.0,76.876686
19:45,Calle 142,74.0,53.81907
19:45,Portal Norte – Unicervantes,13.0,61.224964
19:45,Calle 187,50.0,56.288593
19:45,Alcalá – Colegio S. Tomás Dominicos,121.0,60.388622
19:45,Calle 146,21.0,39.387405
19:45,Calle 127,238.0,88.30079
19:45,Héroes,261.0,46.656773
19:45,Calle 161,24.0,48.819424
19:45,Calle 106 - Maletas Explora,126.0,83.64305
19:45,Mazurén,28.0,38.44667
19:45,Calle 45 - American School Way,10.0,50.78408
19:45,Carrera 53,20.0,38.44696
19:45,La Castellana,40.0,63.506638
19:45,AV. 1 Mayo,14.0,50.86536
19:45,De La Sabana,5.0,38.403843
19:45,La Despensa,5.0,22.929838
19:45,Calle 72,0.0,26.322035
19:45,Centro Memoria,19.0,38.44665
19:45,Carrera 43 - Comapan,7.0,38.59256
19:45,Consuelo,3.0,38.446697
19:45,AV. Jiménez - Caracas,1.0,22.48809
19:45,Comuneros,6.0,38.045574
19:45,El Tiempo – Cámara de Comercio de Bogotá,15.0,25.57763
19:45,Biblioteca Tintal,1.0,22.946064
19:45,Ciudad Jardín - UAN,8.0,22.469786
19:45,Bicentenario,4.0,11.130663
19:45,Temporal Calle 57,190.0,38.44855
19:45,Biblioteca,6.0,21.380295
19:45,AV. ElDorado,30.0,24.910458
19:45,Calle 26,3.0,38.446644
19:45,Alquería,60.0,22.586502
19:45,Bosa,4.0,31.763018
19:45,CAD,104.0,24.475323
19:45,Banderas,36.0,22.546833
19:45,Calle 19,30.0,38.47997
19:45,AV. Jiménez - CL 13,0.0,9.73646
19:45,Movistar Arena,56.0,38.447033
19:45,AV. 39,47.0,46.480503
19:45,Calle 76 - San Felipe,49.0,38.609856
19:45,Calle 63,0.0,46.479473
19:45,Calle 85,23.0,48.085346
19:45,NQS - Calle 30 S,27.0,38.446606
19:45,Country Sur,13.0,9.105524
19:45,Carrera 47,23.0,38.44914
19:45,Portal 80,3.0,38.44665
19:45,Olaya,1.0,22.514545
19:45,Molinos,6.0,23.667913
19:45,Nariño,17.0,38.44665
19:45,Gratamira,2.0,40.178535
19:45,Pradera - Plaza Central,86.0,48.971424
19:45,Las Nieves,56.0,38.44665
19:45,Modelia,10.0,22.504795
19:45,Portal El Dorado – C.C. Nuestro Bogotá,29.0,38.446667
19:45,Flores – Areandina,110.0,43.318977
19:45,Museo del Oro,17.0,27.070812
19:45,General Santander,3.0,22.565825
19:45,Portal 20 de Julio,1.0,22.49377
19:45,Humedal Córdoba,2.0,46.479702
19:45,Parque,5.0,23.077223
19:45,Policarpa,8.0,21.248846
19:45,Museo Nacional,1.0,36.990913
19:45,Hospital,3.0,22.473867
19:45,Normandía,10.0,38.446655
19:45,Perdomo,19.0,26.911945
19:45,Hortúa,25.0,22.401583
19:45,Portal Usme,20.0,14.127793
19:45,Ferias,21.0,48.67325
19:45,Temporal Marly,0.0,38.449764
19:45,Patio Bonito,0.0,18.518755
19:45,Portal Tunal,42.0,22.801617
19:45,Fucha,1.0,22.500107
19:45,Minuto de Dios,102.0,38.44665
19:45,Portal Américas,25.0,22.89471
19:45,Las Aguas - Centro Colombo Americano,44.0,42.97288
19:45,Portal Suba,44.0,39.430393
19:45,Suba - AV. Boyacá,29.0,38.57669
19:45,Santa Lucía,32.0,39.336185
19:45,San Martín,3.0,50.88666
19:45,Universidades – CityU,260.0,38.446693
19:45,Santa Isabel,18.0,38.446648
19:45,Suba - Calle 95,51.0,93.561134
19:45,Puente Aranda,1.0,22.52012
19:45,Quiroga,18.0,22.506687
19:45,Puentelargo,67.0,60.81154
19:45,San Victorino,61.0,38.44665
19:45,CC Paseo Villa del Río - Madelena,52.0,27.422009
19:45,San Mateo - CC Unisur,19.0,11.409916
19:45,Sevillana,32.0,40.17368
19:45,Rionegro,25.0,63.93895
19:45,Suba - Calle 116,75.0,49.02315
19:45,San Bernardo,36.0,38.44661
19:45,SENA,0.0,38.44668
19:45,San Facon Carrera 22,4.0,23.045671
19:45,Socorro,8.0,38.446644
19:45,21 Ángeles,6.0,38.44665
19:45,Temporal Calle 34,102.0,45.32662
19:45,Venecia,72.0,38.440605
19:45,Danubio,0.0,38.44665
19:45,Portal Sur - JFK Coop. Financiera,39.0,38.44665
19:45,Temporal Calle 22,38.0,38.44763
20:00,AV. Chile,37.0,43.009026
20:00,CAN,70.0,38.44667
20:00,Campín - UAN,146.0,46.474697
20:00,San Diego,3.0,38.44671
20:00,Granja - Kr 77,27.0,40.085625
20:00,Ricaurte - NQS,26.0,38.4444
20:00,Quirigua,18.0,38.44665
20:00,Suba - Calle 100,72.0,45.87542
20:00,Calle 75 - Zona M,61.0,42.955082
20:00,AV. Boyacá,198.0,38.446655
20:00,Calle 40 Sur,1.0,38.44684
20:00,AV. Américas - AV. Boyacá,37.0,38.446598
20:00,Marsella,28.0,38.44607
20:00,Niza - Calle 127,66.0,38.502213
20:00,La Campiña,15.0,38.448708
20:00,Transversal 86,6.0,38.446568
20:00,Corferias,17.0,38.446655
20:00,Guatoque - Veraguas,8.0,22.704916
20:00,CDS - Carrera 32,4.0,38.44665
20:00,Ciudad Universitaria - Lotería de Bogotá,9.0,38.446953
20:00,Universidad Nacional,14.0,22.48271
20:00,Avenida Rojas - UNISALESIANA,42.0,38.44669
20:00,Tercer Milenio,13.0,38.447414
20:00,Concejo de Bogotá,8.0,38.44665
20:00,NQS - Calle 38A S,124.0,38.428143
20:00,7 de Agosto,1.0,38.44669
20:00,AV. 68,100.0,38.44665
20:00,Distrito Grafiti,94.0,38.447826
20:00,Polo - FINCOMERCIO,56.0,42.48604
20:00,Tygua - San José,7.0,38.44649
20:00,Quinta Paredes,31.0,38.446705
20:00,Salitre - El Greco,133.0,38.449516
20:00,Zona Industrial,3.0,38.480885
20:00,León XIII,1.0,38.446648
20:00,Paloquemao,1.0,22.501204
20:00,Carrera 90,1.0,38.575573
20:00,Gobernación,28.0,38.446674
20:00,Terreros - Hospital Cardio Vascular,38.0,22.46301
20:00,Escuela Militar,10.0,46.47977
20:00,Mandalay,9.0,38.44665
20:00,AV. Cali,19.0,38.44665
20:00,Suba - TV. 91,7.0,38.45885
20:00,Ricaurte - CL 13,8.0,38.446655
20:00,Restrepo,9.0,38.446625
20:00,Prado,69.0,46.74679
20:00,Terminal,46.0,38.45176
20:00,Virrey,190.0,48.06301
20:00,Toberin - Foundever,13.0,38.44729
20:00,Pepe Sierra,110.0,58.55592
20:00,Calle 100 - Marketmedios,254.0,58.35715
20:00,Calle 142,16.0,38.447155
20:00,Portal Norte – Unicervantes,24.0,58.35912
20:00,Calle 187,28.0,38.44794
20:00,Alcalá – Colegio S. Tomás Dominicos,37.0,55.940407
20:00,Calle 146,22.0,46.480198
20:00,Calle 127,210.0,86.006256
20:00,Héroes,298.0,46.473946
20:00,Calle 161,22.0,46.615658
20:00,Calle 106 - Maletas Explora,101.0,82.254616
20:00,Mazurén,27.0,38.428898
20:00,Calle 45 - American School Way,22.0,46.484383
20:00,Carrera 53,29.0,38.446655
20:00,La Castellana,62.0,60.82323
20:00,AV. 1 Mayo,8.0,38.4563
20:00,De La Sabana,3.0,22.435831
20:00,La Despensa,8.0,17.06539
20:00,Calle 72,0.0,38.44664
20:00,Centro Memoria,1.0,22.530254
20:00,Carrera 43 - Comapan,10.0,39.12927
20:00,Consuelo,9.0,38.4467
20:00,AV. Jiménez - Caracas,1.0,37.116547
20:00,Comuneros,47.0,38.42803
20:00,El Tiempo – Cámara de Comercio de Bogotá,109.0,38.446537
20:00,Biblioteca Tintal,10.0,38.446724
20:00,Ciudad Jardín - UAN,5.0,8.858866
20:00,Bicentenario,3.0,38.447075
20:00,Temporal Calle 57,40.0,38.446697
20:00,Biblioteca,5.0,38.44664
20:00,AV. ElDorado,16.0,38.448074
20:00,Calle 26,6.0,38.446568
20:00,Alquería,47.0,38.44643
20:00,Bosa,29.0,38.446934
20:00,CAD,8.0,30.129189
20:00,Banderas,27.0,22.516775
20:00,Calle 19,1.0,38.446655
20:00,AV. Jiménez - CL 13,0.0,16.76223
20:00,Movistar Arena,105.0,22.547237
20:00,AV. 39,13.0,38.447006
20:00,Calle 76 - San Felipe,276.0,38.446663
20:00,Calle 63,0.0,38.44665
20:00,Calle 85,112.0,46.47897
20:00,NQS - Calle 30 S,21.0,38.445873
20:00,Country Sur,13.0,6.8486567
20:00,Carrera 47,17.0,38.446655
20:00,Portal 80,3.0,38.44665
20:00,Olaya,31.0,25.634674
20:00,Molinos,46.0,38.413452
20:00,Nariño,30.0,38.44665
20:00,Gratamira,11.0,38.813286
20:00,Pradera - Plaza Central,50.0,38.51834
20:00,Las Nieves,18.0,38.44665
20:00,Modelia,34.0,38.401684
20:00,Portal El Dorado – C.C. Nuestro Bogotá,36.0,22.499393
20:00,Flores – Areandina,350.0,23.762516
20:00,Museo del Oro,94.0,22.99001
20:00,General Santander,3.0,22.490826
20:00,Portal 20 de Julio,1.0,9.696665
20:00,Humedal Córdoba,12.0,38.446655
20:00,Parque,7.0,25.480698
20:00,Policarpa,2.0,15.326261
20:00,Museo Nacional,75.0,23.117191
20:00,Hospital,5.0,22.339037
20:00,Normandía,60.0,38.44665
20:00,Perdomo,11.0,22.667463
20:00,Hortúa,10.0,22.048128
20:00,Portal Usme,1.0,9.435848
20:00,Ferias,23.0,38.446655
20:00,Temporal Marly,0.0,38.44671
20:00,Patio Bonito,0.0,10.434618
20:00,Portal Tunal,39.0,9.978909
20:00,Fucha,29.0,22.512701
20:00,Minuto de Dios,43.0,38.44757
20:00,Portal Américas,4.0,22.729609
20:00,Las Aguas - Centro Colombo Americano,112.0,38.44665
20:00,Portal Suba,39.0,22.938858
20:00,Suba - AV. Boyacá,1.0,38.454315
20:00,Santa Lucía,21.0,38.44665
20:00,San Martín,1.0,46.481064
20:00,Universidades – CityU,38.0,38.44665
20:00,Santa Isabel,40.0,38.44665
20:00,Suba - Calle 95,196.0,75.47096
20:00,Puente Aranda,4.0,22.63819
20:00,Quiroga,16.0,16.245182
20:00,Puentelargo,69.0,46.48495
20:00,San Victorino,49.0,38.44665
20:00,CC Paseo Villa del Río - Madelena,22.0,18.589933
20:00,San Mateo - CC Unisur,7.0,11.820194
20:00,Sevillana,11.0,32.072697
20:00,Rionegro,32.0,50.994656
20:00,Suba - Calle 116,94.0,38.447735
20:00,San Bernardo,22.0,38.446648
20:00,SENA,0.0,23.39626
20:00,San Facon Carrera 22,1.0,21.5398
20:00,Socorro,5.0,38.44665
20:00,21 Ángeles,8.0,38.44665
20:00,Temporal Calle 34,31.0,43.574234
20:00,Venecia,71.0,22.40722
20:00,Danubio,0.0,38.4466
20:00,Portal Sur - JFK Coop. Financiera,36.0,38.44665
20:00,Temporal Calle 22,34.0,38.44789
20:15,AV. Chile,52.0,38.446655
20:15,CAN,7.0,38.50812
20:15,Campín - UAN,29.0,61.804073
20:15,San Diego,4.0,38.446712
20:15,Granja - Kr 77,30.0,47.1718
20:15,Ricaurte - NQS,77.0,38.446613
20:15,Quirigua,18.0,38.446655
20:15,Suba - Calle 100,59.0,46.43691
20:15,Calle 75 - Zona M,25.0,46.479847
20:15,AV. Boyacá,164.0,38.44665
20:15,Calle 40 Sur,1.0,38.44665
20:15,AV. Américas - AV. Boyacá,26.0,38.44665
20:15,Marsella,17.0,38.446648
20:15,Niza - Calle 127,16.0,38.447865
20:15,La Campiña,18.0,38.446705
20:15,Transversal 86,6.0,22.781126
20:15,Corferias,90.0,46.479847
20:15,Guatoque - Veraguas,28.0,21.972094
20:15,CDS - Carrera 32,1.0,38.44665
20:15,Ciudad Universitaria - Lotería de Bogotá,4.0,28.798267
20:15,Universidad Nacional,15.0,46.479866
20:15,Avenida Rojas - UNISALESIANA,39.0,38.446655
20:15,Tercer Milenio,8.0,37.4387
20:15,Concejo de Bogotá,6.0,22.4868
20:15,NQS - Calle 38A S,138.0,38.462337
20:15,7 de Agosto,60.0,46.479847
20:15,AV. 68,83.0,38.448025
20:15,Distrito Grafiti,12.0,38.44883
20:15,Polo - FINCOMERCIO,27.0,46.479847
20:15,Tygua - San José,1.0,38.44968
20:15,Quinta Paredes,2.0,38.446655
20:15,Salitre - El Greco,27.0,45.46984
20:15,Zona Industrial,5.0,46.479847
20:15,León XIII,30.0,38.446667
20:15,Paloquemao,152.0,22.510752
20:15,Carrera 90,17.0,38.699966
20:15,Gobernación,4.0,23.05321
20:15,Terreros - Hospital Cardio Vascular,13.0,22.47388
20:15,Escuela Militar,17.0,46.343716
20:15,Mandalay,6.0,38.44665
20:15,AV. Cali,26.0,38.446636
20:15,Suba - TV. 91,6.0,38.446655
20:15,Ricaurte - CL 13,9.0,38.446587
20:15,Restrepo,7.0,38.446606
20:15,Prado,69.0,41.577965
20:15,Terminal,27.0,38.446655
20:15,Virrey,174.0,57.2497
20:15,Toberin - Foundever,89.0,38.446667
20:15,Pepe Sierra,104.0,64.2981
20:15,Calle 100 - Marketmedios,221.0,58.579693
20:15,Calle 142,15.0,38.460495
20:15,Portal Norte – Unicervantes,11.0,58.748905
20:15,Calle 187,85.0,38.44672
20:15,Alcalá – Colegio S. Tomás Dominicos,90.0,38.44666
20:15,Calle 146,21.0,46.480022
20:15,Calle 127,162.0,83.76933
20:15,Héroes,245.0,46.56197
20:15,Calle 161,14.0,46.501358
20:15,Calle 106 - Maletas Explora,76.0,82.72111
20:15,Mazurén,45.0,38.44665
20:15,Calle 45 - American School Way,5.0,40.1321
20:15,Carrera 53,13.0,38.447037
20:15,La Castellana,14.0,60.41123
20:15,AV. 1 Mayo,5.0,38.47726
20:15,De La Sabana,8.0,31.126513
20:15,La Despensa,3.0,22.49827
20:15,Calle 72,0.0,46.479847
20:15,Centro Memoria,12.0,22.708227
20:15,Carrera 43 - Comapan,4.0,38.44666
20:15,Consuelo,2.0,15.280001
20:15,AV. Jiménez - Caracas,1.0,22.460512
20:15,Comuneros,6.0,22.501009
20:15,El Tiempo – Cámara de Comercio de Bogotá,31.0,46.479847
20:15,Biblioteca Tintal,8.0,22.54324
20:15,Ciudad Jardín - UAN,9.0,9.097534
20:15,Bicentenario,12.0,22.577042
20:15,Temporal Calle 57,147.0,38.4466
20:15,Biblioteca,3.0,22.665081
20:15,AV. ElDorado,26.0,22.503866
20:15,Calle 26,8.0,22.505571
20:15,Alquería,37.0,23.029783
20:15,Bosa,2.0,38.446976
20:15,CAD,163.0,38.446747
20:15,Banderas,22.0,38.446663
20:15,Calle 19,17.0,27.379562
20:15,AV. Jiménez - CL 13,0.0,38.447525
20:15,Movistar Arena,22.0,39.10488
20:15,AV. 39,30.0,46.311245
20:15,Calle 76 - San Felipe,84.0,77.09013
20:15,Calle 63,0.0,46.479847
20:15,Calle 85,23.0,77.164215
20:15,NQS - Calle 30 S,24.0,38.446655
20:15,Country Sur,16.0,6.166145
20:15,Carrera 47,21.0,46.479847
20:15,Portal 80,3.0,38.446655
20:15,Olaya,34.0,22.661095
20:15,Molinos,8.0,45.07908
20:15,Nariño,12.0,43.050068
20:15,Gratamira,1.0,46.479958
20:15,Pradera - Plaza Central,94.0,38.488228
20:15,Las Nieves,33.0,38.7074
20:15,Modelia,5.0,38.446648
20:15,Portal El Dorado – C.C. Nuestro Bogotá,26.0,38.44665
20:15,Flores – Areandina,128.0,61.760063
20:15,Museo del Oro,47.0,45.599987
20:15,General Santander,2.0,22.48967
20:15,Portal 20 de Julio,6.0,22.49002
20:15,Humedal Córdoba,9.0,46.479847
20:15,Parque,2.0,46.457565
20:15,Policarpa,2.0,22.631887
20:15,Museo Nacional,104.0,46.48332
20:15,Hospital,5.0,40.60556
20:15,Normandía,6.0,46.479847
20:15,Perdomo,24.0,22.548672
20:15,Hortúa,19.0,22.495966
20:15,Portal Usme,21.0,22.489637
20:15,Ferias,9.0,46.479847
20:15,Temporal Marly,0.0,41.972313
20:15,Patio Bonito,0.0,21.946854
20:15,Portal Tunal,27.0,10.244083
20:15,Fucha,60.0,22.50461
20:15,Minuto de Dios,77.0,38.44665
20:15,Portal Américas,15.0,23.30997
20:15,Las Aguas - Centro Colombo Americano,55.0,22.514935
20:15,Portal Suba,3.0,38.371056
20:15,Suba - AV. Boyacá,1.0,22.671984
20:15,Santa Lucía,23.0,38.44666
20:15,San Martín,16.0,46.479847
20:15,Universidades – CityU,1.0,38.44665
20:15,Santa Isabel,35.0,38.44374
20:15,Suba - Calle 95,46.0,63.528137
20:15,Puente Aranda,2.0,38.44662
20:15,Quiroga,8.0,38.44662
20:15,Puentelargo,39.0,38.44673
20:15,San Victorino,59.0,46.479843
20:15,CC Paseo Villa del Río - Madelena,1.0,22.506561
20:15,San Mateo - CC Unisur,10.0,15.228781
20:15,Sevillana,21.0,38.452007
20:15,Rionegro,18.0,46.479984
20:15,Suba - Calle 116,37.0,38.446663
20:15,San Bernardo,7.0,22.472372
20:15,SENA,0.0,22.187399
20:15,San Facon Carrera 22,2.0,22.606697
20:15,Socorro,6.0,22.451794
20:15,21 Ángeles,2.0,38.446648
20:15,Temporal Calle 34,60.0,38.446632
20:15,Venecia,53.0,17.41278
20:15,Danubio,0.0,38.44601
20:15,Portal Sur - JFK Coop. Financiera,12.0,38.501835
20:15,Temporal Calle 22,37.0,46.47985
20:30,AV. Chile,41.0,38.446644
20:30,CAN,37.0,38.447254
20:30,Campín - UAN,19.0,38.637886
20:30,San Diego,49.0,38.44856
20:30,Granja - Kr 77,16.0,33.413803
20:30,Ricaurte - NQS,1.0,22.960838
20:30,Quirigua,15.0,38.446644
20:30,Suba - Calle 100,15.0,38.446655
20:30,Calle 75 - Zona M,49.0,38.446655
20:30,AV. Boyacá,138.0,38.44665
20:30,Calle 40 Sur,5.0,38.44664
20:30,AV. Américas - AV. Boyacá,35.0,38.446297
20:30,Marsella,13.0,38.44628
20:30,Niza - Calle 127,39.0,38.447212
20:30,La Campiña,2.0,38.44666
20:30,Transversal 86,4.0,22.515081
20:30,Corferias,10.0,38.44665
20:30,Guatoque - Veraguas,3.0,22.346357
20:30,CDS - Carrera 32,4.0,38.447895
20:30,Ciudad Universitaria - Lotería de Bogotá,19.0,38.447857
20:30,Universidad Nacional,16.0,25.5463
20:30,Avenida Rojas - UNISALESIANA,8.0,38.44653
20:30,Tercer Milenio,5.0,38.446743
20:30,Concejo de Bogotá,6.0,38.446655
20:30,NQS - Calle 38A S,2.0,37.276424
20:30,7 de Agosto,90.0,38.44665
20:30,AV. 68,93.0,38.446808
20:30,Distrito Grafiti,36.0,38.444298
20:30,Polo - FINCOMERCIO,44.0,38.446655
20:30,Tygua - San José,1.0,38.446556
20:30,Quinta Paredes,5.0,38.44665
20:30,Salitre - El Greco,105.0,38.46443
20:30,Zona Industrial,10.0,38.468426
20:30,León XIII,32.0,38.446648
20:30,Paloquemao,138.0,38.446655
20:30,Carrera 90,13.0,38.446697
20:30,Gobernación,26.0,38.446724
20:30,Terreros - Hospital Cardio Vascular,9.0,22.430805
20:30,Escuela Militar,3.0,38.446663
20:30,Mandalay,2.0,38.44665
20:30,AV. Cali,27.0,38.446636
20:30,Suba - TV. 91,31.0,38.44693
20:30,Ricaurte - CL 13,27.0,38.446648
20:30,Restrepo,3.0,38.44514
20:30,Prado,31.0,38.45055
20:30,Terminal,49.0,38.44665
20:30,Virrey,27.0,45.033028
20:30,Toberin - Foundever,102.0,38.446648
20:30,Pepe Sierra,84.0,50.585117
20:30,Calle 100 - Marketmedios,43.0,41.32701
20:30,Calle 142,52.0,38.44665
20:30,Portal Norte – Unicervantes,38.0,38.480576
20:30,Calle 187,77.0,39.077126
20:30,Alcalá – Colegio S. Tomás Dominicos,32.0,38.44666
20:30,Calle 146,8.0,40.69723
20:30,Calle 127,139.0,59.193546
20:30,Héroes,203.0,38.446846
20:30,Calle 161,4.0,38.579933
20:30,Calle 106 - Maletas Explora,49.0,69.330086
20:30,Mazurén,52.0,38.446648
20:30,Calle 45 - American School Way,21.0,38.49101
20:30,Carrera 53,4.0,38.446804
20:30,La Castellana,17.0,38.622303
20:30,AV. 1 Mayo,4.0,38.44665
20:30,De La Sabana,6.0,22.553951
20:30,La Despensa,5.0,10.1608515
20:30,Calle 72,0.0,38.500065
20:30,Centro Memoria,3.0,38.44661
20:30,Carrera 43 - Comapan,13.0,38.44665
20:30,Consuelo,4.0,38.379967
20:30,AV. Jiménez - Caracas,17.0,22.485525
20:30,Comuneros,4.0,38.445946
20:30,El Tiempo – Cámara de Comercio de Bogotá,35.0,38.44577
20:30,Biblioteca Tintal,4.0,38.44367
20:30,Ciudad Jardín - UAN,4.0,9.632349
20:30,Bicentenario,3.0,38.446518
20:30,Temporal Calle 57,208.0,38.446198
20:30,Biblioteca,18.0,38.444916
20:30,AV. ElDorado,22.0,38.4412
20:30,Calle 26,5.0,38.446056
20:30,Alquería,59.0,38.446503
20:30,Bosa,32.0,38.446568
20:30,CAD,22.0,38.447983
20:30,Banderas,15.0,38.444336
20:30,Calle 19,20.0,38.446632
20:30,AV. Jiménez - CL 13,0.0,22.539036
20:30,Movistar Arena,1.0,38.446606
20:30,AV. 39,66.0,44.162533
20:30,Calle 76 - San Felipe,114.0,42.995296
20:30,Calle 63,0.0,38.447723
20:30,Calle 85,153.0,43.07931
20:30,NQS - Calle 30 S,32.0,38.43641
20:30,Country Sur,15.0,8.007478
20:30,Carrera 47,19.0,38.595867
20:30,Portal 80,7.0,38.44662
20:30,Olaya,26.0,23.062181
20:30,Molinos,7.0,38.45063
20:30,Nariño,13.0,28.981668
20:30,Gratamira,2.0,43.79791
20:30,Pradera - Plaza Central,23.0,38.443153
20:30,Las Nieves,30.0,22.604431
20:30,Modelia,6.0,38.446583
20:30,Portal El Dorado – C.C. Nuestro Bogotá,65.0,23.20512
20:30,Flores – Areandina,156.0,48.593155
20:30,Museo del Oro,26.0,38.45828
20:30,General Santander,1.0,22.382341
20:30,Portal 20 de Julio,1.0,10.940935
20:30,Humedal Córdoba,5.0,38.49119
20:30,Parque,2.0,38.514378
20:30,Policarpa,4.0,22.504612
20:30,Museo Nacional,25.0,38.494488
20:30,Hospital,14.0,22.733353
20:30,Normandía,30.0,38.450356
20:30,Perdomo,13.0,22.381786
20:30,Hortúa,7.0,22.460123
20:30,Portal Usme,10.0,22.416834
20:30,Ferias,4.0,38.44665
20:30,Temporal Marly,0.0,38.44692
20:30,Patio Bonito,0.0,9.766453
20:30,Portal Tunal,78.0,9.901355
20:30,Fucha,1.0,22.55059
20:30,Minuto de Dios,45.0,38.44666
20:30,Portal Américas,1.0,22.383362
20:30,Las Aguas - Centro Colombo Americano,59.0,38.44662
20:30,Portal Suba,5.0,26.209963
20:30,Suba - AV. Boyacá,21.0,22.528538
20:30,Santa Lucía,2.0,38.44663
20:30,San Martín,1.0,38.446655
20:30,Universidades – CityU,145.0,31.213667
20:30,Santa Isabel,25.0,38.44014
20:30,Suba - Calle 95,10.0,38.66128
20:30,Puente Aranda,17.0,38.446182
20:30,Quiroga,4.0,11.607337
20:30,Puentelargo,23.0,38.446663
20:30,San Victorino,2.0,38.56218
20:30,CC Paseo Villa del Río - Madelena,15.0,9.614945
20:30,San Mateo - CC Unisur,23.0,12.488623
20:30,Sevillana,5.0,29.2216
20:30,Rionegro,17.0,38.446655
20:30,Suba - Calle 116,18.0,38.447292
20:30,San Bernardo,6.0,9.774542
20:30,SENA,0.0,38.446537
20:30,San Facon Carrera 22,14.0,9.840687
20:30,Socorro,2.0,9.631454
20:30,21 Ángeles,4.0,38.446236
20:30,Temporal Calle 34,40.0,10.934277
20:30,Venecia,83.0,9.339779
20:30,Danubio,0.0,21.13574
20:30,Portal Sur - JFK Coop. Financiera,38.0,38.445812
20:30,Temporal Calle 22,1.0,38.513542
20:45,AV. Chile,53.0,26.381418
20:45,CAN,23.0,38.44666
20:45,Campín - UAN,68.0,38.446667
20:45,San Diego,1.0,38.44678
20:45,Granja - Kr 77,3.0,22.92221
20:45,Ricaurte - NQS,12.0,13.806385
20:45,Quirigua,1.0,38.446617
20:45,Suba - Calle 100,34.0,23.165472
20:45,Calle 75 - Zona M,69.0,38.447765
20:45,AV. Boyacá,126.0,38.186485
20:45,Calle 40 Sur,9.0,38.446426
20:45,AV. Américas - AV. Boyacá,24.0,38.446133
20:45,Marsella,18.0,38.417656
20:45,Niza - Calle 127,27.0,38.562046
20:45,La Campiña,5.0,38.446136
20:45,Transversal 86,8.0,22.500154
20:45,Corferias,20.0,38.44665
20:45,Guatoque - Veraguas,3.0,22.209162
20:45,CDS - Carrera 32,4.0,38.446655
20:45,Ciudad Universitaria - Lotería de Bogotá,2.0,38.44907
20:45,Universidad Nacional,104.0,38.444324
20:45,Avenida Rojas - UNISALESIANA,17.0,38.453983
20:45,Tercer Milenio,2.0,22.41549
20:45,Concejo de Bogotá,1.0,38.446644
20:45,NQS - Calle 38A S,160.0,22.518507
20:45,7 de Agosto,14.0,38.446655
20:45,AV. 68,49.0,38.447155
20:45,Distrito Grafiti,22.0,22.521555
20:45,Polo - FINCOMERCIO,14.0,38.44665
20:45,Tygua - San José,2.0,22.511621
20:45,Quinta Paredes,8.0,38.44665
20:45,Salitre - El Greco,39.0,22.51937
20:45,Zona Industrial,4.0,38.44665
20:45,León XIII,23.0,38.445423
20:45,Paloquemao,66.0,36.13359
20:45,Carrera 90,16.0,38.446655
20:45,Gobernación,3.0,38.446716
20:45,Terreros - Hospital Cardio Vascular,19.0,22.96278
20:45,Escuela Militar,4.0,38.446655
20:45,Mandalay,4.0,22.913773
20:45,AV. Cali,14.0,22.562551
20:45,Suba - TV. 91,2.0,21.157095
20:45,Ricaurte - CL 13,44.0,38.446648
20:45,Restrepo,11.0,24.505322
20:45,Prado,44.0,38.860413
20:45,Terminal,26.0,46.138695
20:45,Virrey,68.0,38.458416
20:45,Toberin - Foundever,21.0,28.721844
20:45,Pepe Sierra,72.0,38.48984
20:45,Calle 100 - Marketmedios,80.0,38.481983
20:45,Calle 142,6.0,35.984848
20:45,Portal Norte – Unicervantes,1.0,38.446693
20:45,Calle 187,48.0,49.18458
20:45,Alcalá – Colegio S. Tomás Dominicos,38.0,38.446304
20:45,Calle 146,12.0,38.448402
20:45,Calle 127,1.0,38.827377
20:45,Héroes,180.0,38.446674
20:45,Calle 161,13.0,38.446777
20:45,Calle 106 - Maletas Explora,62.0,40.20279
20:45,Mazurén,36.0,38.456882
20:45,Calle 45 - American School Way,7.0,38.44665
20:45,Carrera 53,19.0,38.893974
20:45,La Castellana,12.0,38.44667
20:45,AV. 1 Mayo,2.0,38.446606
20:45,De La Sabana,8.0,9.737682
20:45,La Despensa,4.0,22.471043
20:45,Calle 72,0.0,38.44665
20:45,Centro Memoria,1.0,23.237278
20:45,Carrera 43 - Comapan,2.0,38.44665
20:45,Consuelo,3.0,38.44754
20:45,AV. Jiménez - Caracas,37.0,9.392244
20:45,Comuneros,2.0,37.9745
20:45,El Tiempo – Cámara de Comercio de Bogotá,50.0,38.446594
20:45,Biblioteca Tintal,1.0,38.44662
20:45,Ciudad Jardín - UAN,7.0,7.6209083
20:45,Bicentenario,3.0,38.446598
20:45,Temporal Calle 57,64.0,38.446682
20:45,Biblioteca,2.0,38.44627
20:45,AV. ElDorado,19.0,38.446423
20:45,Calle 26,6.0,38.446617
20:45,Alquería,35.0,22.20944
20:45,Bosa,13.0,9.930033
20:45,CAD,28.0,38.446857
20:45,Banderas,14.0,22.988663
20:45,Calle 19,2.0,38.44668
20:45,AV. Jiménez - CL 13,0.0,22.486034
20:45,Movistar Arena,58.0,38.446625
20:45,AV. 39,5.0,38.446655
20:45,Calle 76 - San Felipe,157.0,51.415188
20:45,Calle 63,0.0,38.446655
20:45,Calle 85,10.0,61.882355
20:45,NQS - Calle 30 S,11.0,38.43416
20:45,Country Sur,6.0,5.878901
20:45,Carrera 47,7.0,38.448147
20:45,Portal 80,48.0,22.756557
20:45,Olaya,15.0,9.673664
20:45,Molinos,24.0,38.42153
20:45,Nariño,8.0,38.446377
20:45,Gratamira,11.0,38.447063
20:45,Pradera - Plaza Central,54.0,22.508608
20:45,Las Nieves,4.0,38.444836
20:45,Modelia,30.0,38.25427
20:45,Portal El Dorado – C.C. Nuestro Bogotá,9.0,38.4461
20:45,Flores – Areandina,97.0,38.464237
20:45,Museo del Oro,39.0,38.44635
20:45,General Santander,20.0,22.500803
20:45,Portal 20 de Julio,1.0,20.422186
20:45,Humedal Córdoba,5.0,38.45024
20:45,Parque,3.0,38.446552
20:45,Policarpa,2.0,10.865187
20:45,Museo Nacional,71.0,38.44488
20:45,Hospital,2.0,38.39054
20:45,Normandía,1.0,38.44667
20:45,Perdomo,40.0,22.367344
20:45,Hortúa,5.0,9.577454
20:45,Portal Usme,1.0,16.873156
20:45,Ferias,6.0,38.44664
20:45,Temporal Marly,0.0,38.446648
20:45,Patio Bonito,0.0,22.33029
20:45,Portal Tunal,2.0,21.293104
20:45,Fucha,10.0,21.915216
20:45,Minuto de Dios,44.0,38.446594
20:45,Portal Américas,27.0,22.664028
20:45,Las Aguas - Centro Colombo Americano,86.0,38.44602
20:45,Portal Suba,5.0,11.51598
20:45,Suba - AV. Boyacá,13.0,20.936924
20:45,Santa Lucía,15.0,38.446495
20:45,San Martín,4.0,38.446655
20:45,Universidades – CityU,1.0,38.359013
20:45,Santa Isabel,13.0,38.446087
20:45,Suba - Calle 95,2.0,38.459557
20:45,Puente Aranda,1.0,38.254364
20:45,Quiroga,6.0,22.121574
20:45,Puentelargo,23.0,38.447056
20:45,San Victorino,6.0,38.446518
20:45,CC Paseo Villa del Río - Madelena,48.0,21.893278
20:45,San Mateo - CC Unisur,62.0,22.329752
20:45,Sevillana,18.0,22.511782
20:45,Rionegro,10.0,38.45145
20:45,Suba - Calle 116,21.0,38.45958
20:45,San Bernardo,4.0,31.168282
20:45,SENA,0.0,22.64128
20:45,San Facon Carrera 22,9.0,22.455036
20:45,Socorro,2.0,25.78643
20:45,21 Ángeles,1.0,38.446808
20:45,Temporal Calle 34,49.0,38.12153
20:45,Venecia,33.0,21.947771
20:45,Danubio,0.0,22.422413
20:45,Portal Sur - JFK Coop. Financiera,8.0,38.434383
20:45,Temporal Calle 22,51.0,38.447094
21:00,AV. Chile,30.0,26.662546
21:00,CAN,25.0,32.015022
21:00,Campín - UAN,6.0,38.44672
21:00,San Diego,24.0,22.99131
21:00,Granja - Kr 77,2.0,26.20451
21:00,Ricaurte - NQS,79.0,24.907143
21:00,Quirigua,16.0,38.446686
21:00,Suba - Calle 100,9.0,22.701534
21:00,Calle 75 - Zona M,19.0,38.44662
21:00,AV. Boyacá,166.0,30.899445
21:00,Calle 40 Sur,6.0,38.446785
21:00,AV. Américas - AV. Boyacá,20.0,25.3628
21:00,Marsella,6.0,38.44648
21:00,Niza - Calle 127,25.0,38.42548
21:00,La Campiña,10.0,38.446655
21:00,Transversal 86,4.0,10.450865
21:00,Corferias,13.0,38.44664
21:00,Guatoque - Veraguas,17.0,32.932518
21:00,CDS - Carrera 32,2.0,38.446507
21:00,Ciudad Universitaria - Lotería de Bogotá,2.0,22.482407
21:00,Universidad Nacional,114.0,22.443743
21:00,Avenida Rojas - UNISALESIANA,24.0,22.371618
21:00,Tercer Milenio,2.0,38.446064
21:00,Concejo de Bogotá,2.0,38.444065
21:00,NQS - Calle 38A S,115.0,38.393406
21:00,7 de Agosto,62.0,38.446537
21:00,AV. 68,51.0,21.808943
21:00,Distrito Grafiti,29.0,38.445923
21:00,Polo - FINCOMERCIO,15.0,38.446518
21:00,Tygua - San José,3.0,38.445778
21:00,Quinta Paredes,3.0,38.446556
21:00,Salitre - El Greco,85.0,38.446533
21:00,Zona Industrial,4.0,38.446667
21:00,León XIII,27.0,38.446568
21:00,Paloquemao,161.0,22.341187
21:00,Carrera 90,19.0,38.446625
21:00,Gobernación,5.0,22.563253
21:00,Terreros - Hospital Cardio Vascular,1.0,10.879512
21:00,Escuela Militar,7.0,38.44664
21:00,Mandalay,2.0,23.205456
21:00,AV. Cali,18.0,15.279667
21:00,Suba - TV. 91,24.0,38.447987
21:00,Ricaurte - CL 13,20.0,23.222694
21:00,Restrepo,18.0,9.484298
21:00,Prado,44.0,38.439598
21:00,Terminal,1.0,26.490185
21:00,Virrey,8.0,28.481674
21:00,Toberin - Foundever,62.0,22.635479
21:00,Pepe Sierra,39.0,38.446323
21:00,Calle 100 - Marketmedios,21.0,38.37502
21:00,Calle 142,1.0,25.282043
21:00,Portal Norte – Unicervantes,36.0,38.446598
21:00,Calle 187,88.0,31.710667
21:00,Alcalá – Colegio S. Tomás Dominicos,26.0,22.495932
21:00,Calle 146,11.0,38.446613
21:00,Calle 127,79.0,38.44727
21:00,Héroes,140.0,38.44663
21:00,Calle 161,7.0,38.44665
21:00,Calle 106 - Maletas Explora,45.0,38.44689
21:00,Mazurén,23.0,22.653938
21:00,Calle 45 - American School Way,6.0,38.446648
21:00,Carrera 53,10.0,38.445015
21:00,La Castellana,10.0,38.44665
21:00,AV. 1 Mayo,1.0,38.446236
21:00,De La Sabana,7.0,22.500593
21:00,La Despensa,5.0,9.74975
21:00,Calle 72,0.0,38.44666
21:00,Centro Memoria,12.0,21.978111
21:00,Carrera 43 - Comapan,5.0,38.446617
21:00,Consuelo,5.0,10.769228
21:00,AV. Jiménez - Caracas,17.0,9.3135395
21:00,Comuneros,5.0,17.907318
21:00,El Tiempo – Cámara de Comercio de Bogotá,36.0,38.44404
21:00,Biblioteca Tintal,7.0,9.94149
21:00,Ciudad Jardín - UAN,12.0,6.5884223
21:00,Bicentenario,1.0,22.325087
21:00,Temporal Calle 57,76.0,15.506426
21:00,Biblioteca,9.0,17.055536
21:00,AV. ElDorado,48.0,12.302674
21:00,Calle 26,1.0,22.802134
21:00,Alquería,25.0,38.44015
21:00,Bosa,1.0,10.966164
21:00,CAD,18.0,38.44654
21:00,Banderas,15.0,9.972989
21:00,Calle 19,7.0,22.6009
21:00,AV. Jiménez - CL 13,0.0,38.44627
21:00,Movistar Arena,40.0,22.826391
21:00,AV. 39,88.0,38.446472
21:00,Calle 76 - San Felipe,77.0,43.365
21:00,Calle 63,0.0,38.446644
21:00,Calle 85,8.0,43.121914
21:00,NQS - Calle 30 S,21.0,38.44666
21:00,Country Sur,15.0,4.3997173
21:00,Carrera 47,12.0,38.446632
21:00,Portal 80,72.0,38.44481
21:00,Olaya,6.0,38.43796
21:00,Molinos,1.0,38.445618
21:00,Nariño,16.0,22.182116
21:00,Gratamira,1.0,22.60305
21:00,Pradera - Plaza Central,19.0,38.446133
21:00,Las Nieves,2.0,22.374798
21:00,Modelia,9.0,22.682255
21:00,Portal El Dorado – C.C. Nuestro Bogotá,11.0,22.493126
21:00,Flores – Areandina,157.0,38.44656
21:00,Museo del Oro,22.0,22.49229
21:00,General Santander,3.0,9.695435
21:00,Portal 20 de Julio,2.0,9.356585
21:00,Humedal Córdoba,6.0,22.606785
21:00,Parque,3.0,22.50537
21:00,Policarpa,2.0,11.596575
21:00,Museo Nacional,8.0,22.479053
21:00,Hospital,4.0,22.371515
21:00,Normandía,16.0,22.513422
21:00,Perdomo,12.0,9.96137
21:00,Hortúa,14.0,22.194382
21:00,Portal Usme,5.0,21.801403
21:00,Ferias,7.0,38.446575
21:00,Temporal Marly,0.0,22.511587
21:00,Patio Bonito,0.0,9.808176
21:00,Portal Tunal,33.0,9.927998
21:00,Fucha,7.0,22.468462
21:00,Minuto de Dios,36.0,23.477894
21:00,Portal Américas,18.0,22.513834
21:00,Las Aguas - Centro Colombo Americano,66.0,22.475666
21:00,Portal Suba,27.0,22.637663
21:00,Suba - AV. Boyacá,6.0,22.378767
21:00,Santa Lucía,9.0,38.44484
21:00,San Martín,2.0,38.446648
21:00,Universidades – CityU,39.0,22.36708
21:00,Santa Isabel,11.0,17.40353
21:00,Suba - Calle 95,146.0,42.25832
21:00,Puente Aranda,5.0,23.020962
21:00,Quiroga,4.0,9.509671
21:00,Puentelargo,27.0,22.960615
21:00,San Victorino,18.0,22.516459
21:00,CC Paseo Villa del Río - Madelena,22.0,9.730658
21:00,San Mateo - CC Unisur,1.0,9.505714
21:00,Sevillana,15.0,19.585749
21:00,Rionegro,11.0,22.787611
21:00,Suba - Calle 116,29.0,24.330786
21:00,San Bernardo,11.0,9.6073265
21:00,SENA,0.0,12.052269
21:00,San Facon Carrera 22,9.0,9.81176
21:00,Socorro,2.0,9.699437
21:00,21 Ángeles,4.0,24.832413
21:00,Temporal Calle 34,28.0,9.686579
21:00,Venecia,34.0,9.640054
21:00,Danubio,0.0,15.182028
21:00,Portal Sur - JFK Coop. Financiera,1.0,38.446526
21:00,Temporal Calle 22,23.0,22.579681
21:15,AV. Chile,25.0,22.47278
21:15,CAN,24.0,22.908665
21:15,Campín - UAN,16.0,38.446648
21:15,San Diego,13.0,38.44657
21:15,Granja - Kr 77,15.0,23.720732
21:15,Ricaurte - NQS,92.0,22.367975
21:15,Quirigua,11.0,38.44664
21:15,Suba - Calle 100,33.0,38.44321
21:15,Calle 75 - Zona M,52.0,38.44664
21:15,AV. Boyacá,129.0,38.444466
21:15,Calle 40 Sur,1.0,38.44666
21:15,AV. Américas - AV. Boyacá,15.0,38.446228
21:15,Marsella,9.0,38.44096
21:15,Niza - Calle 127,68.0,38.446663
21:15,La Campiña,6.0,38.446712
21:15,Transversal 86,3.0,15.288902
21:15,Corferias,34.0,38.446636
21:15,Guatoque - Veraguas,10.0,22.415583
21:15,CDS - Carrera 32,9.0,38.446632
21:15,Ciudad Universitaria - Lotería de Bogotá,10.0,37.923862
21:15,Universidad Nacional,100.0,38.44714
21:15,Avenida Rojas - UNISALESIANA,24.0,22.60072
21:15,Tercer Milenio,1.0,25.840553
21:15,Concejo de Bogotá,5.0,29.654781
21:15,NQS - Calle 38A S,63.0,22.472881
21:15,7 de Agosto,74.0,38.446613
21:15,AV. 68,52.0,38.44636
21:15,Distrito Grafiti,26.0,22.525167
21:15,Polo - FINCOMERCIO,19.0,38.446083
21:15,Tygua - San José,3.0,30.067284
21:15,Quinta Paredes,6.0,38.446606
21:15,Salitre - El Greco,46.0,22.585102
21:15,Zona Industrial,4.0,38.446686
21:15,León XIII,10.0,38.445602
21:15,Paloquemao,129.0,38.4103
21:15,Carrera 90,4.0,38.446667
21:15,Gobernación,17.0,38.446625
21:15,Terreros - Hospital Cardio Vascular,10.0,37.799942
21:15,Escuela Militar,8.0,38.446228
21:15,Mandalay,4.0,13.696542
21:15,AV. Cali,1.0,23.01193
21:15,Suba - TV. 91,2.0,38.459362
21:15,Ricaurte - CL 13,21.0,22.542427
21:15,Restrepo,22.0,19.625278
21:15,Prado,47.0,38.44673
21:15,Terminal,18.0,22.824087
21:15,Virrey,62.0,38.444733
21:15,Toberin - Foundever,52.0,22.516317
21:15,Pepe Sierra,46.0,38.44656
21:15,Calle 100 - Marketmedios,13.0,38.446644
21:15,Calle 142,10.0,27.991848
21:15,Portal Norte – Unicervantes,7.0,38.448708
21:15,Calle 187,25.0,25.75275
21:15,Alcalá – Colegio S. Tomás Dominicos,48.0,22.476555
21:15,Calle 146,11.0,38.446693
21:15,Calle 127,66.0,38.447155
21:15,Héroes,177.0,38.38723
21:15,Calle 161,2.0,38.446827
21:15,Calle 106 - Maletas Explora,8.0,38.451275
21:15,Mazurén,20.0,38.446587
21:15,Calle 45 - American School Way,5.0,38.446884
21:15,Carrera 53,6.0,22.956305
21:15,La Castellana,23.0,38.449207
21:15,AV. 1 Mayo,17.0,38.44565
21:15,De La Sabana,7.0,20.14902
21:15,La Despensa,4.0,9.030254
21:15,Calle 72,0.0,38.4464
21:15,Centro Memoria,15.0,22.455688
21:15,Carrera 43 - Comapan,1.0,38.446606
21:15,Consuelo,1.0,15.7029085
21:15,AV. Jiménez - Caracas,16.0,22.043388
21:15,Comuneros,5.0,38.445904
21:15,El Tiempo – Cámara de Comercio de Bogotá,61.0,22.791847
21:15,Biblioteca Tintal,11.0,20.795069
21:15,Ciudad Jardín - UAN,8.0,8.516295
21:15,Bicentenario,1.0,22.26737
21:15,Temporal Calle 57,89.0,22.423561
21:15,Biblioteca,20.0,21.939566
21:15,AV. ElDorado,23.0,22.44637
21:15,Calle 26,5.0,22.602549
21:15,Alquería,18.0,22.436762
21:15,Bosa,2.0,7.6355276
21:15,CAD,34.0,38.446632
21:15,Banderas,3.0,38.3689
21:15,Calle 19,12.0,38.446323
21:15,AV. Jiménez - CL 13,0.0,22.427017
21:15,Movistar Arena,31.0,22.527388
21:15,AV. 39,111.0,29.825443
21:15,Calle 76 - San Felipe,60.0,38.446693
21:15,Calle 63,0.0,38.530468
21:15,Calle 85,5.0,38.44742
21:15,NQS - Calle 30 S,13.0,38.222176
21:15,Country Sur,10.0,4.7710614
21:15,Carrera 47,13.0,38.44664
21:15,Portal 80,1.0,35.180683
21:15,Olaya,28.0,22.495056
21:15,Molinos,14.0,38.44047
21:15,Nariño,6.0,38.417236
21:15,Gratamira,2.0,38.446327
21:15,Pradera - Plaza Central,45.0,22.643778
21:15,Las Nieves,45.0,13.242974
21:15,Modelia,26.0,38.446117
21:15,Portal El Dorado – C.C. Nuestro Bogotá,1.0,36.25122
21:15,Flores – Areandina,123.0,38.446598
21:15,Museo del Oro,29.0,38.446194
21:15,General Santander,5.0,9.892641
21:15,Portal 20 de Julio,6.0,9.272787
21:15,Humedal Córdoba,7.0,38.446266
21:15,Parque,1.0,38.439213
21:15,Policarpa,5.0,10.094606
21:15,Museo Nacional,53.0,38.4396
21:15,Hospital,2.0,38.304016
21:15,Normandía,35.0,38.4464
21:15,Perdomo,8.0,10.920492
21:15,Hortúa,4.0,9.421831
21:15,Portal Usme,6.0,9.317469
21:15,Ferias,2.0,38.446636
21:15,Temporal Marly,0.0,38.446503
21:15,Patio Bonito,0.0,21.433361
21:15,Portal Tunal,1.0,9.194407
21:15,Fucha,13.0,22.490894
21:15,Minuto de Dios,74.0,38.44646
21:15,Portal Américas,14.0,14.565608
21:15,Las Aguas - Centro Colombo Americano,51.0,38.445053
21:15,Portal Suba,1.0,23.500462
21:15,Suba - AV. Boyacá,11.0,10.284709
21:15,Santa Lucía,14.0,36.84427
21:15,San Martín,2.0,38.44669
21:15,Universidades – CityU,104.0,38.443954
21:15,Santa Isabel,9.0,38.444756
21:15,Suba - Calle 95,67.0,38.44874
21:15,Puente Aranda,4.0,38.44485
21:15,Quiroga,7.0,31.728914
21:15,Puentelargo,30.0,38.44631
21:15,San Victorino,31.0,38.445908
21:15,CC Paseo Villa del Río - Madelena,31.0,9.260887
21:15,San Mateo - CC Unisur,1.0,7.928639
21:15,Sevillana,16.0,22.399134
21:15,Rionegro,15.0,38.446392
21:15,Suba - Calle 116,29.0,38.446644
21:15,San Bernardo,10.0,7.906188
21:15,SENA,0.0,11.933676
21:15,San Facon Carrera 22,3.0,11.9489155
21:15,Socorro,1.0,9.50694
21:15,21 Ángeles,3.0,38.44579
21:15,Temporal Calle 34,48.0,38.444862
21:15,Venecia,39.0,8.542435
21:15,Danubio,0.0,9.890444
21:15,Portal Sur - JFK Coop. Financiera,5.0,22.547123
21:15,Temporal Calle 22,30.0,38.446533
21:30,AV. Chile,12.0,22.519457
21:30,CAN,24.0,22.844841
21:30,Campín - UAN,23.0,38.44665
21:30,San Diego,62.0,38.485596
21:30,Granja - Kr 77,5.0,24.2413
21:30,Ricaurte - NQS,81.0,22.478214
21:30,Quirigua,10.0,38.43791
21:30,Suba - Calle 100,32.0,24.930199
21:30,Calle 75 - Zona M,21.0,38.442745
21:30,AV. Boyacá,52.0,38.437477
21:30,Calle 40 Sur,1.0,38.500057
21:30,AV. Américas - AV. Boyacá,19.0,35.84666
21:30,Marsella,5.0,22.438932
21:30,Niza - Calle 127,46.0,38.49032
21:30,La Campiña,6.0,38.447636
21:30,Transversal 86,4.0,24.578796
21:30,Corferias,18.0,38.446644
21:30,Guatoque - Veraguas,8.0,22.283709
21:30,CDS - Carrera 32,2.0,38.445126
21:30,Ciudad Universitaria - Lotería de Bogotá,2.0,37.689068
21:30,Universidad Nacional,7.0,37.860016
21:30,Avenida Rojas - UNISALESIANA,10.0,22.519457
21:30,Tercer Milenio,5.0,22.513304
21:30,Concejo de Bogotá,1.0,38.181816
21:30,NQS - Calle 38A S,92.0,20.508907
21:30,7 de Agosto,41.0,38.446625
21:30,AV. 68,54.0,28.72352
21:30,Distrito Grafiti,13.0,25.874859
21:30,Polo - FINCOMERCIO,20.0,38.446636
21:30,Tygua - San José,2.0,23.09467
21:30,Quinta Paredes,3.0,38.446648
21:30,Salitre - El Greco,25.0,23.536362
21:30,Zona Industrial,3.0,38.44666
21:30,León XIII,14.0,38.441628
21:30,Paloquemao,167.0,22.461329
21:30,Carrera 90,8.0,38.44665
21:30,Gobernación,4.0,38.450428
21:30,Terreros - Hospital Cardio Vascular,9.0,22.018396
21:30,Escuela Militar,3.0,38.44663
21:30,Mandalay,3.0,16.776121
21:30,AV. Cali,10.0,22.540136
21:30,Suba - TV. 91,1.0,13.650448
21:30,Ricaurte - CL 13,16.0,38.38625
21:30,Restrepo,11.0,9.96997
21:30,Prado,40.0,38.449345
21:30,Terminal,19.0,26.785711
21:30,Virrey,4.0,30.61928
21:30,Toberin - Foundever,33.0,20.737158
21:30,Pepe Sierra,35.0,38.443985
21:30,Calle 100 - Marketmedios,17.0,38.408363
21:30,Calle 142,11.0,28.058495
21:30,Portal Norte – Unicervantes,20.0,38.446644
21:30,Calle 187,27.0,32.679672
21:30,Alcalá – Colegio S. Tomás Dominicos,36.0,22.327208
21:30,Calle 146,2.0,38.446648
21:30,Calle 127,53.0,38.446674
21:30,Héroes,83.0,38.445457
21:30,Calle 161,3.0,38.446632
21:30,Calle 106 - Maletas Explora,45.0,38.44664
21:30,Mazurén,21.0,25.050014
21:30,Calle 45 - American School Way,1.0,38.446682
21:30,Carrera 53,7.0,30.329252
21:30,La Castellana,7.0,38.44663
21:30,AV. 1 Mayo,1.0,38.44625
21:30,De La Sabana,3.0,21.061789
21:30,La Despensa,3.0,9.5040455
21:30,Calle 72,0.0,38.442593
21:30,Centro Memoria,3.0,22.647417
21:30,Carrera 43 - Comapan,2.0,38.446644
21:30,Consuelo,3.0,22.347794
21:30,AV. Jiménez - Caracas,15.0,22.417305
21:30,Comuneros,4.0,30.810192
21:30,El Tiempo – Cámara de Comercio de Bogotá,26.0,22.459404
21:30,Biblioteca Tintal,3.0,22.454056
21:30,Ciudad Jardín - UAN,2.0,11.828511
21:30,Bicentenario,6.0,22.46412
21:30,Temporal Calle 57,50.0,22.503094
21:30,Biblioteca,19.0,22.450638
21:30,AV. ElDorado,32.0,22.502071
21:30,Calle 26,4.0,22.521032
21:30,Alquería,6.0,9.467341
21:30,Bosa,9.0,9.475354
21:30,CAD,25.0,38.446735
21:30,Banderas,11.0,22.078289
21:30,Calle 19,11.0,38.442947
21:30,AV. Jiménez - CL 13,0.0,9.964639
21:30,Movistar Arena,34.0,22.518147
21:30,AV. 39,70.0,46.177593
21:30,Calle 76 - San Felipe,13.0,38.44665
21:30,Calle 63,0.0,24.687061
21:30,Calle 85,9.0,38.4467
21:30,NQS - Calle 30 S,7.0,22.509224
21:30,Country Sur,6.0,7.729101
21:30,Carrera 47,9.0,38.448025
21:30,Portal 80,5.0,18.758007
21:30,Olaya,6.0,22.411356
21:30,Molinos,13.0,23.676468
21:30,Nariño,1.0,23.67345
21:30,Gratamira,5.0,38.42681
21:30,Pradera - Plaza Central,8.0,22.494915
21:30,Las Nieves,9.0,22.508493
21:30,Modelia,20.0,25.311401
21:30,Portal El Dorado – C.C. Nuestro Bogotá,22.0,22.318504
21:30,Flores – Areandina,121.0,38.448185
21:30,Museo del Oro,20.0,38.41887
21:30,General Santander,6.0,18.533957
21:30,Portal 20 de Julio,2.0,10.72562
21:30,Humedal Córdoba,4.0,38.391983
21:30,Parque,1.0,22.495094
21:30,Policarpa,1.0,9.3550415
21:30,Museo Nacional,34.0,25.26264
21:30,Hospital,3.0,22.466047
21:30,Normandía,5.0,38.301144
21:30,Perdomo,16.0,10.935907
21:30,Hortúa,2.0,13.467716
21:30,Portal Usme,5.0,8.772356
21:30,Ferias,4.0,38.44664
21:30,Temporal Marly,0.0,38.389263
21:30,Patio Bonito,0.0,10.602638
21:30,Portal Tunal,10.0,11.357992
21:30,Fucha,1.0,22.513014
21:30,Minuto de Dios,21.0,37.862564
21:30,Portal Américas,4.0,20.362015
21:30,Las Aguas - Centro Colombo Americano,55.0,38.435284
21:30,Portal Suba,17.0,22.47973
21:30,Suba - AV. Boyacá,3.0,14.506405
21:30,Santa Lucía,8.0,38.443554
21:30,San Martín,1.0,38.446648
21:30,Universidades – CityU,37.0,22.515785
21:30,Santa Isabel,13.0,25.68583
21:30,Suba - Calle 95,43.0,40.39374
21:30,Puente Aranda,5.0,23.60602
21:30,Quiroga,4.0,13.405197
21:30,Puentelargo,16.0,36.451084
21:30,San Victorino,17.0,38.45052
21:30,CC Paseo Villa del Río - Madelena,24.0,9.016204
21:30,San Mateo - CC Unisur,5.0,7.067015
21:30,Sevillana,8.0,12.126192
21:30,Rionegro,14.0,37.327305
21:30,Suba - Calle 116,24.0,38.44234
21:30,San Bernardo,4.0,22.330286
21:30,SENA,0.0,15.246578
21:30,San Facon Carrera 22,8.0,13.315856
21:30,Socorro,1.0,22.387499
21:30,21 Ángeles,4.0,22.907257
21:30,Temporal Calle 34,69.0,25.678507
21:30,Venecia,26.0,8.69625
21:30,Danubio,0.0,22.219385
21:30,Portal Sur - JFK Coop. Financiera,5.0,22.504692
21:30,Temporal Calle 22,31.0,38.451454
21:45,AV. Chile,5.0,22.490976
21:45,CAN,18.0,14.501839
21:45,Campín - UAN,65.0,22.53324
21:45,San Diego,31.0,38.446606
21:45,Granja - Kr 77,3.0,22.586918
21:45,Ricaurte - NQS,33.0,22.44739
21:45,Quirigua,4.0,22.594799
21:45,Suba - Calle 100,30.0,22.677584
21:45,Calle 75 - Zona M,2.0,13.83341
21:45,AV. Boyacá,23.0,19.786592
21:45,Calle 40 Sur,7.0,22.677977
21:45,AV. Américas - AV. Boyacá,21.0,22.44731
21:45,Marsella,8.0,22.372606
21:45,Niza - Calle 127,10.0,26.794703
21:45,La Campiña,7.0,22.71011
21:45,Transversal 86,2.0,9.938141
21:45,Corferias,24.0,22.524946
21:45,Guatoque - Veraguas,6.0,19.97386
21:45,CDS - Carrera 32,2.0,38.446568
21:45,Ciudad Universitaria - Lotería de Bogotá,13.0,21.667747
21:45,Universidad Nacional,12.0,22.474436
21:45,Avenida Rojas - UNISALESIANA,14.0,10.349901
21:45,Tercer Milenio,2.0,22.503937
21:45,Concejo de Bogotá,3.0,22.50068
21:45,NQS - Calle 38A S,1.0,21.559116
21:45,7 de Agosto,21.0,22.588223
21:45,AV. 68,40.0,17.355604
21:45,Distrito Grafiti,16.0,22.464981
21:45,Polo - FINCOMERCIO,11.0,22.533953
21:45,Tygua - San José,2.0,22.523022
21:45,Quinta Paredes,8.0,38.445805
21:45,Salitre - El Greco,30.0,22.497816
21:45,Zona Industrial,7.0,38.446594
21:45,León XIII,2.0,38.44442
21:45,Paloquemao,47.0,38.435177
21:45,Carrera 90,1.0,38.446518
21:45,Gobernación,3.0,38.44565
21:45,Terreros - Hospital Cardio Vascular,3.0,33.129223
21:45,Escuela Militar,1.0,38.44608
21:45,Mandalay,7.0,18.6318
21:45,AV. Cali,10.0,9.791706
21:45,Suba - TV. 91,5.0,22.498314
21:45,Ricaurte - CL 13,7.0,22.597042
21:45,Restrepo,1.0,7.9093537
21:45,Prado,16.0,26.289703
21:45,Terminal,11.0,14.352838
21:45,Virrey,46.0,24.540255
21:45,Toberin - Foundever,30.0,14.668154
21:45,Pepe Sierra,38.0,22.323639
21:45,Calle 100 - Marketmedios,46.0,21.305265
21:45,Calle 142,2.0,19.546799
21:45,Portal Norte – Unicervantes,20.0,26.576572
21:45,Calle 187,8.0,31.826344
21:45,Alcalá – Colegio S. Tomás Dominicos,12.0,9.721218
21:45,Calle 146,5.0,23.196959
21:45,Calle 127,55.0,23.667946
21:45,Héroes,74.0,22.325653
21:45,Calle 161,1.0,38.44638
21:45,Calle 106 - Maletas Explora,16.0,23.620617
21:45,Mazurén,4.0,10.122199
21:45,Calle 45 - American School Way,4.0,38.446625
21:45,Carrera 53,5.0,16.289629
21:45,La Castellana,13.0,22.730469
21:45,AV. 1 Mayo,26.0,38.440872
21:45,De La Sabana,1.0,9.469458
21:45,La Despensa,2.0,8.665551
21:45,Calle 72,0.0,22.501259
21:45,Centro Memoria,11.0,19.677576
21:45,Carrera 43 - Comapan,4.0,38.4464
21:45,Consuelo,2.0,9.836467
21:45,AV. Jiménez - Caracas,5.0,20.910658
21:45,Comuneros,1.0,38.44424
21:45,El Tiempo – Cámara de Comercio de Bogotá,34.0,9.713503
21:45,Biblioteca Tintal,3.0,9.710154
21:45,Ciudad Jardín - UAN,4.0,4.9335938
21:45,Bicentenario,1.0,9.780546
21:45,Temporal Calle 57,81.0,10.341013
21:45,Biblioteca,2.0,22.019117
21:45,AV. ElDorado,21.0,10.59033
21:45,Calle 26,9.0,15.954781
21:45,Alquería,6.0,22.046692
21:45,Bosa,7.0,5.7947216
21:45,CAD,27.0,38.446484
21:45,Banderas,1.0,14.642487
21:45,Calle 19,1.0,38.446163
21:45,AV. Jiménez - CL 13,0.0,9.479448
21:45,Movistar Arena,35.0,18.657309
21:45,AV. 39,110.0,32.085026
21:45,Calle 76 - San Felipe,8.0,33.88533
21:45,Calle 63,0.0,10.869953
21:45,Calle 85,6.0,37.20802
21:45,NQS - Calle 30 S,1.0,22.168652
21:45,Country Sur,7.0,1.781364
21:45,Carrera 47,16.0,17.630623
21:45,Portal 80,1.0,9.619723
21:45,Olaya,1.0,22.215378
21:45,Molinos,1.0,22.477024
21:45,Nariño,7.0,22.266542
21:45,Gratamira,1.0,22.520899
21:45,Pradera - Plaza Central,37.0,22.468264
21:45,Las Nieves,19.0,11.187012
21:45,Modelia,13.0,9.816429
21:45,Portal El Dorado – C.C. Nuestro Bogotá,17.0,21.787643
21:45,Flores – Areandina,51.0,22.43988
21:45,Museo del Oro,18.0,38.445847
21:45,General Santander,1.0,9.18012
21:45,Portal 20 de Julio,1.0,5.7316995
21:45,Humedal Córdoba,5.0,22.694613
21:45,Parque,1.0,22.428873
21:45,Policarpa,3.0,9.320702
21:45,Museo Nacional,45.0,22.496086
21:45,Hospital,3.0,22.258575
21:45,Normandía,9.0,22.505627
21:45,Perdomo,6.0,11.938337
21:45,Hortúa,3.0,8.808538
21:45,Portal Usme,12.0,7.8355074
21:45,Ferias,8.0,23.504759
21:45,Temporal Marly,0.0,22.456324
21:45,Patio Bonito,0.0,8.343202
21:45,Portal Tunal,7.0,8.067614
21:45,Fucha,17.0,10.907284
21:45,Minuto de Dios,187.0,12.257248
21:45,Portal Américas,3.0,9.724674
21:45,Las Aguas - Centro Colombo Americano,76.0,38.445637
21:45,Portal Suba,1.0,9.85689
21:45,Suba - AV. Boyacá,10.0,9.43161
21:45,Santa Lucía,4.0,22.072954
21:45,San Martín,2.0,23.379177
21:45,Universidades – CityU,1.0,18.460238
21:45,Santa Isabel,1.0,38.43712
21:45,Suba - Calle 95,38.0,30.682644
21:45,Puente Aranda,4.0,38.44362
21:45,Quiroga,2.0,9.186943
21:45,Puentelargo,11.0,20.991987
21:45,San Victorino,107.0,23.016874
21:45,CC Paseo Villa del Río - Madelena,2.0,7.5879483
21:45,San Mateo - CC Unisur,3.0,7.8702326
21:45,Sevillana,2.0,15.707008
21:45,Rionegro,5.0,23.409218
21:45,Suba - Calle 116,28.0,28.256657
21:45,San Bernardo,6.0,8.890709
21:45,SENA,0.0,22.048567
21:45,San Facon Carrera 22,2.0,15.777212
21:45,Socorro,1.0,9.320852
21:45,21 Ángeles,1.0,20.214935
21:45,Temporal Calle 34,43.0,13.320137
21:45,Venecia,14.0,9.304461
21:45,Danubio,0.0,10.830422
21:45,Portal Sur - JFK Coop. Financiera,6.0,22.45644
21:45,Temporal Calle 22,25.0,38.424587
22:00,AV. Chile,10.0,10.628462
22:00,CAN,11.0,22.70843
22:00,Campín - UAN,20.0,22.35949
22:00,San Diego,44.0,23.168625
22:00,Granja - Kr 77,1.0,38.446323
22:00,Ricaurte - NQS,76.0,22.496565
22:00,Quirigua,4.0,9.509202
22:00,Suba - Calle 100,16.0,13.7654
22:00,Calle 75 - Zona M,11.0,10.336459
22:00,AV. Boyacá,46.0,38.447292
22:00,Calle 40 Sur,2.0,9.344604
22:00,AV. Américas - AV. Boyacá,4.0,9.402847
22:00,Marsella,2.0,7.4651356
22:00,Niza - Calle 127,7.0,13.885267
22:00,La Campiña,2.0,38.443863
22:00,Transversal 86,1.0,8.589207
22:00,Corferias,3.0,22.720797
22:00,Guatoque - Veraguas,5.0,7.985147
22:00,CDS - Carrera 32,4.0,20.52342
22:00,Ciudad Universitaria - Lotería de Bogotá,1.0,22.501846
22:00,Universidad Nacional,10.0,9.471203
22:00,Avenida Rojas - UNISALESIANA,5.0,10.21934
22:00,Tercer Milenio,1.0,9.869721
22:00,Concejo de Bogotá,1.0,22.501007
22:00,NQS - Calle 38A S,31.0,8.914324
22:00,7 de Agosto,32.0,21.351667
22:00,AV. 68,39.0,24.272066
22:00,Distrito Grafiti,12.0,22.322721
22:00,Polo - FINCOMERCIO,12.0,21.17111
22:00,Tygua - San José,4.0,22.486612
22:00,Quinta Paredes,1.0,22.241966
22:00,Salitre - El Greco,18.0,38.446583
22:00,Zona Industrial,1.0,23.146713
22:00,León XIII,4.0,12.293293
22:00,Paloquemao,100.0,21.836578
22:00,Carrera 90,6.0,23.064249
22:00,Gobernación,3.0,22.392685
22:00,Terreros - Hospital Cardio Vascular,1.0,9.388271
22:00,Escuela Militar,5.0,22.583666
22:00,Mandalay,2.0,10.83717
22:00,AV. Cali,12.0,38.444912
22:00,Suba - TV. 91,2.0,8.850189
22:00,Ricaurte - CL 13,12.0,22.492462
22:00,Restrepo,3.0,7.8826475
22:00,Prado,37.0,30.77095
22:00,Terminal,4.0,16.021502
22:00,Virrey,17.0,23.572075
22:00,Toberin - Foundever,7.0,12.042702
22:00,Pepe Sierra,48.0,15.442093
22:00,Calle 100 - Marketmedios,26.0,25.304352
22:00,Calle 142,11.0,38.448673
22:00,Portal Norte – Unicervantes,10.0,22.259064
22:00,Calle 187,15.0,21.109636
22:00,Alcalá – Colegio S. Tomás Dominicos,2.0,38.44585
22:00,Calle 146,7.0,21.674372
22:00,Calle 127,40.0,38.446655
22:00,Héroes,70.0,20.600874
22:00,Calle 161,3.0,22.871119
22:00,Calle 106 - Maletas Explora,12.0,23.287125
22:00,Mazurén,5.0,10.668409
22:00,Calle 45 - American School Way,20.0,26.111313
22:00,Carrera 53,26.0,11.973776
22:00,La Castellana,4.0,20.60562
22:00,AV. 1 Mayo,3.0,22.21174
22:00,De La Sabana,1.0,38.445545
22:00,La Despensa,1.0,6.016985
22:00,Calle 72,0.0,22.041124
22:00,Centro Memoria,12.0,22.495306
22:00,Carrera 43 - Comapan,2.0,21.458973
22:00,Consuelo,4.0,16.42109
22:00,AV. Jiménez - Caracas,18.0,22.30798
22:00,Comuneros,2.0,9.927672
22:00,El Tiempo – Cámara de Comercio de Bogotá,18.0,21.086172
22:00,Biblioteca Tintal,3.0,16.449379
22:00,Ciudad Jardín - UAN,2.0,6.0398536
22:00,Bicentenario,2.0,22.498657
22:00,Temporal Calle 57,50.0,22.486862
22:00,Biblioteca,1.0,15.39773
22:00,AV. ElDorado,28.0,22.457342
22:00,Calle 26,2.0,21.632624
22:00,Alquería,2.0,7.097673
22:00,Bosa,4.0,7.118561
22:00,CAD,71.0,22.500696
22:00,Banderas,5.0,12.249619
22:00,Calle 19,4.0,22.038153
22:00,AV. Jiménez - CL 13,0.0,22.4626
22:00,Movistar Arena,121.0,22.501175
22:00,AV. 39,28.0,37.54707
22:00,Calle 76 - San Felipe,18.0,22.503365
22:00,Calle 63,0.0,22.523533
22:00,Calle 85,44.0,22.970612
22:00,NQS - Calle 30 S,3.0,7.6945176
22:00,Country Sur,1.0,5.0214205
22:00,Carrera 47,7.0,16.168558
22:00,Portal 80,2.0,7.777631
22:00,Olaya,4.0,21.558641
22:00,Molinos,1.0,9.099655
22:00,Nariño,5.0,9.378334
22:00,Gratamira,1.0,38.446407
22:00,Pradera - Plaza Central,9.0,9.702789
22:00,Las Nieves,1.0,22.48664
22:00,Modelia,8.0,22.438997
22:00,Portal El Dorado – C.C. Nuestro Bogotá,12.0,8.944667
22:00,Flores – Areandina,36.0,22.42198
22:00,Museo del Oro,7.0,22.47705
22:00,General Santander,2.0,38.436596
22:00,Portal 20 de Julio,1.0,22.044413
22:00,Humedal Córdoba,3.0,38.446163
22:00,Parque,10.0,9.266567
22:00,Policarpa,5.0,8.87533
22:00,Museo Nacional,17.0,22.497047
22:00,Hospital,1.0,9.195279
22:00,Normandía,6.0,38.446205
22:00,Perdomo,2.0,6.746664
22:00,Hortúa,2.0,38.344418
22:00,Portal Usme,5.0,11.530777
22:00,Ferias,6.0,38.446247
22:00,Temporal Marly,0.0,38.44621
22:00,Patio Bonito,0.0,3.9547634
22:00,Portal Tunal,1.0,7.5348673
22:00,Fucha,2.0,38.446625
22:00,Minuto de Dios,185.0,38.43947
22:00,Portal Américas,4.0,38.44535
22:00,Las Aguas - Centro Colombo Americano,41.0,38.44655
22:00,Portal Suba,2.0,38.446114
22:00,Suba - AV. Boyacá,8.0,38.319973
22:00,Santa Lucía,1.0,38.40444
22:00,San Martín,1.0,38.446495
22:00,Universidades – CityU,113.0,22.498404
22:00,Santa Isabel,5.0,21.917347
22:00,Suba - Calle 95,17.0,19.060398
22:00,Puente Aranda,6.0,22.400015
22:00,Quiroga,2.0,22.101385
22:00,Puentelargo,14.0,38.45074
22:00,San Victorino,52.0,22.481981
22:00,CC Paseo Villa del Río - Madelena,12.0,19.50485
22:00,San Mateo - CC Unisur,8.0,1.9754701
22:00,Sevillana,4.0,22.316008
22:00,Rionegro,7.0,9.895953
22:00,Suba - Calle 116,20.0,10.852913
22:00,San Bernardo,4.0,3.4597898
22:00,SENA,0.0,9.108
22:00,San Facon Carrera 22,9.0,22.079489
22:00,Socorro,1.0,22.051432
22:00,21 Ángeles,2.0,9.395322
22:00,Temporal Calle 34,28.0,22.44294
22:00,Venecia,5.0,4.4802413
22:00,Danubio,0.0,9.351746
22:00,Portal Sur - JFK Coop. Financiera,2.0,9.213524
22:00,Temporal Calle 22,14.0,22.347225
22:15,AV. Chile,6.0,20.631632
22:15,CAN,2.0,10.194276
22:15,Campín - UAN,21.0,38.444775
22:15,San Diego,1.0,27.516693
22:15,Granja - Kr 77,1.0,38.445736
22:15,Ricaurte - NQS,58.0,18.971918
22:15,Quirigua,1.0,19.405653
22:15,Suba - Calle 100,17.0,22.33459
22:15,Calle 75 - Zona M,3.0,9.133663
22:15,AV. Boyacá,96.0,38.45492
22:15,Calle 40 Sur,1.0,22.48739
22:15,AV. Américas - AV. Boyacá,7.0,16.112295
22:15,Marsella,9.0,6.829205
22:15,Niza - Calle 127,15.0,10.427023
22:15,La Campiña,3.0,38.44572
22:15,Transversal 86,1.0,6.709362
22:15,Corferias,7.0,24.213903
22:15,Guatoque - Veraguas,6.0,4.0189667
22:15,CDS - Carrera 32,1.0,22.386585
22:15,Ciudad Universitaria - Lotería de Bogotá,6.0,9.465788
22:15,Universidad Nacional,7.0,5.198353
22:15,Avenida Rojas - UNISALESIANA,9.0,22.216537
22:15,Tercer Milenio,1.0,18.180864
22:15,Concejo de Bogotá,3.0,10.762592
22:15,NQS - Calle 38A S,14.0,4.4544764
22:15,7 de Agosto,41.0,14.260441
22:15,AV. 68,27.0,10.989214
22:15,Distrito Grafiti,6.0,9.575287
22:15,Polo - FINCOMERCIO,13.0,11.737382
22:15,Tygua - San José,2.0,9.619909
22:15,Quinta Paredes,5.0,22.373234
22:15,Salitre - El Greco,28.0,38.44648
22:15,Zona Industrial,9.0,22.475735
22:15,León XIII,5.0,21.83061
22:15,Paloquemao,46.0,22.387897
22:15,Carrera 90,8.0,22.453083
22:15,Gobernación,4.0,22.40405
22:15,Terreros - Hospital Cardio Vascular,2.0,18.847134
22:15,Escuela Militar,4.0,22.466808
22:15,Mandalay,2.0,8.307545
22:15,AV. Cali,3.0,38.439796
22:15,Suba - TV. 91,1.0,8.452406
22:15,Ricaurte - CL 13,13.0,17.654926
22:15,Restrepo,1.0,7.244318
22:15,Prado,15.0,18.648932
22:15,Terminal,4.0,14.793626
22:15,Virrey,13.0,18.1909
22:15,Toberin - Foundever,24.0,12.455381
22:15,Pepe Sierra,55.0,15.404804
22:15,Calle 100 - Marketmedios,14.0,15.844929
22:15,Calle 142,14.0,38.448727
22:15,Portal Norte – Unicervantes,13.0,20.992598
22:15,Calle 187,5.0,19.74789
22:15,Alcalá – Colegio S. Tomás Dominicos,17.0,38.44485
22:15,Calle 146,4.0,15.771141
22:15,Calle 127,23.0,38.446556
22:15,Héroes,60.0,11.403252
22:15,Calle 161,1.0,22.445778
22:15,Calle 106 - Maletas Explora,9.0,23.991816
22:15,Mazurén,9.0,11.285249
22:15,Calle 45 - American School Way,3.0,22.532537
22:15,Carrera 53,13.0,9.555326
22:15,La Castellana,1.0,20.338867
22:15,AV. 1 Mayo,6.0,22.245382
22:15,De La Sabana,2.0,38.43763
22:15,La Despensa,1.0,4.2781305
22:15,Calle 72,0.0,9.725327
22:15,Centro Memoria,4.0,11.3448515
22:15,Carrera 43 - Comapan,9.0,28.830965
22:15,Consuelo,1.0,7.853001
22:15,AV. Jiménez - Caracas,3.0,12.833616
22:15,Comuneros,4.0,22.306202
22:15,El Tiempo – Cámara de Comercio de Bogotá,15.0,22.379635
22:15,Biblioteca Tintal,1.0,9.113752
22:15,Ciudad Jardín - UAN,2.0,3.592648
22:15,Bicentenario,1.0,9.593074
22:15,Temporal Calle 57,45.0,9.533674
22:15,Biblioteca,3.0,9.723166
22:15,AV. ElDorado,7.0,22.436413
22:15,Calle 26,3.0,22.495129
22:15,Alquería,4.0,8.88818
22:15,Bosa,5.0,8.251427
22:15,CAD,10.0,36.403576
22:15,Banderas,4.0,22.356068
22:15,Calle 19,1.0,38.391617
22:15,AV. Jiménez - CL 13,0.0,22.609259
22:15,Movistar Arena,108.0,22.482378
22:15,AV. 39,21.0,38.19449
22:15,Calle 76 - San Felipe,10.0,10.723752
22:15,Calle 63,0.0,22.547077
22:15,Calle 85,2.0,23.858242
22:15,NQS - Calle 30 S,2.0,22.380604
22:15,Country Sur,2.0,2.0944757
22:15,Carrera 47,4.0,22.653852
22:15,Portal 80,3.0,10.568532
22:15,Olaya,4.0,7.9441886
22:15,Molinos,5.0,6.0059357
22:15,Nariño,4.0,21.949335
22:15,Gratamira,1.0,38.444603
22:15,Pradera - Plaza Central,2.0,21.353628
22:15,Las Nieves,32.0,22.465986
22:15,Modelia,12.0,9.6327095
22:15,Portal El Dorado – C.C. Nuestro Bogotá,5.0,7.480791
22:15,Flores – Areandina,34.0,9.687566
22:15,Museo del Oro,8.0,22.289928
22:15,General Santander,7.0,38.420048
22:15,Portal 20 de Julio,1.0,8.346157
22:15,Humedal Córdoba,1.0,38.445183
22:15,Parque,1.0,4.850874
22:15,Policarpa,2.0,8.110817
22:15,Museo Nacional,15.0,10.8625765
22:15,Hospital,2.0,5.8988614
22:15,Normandía,13.0,38.442974
22:15,Perdomo,1.0,3.1372528
22:15,Hortúa,7.0,38.05394
22:15,Portal Usme,5.0,5.199114
22:15,Ferias,2.0,38.445908
22:15,Temporal Marly,0.0,38.4457
22:15,Patio Bonito,0.0,5.2841024
22:15,Portal Tunal,2.0,3.9449015
22:15,Fucha,9.0,38.444454
22:15,Minuto de Dios,11.0,38.41426
22:15,Portal Américas,1.0,38.439995
22:15,Las Aguas - Centro Colombo Americano,20.0,38.44658
22:15,Portal Suba,7.0,38.443203
22:15,Suba - AV. Boyacá,3.0,38.047794
22:15,Santa Lucía,2.0,38.307156
22:15,San Martín,2.0,38.446716
22:15,Universidades – CityU,27.0,22.410011
22:15,Santa Isabel,2.0,22.455597
22:15,Suba - Calle 95,8.0,22.506617
22:15,Puente Aranda,7.0,22.25804
22:15,Quiroga,1.0,8.744863
22:15,Puentelargo,6.0,38.448185
22:15,San Victorino,4.0,22.489388
22:15,CC Paseo Villa del Río - Madelena,3.0,7.9512186
22:15,San Mateo - CC Unisur,3.0,4.8777046
22:15,Sevillana,3.0,9.059214
22:15,Rionegro,2.0,22.495548
22:15,Suba - Calle 116,18.0,12.519823
22:15,San Bernardo,3.0,21.854553
22:15,SENA,0.0,10.261166
22:15,San Facon Carrera 22,1.0,9.450328
22:15,Socorro,1.0,22.375729
22:15,21 Ángeles,8.0,22.041023
22:15,Temporal Calle 34,32.0,22.407345
22:15,Venecia,7.0,4.5559735
22:15,Danubio,0.0,20.98254
22:15,Portal Sur - JFK Coop. Financiera,5.0,21.654093
22:15,Temporal Calle 22,6.0,22.539217
22:30,AV. Chile,3.0,9.2380495
22:30,CAN,5.0,9.123762
22:30,Campín - UAN,257.0,31.686653
22:30,San Diego,14.0,10.255036
22:30,Granja - Kr 77,5.0,9.954946
22:30,Ricaurte - NQS,8.0,8.936369
22:30,Quirigua,4.0,22.297565
22:30,Suba - Calle 100,10.0,9.42672
22:30,Calle 75 - Zona M,9.0,21.906305
22:30,AV. Boyacá,17.0,21.912365
22:30,Calle 40 Sur,2.0,22.327074
22:30,AV. Américas - AV. Boyacá,5.0,22.197586
22:30,Marsella,10.0,19.92279
22:30,Niza - Calle 127,28.0,22.266619
22:30,La Campiña,4.0,21.949461
22:30,Transversal 86,1.0,7.32443
22:30,Corferias,8.0,22.504549
22:30,Guatoque - Veraguas,4.0,5.694249
22:30,CDS - Carrera 32,3.0,9.639092
22:30,Ciudad Universitaria - Lotería de Bogotá,1.0,8.628064
22:30,Universidad Nacional,15.0,6.888508
22:30,Avenida Rojas - UNISALESIANA,10.0,22.3329
22:30,Tercer Milenio,3.0,9.323877
22:30,Concejo de Bogotá,1.0,9.638754
22:30,NQS - Calle 38A S,14.0,6.680868
22:30,7 de Agosto,16.0,9.4880295
22:30,AV. 68,30.0,9.37479
22:30,Distrito Grafiti,5.0,7.7921224
22:30,Polo - FINCOMERCIO,5.0,9.683914
22:30,Tygua - San José,1.0,8.667843
22:30,Quinta Paredes,1.0,9.582439
22:30,Salitre - El Greco,3.0,22.148697
22:30,Zona Industrial,1.0,11.580857
22:30,León XIII,1.0,8.688528
22:30,Paloquemao,35.0,8.874097
22:30,Carrera 90,3.0,10.007383
22:30,Gobernación,2.0,9.612125
22:30,Terreros - Hospital Cardio Vascular,4.0,7.967067
22:30,Escuela Militar,1.0,9.698372
22:30,Mandalay,2.0,7.167268
22:30,AV. Cali,3.0,11.712973
22:30,Suba - TV. 91,2.0,7.201462
22:30,Ricaurte - CL 13,11.0,9.598433
22:30,Restrepo,13.0,4.6979136
22:30,Prado,4.0,22.370785
22:30,Terminal,2.0,13.819107
22:30,Virrey,1.0,10.074624
22:30,Toberin - Foundever,6.0,9.562766
22:30,Pepe Sierra,7.0,9.099194
22:30,Calle 100 - Marketmedios,3.0,22.168953
22:30,Calle 142,2.0,10.7751045
22:30,Portal Norte – Unicervantes,3.0,10.127517
22:30,Calle 187,20.0,20.032686
22:30,Alcalá – Colegio S. Tomás Dominicos,2.0,10.826041
22:30,Calle 146,1.0,22.450089
22:30,Calle 127,28.0,11.593962
22:30,Héroes,44.0,9.192226
22:30,Calle 161,3.0,10.718842
22:30,Calle 106 - Maletas Explora,6.0,9.855919
22:30,Mazurén,3.0,22.188206
22:30,Calle 45 - American School Way,11.0,10.163542
22:30,Carrera 53,3.0,8.73991
22:30,La Castellana,2.0,9.726272
22:30,AV. 1 Mayo,3.0,9.270456
22:30,De La Sabana,1.0,10.120788
22:30,La Despensa,1.0,3.847651
22:30,Calle 72,0.0,8.305097
22:30,Centro Memoria,5.0,8.508123
22:30,Carrera 43 - Comapan,6.0,22.44615
22:30,Consuelo,2.0,7.0557485
22:30,AV. Jiménez - Caracas,5.0,7.208423
22:30,Comuneros,2.0,9.326979
22:30,El Tiempo – Cámara de Comercio de Bogotá,6.0,22.140985
22:30,Biblioteca Tintal,2.0,7.002636
22:30,Ciudad Jardín - UAN,1.0,3.4448237
22:30,Bicentenario,1.0,7.9869685
22:30,Temporal Calle 57,18.0,7.2935987
22:30,Biblioteca,1.0,8.388206
22:30,AV. ElDorado,6.0,22.103153
22:30,Calle 26,8.0,22.37665
22:30,Alquería,15.0,2.7387347
22:30,Bosa,5.0,2.4179654
22:30,CAD,3.0,22.357893
22:30,Banderas,2.0,22.047785
22:30,Calle 19,5.0,22.39433
22:30,AV. Jiménez - CL 13,0.0,22.250877
22:30,Movistar Arena,35.0,22.09863
22:30,AV. 39,8.0,22.480627
22:30,Calle 76 - San Felipe,41.0,9.077024
22:30,Calle 63,0.0,22.412607
22:30,Calle 85,4.0,22.48567
22:30,NQS - Calle 30 S,6.0,21.981794
22:30,Country Sur,1.0,2.5983963
22:30,Carrera 47,1.0,22.481049
22:30,Portal 80,1.0,7.894576
22:30,Olaya,1.0,3.280137
22:30,Molinos,4.0,6.9895854
22:30,Nariño,3.0,8.493235
22:30,Gratamira,1.0,14.09638
22:30,Pradera - Plaza Central,7.0,9.324231
22:30,Las Nieves,17.0,9.072935
22:30,Modelia,1.0,21.665014
22:30,Portal El Dorado – C.C. Nuestro Bogotá,28.0,5.3444033
22:30,Flores – Areandina,18.0,7.2087336
22:30,Museo del Oro,6.0,9.244858
22:30,General Santander,4.0,9.763538
22:30,Portal 20 de Julio,3.0,2.4653244
22:30,Humedal Córdoba,4.0,9.849556
22:30,Parque,1.0,6.273323
22:30,Policarpa,1.0,3.1737022
22:30,Museo Nacional,1.0,7.7496924
22:30,Hospital,1.0,6.208795
22:30,Normandía,4.0,21.535877
22:30,Perdomo,7.0,5.2589774
22:30,Hortúa,2.0,9.6075
22:30,Portal Usme,3.0,3.6732583
22:30,Ferias,2.0,22.293879
22:30,Temporal Marly,0.0,9.959274
22:30,Patio Bonito,0.0,3.318057
22:30,Portal Tunal,1.0,5.55003
22:30,Fucha,10.0,9.8530655
22:30,Minuto de Dios,17.0,22.065128
22:30,Portal Américas,2.0,9.892136
22:30,Las Aguas - Centro Colombo Americano,9.0,10.212622
22:30,Portal Suba,7.0,10.229509
22:30,Suba - AV. Boyacá,10.0,10.058414
22:30,Santa Lucía,3.0,9.591446
22:30,San Martín,3.0,9.980011
22:30,Universidades – CityU,15.0,8.982693
22:30,Santa Isabel,3.0,8.607307
22:30,Suba - Calle 95,1.0,9.796674
22:30,Puente Aranda,1.0,9.048504
22:30,Quiroga,1.0,1.7593966
22:30,Puentelargo,4.0,10.276602
22:30,San Victorino,2.0,9.553074
22:30,CC Paseo Villa del Río - Madelena,14.0,0.6723218
22:30,San Mateo - CC Unisur,2.0,2.58813
22:30,Sevillana,1.0,4.4565787
22:30,Rionegro,3.0,9.840619
22:30,Suba - Calle 116,18.0,22.263218
22:30,San Bernardo,4.0,7.7439437
22:30,SENA,0.0,5.0122957
22:30,San Facon Carrera 22,2.0,3.5642467
22:30,Socorro,2.0,7.4763093
22:30,21 Ángeles,2.0,21.843586
22:30,Temporal Calle 34,2.0,8.756191
22:30,Venecia,10.0,4.817525
22:30,Danubio,0.0,8.474549
22:30,Portal Sur - JFK Coop. Financiera,3.0,8.8775425
22:30,Temporal Calle 22,6.0,9.65068
22:45,AV. Chile,4.0,38.446644
22:45,CAN,3.0,38.44694
22:45,Campín - UAN,1.0,38.446648
22:45,San Diego,16.0,38.429043
22:45,Granja - Kr 77,1.0,38.446438
22:45,Ricaurte - NQS,2.0,38.446617
22:45,Quirigua,2.0,8.356029
22:45,Suba - Calle 100,4.0,5.5262284
22:45,Calle 75 - Zona M,10.0,8.976751
22:45,AV. Boyacá,7.0,8.591743
22:45,Calle 40 Sur,1.0,38.446613
22:45,AV. Américas - AV. Boyacá,4.0,6.869201
22:45,Marsella,3.0,8.70957
22:45,Niza - Calle 127,3.0,9.019089
22:45,La Campiña,1.0,9.025325
22:45,Transversal 86,1.0,6.2834263
22:45,Corferias,6.0,38.446655
22:45,Guatoque - Veraguas,1.0,4.1076307
22:45,CDS - Carrera 32,1.0,38.446674
22:45,Ciudad Universitaria - Lotería de Bogotá,2.0,5.1081815
22:45,Universidad Nacional,10.0,5.412708
22:45,Avenida Rojas - UNISALESIANA,1.0,8.993062
22:45,Tercer Milenio,2.0,5.4762726
22:45,Concejo de Bogotá,1.0,6.683464
22:45,NQS - Calle 38A S,14.0,4.6087117
22:45,7 de Agosto,26.0,8.255032
22:45,AV. 68,4.0,38.447372
22:45,Distrito Grafiti,6.0,6.4011774
22:45,Polo - FINCOMERCIO,6.0,7.653195
22:45,Tygua - San José,1.0,5.469183
22:45,Quinta Paredes,1.0,8.323908
22:45,Salitre - El Greco,10.0,38.446598
22:45,Zona Industrial,3.0,38.446644
22:45,León XIII,2.0,5.8958
22:45,Paloquemao,25.0,5.1298165
22:45,Carrera 90,3.0,8.453524
22:45,Gobernación,2.0,7.449006
22:45,Terreros - Hospital Cardio Vascular,2.0,4.080802
22:45,Escuela Militar,1.0,7.079607
22:45,Mandalay,1.0,4.737257
22:45,AV. Cali,4.0,2.655087
22:45,Suba - TV. 91,1.0,3.1601214
22:45,Ricaurte - CL 13,7.0,5.0495305
22:45,Restrepo,1.0,5.1919265
22:45,Prado,5.0,9.438868
22:45,Terminal,5.0,9.07762
22:45,Virrey,6.0,4.637662
22:45,Toberin - Foundever,5.0,5.8104186
22:45,Pepe Sierra,8.0,4.0732484
22:45,Calle 100 - Marketmedios,6.0,8.716522
22:45,Calle 142,1.0,4.862194
22:45,Portal Norte – Unicervantes,3.0,8.7408905
22:45,Calle 187,7.0,9.366071
22:45,Alcalá – Colegio S. Tomás Dominicos,2.0,5.803249
22:45,Calle 146,1.0,9.258532
22:45,Calle 127,2.0,9.092816
22:45,Héroes,32.0,38.446575
22:45,Calle 161,1.0,9.493877
22:45,Calle 106 - Maletas Explora,3.0,7.6763616
22:45,Mazurén,1.0,8.82938
22:45,Calle 45 - American School Way,4.0,8.91973
22:45,Carrera 53,2.0,7.1797047
22:45,La Castellana,4.0,7.3219895
22:45,AV. 1 Mayo,1.0,7.3502364
22:45,De La Sabana,3.0,3.6152458
22:45,La Despensa,1.0,4.890245
22:45,Calle 72,0.0,7.7977242
22:45,Centro Memoria,1.0,2.530727
22:45,Carrera 43 - Comapan,2.0,9.339839
22:45,Consuelo,1.0,2.6557803
22:45,AV. Jiménez - Caracas,1.0,2.271748
22:45,Comuneros,13.0,5.61545
22:45,El Tiempo – Cámara de Comercio de Bogotá,7.0,8.882538
22:45,Biblioteca Tintal,1.0,5.2783413
22:45,Ciudad Jardín - UAN,1.0,3.057805
22:45,Bicentenario,1.0,4.1888437
22:45,Temporal Calle 57,15.0,38.446518
22:45,Biblioteca,1.0,3.2882614
22:45,AV. ElDorado,13.0,8.223408
22:45,Calle 26,5.0,8.260681
22:45,Alquería,1.0,3.4287553
22:45,Bosa,1.0,2.5594215
22:45,CAD,3.0,9.394285
22:45,Banderas,4.0,8.736247
22:45,Calle 19,4.0,9.61718
22:45,AV. Jiménez - CL 13,0.0,8.986282
22:45,Movistar Arena,251.0,38.446617
22:45,AV. 39,7.0,9.472923
22:45,Calle 76 - San Felipe,14.0,7.766445
22:45,Calle 63,0.0,9.49745
22:45,Calle 85,2.0,9.650429
22:45,NQS - Calle 30 S,1.0,9.100096
22:45,Country Sur,6.0,2.8817172
22:45,Carrera 47,1.0,9.366159
22:45,Portal 80,6.0,6.497758
22:45,Olaya,1.0,4.0651994
22:45,Molinos,1.0,4.471442
22:45,Nariño,5.0,4.745839
22:45,Gratamira,1.0,5.762567
22:45,Pradera - Plaza Central,4.0,6.442994
22:45,Las Nieves,1.0,5.1191964
22:45,Modelia,4.0,7.912177
22:45,Portal El Dorado – C.C. Nuestro Bogotá,18.0,4.8545656
22:45,Flores – Areandina,4.0,6.698701
22:45,Museo del Oro,2.0,5.3034854
22:45,General Santander,5.0,5.225457
22:45,Portal 20 de Julio,1.0,3.0227509
22:45,Humedal Córdoba,1.0,6.5202055
22:45,Parque,4.0,5.192066
22:45,Policarpa,1.0,4.1294937
22:45,Museo Nacional,5.0,4.029801
22:45,Hospital,1.0,3.198073
22:45,Normandía,2.0,8.907019
22:45,Perdomo,2.0,4.560235
22:45,Hortúa,1.0,1.5217953
22:45,Portal Usme,1.0,2.7864418
22:45,Ferias,1.0,8.544563
22:45,Temporal Marly,0.0,5.089482
22:45,Patio Bonito,0.0,4.9217815
22:45,Portal Tunal,1.0,7.682756
22:45,Fucha,1.0,4.119468
22:45,Minuto de Dios,10.0,7.8981404
22:45,Portal Américas,3.0,5.257387
22:45,Las Aguas - Centro Colombo Americano,13.0,6.8654017
22:45,Portal Suba,1.0,3.769268
22:45,Suba - AV. Boyacá,1.0,2.123639
22:45,Santa Lucía,1.0,5.357845
22:45,San Martín,1.0,8.560345
22:45,Universidades – CityU,7.0,4.6587086
22:45,Santa Isabel,1.0,4.4478436
22:45,Suba - Calle 95,8.0,6.641907
22:45,Puente Aranda,1.0,6.276185
22:45,Quiroga,2.0,4.8297114
22:45,Puentelargo,4.0,6.392962
22:45,San Victorino,6.0,3.617436
22:45,CC Paseo Villa del Río - Madelena,2.0,4.0021253
22:45,San Mateo - CC Unisur,1.0,4.201014
22:45,Sevillana,3.0,4.20094
22:45,Rionegro,4.0,6.772543
22:45,Suba - Calle 116,4.0,8.243092
22:45,San Bernardo,1.0,2.3066502
22:45,SENA,0.0,2.2421932
22:45,San Facon Carrera 22,1.0,5.765338
22:45,Socorro,1.0,3.8869562
22:45,21 Ángeles,1.0,7.215995
22:45,Temporal Calle 34,2.0,3.5904188
22:45,Venecia,5.0,3.0259104
22:45,Danubio,0.0,38.446682
22:45,Portal Sur - JFK Coop. Financiera,1.0,5.1591744
22:45,Temporal Calle 22,8.0,5.573294
23:00,AV. Chile,1.0,9.922398
23:00,CAN,2.0,9.905288
23:00,Campín - UAN,1.0,38.446617
23:00,San Diego,1.0,10.086891
23:00,Granja - Kr 77,3.0,9.38132
23:00,Ricaurte - NQS,2.0,9.6974125
23:00,Quirigua,1.0,2.7987566
23:00,Suba - Calle 100,4.0,4.146935
23:00,Calle 75 - Zona M,1.0,2.4275756
23:00,AV. Boyacá,2.0,2.1399136
23:00,Calle 40 Sur,1.0,9.416252
23:00,AV. Américas - AV. Boyacá,1.0,3.2117047
23:00,Marsella,1.0,3.2455463
23:00,Niza - Calle 127,4.0,2.0050735
23:00,La Campiña,1.0,3.4870229
23:00,Transversal 86,1.0,2.8051758
23:00,Corferias,6.0,38.446594
23:00,Guatoque - Veraguas,1.0,3.7699842
23:00,CDS - Carrera 32,1.0,9.546066
23:00,Ciudad Universitaria - Lotería de Bogotá,1.0,4.294522
23:00,Universidad Nacional,10.0,1.8407321
23:00,Avenida Rojas - UNISALESIANA,1.0,38.367794
23:00,Tercer Milenio,1.0,3.190515
23:00,Concejo de Bogotá,1.0,6.1720695
23:00,NQS - Calle 38A S,2.0,3.7013803
23:00,7 de Agosto,7.0,4.683652
23:00,AV. 68,1.0,9.461213
23:00,Distrito Grafiti,2.0,4.417421
23:00,Polo - FINCOMERCIO,1.0,5.7599006
23:00,Tygua - San José,2.0,5.2515664
23:00,Quinta Paredes,1.0,5.3804216
23:00,Salitre - El Greco,4.0,38.446373
23:00,Zona Industrial,1.0,9.794554
23:00,León XIII,1.0,4.0025697
23:00,Paloquemao,5.0,4.9832654
23:00,Carrera 90,2.0,6.1772976
23:00,Gobernación,2.0,5.5570087
23:00,Terreros - Hospital Cardio Vascular,1.0,2.929668
23:00,Escuela Militar,1.0,5.701542
23:00,Mandalay,1.0,3.3324714
23:00,AV. Cali,2.0,3.1591067
23:00,Suba - TV. 91,2.0,4.4667926
23:00,Ricaurte - CL 13,1.0,4.809287
23:00,Restrepo,3.0,1.6733074
23:00,Prado,3.0,2.4928374
23:00,Terminal,1.0,2.4561577
23:00,Virrey,7.0,4.1607947
23:00,Toberin - Foundever,1.0,2.8360896
23:00,Pepe Sierra,5.0,5.262215
23:00,Calle 100 - Marketmedios,3.0,2.8453856
23:00,Calle 142,1.0,2.7995338
23:00,Portal Norte – Unicervantes,1.0,4.465547
23:00,Calle 187,1.0,5.76301
23:00,Alcalá – Colegio S. Tomás Dominicos,1.0,1.7984443
23:00,Calle 146,1.0,4.3287654
23:00,Calle 127,2.0,4.627339
23:00,Héroes,8.0,9.470501
23:00,Calle 161,1.0,4.5269785
23:00,Calle 106 - Maletas Explora,2.0,6.4013033
23:00,Mazurén,1.0,2.5948725
23:00,Calle 45 - American School Way,13.0,5.9981294
23:00,Carrera 53,2.0,2.3834834
23:00,La Castellana,3.0,5.6024346
23:00,AV. 1 Mayo,1.0,4.876761
23:00,De La Sabana,11.0,3.5661516
23:00,La Despensa,1.0,1.973125
23:00,Calle 72,0.0,4.68484
23:00,Centro Memoria,1.0,5.1010065
23:00,Carrera 43 - Comapan,1.0,38.446434
23:00,Consuelo,1.0,3.460545
23:00,AV. Jiménez - Caracas,1.0,4.1633162
23:00,Comuneros,3.0,3.9755893
23:00,El Tiempo – Cámara de Comercio de Bogotá,3.0,38.446346
23:00,Biblioteca Tintal,1.0,2.6945434
23:00,Ciudad Jardín - UAN,1.0,1.7945008
23:00,Bicentenario,1.0,4.194312
23:00,Temporal Calle 57,5.0,9.239155
23:00,Biblioteca,1.0,3.5308747
23:00,AV. ElDorado,4.0,38.44636
23:00,Calle 26,2.0,38.44642
23:00,Alquería,2.0,3.881864
23:00,Bosa,1.0,2.541109
23:00,CAD,2.0,38.446617
23:00,Banderas,4.0,38.44656
23:00,Calle 19,1.0,38.446636
23:00,AV. Jiménez - CL 13,0.0,38.446655
23:00,Movistar Arena,1.0,38.43839
23:00,AV. 39,3.0,38.446606
23:00,Calle 76 - San Felipe,13.0,5.1845345
23:00,Calle 63,0.0,38.44659
23:00,Calle 85,6.0,38.446606
23:00,NQS - Calle 30 S,1.0,38.446526
23:00,Country Sur,2.0,-0.39042044
23:00,Carrera 47,1.0,38.446358
23:00,Portal 80,1.0,3.1268325
23:00,Olaya,1.0,3.2545938
23:00,Molinos,2.0,2.2126107
23:00,Nariño,3.0,2.5359855
23:00,Gratamira,1.0,4.5145707
23:00,Pradera - Plaza Central,1.0,3.9728837
23:00,Las Nieves,3.0,5.0125985
23:00,Modelia,1.0,2.58811
23:00,Portal El Dorado – C.C. Nuestro Bogotá,1.0,4.1208577
23:00,Flores – Areandina,5.0,4.8327875
23:00,Museo del Oro,2.0,3.892786
23:00,General Santander,3.0,3.203349
23:00,Portal 20 de Julio,2.0,2.9984365
23:00,Humedal Córdoba,1.0,3.6779342
23:00,Parque,3.0,2.3111248
23:00,Policarpa,1.0,3.6966314
23:00,Museo Nacional,1.0,3.5013208
23:00,Hospital,3.0,2.5643878
23:00,Normandía,1.0,38.36829
23:00,Perdomo,1.0,0.8381491
23:00,Hortúa,1.0,3.8811994
23:00,Portal Usme,1.0,2.8373146
23:00,Ferias,1.0,3.3393912
23:00,Temporal Marly,0.0,3.6645632
23:00,Patio Bonito,0.0,0.83017063
23:00,Portal Tunal,1.0,1.0358005
23:00,Fucha,2.0,3.1382222
23:00,Minuto de Dios,4.0,1.8647518
23:00,Portal Américas,2.0,2.5016694
23:00,Las Aguas - Centro Colombo Americano,1.0,4.9067116
23:00,Portal Suba,1.0,3.3735533
23:00,Suba - AV. Boyacá,1.0,3.125535
23:00,Santa Lucía,1.0,4.2150235
23:00,San Martín,1.0,5.9308352
23:00,Universidades – CityU,1.0,4.0346904
23:00,Santa Isabel,2.0,4.734914
23:00,Suba - Calle 95,1.0,4.2116323
23:00,Puente Aranda,1.0,4.1709414
23:00,Quiroga,1.0,2.2879725
23:00,Puentelargo,1.0,4.7661257
23:00,San Victorino,4.0,3.247077
23:00,CC Paseo Villa del Río - Madelena,1.0,1.7957463
23:00,San Mateo - CC Unisur,2.0,0.39167213
23:00,Sevillana,1.0,2.663231
23:00,Rionegro,1.0,2.2258286
23:00,Suba - Calle 116,4.0,1.8851128
23:00,San Bernardo,1.0,2.779686
23:00,SENA,0.0,3.4765716
23:00,San Facon Carrera 22,2.0,2.4902964
23:00,Socorro,1.0,2.1191754
23:00,21 Ángeles,1.0,2.9619365
23:00,Temporal Calle 34,4.0,3.3715048
23:00,Venecia,1.0,2.9155288
23:00,Danubio,0.0,5.409674
23:00,Portal Sur - JFK Coop. Financiera,2.0,5.5502553
23:00,Temporal Calle 22,8.0,4.2734427
23:15,AV. Chile,1.0,0.53618336
23:15,CAN,1.0,0.64237976
23:15,Campín - UAN,1.0,0.6392245
23:15,San Diego,1.0,0.6008916
23:15,Granja - Kr 77,1.0,0.27949667
23:15,Ricaurte - NQS,3.0,0.61238384
23:15,Quirigua,1.0,2.585218
23:15,Suba - Calle 100,1.0,2.3829966
23:15,Calle 75 - Zona M,1.0,2.7982907
23:15,AV. Boyacá,1.0,2.7591043
23:15,Calle 40 Sur,1.0,0.080290794
23:15,AV. Américas - AV. Boyacá,1.0,2.3346534
23:15,Marsella,1.0,2.004983
23:15,Niza - Calle 127,1.0,2.7835102
23:15,La Campiña,1.0,2.328981
23:15,Transversal 86,1.0,2.3282475
23:15,Corferias,1.0,9.019445
23:15,Guatoque - Veraguas,1.0,2.1042905
23:15,CDS - Carrera 32,1.0,0.24244642
23:15,Ciudad Universitaria - Lotería de Bogotá,2.0,2.7510424
23:15,Universidad Nacional,3.0,2.868475
23:15,Avenida Rojas - UNISALESIANA,1.0,8.302483
23:15,Tercer Milenio,1.0,2.474763
23:15,Concejo de Bogotá,1.0,2.4706678
23:15,NQS - Calle 38A S,4.0,2.0675259
23:15,7 de Agosto,1.0,2.045652
23:15,AV. 68,1.0,0.21222925
23:15,Distrito Grafiti,1.0,2.610577
23:15,Polo - FINCOMERCIO,1.0,2.492474
23:15,Tygua - San José,1.0,1.9859571
23:15,Quinta Paredes,1.0,2.9848175
23:15,Salitre - El Greco,1.0,5.8224545
23:15,Zona Industrial,1.0,1.0694451
23:15,León XIII,1.0,1.5923948
23:15,Paloquemao,1.0,2.2395954
23:15,Carrera 90,1.0,1.9213471
23:15,Gobernación,2.0,2.1344771
23:15,Terreros - Hospital Cardio Vascular,1.0,2.5131564
23:15,Escuela Militar,1.0,2.2912846
23:15,Mandalay,1.0,1.756403
23:15,AV. Cali,1.0,2.448594
23:15,Suba - TV. 91,1.0,1.1009216
23:15,Ricaurte - CL 13,3.0,2.428875
23:15,Restrepo,1.0,3.3721886
23:15,Prado,1.0,2.7612696
23:15,Terminal,1.0,2.497717
23:15,Virrey,2.0,2.6909742
23:15,Toberin - Foundever,2.0,2.27812
23:15,Pepe Sierra,3.0,2.6725435
23:15,Calle 100 - Marketmedios,1.0,2.4629092
23:15,Calle 142,1.0,2.722013
23:15,Portal Norte – Unicervantes,1.0,1.384347
23:15,Calle 187,1.0,1.3574042
23:15,Alcalá – Colegio S. Tomás Dominicos,1.0,2.6980376
23:15,Calle 146,0.0,1.6923761
23:15,Calle 127,2.0,2.5289965
23:15,Héroes,13.0,1.4389315
23:15,Calle 161,1.0,1.7911596
23:15,Calle 106 - Maletas Explora,1.0,2.3031383
23:15,Mazurén,1.0,2.7787395
23:15,Calle 45 - American School Way,2.0,3.0340528
23:15,Carrera 53,3.0,3.4670281
23:15,La Castellana,3.0,2.7424006
23:15,AV. 1 Mayo,2.0,3.1249537
23:15,De La Sabana,3.0,2.6595259
23:15,La Despensa,1.0,0.87736034
23:15,Calle 72,0.0,2.8302455
23:15,Centro Memoria,1.0,2.8414469
23:15,Carrera 43 - Comapan,1.0,8.543162
23:15,Consuelo,1.0,2.4330482
23:15,AV. Jiménez - Caracas,2.0,2.7780066
23:15,Comuneros,1.0,2.1742773
23:15,El Tiempo – Cámara de Comercio de Bogotá,1.0,8.894249
23:15,Biblioteca Tintal,1.0,2.3752065
23:15,Ciudad Jardín - UAN,1.0,0.5739093
23:15,Bicentenario,1.0,2.54035
23:15,Temporal Calle 57,2.0,0.22899294
23:15,Biblioteca,1.0,2.7093582
23:15,AV. ElDorado,1.0,8.959625
23:15,Calle 26,3.0,8.616985
23:15,Alquería,1.0,0.9352269
23:15,Bosa,1.0,0.42424536
23:15,CAD,3.0,8.6920395
23:15,Banderas,1.0,6.41676
23:15,Calle 19,1.0,7.114235
23:15,AV. Jiménez - CL 13,0.0,8.90163
23:15,Movistar Arena,4.0,7.1879826
23:15,AV. 39,1.0,9.140717
23:15,Calle 76 - San Felipe,6.0,2.3119974
23:15,Calle 63,0.0,9.180553
23:15,Calle 85,56.0,9.269663
23:15,NQS - Calle 30 S,1.0,8.752302
23:15,Country Sur,1.0,0.26640368
23:15,Carrera 47,2.0,9.118502
23:15,Portal 80,1.0,3.1035862
23:15,Olaya,2.0,2.2007713
23:15,Molinos,2.0,2.5453615
23:15,Nariño,1.0,2.5319843
23:15,Gratamira,1.0,2.0418835
23:15,Pradera - Plaza Central,1.0,2.7257042
23:15,Las Nieves,1.0,1.6725469
23:15,Modelia,2.0,2.294303
23:15,Portal El Dorado – C.C. Nuestro Bogotá,2.0,2.0247946
23:15,Flores – Areandina,3.0,3.5547662
23:15,Museo del Oro,1.0,2.9053435
23:15,General Santander,1.0,2.4542975
23:15,Portal 20 de Julio,1.0,1.2079515
23:15,Humedal Córdoba,1.0,2.4918976
23:15,Parque,2.0,2.871962
23:15,Policarpa,1.0,1.4136405
23:15,Museo Nacional,1.0,2.2713494
23:15,Hospital,1.0,2.8553967
23:15,Normandía,1.0,8.460189
23:15,Perdomo,1.0,0.59772587
23:15,Hortúa,1.0,2.0164752
23:15,Portal Usme,1.0,2.1500387
23:15,Ferias,1.0,2.1687002
23:15,Temporal Marly,0.0,2.9519925
23:15,Patio Bonito,0.0,0.47822952
23:15,Portal Tunal,3.0,1.4491658
23:15,Fucha,1.0,3.1149383
23:15,Minuto de Dios,1.0,2.7937217
23:15,Portal Américas,3.0,2.5001574
23:15,Las Aguas - Centro Colombo Americano,1.0,2.3932738
23:15,Portal Suba,5.0,1.7567039
23:15,Suba - AV. Boyacá,1.0,1.9294758
23:15,Santa Lucía,1.0,2.148634
23:15,San Martín,1.0,1.979589
23:15,Universidades – CityU,4.0,2.6155672
23:15,Santa Isabel,1.0,1.9927778
23:15,Suba - Calle 95,2.0,3.3017426
23:15,Puente Aranda,1.0,2.2265096
23:15,Quiroga,1.0,0.5548606
23:15,Puentelargo,1.0,2.1756902
23:15,San Victorino,8.0,2.5706358
23:15,CC Paseo Villa del Río - Madelena,1.0,-0.70012903
23:15,San Mateo - CC Unisur,1.0,0.3641963
23:15,Sevillana,2.0,2.441907
23:15,Rionegro,2.0,3.1575685
23:15,Suba - Calle 116,3.0,2.2996016
23:15,San Bernardo,1.0,2.3397522
23:15,SENA,0.0,2.5191755
23:15,San Facon Carrera 22,1.0,3.0688968
23:15,Socorro,1.0,2.5853786
23:15,21 Ángeles,2.0,1.995399
23:15,Temporal Calle 34,1.0,2.2880979
23:15,Venecia,1.0,2.2775993
23:15,Danubio,0.0,0.18203545
23:15,Portal Sur - JFK Coop. Financiera,1.0,1.9881654
23:15,Temporal Calle 22,5.0,2.4066916
23:30,AV. Chile,1.0,2.95966
23:30,CAN,1.0,6.630866
23:30,Campín - UAN,15.0,-0.2619605
23:30,San Diego,1.0,3.1573434
23:30,Granja - Kr 77,1.0,2.8244362
23:30,Ricaurte - NQS,2.0,2.874641
23:30,Quirigua,1.0,2.4410157
23:30,Suba - Calle 100,2.0,2.4974856
23:30,Calle 75 - Zona M,1.0,2.3515854
23:30,AV. Boyacá,1.0,2.2833424
23:30,Calle 40 Sur,1.0,3.2405748
23:30,AV. Américas - AV. Boyacá,1.0,1.7721376
23:30,Marsella,1.0,2.5801725
23:30,Niza - Calle 127,1.0,2.3535366
23:30,La Campiña,1.0,2.44878
23:30,Transversal 86,1.0,2.4291182
23:30,Corferias,1.0,0.4656434
23:30,Guatoque - Veraguas,1.0,2.3341203
23:30,CDS - Carrera 32,1.0,2.9043164
23:30,Ciudad Universitaria - Lotería de Bogotá,1.0,1.873272
23:30,Universidad Nacional,1.0,2.1561346
23:30,Avenida Rojas - UNISALESIANA,1.0,0.2807932
23:30,Tercer Milenio,2.0,2.5127192
23:30,Concejo de Bogotá,1.0,2.383409
23:30,NQS - Calle 38A S,1.0,2.2680926
23:30,7 de Agosto,1.0,6.9541626
23:30,AV. 68,3.0,2.9678407
23:30,Distrito Grafiti,4.0,2.3562222
23:30,Polo - FINCOMERCIO,1.0,6.9968348
23:30,Tygua - San José,1.0,2.6633654
23:30,Quinta Paredes,2.0,6.5334287
23:30,Salitre - El Greco,1.0,0.39409304
23:30,Zona Industrial,1.0,3.1684175
23:30,León XIII,1.0,3.0939713
23:30,Paloquemao,4.0,2.5308595
23:30,Carrera 90,1.0,2.8217826
23:30,Gobernación,0.0,2.464766
23:30,Terreros - Hospital Cardio Vascular,1.0,2.5739598
23:30,Escuela Militar,1.0,6.944751
23:30,Mandalay,1.0,0.8888483
23:30,AV. Cali,1.0,1.518992
23:30,Suba - TV. 91,1.0,0.4810133
23:30,Ricaurte - CL 13,1.0,2.2126336
23:30,Restrepo,1.0,2.0973
23:30,Prado,1.0,2.311471
23:30,Terminal,1.0,2.0849915
23:30,Virrey,1.0,6.88211
23:30,Toberin - Foundever,1.0,2.2426724
23:30,Pepe Sierra,1.0,2.7920141
23:30,Calle 100 - Marketmedios,2.0,2.5260386
23:30,Calle 142,1.0,2.2322254
23:30,Portal Norte – Unicervantes,1.0,3.2699413
23:30,Calle 187,1.0,2.5665956
23:30,Alcalá – Colegio S. Tomás Dominicos,1.0,2.0659537
23:30,Calle 146,0.0,3.218936
23:30,Calle 127,2.0,2.6814485
23:30,Héroes,7.0,6.785073
23:30,Calle 161,1.0,3.7461748
23:30,Calle 106 - Maletas Explora,1.0,2.9319582
23:30,Mazurén,1.0,2.3424191
23:30,Calle 45 - American School Way,1.0,3.107542
23:30,Carrera 53,1.0,2.4370155
23:30,La Castellana,0.0,5.6320343
23:30,AV. 1 Mayo,1.0,2.5561233
23:30,De La Sabana,1.0,1.7312121
23:30,La Despensa,1.0,0.013643265
23:30,Calle 72,0.0,2.5316267
23:30,Centro Memoria,1.0,0.41579294
23:30,Carrera 43 - Comapan,1.0,0.7974019
23:30,Consuelo,1.0,1.7552633
23:30,AV. Jiménez - Caracas,1.0,0.74821424
23:30,Comuneros,1.0,2.4476357
23:30,El Tiempo – Cámara de Comercio de Bogotá,2.0,0.33430815
23:30,Biblioteca Tintal,1.0,2.223333
23:30,Ciudad Jardín - UAN,1.0,0.030097485
23:30,Bicentenario,1.0,1.7699437
23:30,Temporal Calle 57,2.0,6.7992344
23:30,Biblioteca,1.0,1.8877649
23:30,AV. ElDorado,2.0,0.21122217
23:30,Calle 26,0.0,0.3123994
23:30,Alquería,1.0,1.028027
23:30,Bosa,1.0,0.61427736
23:30,CAD,1.0,-0.016634464
23:30,Banderas,1.0,0.48611593
23:30,Calle 19,1.0,0.51961374
23:30,AV. Jiménez - CL 13,0.0,0.78138494
23:30,Movistar Arena,305.0,5.157253
23:30,AV. 39,1.0,5.956103
23:30,Calle 76 - San Felipe,1.0,7.492269
23:30,Calle 63,0.0,5.628929
23:30,Calle 85,3.0,5.06751
23:30,NQS - Calle 30 S,1.0,3.4319158
23:30,Country Sur,1.0,-0.05401373
23:30,Carrera 47,1.0,5.0568743
23:30,Portal 80,1.0,2.7721887
23:30,Olaya,1.0,0.5859451
23:30,Molinos,2.0,1.7070394
23:30,Nariño,1.0,2.4181237
23:30,Gratamira,1.0,2.509282
23:30,Pradera - Plaza Central,1.0,2.6349297
23:30,Las Nieves,3.0,2.9148355
23:30,Modelia,1.0,2.3025231
23:30,Portal El Dorado – C.C. Nuestro Bogotá,1.0,6.5876346
23:30,Flores – Areandina,3.0,6.899272
23:30,Museo del Oro,2.0,2.2365255
23:30,General Santander,1.0,2.4817662
23:30,Portal 20 de Julio,1.0,0.39782
23:30,Humedal Córdoba,1.0,6.195985
23:30,Parque,1.0,1.8473134
23:30,Policarpa,1.0,0.73863125
23:30,Museo Nacional,5.0,2.0687099
23:30,Hospital,1.0,1.8281641
23:30,Normandía,1.0,0.343194
23:30,Perdomo,1.0,0.6797743
23:30,Hortúa,1.0,1.2713213
23:30,Portal Usme,2.0,1.2648048
23:30,Ferias,1.0,2.5678563
23:30,Temporal Marly,0.0,2.0971327
23:30,Patio Bonito,0.0,0.80356216
23:30,Portal Tunal,4.0,1.1410627
23:30,Fucha,1.0,1.8293881
23:30,Minuto de Dios,1.0,2.2805796
23:30,Portal Américas,5.0,1.547502
23:30,Las Aguas - Centro Colombo Americano,1.0,2.843697
23:30,Portal Suba,4.0,1.2712479
23:30,Suba - AV. Boyacá,1.0,1.7981114
23:30,Santa Lucía,1.0,3.0249338
23:30,San Martín,1.0,6.851061
23:30,Universidades – CityU,0.0,1.8808002
23:30,Santa Isabel,1.0,2.4685392
23:30,Suba - Calle 95,2.0,2.4305878
23:30,Puente Aranda,1.0,2.55724
23:30,Quiroga,1.0,0.2653165
23:30,Puentelargo,1.0,2.136362
23:30,San Victorino,1.0,1.9589863
23:30,CC Paseo Villa del Río - Madelena,1.0,-0.47856092
23:30,San Mateo - CC Unisur,1.0,0.30160475
23:30,Sevillana,1.0,1.3948088
23:30,Rionegro,3.0,6.700442
23:30,Suba - Calle 116,4.0,2.2929292
23:30,San Bernardo,1.0,1.4295325
23:30,SENA,0.0,0.08634615
23:30,San Facon Carrera 22,3.0,1.9532337
23:30,Socorro,1.0,1.7772126
23:30,21 Ángeles,1.0,1.818088
23:30,Temporal Calle 34,1.0,2.2407198
23:30,Venecia,1.0,0.24672031
23:30,Danubio,0.0,2.7160945
23:30,Portal Sur - JFK Coop. Financiera,1.0,2.7581034
23:30,Temporal Calle 22,1.0,2.1618114
23:45,AV. Chile,1.0,2.2240334
23:45,CAN,1.0,1.4117637
23:45,Campín - UAN,87.0,38.447445
23:45,San Diego,3.0,2.292439
23:45,Granja - Kr 77,1.0,1.8599229
23:45,Ricaurte - NQS,1.0,2.2334886
23:45,Quirigua,0.0,0.65062284
23:45,Suba - Calle 100,1.0,1.5678053
23:45,Calle 75 - Zona M,1.0,0.39537573
23:45,AV. Boyacá,1.0,0.47010565
23:45,Calle 40 Sur,1.0,1.0613942
23:45,AV. Américas - AV. Boyacá,1.0,0.5182538
23:45,Marsella,1.0,1.8152161
23:45,Niza - Calle 127,2.0,0.25617266
23:45,La Campiña,3.0,1.1848202
23:45,Transversal 86,2.0,1.1581931
23:45,Corferias,1.0,38.44903
23:45,Guatoque - Veraguas,0.0,2.3974714
23:45,CDS - Carrera 32,2.0,3.0953507
23:45,Ciudad Universitaria - Lotería de Bogotá,1.0,0.5110812
23:45,Universidad Nacional,2.0,0.008507729
23:45,Avenida Rojas - UNISALESIANA,1.0,38.42554
23:45,Tercer Milenio,1.0,0.83455133
23:45,Concejo de Bogotá,1.0,2.1543984
23:45,NQS - Calle 38A S,1.0,2.505746
23:45,7 de Agosto,10.0,0.7963934
23:45,AV. 68,1.0,3.101746
23:45,Distrito Grafiti,1.0,2.1949482
23:45,Polo - FINCOMERCIO,4.0,0.860806
23:45,Tygua - San José,1.0,2.2252984
23:45,Quinta Paredes,1.0,0.9353266
23:45,Salitre - El Greco,1.0,38.44921
23:45,Zona Industrial,1.0,2.9528341
23:45,León XIII,1.0,2.3864603
23:45,Paloquemao,1.0,2.0262914
23:45,Carrera 90,2.0,2.2699628
23:45,Gobernación,0.0,2.2541037
23:45,Terreros - Hospital Cardio Vascular,0.0,2.1625867
23:45,Escuela Militar,1.0,0.66159105
23:45,Mandalay,1.0,1.4823675
23:45,AV. Cali,1.0,0.17161083
23:45,Suba - TV. 91,1.0,0.5005698
23:45,Ricaurte - CL 13,1.0,2.3877268
23:45,Restrepo,1.0,0.25637484
23:45,Prado,1.0,1.3664045
23:45,Terminal,0.0,1.360496
23:45,Virrey,1.0,0.6205077
23:45,Toberin - Foundever,1.0,0.92580605
23:45,Pepe Sierra,1.0,1.9611812
23:45,Calle 100 - Marketmedios,1.0,0.26819563
23:45,Calle 142,2.0,0.29251862
23:45,Portal Norte – Unicervantes,1.0,1.9005136
23:45,Calle 187,1.0,2.1440287
23:45,Alcalá – Colegio S. Tomás Dominicos,1.0,0.19564438
23:45,Calle 146,1.0,1.9461284
23:45,Calle 127,3.0,2.158422
23:45,Héroes,1.0,1.3275871
23:45,Calle 161,1.0,2.3710537
23:45,Calle 106 - Maletas Explora,1.0,2.1813755
23:45,Mazurén,1.0,1.6104407
23:45,Calle 45 - American School Way,4.0,2.3877416
23:45,Carrera 53,1.0,0.5047989
23:45,La Castellana,0.0,1.1725907
23:45,AV. 1 Mayo,3.0,2.3076015
23:45,De La Sabana,1.0,0.21715021
23:45,La Despensa,0.0,0.37874222
23:45,Calle 72,0.0,1.0546718
23:45,Centro Memoria,1.0,0.37475252
23:45,Carrera 43 - Comapan,1.0,38.449093
23:45,Consuelo,1.0,0.24101353
23:45,AV. Jiménez - Caracas,1.0,0.13951969
23:45,Comuneros,1.0,2.415883
23:45,El Tiempo – Cámara de Comercio de Bogotá,1.0,38.448647
23:45,Biblioteca Tintal,1.0,0.18707943
23:45,Ciudad Jardín - UAN,1.0,-0.1826253
23:45,Bicentenario,1.0,0.81371593
23:45,Temporal Calle 57,1.0,0.90667486
23:45,Biblioteca,1.0,0.5668006
23:45,AV. ElDorado,2.0,38.44883
23:45,Calle 26,0.0,38.44922
23:45,Alquería,1.0,0.19684172
23:45,Bosa,1.0,0.84408426
23:45,CAD,1.0,38.44815
23:45,Banderas,1.0,38.447445
23:45,Calle 19,0.0,38.44969
23:45,AV. Jiménez - CL 13,0.0,38.44858
23:45,Movistar Arena,335.0,38.44989
23:45,AV. 39,1.0,38.449436
23:45,Calle 76 - San Felipe,2.0,0.39237165
23:45,Calle 63,0.0,38.449585
23:45,Calle 85,1.0,38.44993
23:45,NQS - Calle 30 S,1.0,38.448257
23:45,Country Sur,1.0,0.36290455
23:45,Carrera 47,2.0,38.44929
23:45,Portal 80,1.0,1.1933537
23:45,Olaya,1.0,0.08991957
23:45,Molinos,1.0,0.057466507
23:45,Nariño,1.0,1.3047228
23:45,Gratamira,1.0,1.8539953
23:45,Pradera - Plaza Central,1.0,1.918797
23:45,Las Nieves,1.0,0.7607746
23:45,Modelia,0.0,1.5143752
23:45,Portal El Dorado – C.C. Nuestro Bogotá,1.0,0.77542734
23:45,Flores – Areandina,1.0,0.87337494
23:45,Museo del Oro,2.0,2.730719
23:45,General Santander,3.0,1.6292648
23:45,Portal 20 de Julio,1.0,1.5971313
23:45,Humedal Córdoba,1.0,1.027029
23:45,Parque,1.0,1.5455303
23:45,Policarpa,1.0,0.90492535
23:45,Museo Nacional,0.0,0.97660494
23:45,Hospital,1.0,0.772964
23:45,Normandía,1.0,38.423912
23:45,Perdomo,1.0,1.9232192
23:45,Hortúa,1.0,-0.10053301
23:45,Portal Usme,1.0,0.045470715
23:45,Ferias,1.0,2.1302967
23:45,Temporal Marly,0.0,0.40932226
23:45,Patio Bonito,0.0,0.99945974
23:45,Portal Tunal,1.0,1.5052247
23:45,Fucha,1.0,0.089540005
23:45,Minuto de Dios,1.0,0.117344856
23:45,Portal Américas,1.0,-0.050775528
23:45,Las Aguas - Centro Colombo Americano,10.0,2.483152
23:45,Portal Suba,1.0,0.07703829
23:45,Suba - AV. Boyacá,1.0,0.15902567
23:45,Santa Lucía,2.0,2.1442494
23:45,San Martín,1.0,0.8980861
23:45,Universidades – CityU,0.0,1.4257545
23:45,Santa Isabel,1.0,2.3766623
23:45,Suba - Calle 95,1.0,0.7185755
23:45,Puente Aranda,1.0,2.6146164
23:45,Quiroga,1.0,0.5194378
23:45,Puentelargo,1.0,2.339676
23:45,San Victorino,2.0,0.5579033
23:45,CC Paseo Villa del Río - Madelena,1.0,0.28888226
23:45,San Mateo - CC Unisur,2.0,1.7144966
23:45,Sevillana,1.0,0.29309225
23:45,Rionegro,2.0,0.98169184
23:45,Suba - Calle 116,2.0,1.0040207
23:45,San Bernardo,1.0,-0.160357
23:45,SENA,0.0,0.3176942
23:45,San Facon Carrera 22,4.0,0.45269203
23:45,Socorro,1.0,0.97383165
23:45,21 Ángeles,1.0,1.3166738
23:45,Temporal Calle 34,1.0,0.58471584
23:45,Venecia,1.0,0.6688924
23:45,Danubio,0.0,2.2544065
23:45,Portal Sur - JFK Coop. Financiera,1.0,2.1144948
23:45,Temporal Calle 22,2.0,0.8266983
