{"type": "FeatureCollection", "features": [{"type": "Feature", "properties": {"ruta": "1-1"}, "geometry": {"type": "LineString", "coordinates": [[-74.112607, 4.7051136], [-74.1121231, 4.704845], [-74.1123121, 4.7044943], [-74.1126924, 4.7047014], [-74.1130103, 4.7048747], [-74.1133846, 4.7050782], [-74.1137598, 4.7052825], [-74.1141131, 4.7054748], [-74.1144576, 4.7056623], [-74.114786, 4.7058411], [-74.1151185, 4.7060221], [-74.1154368, 4.7061954], [-74.1157756, 4.7063798], [-74.1162977, 4.7053973], [-74.1165751, 4.7050586], [-74.117705, 4.7060376], [-74.1177742, 4.7059586], [-74.1179036, 4.7058111], [-74.1179729, 4.7057321], [-74.1180094, 4.7056903], [-74.1182577, 4.7054072], [-74.1188921, 4.7059576], [-74.1189719, 4.7060224], [-74.1199039, 4.706809], [-74.1199563, 4.7067246], [-74.1208391, 4.7053046], [-74.1216051, 4.7057197], [-74.1208391, 4.7053046], [-74.1199563, 4.7067246], [-74.1193932, 4.7062535], [-74.1190296, 4.7059382], [-74.1185425, 4.7055218], [-74.1183238, 4.7053328], [-74.1182577, 4.7054072], [-74.1180094, 4.7056903], [-74.1179729, 4.7057321], [-74.1179036, 4.7058111], [-74.1177742, 4.7059586], [-74.117705, 4.7060376], [-74.1176186, 4.706136], [-74.1174824, 4.7062914], [-74.117451, 4.7063272], [-74.1169984, 4.7071058], [-74.1167089, 4.7076967], [-74.1162696, 4.7085629], [-74.1161189, 4.7088599], [-74.1159836, 4.7091267], [-74.1159252, 4.7092419], [-74.1157902, 4.7095081], [-74.115688, 4.7097096]]}}, {"type": "Feature", "properties": {"ruta": "1-10"}, "geometry": {"type": "LineString", "coordinates": [[-74.1127746, 4.7123271], [-74.1119349, 4.713179], [-74.1108102, 4.714347], [-74.1107501, 4.7144091], [-74.1095133, 4.7157022], [-74.1089685, 4.7162655], [-74.108589, 4.716658], [-74.1080124, 4.7173359], [-74.1079633, 4.717481], [-74.1085196, 4.7186349], [-74.1085682, 4.718735], [-74.1093522, 4.7199754], [-74.109436, 4.7198974], [-74.110307, 4.7189788], [-74.111554, 4.7176637], [-74.1108357, 4.7169729], [-74.1104578, 4.7166048], [-74.1095727, 4.715757]]}}, {"type": "Feature", "properties": {"ruta": "1-2"}, "geometry": {"type": "LineString", "coordinates": [[-74.1182301, 4.7136803], [-74.1200619, 4.7111365], [-74.1201385, 4.7110301], [-74.1202416, 4.7102162], [-74.1203988, 4.7100393], [-74.1205755, 4.7098405], [-74.1213354, 4.7089974], [-74.1211457, 4.7088634], [-74.120059, 4.710085], [-74.1196261, 4.7105716], [-74.1190525, 4.7112163], [-74.1175756, 4.7128765], [-74.117501, 4.7129603], [-74.1177142, 4.7140722]]}}, {"type": "Feature", "properties": {"ruta": "1-3"}, "geometry": {"type": "LineString", "coordinates": [[-74.1199614, 4.7151399], [-74.1209847, 4.7143194], [-74.1211082, 4.7142231], [-74.121368, 4.7140178], [-74.1218327, 4.7144134], [-74.1221239, 4.7142135], [-74.1223988, 4.7140247], [-74.1225149, 4.7139466], [-74.1226659, 4.7138428], [-74.1223673, 4.7134005], [-74.1226659, 4.7138428], [-74.1229823, 4.7140349], [-74.1232785, 4.7138301], [-74.1235485, 4.7136434], [-74.1238376, 4.7134436], [-74.1234194, 4.7128258], [-74.1243531, 4.7121226], [-74.1249059, 4.712705], [-74.1251613, 4.712974], [-74.1252869, 4.7130793], [-74.1255941, 4.7128835], [-74.1259218, 4.7132995], [-74.1259799, 4.7133735], [-74.1264682, 4.7128487], [-74.1266769, 4.713005], [-74.1262088, 4.7135087], [-74.1266769, 4.713005], [-74.1264682, 4.7128487], [-74.1259799, 4.7133735], [-74.1263983, 4.713909], [-74.1266266, 4.7141571], [-74.125099, 4.7152529], [-74.1236214, 4.7164124], [-74.1222454, 4.7175647], [-74.1205382, 4.7187868]]}}, {"type": "Feature", "properties": {"ruta": "1-4"}, "geometry": {"type": "LineString", "coordinates": [[-74.1202135, 4.7240635], [-74.1211149, 4.7251246], [-74.1213639, 4.7254192], [-74.1191508, 4.7270366], [-74.1190124, 4.7270319], [-74.1189763, 4.727113], [-74.1189788, 4.7271325], [-74.11903, 4.7272], [-74.1190887, 4.7272119], [-74.11917, 4.7271576], [-74.1191816, 4.7271166], [-74.1194667, 4.7269734], [-74.1214186, 4.7254838], [-74.1214722, 4.725438], [-74.1214165, 4.7253737], [-74.1213639, 4.7254192], [-74.1191508, 4.7270366], [-74.1190124, 4.7270319], [-74.1189763, 4.727113], [-74.1189788, 4.7271325], [-74.1185447, 4.7273405], [-74.1173764, 4.7281619], [-74.1163158, 4.7285607], [-74.1163063, 4.7287483], [-74.1162062, 4.7290739], [-74.116084, 4.7292669], [-74.1158544, 4.7294891], [-74.1155201, 4.7296382], [-74.1144374, 4.7293363], [-74.1155201, 4.7296382], [-74.1157722, 4.7298255], [-74.116521, 4.7311149], [-74.116882, 4.7305308], [-74.1163274, 4.7291538], [-74.1174277, 4.7282282]]}}, {"type": "Feature", "properties": {"ruta": "1-5"}, "geometry": {"type": "LineString", "coordinates": [[-74.1174089, 4.7167559], [-74.1176657, 4.7171188], [-74.1164604, 4.7187059], [-74.1171114, 4.7196799], [-74.1166552, 4.720783], [-74.1160655, 4.7211339], [-74.1149906, 4.721954], [-74.1149164, 4.7220865], [-74.1146663, 4.7222713], [-74.1135442, 4.7227592], [-74.1134916, 4.7228541], [-74.1135564, 4.7239096], [-74.1127573, 4.7241459], [-74.1131823, 4.7248312], [-74.113469, 4.7253034], [-74.112531, 4.7262778], [-74.112285, 4.7260422], [-74.1125923, 4.7251384], [-74.1131823, 4.7248312], [-74.1144192, 4.7243975], [-74.1153664, 4.7239041], [-74.1162019, 4.7244446], [-74.1162911, 4.7243743], [-74.1173413, 4.723066], [-74.1163727, 4.7216162], [-74.1171093, 4.7214736], [-74.1181267, 4.7215874], [-74.1184817, 4.7217307]]}}, {"type": "Feature", "properties": {"ruta": "1-6"}, "geometry": {"type": "LineString", "coordinates": [[-74.1149646, 4.713713], [-74.115095, 4.7134592], [-74.1151461, 4.7133377], [-74.1151945, 4.7132187], [-74.1151709, 4.7131847], [-74.1151002, 4.7132725], [-74.1150294, 4.7133621], [-74.1140832, 4.7150233], [-74.1131863, 4.716635], [-74.1131365, 4.7167241], [-74.1122636, 4.7182451], [-74.1122426, 4.7182559], [-74.1120725, 4.7181596], [-74.111554, 4.7176637], [-74.1108357, 4.7169729], [-74.1104578, 4.7166048], [-74.1095727, 4.715757], [-74.1108154, 4.7144722], [-74.1108755, 4.7144101], [-74.1119904, 4.7132317]]}}, {"type": "Feature", "properties": {"ruta": "1-7"}, "geometry": {"type": "LineString", "coordinates": [[-74.1048781, 4.7082936], [-74.104229, 4.7087242], [-74.1031558, 4.7094376], [-74.1031978, 4.7105147], [-74.1028258, 4.7109158], [-74.1024586, 4.7113119], [-74.1028335, 4.7118638], [-74.1029249, 4.7118033], [-74.1033113, 4.7121766], [-74.1059053, 4.7147014], [-74.1054722, 4.7151487], [-74.1052772, 4.7153501], [-74.1046451, 4.7160029], [-74.1040323, 4.7166358], [-74.1034016, 4.7172871], [-74.1029237, 4.7177807], [-74.1003341, 4.7152488], [-74.1001186, 4.7152812], [-74.099121, 4.7143144], [-74.099425, 4.7141137], [-74.0997194, 4.7139194], [-74.1015864, 4.712687], [-74.1028335, 4.7118638], [-74.1029249, 4.7118033], [-74.1033113, 4.7121766], [-74.1020597, 4.7134677], [-74.1014732, 4.7128926], [-74.1020597, 4.7134677], [-74.1033113, 4.7121766], [-74.1045876, 4.7108914], [-74.1044715, 4.7107784], [-74.1046788, 4.710639], [-74.1058785, 4.7098324], [-74.1055165, 4.7092956], [-74.1059315, 4.708843], [-74.1062884, 4.7084538], [-74.106663, 4.7080454], [-74.1062438, 4.7073855], [-74.105973, 4.7075655], [-74.1048781, 4.7082936], [-74.104229, 4.7087242], [-74.1031558, 4.7094376], [-74.1031978, 4.7105147], [-74.1035655, 4.7108527], [-74.1031978, 4.7105147], [-74.1028258, 4.7109158], [-74.1024586, 4.7113119], [-74.1028335, 4.7118638], [-74.1029249, 4.7118033], [-74.1044715, 4.7107784], [-74.1046788, 4.710639], [-74.1058785, 4.7098324], [-74.1055165, 4.7092956], [-74.1051073, 4.7097215]]}}, {"type": "Feature", "properties": {"ruta": "1-8"}, "geometry": {"type": "LineString", "coordinates": [[-74.1166232, 4.7150677], [-74.1160897, 4.7143327], [-74.115898, 4.7142511], [-74.1151945, 4.7132187], [-74.1151709, 4.7131847], [-74.1151002, 4.7132725], [-74.1151461, 4.7133377], [-74.1167241, 4.715601], [-74.116708, 4.7157655], [-74.1172292, 4.716502], [-74.1174089, 4.7167559], [-74.1176657, 4.7171188], [-74.1184765, 4.7182645], [-74.119817, 4.7201318], [-74.1200709, 4.7204911], [-74.1205179, 4.7211492], [-74.120825, 4.7215689], [-74.1210324, 4.7218442], [-74.1211354, 4.7217737], [-74.1212319, 4.7217119], [-74.1213215, 4.7216547], [-74.1211173, 4.7213786], [-74.1208347, 4.7209835], [-74.1201701, 4.7200762], [-74.1198189, 4.7195778], [-74.1195485, 4.7191914], [-74.1179406, 4.7169259], [-74.1176673, 4.7165547], [-74.1174646, 4.7162794], [-74.1169142, 4.7154852], [-74.1168149, 4.7153427], [-74.1167617, 4.7154632], [-74.1167241, 4.715601], [-74.1209335, 4.7214986], [-74.1211354, 4.7217737], [-74.1212319, 4.7217119], [-74.1213215, 4.7216547], [-74.1216695, 4.7214354], [-74.1219456, 4.72116], [-74.1222902, 4.7209999], [-74.1233222, 4.7224327], [-74.1233726, 4.7225008], [-74.1234732, 4.7226344], [-74.1244111, 4.723904], [-74.1244647, 4.7239769], [-74.1254239, 4.7253044], [-74.1254281, 4.7255568], [-74.1249045, 4.7258883], [-74.124775, 4.7257401], [-74.123556, 4.7242939], [-74.1217036, 4.7221252], [-74.1213215, 4.7216547], [-74.1211173, 4.7213786], [-74.1210284, 4.7214369], [-74.1209335, 4.7214986], [-74.1211354, 4.7217737], [-74.1243575, 4.7255806], [-74.124529, 4.7259526], [-74.124644, 4.7260902], [-74.1253998, 4.7275979], [-74.1255979, 4.7276832], [-74.1257204, 4.7275742], [-74.1258865, 4.7273679], [-74.1258221, 4.7269339], [-74.1249045, 4.7258883], [-74.124775, 4.7257401], [-74.1244353, 4.7254935], [-74.1236574, 4.7245736], [-74.1212319, 4.7217119], [-74.1210284, 4.7214369], [-74.1209335, 4.7214986], [-74.120825, 4.7215689], [-74.1210324, 4.7218442], [-74.1212487, 4.7221259], [-74.1231387, 4.7243021], [-74.1222248, 4.7253392], [-74.1214722, 4.725438], [-74.1214165, 4.7253737], [-74.1211149, 4.7251246], [-74.1202135, 4.7240635], [-74.1195095, 4.723268], [-74.1195289, 4.7229103], [-74.1197524, 4.7227237], [-74.1205078, 4.7222297], [-74.1207441, 4.722056], [-74.1210324, 4.7218442], [-74.1211354, 4.7217737], [-74.1212319, 4.7217119], [-74.1213215, 4.7216547], [-74.1211173, 4.7213786], [-74.1208347, 4.7209835], [-74.1201701, 4.7200762], [-74.1198189, 4.7195778], [-74.1195485, 4.7191914], [-74.1179406, 4.7169259], [-74.1176673, 4.7165547], [-74.1174646, 4.7162794], [-74.1169142, 4.7154852], [-74.1168149, 4.7153427], [-74.1166232, 4.7150677]]}}, {"type": "Feature", "properties": {"ruta": "1-9"}, "geometry": {"type": "LineString", "coordinates": [[-74.1227458, 4.7076342], [-74.1231458, 4.7067912], [-74.1232767, 4.7065153], [-74.1234142, 4.7062256], [-74.1235455, 4.7059489], [-74.123701, 4.705621], [-74.1240314, 4.7049247], [-74.1241803, 4.7046109], [-74.1244653, 4.7047448], [-74.1247419, 4.7048749], [-74.1250143, 4.7050029], [-74.1252984, 4.7051364], [-74.1255873, 4.7052723], [-74.1258477, 4.7053946], [-74.1261317, 4.7055281], [-74.1264111, 4.7056595], [-74.1267345, 4.7058115], [-74.1270355, 4.705953], [-74.1273545, 4.7061029], [-74.1272042, 4.7064235], [-74.1268773, 4.7070991], [-74.1267175, 4.7074215], [-74.1265683, 4.7077227], [-74.1264467, 4.707968], [-74.1263024, 4.7082592], [-74.1261596, 4.7085462], [-74.126023, 4.7088207], [-74.1258874, 4.7090934], [-74.1256356, 4.7095995], [-74.1255234, 4.7098096], [-74.1249863, 4.710559], [-74.1249226, 4.7106489], [-74.1264966, 4.7118198], [-74.1258648, 4.7124735], [-74.125109, 4.7119186], [-74.1246349, 4.7115705], [-74.125109, 4.7119186], [-74.1258648, 4.7124735], [-74.1255381, 4.7128106], [-74.1241087, 4.7117399], [-74.1209353, 4.7142618], [-74.1196247, 4.7153053], [-74.1193358, 4.7155376], [-74.1190367, 4.7157753]]}}, {"type": "Feature", "properties": {"ruta": "10-1"}, "geometry": {"type": "LineString", "coordinates": [[-74.1777657, 4.5991761], [-74.1787684, 4.5989485], [-74.179729, 4.5987273], [-74.1798992, 4.5990531], [-74.1799511, 4.5991523], [-74.1800465, 4.5993221], [-74.1803354, 4.5998363], [-74.1807158, 4.6005132], [-74.180288, 4.6006495], [-74.1794915, 4.6009091], [-74.1795637, 4.6010547], [-74.1792769, 4.6012419], [-74.1794311, 4.6016848], [-74.1793728, 4.6017016], [-74.1789666, 4.6018185], [-74.1788005, 4.6018663], [-74.1790837, 4.602637], [-74.1792061, 4.6029606], [-74.1793247, 4.6032894], [-74.1794405, 4.6036107], [-74.179533, 4.6038672], [-74.1795873, 4.6040177], [-74.1798053, 4.6046554], [-74.180197, 4.6057911], [-74.1803878, 4.606358], [-74.1805945, 4.6069413], [-74.1806468, 4.6070881], [-74.1809924, 4.6084594], [-74.1809007, 4.6087278], [-74.1810998, 4.6090374], [-74.1811773, 4.609068], [-74.1815277, 4.6089862], [-74.1815872, 4.608919], [-74.1819822, 4.6089244], [-74.1828302, 4.6092021], [-74.1829861, 4.6094322], [-74.1834853, 4.6101691], [-74.1840425, 4.6109481], [-74.1846367, 4.6105255], [-74.185332, 4.610032], [-74.1858694, 4.6108738], [-74.1860151, 4.6111332], [-74.1861638, 4.611398], [-74.1863024, 4.6116371], [-74.1864515, 4.6118943], [-74.186543, 4.6120521], [-74.1865714, 4.6121066], [-74.1865877, 4.6121379], [-74.1867217, 4.6123949], [-74.1868598, 4.6126629], [-74.1869816, 4.6129527], [-74.1871457, 4.6145474], [-74.1871501, 4.6146819], [-74.1871637, 4.6151021], [-74.187172, 4.6153383], [-74.1864443, 4.6156237], [-74.1865431, 4.6158437], [-74.1866152, 4.616079], [-74.1866912, 4.616338], [-74.1867591, 4.6165676], [-74.1870038, 4.6165863], [-74.1870528, 4.6167185], [-74.1871449, 4.6169675], [-74.1872656, 4.6172937], [-74.1873657, 4.6172589], [-74.1875049, 4.6176635], [-74.1876131, 4.617978], [-74.1875049, 4.6176635], [-74.1873657, 4.6172589], [-74.1872656, 4.6172937], [-74.1867062, 4.6175944], [-74.1862753, 4.6173908], [-74.1862032, 4.6171555], [-74.1861257, 4.6169028], [-74.1860701, 4.6167244], [-74.1854386, 4.6169473], [-74.1831899, 4.6132447], [-74.1830604, 4.61327], [-74.1827425, 4.6134048], [-74.1825418, 4.6129346], [-74.1823054, 4.6124086], [-74.1820911, 4.6119483], [-74.1824215, 4.6118378], [-74.1830604, 4.61327], [-74.1831899, 4.6132447], [-74.1822321, 4.6109813], [-74.181602, 4.609499], [-74.1815277, 4.6089862], [-74.1815872, 4.608919], [-74.1816354, 4.6085898], [-74.1814003, 4.6083508], [-74.1813399, 4.6083354], [-74.1808424, 4.607064], [-74.1807509, 4.6067989], [-74.180378, 4.6057122], [-74.1802278, 4.605287], [-74.1801051, 4.604937], [-74.1799766, 4.6045619], [-74.1797654, 4.6039566], [-74.1797189, 4.6038322], [-74.1794952, 4.6032333], [-74.1793593, 4.6028697], [-74.1789666, 4.6018185], [-74.1788005, 4.6018663], [-74.1790837, 4.602637], [-74.1792061, 4.6029606], [-74.1793247, 4.6032894], [-74.1794405, 4.6036107], [-74.179533, 4.6038672], [-74.1797189, 4.6038322], [-74.1794952, 4.6032333], [-74.1793593, 4.6028697], [-74.1789666, 4.6018185], [-74.1781726, 4.6000555], [-74.1780824, 4.5998542], [-74.1777657, 4.5991761], [-74.1787684, 4.5989485], [-74.1789284, 4.5995167], [-74.178735, 4.5996028], [-74.1781569, 4.5995752]]}}, {"type": "Feature", "properties": {"ruta": "10-10"}, "geometry": {"type": "LineString", "coordinates": [[-74.1713894, 4.5959744], [-74.1697823, 4.5957419], [-74.1695864, 4.5957144], [-74.1688713, 4.5956437], [-74.1689257, 4.5935891], [-74.1689917, 4.5915751], [-74.1709188, 4.5916676], [-74.1720298, 4.5918815], [-74.1725961, 4.5919484], [-74.1726532, 4.5919479], [-74.1727259, 4.5919449], [-74.1735948, 4.5919084], [-74.1739342, 4.5919039], [-74.1742338, 4.5919], [-74.174504, 4.5918966], [-74.1747743, 4.5918931], [-74.1750441, 4.5918898], [-74.1753283, 4.5918868], [-74.1753419, 4.5927519], [-74.1753405, 4.5931197], [-74.1753396, 4.5933902], [-74.1753363, 4.5936647], [-74.1753331, 4.593941], [-74.1753321, 4.5941975], [-74.1753478, 4.5946866], [-74.1756587, 4.5947577], [-74.1759194, 4.5947798], [-74.1762401, 4.5947635], [-74.1785291, 4.5945905], [-74.1785345, 4.5943274], [-74.1785724, 4.593718], [-74.1785842, 4.5935575], [-74.179491, 4.5927789], [-74.1798308, 4.5926016], [-74.1807666, 4.592281], [-74.180654, 4.5918776], [-74.1813971, 4.5916545], [-74.1813046, 4.5912969], [-74.1817119, 4.5912175], [-74.1815737, 4.5907468], [-74.1814625, 4.5900267], [-74.1814484, 4.5899299], [-74.1806755, 4.5892699], [-74.1805154, 4.5884582], [-74.1804951, 4.5884106], [-74.1806413, 4.5882632], [-74.1808393, 4.5880295], [-74.1809363, 4.5878992], [-74.180874, 4.5872529], [-74.1806252, 4.5857878], [-74.1806224, 4.585749], [-74.1805987, 4.585423], [-74.1804123, 4.5839634], [-74.1803736, 4.5837033], [-74.1802201, 4.5827853], [-74.1801872, 4.5825886], [-74.1801763, 4.5825064], [-74.1801497, 4.5823003], [-74.180114, 4.582032], [-74.1800789, 4.5817329], [-74.1800449, 4.5814274], [-74.1800197, 4.5811588], [-74.1800027, 4.5808726], [-74.1799867, 4.5805507], [-74.1799496, 4.5802925], [-74.1799194, 4.5799806], [-74.1798893, 4.5796957], [-74.179847, 4.5793963], [-74.1797693, 4.5789308], [-74.1797309, 4.5787504], [-74.1797693, 4.5789308], [-74.179847, 4.5793963], [-74.1798893, 4.5796957], [-74.1799194, 4.5799806], [-74.1799496, 4.5802925], [-74.1799867, 4.5805507], [-74.1800027, 4.5808726], [-74.1800197, 4.5811588], [-74.1800449, 4.5814274], [-74.1800789, 4.5817329], [-74.180114, 4.582032], [-74.1801497, 4.5823003], [-74.1801763, 4.5825064], [-74.1801872, 4.5825886], [-74.1802201, 4.5827853], [-74.1803736, 4.5837033], [-74.1804123, 4.5839634], [-74.180154, 4.5840367], [-74.1798681, 4.5841193], [-74.1800147, 4.5857775], [-74.1797153, 4.5857724], [-74.1794233, 4.5857675], [-74.1791256, 4.5857625], [-74.1788623, 4.5857581], [-74.1787407, 4.585756], [-74.1784637, 4.5858144], [-74.1781927, 4.5858715], [-74.1779075, 4.5859317], [-74.1780741, 4.5867989], [-74.1777888, 4.586851], [-74.1778492, 4.5871493], [-74.1779111, 4.5874552], [-74.1782636, 4.5877095], [-74.1784073, 4.5878105], [-74.1784557, 4.5878559], [-74.1789679, 4.588514], [-74.1789917, 4.5885982], [-74.1789989, 4.588804], [-74.1790268, 4.5890809], [-74.1791226, 4.5894826], [-74.1792149, 4.59016], [-74.1792389, 4.5903363], [-74.1793579, 4.5910534], [-74.1795278, 4.5916282], [-74.1795808, 4.5918072], [-74.1796874, 4.5921678], [-74.1798308, 4.5926016], [-74.179491, 4.5927789], [-74.1785842, 4.5935575], [-74.1785724, 4.593718], [-74.1785345, 4.5943274], [-74.1785291, 4.5945905], [-74.1762401, 4.5947635], [-74.176286, 4.594205], [-74.1759124, 4.5942021], [-74.1756418, 4.5942], [-74.1753321, 4.5941975], [-74.1753478, 4.5946866], [-74.1753947, 4.5965557], [-74.1746052, 4.5964438], [-74.1745333, 4.5957425], [-74.1745023, 4.5954406], [-74.1748663, 4.595503]]}}, {"type": "Feature", "properties": {"ruta": "10-11"}, "geometry": {"type": "LineString", "coordinates": [[-74.1587832, 4.5535182], [-74.1588352, 4.5533487], [-74.1588758, 4.5532163], [-74.1589138, 4.5530925], [-74.1589959, 4.5528247], [-74.1590834, 4.5525402], [-74.1591705, 4.5522849], [-74.1592588, 4.5520256], [-74.1593454, 4.5517715], [-74.1594392, 4.5514963], [-74.1595286, 4.5512339], [-74.1596193, 4.5509676], [-74.1597112, 4.5506981], [-74.1598004, 4.5504364], [-74.1599029, 4.5501866], [-74.1600058, 4.5499352], [-74.1601116, 4.5496752], [-74.1602098, 4.549435], [-74.1603119, 4.5491847], [-74.160423, 4.5489137], [-74.160529, 4.5486545], [-74.160631, 4.5484049], [-74.1607218, 4.548133], [-74.1608032, 4.5478771], [-74.1609563, 4.5476023], [-74.1610757, 4.5473888], [-74.161064, 4.546975], [-74.1629306, 4.5456688], [-74.162699, 4.5454684], [-74.1624922, 4.5453052], [-74.163129, 4.544548], [-74.1614244, 4.5455754], [-74.1616563, 4.5451928], [-74.1617986, 4.544958], [-74.1608897, 4.5442878], [-74.1609941, 4.544117], [-74.1610359, 4.5440494], [-74.1611408, 4.5438772], [-74.1612512, 4.5437101], [-74.1620618, 4.5426546], [-74.1622436, 4.5424086], [-74.1624119, 4.5421953], [-74.1625798, 4.5419901], [-74.1627498, 4.5417856], [-74.1625798, 4.5419901], [-74.1624119, 4.5421953], [-74.1622436, 4.5424086], [-74.1620618, 4.5426546], [-74.1612512, 4.5437101], [-74.1611408, 4.5438772], [-74.1610359, 4.5440494], [-74.1609941, 4.544117], [-74.1608897, 4.5442878], [-74.16085, 4.5443527], [-74.1607635, 4.5444959], [-74.1609891, 4.5446922], [-74.1611229, 4.5450099], [-74.1612324, 4.5453812], [-74.1614244, 4.5455754], [-74.163129, 4.544548], [-74.1624922, 4.5453052], [-74.162699, 4.5454684], [-74.1629306, 4.5456688], [-74.161064, 4.546975], [-74.1610757, 4.5473888], [-74.1609563, 4.5476023], [-74.1608032, 4.5478771], [-74.1607218, 4.548133], [-74.160631, 4.5484049], [-74.160529, 4.5486545], [-74.160423, 4.5489137], [-74.1603119, 4.5491847], [-74.1602098, 4.549435], [-74.1601116, 4.5496752], [-74.1600058, 4.5499352], [-74.1599029, 4.5501866], [-74.1598004, 4.5504364], [-74.1597112, 4.5506981], [-74.1596193, 4.5509676], [-74.1595286, 4.5512339], [-74.1594392, 4.5514963], [-74.1593454, 4.5517715], [-74.1592588, 4.5520256], [-74.1591705, 4.5522849], [-74.1590834, 4.5525402], [-74.1589959, 4.5528247], [-74.1589138, 4.5530925], [-74.1588758, 4.5532163], [-74.1588352, 4.5533487]]}}, {"type": "Feature", "properties": {"ruta": "10-12"}, "geometry": {"type": "LineString", "coordinates": [[-74.1587832, 4.5535182], [-74.1588352, 4.5533487], [-74.1588758, 4.5532163], [-74.1589138, 4.5530925], [-74.1589959, 4.5528247], [-74.1590834, 4.5525402], [-74.1591705, 4.5522849], [-74.1592588, 4.5520256], [-74.1593454, 4.5517715], [-74.1594392, 4.5514963], [-74.1595286, 4.5512339], [-74.1596193, 4.5509676], [-74.1597112, 4.5506981], [-74.1598004, 4.5504364], [-74.1599029, 4.5501866], [-74.1600058, 4.5499352], [-74.1601116, 4.5496752], [-74.1602098, 4.549435], [-74.1603119, 4.5491847], [-74.160423, 4.5489137], [-74.160529, 4.5486545], [-74.160631, 4.5484049], [-74.1615376, 4.5487418], [-74.1615706, 4.5487541], [-74.1617881, 4.5488349], [-74.1618443, 4.5488558], [-74.1620554, 4.5489343], [-74.1620973, 4.5489499], [-74.1623378, 4.5490392], [-74.162597, 4.5491356], [-74.1628537, 4.549231], [-74.162597, 4.5491356], [-74.1623378, 4.5490392], [-74.1620973, 4.5489499], [-74.1620554, 4.5489343], [-74.1618443, 4.5488558], [-74.1617881, 4.5488349], [-74.1615706, 4.5487541], [-74.1615376, 4.5487418], [-74.160631, 4.5484049], [-74.1607218, 4.548133], [-74.1608032, 4.5478771], [-74.1609563, 4.5476023], [-74.1610757, 4.5473888], [-74.161064, 4.546975], [-74.1585689, 4.5457876], [-74.1583276, 4.5459363], [-74.1581716, 4.5462154], [-74.1566693, 4.5487222], [-74.1557637, 4.5490721], [-74.1551807, 4.5488704], [-74.1550408, 4.548597], [-74.1549266, 4.5483564], [-74.1548127, 4.5481347], [-74.1546775, 4.547832], [-74.1545874, 4.547677], [-74.1545551, 4.5476252], [-74.1544383, 4.5474381], [-74.1537616, 4.5463947], [-74.1535082, 4.5459914], [-74.152871, 4.5455561], [-74.1528238, 4.5456204], [-74.1526138, 4.545228], [-74.1523217, 4.5448698], [-74.1521097, 4.54455], [-74.1520634, 4.544319], [-74.152036, 4.5439508], [-74.1517994, 4.5439477], [-74.1518011, 4.5435852], [-74.1515751, 4.5435441], [-74.1516953, 4.5432669], [-74.1517841, 4.5429856], [-74.1519046, 4.5426633], [-74.1518724, 4.5424522], [-74.1516882, 4.5419741], [-74.1516412, 4.5418186], [-74.1515384, 4.5414667], [-74.151372, 4.540946], [-74.1512392, 4.5405204], [-74.1511514, 4.5402296], [-74.1511324, 4.5400066], [-74.1511191, 4.5394375], [-74.1511228, 4.5389627], [-74.151117, 4.53867], [-74.151111, 4.538535], [-74.150934, 4.537474], [-74.1507004, 4.5366932], [-74.1502729, 4.5358272], [-74.1502595, 4.5357055], [-74.1502463, 4.5345885], [-74.1499559, 4.53256], [-74.1501587, 4.5321758], [-74.1518905, 4.5311493], [-74.1521421, 4.5308559], [-74.1527409, 4.5305632], [-74.1522884, 4.5327381], [-74.152308, 4.5330543], [-74.1530281, 4.5352123], [-74.1530917, 4.5354996], [-74.1537925, 4.5364852], [-74.1536289, 4.5358351], [-74.1543192, 4.5357286], [-74.154319, 4.535163], [-74.1543594, 4.5343676], [-74.154348, 4.5341514], [-74.1544441, 4.53409], [-74.1543432, 4.5339471], [-74.1546405, 4.5337707], [-74.1546217, 4.5332814], [-74.1546885, 4.5329848], [-74.1547024, 4.5328857], [-74.1547518, 4.5325349], [-74.1560123, 4.5288592], [-74.1560215, 4.5288451], [-74.1554599, 4.527686], [-74.154729, 4.5275764], [-74.1554599, 4.527686], [-74.1560215, 4.5288451], [-74.1560123, 4.5288592], [-74.1547518, 4.5325349], [-74.1547024, 4.5328857], [-74.1546885, 4.5329848], [-74.1546217, 4.5332814], [-74.1546405, 4.5337707], [-74.1543432, 4.5339471], [-74.1544441, 4.53409], [-74.154348, 4.5341514], [-74.1543594, 4.5343676], [-74.154319, 4.535163], [-74.1543192, 4.5357286], [-74.1536289, 4.5358351], [-74.1537925, 4.5364852], [-74.1530917, 4.5354996], [-74.1530281, 4.5352123], [-74.152308, 4.5330543], [-74.1522884, 4.5327381], [-74.1527409, 4.5305632], [-74.1521421, 4.5308559], [-74.1518905, 4.5311493], [-74.1501587, 4.5321758], [-74.1499559, 4.53256], [-74.1502463, 4.5345885], [-74.1502595, 4.5357055], [-74.1502729, 4.5358272], [-74.1507004, 4.5366932], [-74.150934, 4.537474], [-74.151111, 4.538535], [-74.151117, 4.53867], [-74.1511228, 4.5389627], [-74.1511191, 4.5394375], [-74.1511324, 4.5400066], [-74.1511514, 4.5402296], [-74.1512392, 4.5405204], [-74.151372, 4.540946], [-74.1515384, 4.5414667], [-74.1516412, 4.5418186], [-74.1516882, 4.5419741], [-74.1518724, 4.5424522], [-74.1519046, 4.5426633], [-74.1517841, 4.5429856], [-74.1516953, 4.5432669], [-74.1515751, 4.5435441], [-74.1518011, 4.5435852], [-74.1517994, 4.5439477], [-74.152036, 4.5439508], [-74.1520634, 4.544319], [-74.1521097, 4.54455], [-74.1523217, 4.5448698], [-74.1526138, 4.545228], [-74.1528238, 4.5456204], [-74.152871, 4.5455561], [-74.1535082, 4.5459914], [-74.1537616, 4.5463947], [-74.1544383, 4.5474381], [-74.1545551, 4.5476252], [-74.1545874, 4.547677], [-74.1546775, 4.547832], [-74.1548127, 4.5481347], [-74.1549266, 4.5483564], [-74.1550408, 4.548597], [-74.1551807, 4.5488704], [-74.1557637, 4.5490721], [-74.1566693, 4.5487222], [-74.1581716, 4.5462154], [-74.1583276, 4.5459363], [-74.1585689, 4.5457876], [-74.161064, 4.546975], [-74.1610757, 4.5473888], [-74.1609563, 4.5476023], [-74.1608032, 4.5478771], [-74.1607218, 4.548133], [-74.160631, 4.5484049], [-74.1615376, 4.5487418], [-74.1615706, 4.5487541], [-74.1617881, 4.5488349], [-74.1618443, 4.5488558], [-74.1620554, 4.5489343], [-74.1620973, 4.5489499], [-74.1623378, 4.5490392], [-74.162597, 4.5491356], [-74.1628537, 4.549231], [-74.1631201, 4.54933], [-74.1631742, 4.5492846], [-74.1631201, 4.54933], [-74.1628537, 4.549231], [-74.162597, 4.5491356], [-74.1623378, 4.5490392], [-74.1620973, 4.5489499], [-74.1620554, 4.5489343], [-74.1618443, 4.5488558], [-74.1617881, 4.5488349], [-74.1615706, 4.5487541], [-74.1615376, 4.5487418], [-74.160631, 4.5484049], [-74.160529, 4.5486545], [-74.160423, 4.5489137], [-74.1603119, 4.5491847], [-74.1602098, 4.549435], [-74.1601116, 4.5496752], [-74.1600058, 4.5499352], [-74.1599029, 4.5501866], [-74.1598004, 4.5504364], [-74.1597112, 4.5506981], [-74.1596193, 4.5509676], [-74.1595286, 4.5512339], [-74.1594392, 4.5514963], [-74.1593454, 4.5517715], [-74.1592588, 4.5520256], [-74.1591705, 4.5522849], [-74.1590834, 4.5525402], [-74.1589959, 4.5528247], [-74.1589138, 4.5530925], [-74.1588758, 4.5532163], [-74.1588352, 4.5533487]]}}, {"type": "Feature", "properties": {"ruta": "10-2"}, "geometry": {"type": "LineString", "coordinates": [[-74.1793548, 4.5975382], [-74.1795596, 4.5984208], [-74.179729, 4.5987273], [-74.1798992, 4.5990531], [-74.1799511, 4.5991523], [-74.1800465, 4.5993221], [-74.1803354, 4.5998363], [-74.1807158, 4.6005132], [-74.180957, 4.6012785], [-74.1812007, 4.602216], [-74.1813001, 4.6025991], [-74.1813461, 4.6027438], [-74.181479, 4.6031874], [-74.1815181, 4.6033341], [-74.1815901, 4.603611], [-74.1817732, 4.6041626], [-74.1818768, 4.6043051], [-74.182025, 4.6044988], [-74.1823416, 4.605036], [-74.1827362, 4.6059233], [-74.1831725, 4.6066858], [-74.1832608, 4.606834], [-74.1834181, 4.6070929], [-74.1844166, 4.6066741], [-74.1842395, 4.6062846], [-74.1839099, 4.6055542], [-74.1833631, 4.6043413], [-74.183185, 4.6039502], [-74.1831505, 4.6038746], [-74.1830216, 4.6036003], [-74.1828006, 4.60313], [-74.1826601, 4.6028181], [-74.1825707, 4.6026196], [-74.1824709, 4.6023978], [-74.1822365, 4.601876], [-74.1820967, 4.6015503], [-74.1820035, 4.6013409], [-74.1815219, 4.6002642]]}}, {"type": "Feature", "properties": {"ruta": "10-3"}, "geometry": {"type": "LineString", "coordinates": [[-74.1852722, 4.6004559], [-74.185507, 4.6005331], [-74.1857797, 4.6006227], [-74.1859465, 4.6008366], [-74.1860518, 4.6009716], [-74.1863042, 4.6011891], [-74.1869115, 4.6013216], [-74.1875273, 4.6014559], [-74.1880531, 4.6015992], [-74.1885731, 4.6017575], [-74.1890806, 4.6018733], [-74.1895235, 4.6019744], [-74.1895873, 4.6019889], [-74.1899435, 4.6020538], [-74.1900034, 4.6020575], [-74.1911335, 4.6022913], [-74.1912169, 4.6023102], [-74.1915973, 4.6023963], [-74.1916359, 4.602405], [-74.1918224, 4.6024578], [-74.1922375, 4.6025964], [-74.1925873, 4.6027279], [-74.1926997, 4.6027704], [-74.1929103, 4.6028501], [-74.1931704, 4.6029486], [-74.1932481, 4.6029779], [-74.1938028, 4.6032029], [-74.1942241, 4.603398], [-74.1946266, 4.6035874], [-74.1949245, 4.6037334], [-74.195027, 4.6037864], [-74.1954088, 4.6040135], [-74.1959092, 4.6043194], [-74.1962666, 4.6045465], [-74.1966258, 4.6048001], [-74.1970068, 4.6050852], [-74.1973894, 4.6053715], [-74.197652, 4.605568], [-74.1980335, 4.605854], [-74.1983805, 4.6061199], [-74.1984424, 4.6061674], [-74.1987155, 4.6063766], [-74.1987862, 4.6064308], [-74.1991778, 4.606731], [-74.1992275, 4.606769], [-74.1997227, 4.6071497], [-74.2005415, 4.6077853], [-74.2008163, 4.6079985], [-74.2010535, 4.6081826], [-74.201226, 4.6083165], [-74.2013259, 4.608394], [-74.2015701, 4.6085836], [-74.2020682, 4.6089702], [-74.202253, 4.6091137], [-74.2026163, 4.6093411], [-74.2025483, 4.6096438], [-74.2024485, 4.6100883], [-74.2027192, 4.610144], [-74.2024801, 4.6105299], [-74.2017915, 4.6103787], [-74.2016179, 4.6103406], [-74.2012065, 4.6102503], [-74.2008338, 4.6101685], [-74.2008033, 4.6103123], [-74.2004025, 4.6102283], [-74.2004316, 4.6100828], [-74.1996343, 4.6099271], [-74.1996047, 4.6100754], [-74.1992554, 4.6100075], [-74.1991584, 4.6104906], [-74.1987423, 4.6104022], [-74.1979993, 4.610246], [-74.1979149, 4.6106541], [-74.197873, 4.6106456], [-74.1975442, 4.6105783], [-74.1971201, 4.6104896], [-74.1965928, 4.6103793], [-74.1960774, 4.6102715], [-74.195965, 4.610248], [-74.1944609, 4.6099248], [-74.1942738, 4.6098818], [-74.1940621, 4.6098332], [-74.1936862, 4.6097468], [-74.1930479, 4.6095985], [-74.1929394, 4.6095804], [-74.1926976, 4.6095862], [-74.1923238, 4.6097146], [-74.1916314, 4.6099574], [-74.1913712, 4.6100312], [-74.1909839, 4.6101029], [-74.1906515, 4.6101609], [-74.1902874, 4.6102257], [-74.1899028, 4.6102398], [-74.1896243, 4.6101693], [-74.1895463, 4.6101431], [-74.1893835, 4.6100762], [-74.1883427, 4.6099596], [-74.1876513, 4.6099137], [-74.1876125, 4.609936], [-74.1867542, 4.6105945], [-74.18658, 4.6103497], [-74.1863612, 4.6100423], [-74.1860277, 4.6095382], [-74.1855176, 4.6087726], [-74.1848011, 4.6092863], [-74.1841258, 4.6097394]]}}, {"type": "Feature", "properties": {"ruta": "10-3C"}, "geometry": {"type": "LineString", "coordinates": [[-74.1987862, 4.6064308], [-74.1987155, 4.6063766], [-74.1984424, 4.6061674], [-74.1983805, 4.6061199], [-74.1980335, 4.605854], [-74.197652, 4.605568], [-74.1973894, 4.6053715], [-74.1970068, 4.6050852], [-74.1966258, 4.6048001], [-74.1962666, 4.6045465], [-74.1959092, 4.6043194], [-74.1954088, 4.6040135], [-74.195027, 4.6037864], [-74.1949245, 4.6037334], [-74.1946266, 4.6035874], [-74.1942241, 4.603398], [-74.1938028, 4.6032029], [-74.1932481, 4.6029779], [-74.1931704, 4.6029486], [-74.1929103, 4.6028501], [-74.1926997, 4.6027704], [-74.1925873, 4.6027279], [-74.1922375, 4.6025964], [-74.1918224, 4.6024578], [-74.1916359, 4.602405], [-74.1915973, 4.6023963], [-74.1912169, 4.6023102], [-74.1911335, 4.6022913], [-74.1900034, 4.6020575], [-74.1899435, 4.6020538], [-74.1895873, 4.6019889], [-74.1895235, 4.6019744], [-74.1890806, 4.6018733], [-74.1885731, 4.6017575], [-74.1880531, 4.6015992], [-74.1875273, 4.6014559], [-74.1869115, 4.6013216]]}}, {"type": "Feature", "properties": {"ruta": "10-4"}, "geometry": {"type": "LineString", "coordinates": [[-74.1777657, 4.5991761], [-74.1787684, 4.5989485], [-74.179729, 4.5987273], [-74.1798992, 4.5990531], [-74.1799511, 4.5991523], [-74.1800465, 4.5993221], [-74.1803354, 4.5998363], [-74.1807158, 4.6005132], [-74.180288, 4.6006495], [-74.1794915, 4.6009091], [-74.1795637, 4.6010547], [-74.1792769, 4.6012419], [-74.1794311, 4.6016848], [-74.1793728, 4.6017016], [-74.1789666, 4.6018185], [-74.1788005, 4.6018663], [-74.1790837, 4.602637], [-74.1792061, 4.6029606], [-74.1793247, 4.6032894], [-74.1794405, 4.6036107], [-74.179533, 4.6038672], [-74.1795873, 4.6040177], [-74.1798053, 4.6046554], [-74.180197, 4.6057911], [-74.1803878, 4.606358], [-74.1805945, 4.6069413], [-74.1806468, 4.6070881], [-74.1809924, 4.6084594], [-74.1809007, 4.6087278], [-74.1810998, 4.6090374], [-74.1811773, 4.609068], [-74.1815277, 4.6089862], [-74.1815872, 4.608919], [-74.1819822, 4.6089244], [-74.1828302, 4.6092021], [-74.1829861, 4.6094322], [-74.1834853, 4.6101691], [-74.1840425, 4.6109481], [-74.1846367, 4.6105255], [-74.185332, 4.610032], [-74.1858694, 4.6108738], [-74.1861617, 4.610657], [-74.18658, 4.6103497], [-74.1863612, 4.6100423], [-74.1860277, 4.6095382], [-74.1876411, 4.6082356], [-74.187792, 4.6080709], [-74.1884963, 4.6073562], [-74.1895967, 4.6069715], [-74.1901186, 4.6066461], [-74.190149, 4.6066271], [-74.1909181, 4.6078145], [-74.1914967, 4.6094344], [-74.1916314, 4.6099574], [-74.1923238, 4.6097146], [-74.1926976, 4.6095862], [-74.1929394, 4.6095804], [-74.1930479, 4.6095985], [-74.1936862, 4.6097468], [-74.1940621, 4.6098332], [-74.1942738, 4.6098818], [-74.1944609, 4.6099248], [-74.195965, 4.610248], [-74.1960774, 4.6102715], [-74.1965928, 4.6103793], [-74.1971201, 4.6104896], [-74.1975442, 4.6105783], [-74.197873, 4.6106456], [-74.1978077, 4.6109917], [-74.1986314, 4.6111718], [-74.1985243, 4.6117815], [-74.1984683, 4.6121421], [-74.1988122, 4.6122137], [-74.1987365, 4.6125908], [-74.1986783, 4.6128802], [-74.1986114, 4.6132137], [-74.1985735, 4.6134038], [-74.2001026, 4.613662], [-74.2013424, 4.6129518], [-74.2020338, 4.6117964], [-74.2032411, 4.6098935], [-74.2033388, 4.6097426], [-74.2033631, 4.609706], [-74.2031671, 4.6095978], [-74.2031447, 4.6096342], [-74.2030125, 4.609849], [-74.2020111, 4.6114185], [-74.2018248, 4.6114545], [-74.2014013, 4.6113678], [-74.2009912, 4.6112838], [-74.2006138, 4.6112066], [-74.2004142, 4.6121474], [-74.2003331, 4.61253], [-74.1991592, 4.6122858], [-74.1988122, 4.6122137], [-74.1984683, 4.6121421], [-74.1972767, 4.6118979], [-74.1967992, 4.6118007], [-74.1962929, 4.6116976], [-74.1962175, 4.612133], [-74.1961462, 4.612545], [-74.1960748, 4.6129577], [-74.1961462, 4.612545], [-74.1953387, 4.6123846], [-74.1948812, 4.612435], [-74.1940232, 4.6125618], [-74.1934956, 4.6126397], [-74.1927627, 4.612748], [-74.1923733, 4.6128055], [-74.1920285, 4.6128564], [-74.1917159, 4.6129026], [-74.1914121, 4.6129475], [-74.1912594, 4.6119282], [-74.1908962, 4.6119787], [-74.190532, 4.6120294], [-74.1902274, 4.6120718], [-74.1899444, 4.6121112], [-74.1895468, 4.6121665], [-74.1892381, 4.6122095], [-74.1890937, 4.6122296], [-74.1889526, 4.6122492], [-74.18804, 4.6123762], [-74.1875936, 4.6117757], [-74.1874205, 4.6115283], [-74.1872592, 4.6112939], [-74.1870915, 4.6110497], [-74.1869192, 4.6108108], [-74.1867542, 4.6105945], [-74.18658, 4.6103497], [-74.1863612, 4.6100423], [-74.1860277, 4.6095382], [-74.1855176, 4.6087726], [-74.1849896, 4.6079789], [-74.1848, 4.6075471], [-74.1844166, 4.6066741], [-74.1842395, 4.6062846], [-74.1831725, 4.6066858], [-74.1832608, 4.606834], [-74.1818928, 4.6079599], [-74.1810069, 4.6073245], [-74.1808424, 4.607064], [-74.1807509, 4.6067989], [-74.180378, 4.6057122], [-74.1802278, 4.605287], [-74.1801051, 4.604937], [-74.1799766, 4.6045619], [-74.1797654, 4.6039566], [-74.1797189, 4.6038322], [-74.1794952, 4.6032333], [-74.1793593, 4.6028697], [-74.1789666, 4.6018185], [-74.1788005, 4.6018663], [-74.1790837, 4.602637], [-74.1792061, 4.6029606], [-74.1793247, 4.6032894], [-74.1794405, 4.6036107], [-74.179533, 4.6038672], [-74.1797189, 4.6038322], [-74.1794952, 4.6032333], [-74.1793593, 4.6028697], [-74.1789666, 4.6018185], [-74.1781726, 4.6000555], [-74.1780824, 4.5998542], [-74.1777657, 4.5991761], [-74.1787684, 4.5989485], [-74.1789284, 4.5995167], [-74.178735, 4.5996028], [-74.1781569, 4.5995752]]}}, {"type": "Feature", "properties": {"ruta": "10-6"}, "geometry": {"type": "LineString", "coordinates": [[-74.1639828, 4.5955488], [-74.163771, 4.5920995], [-74.1637455, 4.5916963], [-74.163726, 4.591414], [-74.1636159, 4.589563], [-74.1648321, 4.5895597], [-74.1654421, 4.5895578], [-74.1652647, 4.5883334], [-74.1670959, 4.5877819], [-74.1672672, 4.5884028], [-74.1673255, 4.5888676], [-74.1673262, 4.5895185], [-74.1673244, 4.5896643], [-74.168983, 4.5896749], [-74.1709345, 4.5896841], [-74.1720548, 4.5896892], [-74.1733524, 4.5896931], [-74.1732184, 4.5899362], [-74.173039, 4.5902243], [-74.1728653, 4.5905085], [-74.1726864, 4.5907996], [-74.1725256, 4.5910631], [-74.1723549, 4.5913429], [-74.1727179, 4.5913509], [-74.1735949, 4.5913702], [-74.1735948, 4.5916236], [-74.1735948, 4.5919084], [-74.1739342, 4.5919039], [-74.1742338, 4.5919], [-74.174504, 4.5918966], [-74.1747743, 4.5918931], [-74.1750441, 4.5918898], [-74.1753283, 4.5918868], [-74.1756247, 4.5918865], [-74.1759017, 4.5918861], [-74.1761686, 4.5918858], [-74.1764319, 4.5918855], [-74.1767357, 4.5918851], [-74.1769911, 4.5918882], [-74.1774241, 4.5921325], [-74.1779645, 4.5924428], [-74.1781472, 4.5925964], [-74.1782323, 4.5927172], [-74.1783889, 4.5929731], [-74.1785657, 4.5932636], [-74.1785842, 4.5935575], [-74.1785724, 4.593718], [-74.1785345, 4.5943274], [-74.1785291, 4.5945905], [-74.1786803, 4.596783]]}}, {"type": "Feature", "properties": {"ruta": "10-8"}, "geometry": {"type": "LineString", "coordinates": [[-74.161621, 4.6026738], [-74.1606714, 4.6026979], [-74.1606558, 4.6023634], [-74.1606395, 4.6020157], [-74.1606212, 4.6016224], [-74.1616923, 4.6016015], [-74.1619379, 4.6015972], [-74.1614811, 4.6078049], [-74.1611853, 4.6079771], [-74.1609445, 4.6078344], [-74.1600328, 4.607301], [-74.1586361, 4.6064837], [-74.1582585, 4.606857], [-74.1577818, 4.6073281], [-74.1586076, 4.6087151], [-74.1591467, 4.6096243], [-74.1597637, 4.6102797], [-74.161233, 4.6104194], [-74.1611848, 4.6118119], [-74.1611893, 4.6118954], [-74.1613153, 4.6118536], [-74.1615311, 4.6117821], [-74.1619, 4.611679], [-74.1624957, 4.6115124], [-74.1622394, 4.6110454], [-74.162095, 4.6105829], [-74.1620618, 4.6102156], [-74.1620467, 4.6099076], [-74.1620104, 4.6088322], [-74.1617986, 4.6083218], [-74.1615655, 4.608145], [-74.1619723, 4.6029111], [-74.1622071, 4.6029307], [-74.1630783, 4.6030032], [-74.1631898, 4.6030125], [-74.1635369, 4.6030036], [-74.1637344, 4.60264], [-74.1638556, 4.6024094], [-74.1638879, 4.602345], [-74.163995, 4.6021311], [-74.164017, 4.6020871], [-74.1641225, 4.6018766], [-74.1641532, 4.6018152], [-74.1642362, 4.6016493]]}}, {"type": "Feature", "properties": {"ruta": "107A"}, "geometry": {"type": "LineString", "coordinates": [[-74.1635457, 4.6098637], [-74.1635249, 4.6103129], [-74.1635116, 4.6105995], [-74.1635076, 4.6106863], [-74.1634874, 4.6111228], [-74.1634826, 4.6112279], [-74.1625715, 4.6116124], [-74.1624957, 4.6115124], [-74.1619, 4.611679], [-74.1615311, 4.6117821], [-74.1613135, 4.6118008], [-74.1613636, 4.6105293], [-74.1615257, 4.6084267], [-74.1615655, 4.608145], [-74.1619723, 4.6029111], [-74.1622071, 4.6029307], [-74.1630783, 4.6030032], [-74.1631898, 4.6030125], [-74.1635369, 4.6030036], [-74.1637344, 4.60264], [-74.1638556, 4.6024094], [-74.1638879, 4.602345], [-74.163995, 4.6021311], [-74.164017, 4.6020871], [-74.1641225, 4.6018766], [-74.1641532, 4.6018152], [-74.1642362, 4.6016493], [-74.1643144, 4.6014932], [-74.1643512, 4.6014198], [-74.164483, 4.6011565], [-74.1646039, 4.600915], [-74.1647431, 4.6006371], [-74.164849, 4.6004256], [-74.1649816, 4.6001608], [-74.1652534, 4.5996179], [-74.1656213, 4.5996038], [-74.1656203, 4.5994773], [-74.1644065, 4.5995264], [-74.1622345, 4.5995999], [-74.1620878, 4.5996049], [-74.1609565, 4.5996443], [-74.1605654, 4.5996581], [-74.1586703, 4.5997248], [-74.158636, 4.5988054], [-74.159026, 4.598794], [-74.159032, 4.5989445], [-74.1590377, 4.5993165], [-74.1590412, 4.5996185], [-74.1590377, 4.5993165], [-74.159032, 4.5989445], [-74.159026, 4.598794], [-74.158636, 4.5988054], [-74.1586703, 4.5997248], [-74.1567757, 4.5997892], [-74.1563008, 4.5998031], [-74.1554481, 4.599828], [-74.1548254, 4.59984], [-74.154582, 4.5998923], [-74.1537439, 4.6003612], [-74.1515654, 4.6020511], [-74.151002, 4.6030487], [-74.1500406, 4.6025977], [-74.1503577, 4.602447], [-74.1506746, 4.6022965], [-74.151203, 4.6025578], [-74.1506746, 4.6022965], [-74.1503577, 4.602447], [-74.1500406, 4.6025977], [-74.1496531, 4.602781], [-74.149352, 4.6025087], [-74.1493506, 4.6024711], [-74.1491716, 4.6024035], [-74.1491462, 4.6024296], [-74.1487909, 4.6024984], [-74.1478393, 4.6022661], [-74.1470917, 4.6020837], [-74.1467291, 4.6019952], [-74.1465172, 4.6019435], [-74.1456703, 4.6017163], [-74.1447153, 4.60146], [-74.1441212, 4.6013006], [-74.144038, 4.6012782], [-74.1438801, 4.6012358], [-74.1437882, 4.6012111], [-74.1435414, 4.6018549], [-74.1432305, 4.6026944], [-74.1430259, 4.6032399], [-74.1428568, 4.6037212], [-74.1427322, 4.604071], [-74.1424988, 4.6046824], [-74.1424435, 4.604832], [-74.1423579, 4.6050638], [-74.1421088, 4.605161], [-74.1423579, 4.6050638], [-74.1421249, 4.6056691], [-74.1420084, 4.6060058], [-74.1418604, 4.606409], [-74.1413277, 4.6079959], [-74.1412242, 4.608795], [-74.1411211, 4.6095777], [-74.1410762, 4.6099697], [-74.1410317, 4.610359], [-74.140919, 4.6112123], [-74.1410163, 4.6111604], [-74.1406099, 4.6134081], [-74.1404761, 4.6135923], [-74.1403758, 4.6141247], [-74.1401895, 4.6151768], [-74.1401332, 4.6154282], [-74.1399922, 4.6159993], [-74.1397958, 4.6167488], [-74.1396401, 4.6173428], [-74.1395392, 4.6177244], [-74.1386139, 4.6180498], [-74.1389146, 4.6184205], [-74.139342, 4.6197905], [-74.1394938, 4.6192691], [-74.1399306, 4.6176012], [-74.140104, 4.6169235], [-74.1401628, 4.6166937], [-74.1403018, 4.6161494], [-74.140303, 4.6157973], [-74.1406223, 4.6141611], [-74.1404679, 4.6141345], [-74.1401459, 4.6157988], [-74.1399636, 4.6164981], [-74.1385167, 4.6225497], [-74.1382945, 4.6244773], [-74.1381486, 4.6258088], [-74.1380093, 4.6272983], [-74.1378757, 4.6276187], [-74.1377865, 4.628498], [-74.1377539, 4.6288276], [-74.1346487, 4.6298771], [-74.1339067, 4.6297978], [-74.1332425, 4.6297344], [-74.1318661, 4.6296046], [-74.1313319, 4.6295542], [-74.1303714, 4.6294731], [-74.1289119, 4.6293548], [-74.1278441, 4.6292789], [-74.1263727, 4.6291475], [-74.1254045, 4.6290738], [-74.1241341, 4.6291104], [-74.120868, 4.6287735], [-74.1193516, 4.6282692], [-74.119141, 4.6282465], [-74.1187725, 4.628165], [-74.1191813, 4.62813], [-74.1187725, 4.628165], [-74.1186459, 4.6281388], [-74.1181419, 4.628042], [-74.1175821, 4.6279593], [-74.1169894, 4.6278937], [-74.1164669, 4.6278359], [-74.1158593, 4.6277657], [-74.11567, 4.6279955], [-74.1151635, 4.6279472], [-74.114677, 4.6279017], [-74.112926, 4.6277341], [-74.1121352, 4.6276612], [-74.1099495, 4.6279419], [-74.112172, 4.6281989], [-74.1103844, 4.6301731], [-74.1099501, 4.6296122], [-74.1087145, 4.6283207], [-74.1084877, 4.6281074], [-74.1082218, 4.6278057], [-74.1078655, 4.6270258], [-74.1075021, 4.6264787], [-74.1073799, 4.62639], [-74.1071953, 4.6262862], [-74.1066078, 4.6261769], [-74.106097, 4.62637], [-74.1060499, 4.6263962], [-74.1057562, 4.6266462], [-74.1050698, 4.6267596], [-74.1036568, 4.6268509], [-74.1030243, 4.6267835], [-74.1026342, 4.626742], [-74.1020296, 4.6264233], [-74.1011864, 4.6263249], [-74.1010366, 4.6263092], [-74.1003336, 4.626224], [-74.0999302, 4.6261821], [-74.0998322, 4.6261731], [-74.0983726, 4.6260216], [-74.0975626, 4.6259303], [-74.0962944, 4.6257908], [-74.0957756, 4.6257407], [-74.0950017, 4.6256724], [-74.0945912, 4.6257721], [-74.093783, 4.6257673], [-74.0917369, 4.6256898], [-74.0910935, 4.6256107], [-74.0910088, 4.6256002], [-74.0890099, 4.6252944], [-74.0890269, 4.6249881], [-74.0889463, 4.6249784], [-74.0885588, 4.6237294], [-74.087875, 4.623725], [-74.0878748, 4.6247993], [-74.087875, 4.623725], [-74.0885588, 4.6237294], [-74.0889463, 4.6249784], [-74.0888912, 4.6249729], [-74.0888717, 4.6252559], [-74.0883371, 4.6251123], [-74.0872711, 4.6249262], [-74.0851472, 4.6250241], [-74.0815674, 4.6243564], [-74.0805274, 4.6241629], [-74.0804841, 4.6241555], [-74.080407, 4.6241424], [-74.0798422, 4.6239715], [-74.0792558, 4.6238435], [-74.0787917, 4.6239851], [-74.0786103, 4.6241133], [-74.0780604, 4.6244087], [-74.0771601, 4.6243067], [-74.0770447, 4.6242848], [-74.0763268, 4.6241616], [-74.0762226, 4.6241428], [-74.0762483, 4.6242224], [-74.0763573, 4.6242418], [-74.0772638, 4.6244074], [-74.0776609, 4.6244691], [-74.0795147, 4.6241271], [-74.0804033, 4.624211], [-74.0805149, 4.6242346], [-74.0815441, 4.6246155], [-74.0824001, 4.6251219], [-74.0820031, 4.6256179], [-74.0804507, 4.6259915], [-74.0803616, 4.6258573], [-74.0798273, 4.6256768], [-74.0791996, 4.6259385], [-74.0785771, 4.6262104], [-74.0779522, 4.6264768], [-74.0772718, 4.6267761], [-74.0769238, 4.62581], [-74.0763573, 4.6242418], [-74.0763268, 4.6241616], [-74.0762226, 4.6241428], [-74.0757842, 4.624064], [-74.0750734, 4.6239362], [-74.0744216, 4.6238191], [-74.0736923, 4.6236877], [-74.0730544, 4.6235727], [-74.0722077, 4.6234223], [-74.0721974, 4.6234784], [-74.0721755, 4.6235995], [-74.0720576, 4.6242526], [-74.0720012, 4.6245647], [-74.0722233, 4.6251704], [-74.0725458, 4.6260957], [-74.0726321, 4.6263452], [-74.0727462, 4.6268266], [-74.0728019, 4.6274079], [-74.0728085, 4.6274554], [-74.0728077, 4.6283659], [-74.0726509, 4.6291458], [-74.0724974, 4.6300097], [-74.0722959, 4.6311003], [-74.0722409, 4.6313331], [-74.0723068, 4.6313936], [-74.0728024, 4.63183], [-74.0729273, 4.6319445], [-74.072801, 4.6326473], [-74.0727284, 4.6330084], [-74.0726542, 4.6333823], [-74.0726373, 4.6334793], [-74.0725512, 4.6339177], [-74.0718669, 4.6338], [-74.0719493, 4.6333511], [-74.0719674, 4.6332559], [-74.0718784, 4.6332395], [-74.0718608, 4.6333346], [-74.0716359, 4.6344103], [-74.0715466, 4.6344823], [-74.0710353, 4.634899], [-74.070788, 4.6351367], [-74.0707504, 4.6351746], [-74.070465, 4.6355395], [-74.0701817, 4.6360249], [-74.0700099, 4.6369921], [-74.0699137, 4.6375334], [-74.069834, 4.6379818], [-74.0696593, 4.6389647], [-74.0694857, 4.6399419], [-74.0693168, 4.6408798], [-74.069302, 4.640962], [-74.0690527, 4.6423469], [-74.068979, 4.642756], [-74.0688768, 4.6433246], [-74.0687664, 4.6439258], [-74.0677422, 4.6438693], [-74.0676488, 4.6443801], [-74.0672029, 4.6443057], [-74.0668114, 4.6442402], [-74.0644686, 4.6438118], [-74.0645519, 4.643317], [-74.0645919, 4.6430795], [-74.0647096, 4.6423573], [-74.0647349, 4.6421974], [-74.0648757, 4.6413046], [-74.0649494, 4.6408948], [-74.065068, 4.6402353], [-74.0650822, 4.640151], [-74.0651697, 4.6396319], [-74.0652419, 4.6391683], [-74.0654074, 4.6381671], [-74.0654776, 4.6377641], [-74.0655716, 4.6372166], [-74.0657278, 4.6362848], [-74.0658936, 4.6352543], [-74.0660512, 4.6342178], [-74.0662489, 4.6331441], [-74.0663338, 4.6326866], [-74.0664052, 4.6323034], [-74.0664273, 4.6321821], [-74.0665518, 4.6314178], [-74.0666407, 4.6308713], [-74.0667195, 4.6303871], [-74.0668163, 4.6297925], [-74.0669468, 4.6290011], [-74.0670309, 4.6284911], [-74.067109, 4.6280172], [-74.0671479, 4.6277537], [-74.0672091, 4.6273227], [-74.0672358, 4.6271346], [-74.0674315, 4.6259496], [-74.067586, 4.6251075], [-74.0677063, 4.6243965], [-74.0683617, 4.6245036], [-74.0689148, 4.624594], [-74.0683617, 4.6245036], [-74.0677063, 4.6243965], [-74.0677591, 4.6240822], [-74.0679534, 4.6228884], [-74.0681101, 4.6219753], [-74.0682032, 4.6214389], [-74.0683836, 4.6203855], [-74.0684052, 4.6202645], [-74.0689003, 4.6205655], [-74.0691933, 4.6201689], [-74.0698081, 4.6200357], [-74.0708941, 4.6207615], [-74.0707198, 4.6213148], [-74.0706244, 4.6218527], [-74.0714268, 4.6224702], [-74.0714203, 4.6225055], [-74.071284, 4.6232527], [-74.0712745, 4.6233134], [-74.0711558, 4.6240833], [-74.0709974, 4.6249536], [-74.0708122, 4.6259314], [-74.0703733, 4.6258107], [-74.069919, 4.625691], [-74.0700768, 4.6247928], [-74.070242, 4.6239251], [-74.0703788, 4.6231536], [-74.0712745, 4.6233134], [-74.0721974, 4.6234784], [-74.0723159, 4.6234984], [-74.0730284, 4.6236296], [-74.073681, 4.6237497], [-74.0744108, 4.6238841], [-74.075071, 4.6240057], [-74.075779, 4.624136], [-74.0762483, 4.6242224], [-74.0763573, 4.6242418], [-74.0772638, 4.6244074], [-74.0776609, 4.6244691], [-74.0795147, 4.6241271], [-74.0804033, 4.624211], [-74.0805149, 4.6242346], [-74.0815441, 4.6246155], [-74.0824001, 4.6251219], [-74.0820031, 4.6256179], [-74.0804507, 4.6259915], [-74.0803616, 4.6258573], [-74.0793656, 4.62445], [-74.0788933, 4.6237559], [-74.0776548, 4.6220365], [-74.0774191, 4.6217823], [-74.0779044, 4.6213102], [-74.0789857, 4.6228423], [-74.0795165, 4.6224875], [-74.0798145, 4.6229345], [-74.0801264, 4.6233897], [-74.0802627, 4.6235951], [-74.0804232, 4.6238371], [-74.080407, 4.6241424], [-74.0798422, 4.6239715], [-74.0792558, 4.6238435], [-74.0792036, 4.6240741], [-74.0795147, 4.6241271], [-74.0804033, 4.624211], [-74.0805149, 4.6242346], [-74.0851838, 4.6251951], [-74.0877055, 4.6254465], [-74.0883117, 4.625433], [-74.08885, 4.6254421], [-74.0889565, 4.6254493], [-74.0909986, 4.6256902], [-74.0909554, 4.6260724], [-74.0910435, 4.6260823], [-74.0929981, 4.6263047], [-74.0937344, 4.6263885], [-74.0944156, 4.6264596], [-74.095346, 4.6265567], [-74.0956734, 4.6265908], [-74.0959501, 4.6266197], [-74.0964602, 4.6266738], [-74.0976681, 4.626802], [-74.0981696, 4.6268552], [-74.0990183, 4.6269452], [-74.0994135, 4.6269872], [-74.0997399, 4.6270218], [-74.0999938, 4.6270491], [-74.1004224, 4.6270953], [-74.1008502, 4.627142], [-74.102673, 4.6273497], [-74.1040613, 4.6275082], [-74.1053956, 4.6276729], [-74.1071328, 4.6282266], [-74.1073705, 4.6281511], [-74.1082218, 4.6278057], [-74.1092989, 4.6278722], [-74.1099495, 4.6279419], [-74.112172, 4.6281989], [-74.1135422, 4.6283397], [-74.1137536, 4.6283613], [-74.1150253, 4.628492], [-74.1166048, 4.6286508], [-74.1170885, 4.6287005], [-74.1190188, 4.6288897], [-74.1196576, 4.6289417], [-74.1201538, 4.6289739], [-74.1211754, 4.6290236], [-74.1250354, 4.6294182], [-74.1259813, 4.6294812], [-74.1268615, 4.629559], [-74.128488, 4.6297273], [-74.1336423, 4.6303629], [-74.1349776, 4.6304978], [-74.1374751, 4.6317046], [-74.1373448, 4.6329656], [-74.136721, 4.6329054], [-74.1363151, 4.6314089], [-74.1357686, 4.6313604], [-74.1352834, 4.6312208], [-74.1342267, 4.6310911], [-74.1342703, 4.6306205], [-74.1342267, 4.6310911], [-74.1341739, 4.6315658], [-74.1336645, 4.6315172], [-74.1331753, 4.6314704], [-74.1327267, 4.6314276], [-74.1317618, 4.6308545], [-74.1318101, 4.6303859], [-74.1330085, 4.6304971], [-74.1336423, 4.6303629], [-74.1349776, 4.6304978], [-74.1368081, 4.6305437], [-74.1387904, 4.6307474], [-74.1379169, 4.6308914], [-74.1380039, 4.6300291], [-74.1380806, 4.6292345], [-74.1381199, 4.6287063], [-74.1380479, 4.6285297], [-74.1382, 4.6270849], [-74.1383106, 4.6258205], [-74.1381486, 4.6258088], [-74.1380093, 4.6272983], [-74.1378757, 4.6276187], [-74.1377865, 4.628498], [-74.1377539, 4.6288276], [-74.1376682, 4.6297387], [-74.1375422, 4.6310218], [-74.1368081, 4.6305437], [-74.1387904, 4.6307474], [-74.1379169, 4.6308914], [-74.1380039, 4.6300291], [-74.1380806, 4.6292345], [-74.1381199, 4.6287063], [-74.1381533, 4.6283326], [-74.1383105, 4.6268161], [-74.1384128, 4.6258284], [-74.1387065, 4.6230632], [-74.1399558, 4.623189], [-74.139905, 4.6236629], [-74.1398631, 4.6241154], [-74.1388609, 4.6240107], [-74.1398631, 4.6241154], [-74.139905, 4.6236629], [-74.1399558, 4.623189], [-74.1399975, 4.6227151], [-74.1400471, 4.62225], [-74.1400914, 4.6217955], [-74.140144, 4.6213081], [-74.1390126, 4.6211904], [-74.1390789, 4.6208898], [-74.139342, 4.6197905], [-74.1394938, 4.6192691], [-74.1399306, 4.6176012], [-74.140104, 4.6169235], [-74.1401628, 4.6166937], [-74.1403018, 4.6161494], [-74.1404867, 4.615377], [-74.1407637, 4.6155152], [-74.1413006, 4.6144761], [-74.1417685, 4.6135431], [-74.1415198, 4.6123746], [-74.1411493, 4.6125667], [-74.1415198, 4.6123746], [-74.142091, 4.6120678], [-74.1430589, 4.6114154], [-74.1427154, 4.6109923], [-74.1421845, 4.6103501], [-74.1419125, 4.6079516], [-74.1416828, 4.6079676], [-74.1421782, 4.6065301], [-74.1423405, 4.6060738], [-74.1424618, 4.6057659], [-74.1425744, 4.6054654], [-74.142714, 4.6051063], [-74.1427582, 4.6049927], [-74.1434405, 4.6031351], [-74.1439017, 4.6018825], [-74.1441212, 4.6013006], [-74.1449165, 4.5991607], [-74.1454218, 4.5995447], [-74.1457449, 4.5997903], [-74.1468372, 4.6006205], [-74.1473371, 4.6010004], [-74.1478413, 4.6013836], [-74.1487271, 4.6010092], [-74.1488618, 4.6013319], [-74.1491716, 4.6024035], [-74.1491462, 4.6024296], [-74.1491774, 4.6025888], [-74.1492102, 4.6026034], [-74.1492303, 4.6026069], [-74.1507745, 4.6034444], [-74.1508853, 4.6035045], [-74.150935, 4.6034156], [-74.1508228, 4.6033601], [-74.1496531, 4.602781], [-74.1500406, 4.6025977], [-74.151002, 4.6030487], [-74.1508228, 4.6033601], [-74.1507745, 4.6034444], [-74.1508853, 4.6035045], [-74.150935, 4.6034156], [-74.1510751, 4.6031656], [-74.1512103, 4.6029242], [-74.1513423, 4.6026885], [-74.1514894, 4.6024259], [-74.1516767, 4.6020977], [-74.1518051, 4.6018622], [-74.1518238, 4.6018205], [-74.1537932, 4.6004601], [-74.1549446, 4.5999779], [-74.1554614, 4.5999662], [-74.1554481, 4.599828], [-74.1548254, 4.59984], [-74.154582, 4.5998923], [-74.1549446, 4.5999779], [-74.1554614, 4.5999662], [-74.1562965, 4.5999411], [-74.1567793, 4.5999266], [-74.1586747, 4.5998605], [-74.1586703, 4.5997248], [-74.158636, 4.5988054], [-74.159026, 4.598794], [-74.159032, 4.5989445], [-74.1590377, 4.5993165], [-74.1590412, 4.5996185], [-74.1590377, 4.5993165], [-74.159032, 4.5989445], [-74.159026, 4.598794], [-74.158636, 4.5988054], [-74.1586703, 4.5997248], [-74.1586747, 4.5998605], [-74.1605674, 4.5997921], [-74.1605654, 4.5996581], [-74.1605543, 4.5992426], [-74.1605253, 4.5987162], [-74.1609157, 4.5986961], [-74.1609396, 4.5992512], [-74.1609565, 4.5996443], [-74.1605654, 4.5996581], [-74.1605674, 4.5997921], [-74.1605941, 4.6007319], [-74.1609851, 4.6007155], [-74.1613415, 4.600137], [-74.1613526, 4.6005028], [-74.1617872, 4.600495], [-74.1617589, 4.6008304], [-74.1617259, 4.6012234], [-74.1616923, 4.6016015], [-74.1606212, 4.6016224], [-74.1606395, 4.6020157], [-74.1606558, 4.6023634], [-74.1606714, 4.6026979], [-74.161621, 4.6026738], [-74.1606714, 4.6026979], [-74.1606558, 4.6023634], [-74.1606395, 4.6020157], [-74.1606212, 4.6016224], [-74.1616923, 4.6016015], [-74.1619379, 4.6015972], [-74.1614811, 4.6078049], [-74.1614211, 4.6082376], [-74.161233, 4.6104194], [-74.1611848, 4.6118119], [-74.1611893, 4.6118954], [-74.1613153, 4.6118536], [-74.1613135, 4.6118008], [-74.1613636, 4.6105293], [-74.1615257, 4.6084267], [-74.1617986, 4.6083218], [-74.1620104, 4.6088322], [-74.1620467, 4.6099076], [-74.1620618, 4.6102156], [-74.162095, 4.6105829], [-74.1613636, 4.6105293], [-74.162095, 4.6105829], [-74.1622394, 4.6110454], [-74.1624957, 4.6115124], [-74.1619, 4.611679], [-74.1624957, 4.6115124], [-74.1622394, 4.6110454], [-74.162095, 4.6105829], [-74.1620618, 4.6102156], [-74.1620467, 4.6099076], [-74.1620104, 4.6088322], [-74.1624451, 4.6088135], [-74.1629165, 4.6087933]]}}, {"type": "Feature", "properties": {"ruta": "11-10"}, "geometry": {"type": "LineString", "coordinates": [[-74.0978319, 4.7476085], [-74.0970972, 4.747011], [-74.096632, 4.746649], [-74.0963848, 4.7464588], [-74.0962697, 4.7463705], [-74.0961133, 4.7466696], [-74.0962291, 4.7467596], [-74.0965314, 4.7469943], [-74.0968971, 4.7472629], [-74.0989714, 4.7483857], [-74.0993538, 4.7485664], [-74.1004821, 4.7491072], [-74.1007632, 4.7492413], [-74.1026209, 4.7501521], [-74.1036106, 4.750643], [-74.1044559, 4.7510741], [-74.1045602, 4.7509227], [-74.1049436, 4.7502961], [-74.109141, 4.7510727], [-74.1086039, 4.7528288], [-74.1085621, 4.7529133], [-74.1102958, 4.7537069], [-74.1103514, 4.7536238], [-74.1110968, 4.7515972], [-74.1120061, 4.7518411], [-74.1129706, 4.7521019], [-74.1143657, 4.7523344], [-74.1159923, 4.7526055], [-74.1176231, 4.7528343], [-74.1177465, 4.7522072], [-74.1178182, 4.7518436], [-74.118647, 4.7520229], [-74.1188395, 4.7524369], [-74.1190986, 4.7524921], [-74.119355, 4.7525468], [-74.119642, 4.752608], [-74.1198885, 4.7526606], [-74.1201558, 4.7527176], [-74.1204289, 4.7527758], [-74.1207078, 4.7528353], [-74.1209983, 4.7528973], [-74.1212658, 4.7529543], [-74.1215224, 4.7530091], [-74.121787, 4.7530655], [-74.1220469, 4.753121], [-74.1223267, 4.7531807], [-74.1225893, 4.7532366], [-74.1228355, 4.7532892], [-74.1230562, 4.7523152], [-74.1233247, 4.7523722], [-74.1236169, 4.7524341], [-74.1233247, 4.7523722], [-74.1230562, 4.7523152], [-74.1228355, 4.7532892], [-74.1225893, 4.7532366], [-74.1223267, 4.7531807], [-74.1220469, 4.753121], [-74.121787, 4.7530655], [-74.1215224, 4.7530091], [-74.1212658, 4.7529543], [-74.1209983, 4.7528973], [-74.1207078, 4.7528353], [-74.1204289, 4.7527758], [-74.1201558, 4.7527176], [-74.1198885, 4.7526606], [-74.119642, 4.752608], [-74.119355, 4.7525468], [-74.1190986, 4.7524921], [-74.1188395, 4.7524369], [-74.1185649, 4.7523799], [-74.1177465, 4.7522072], [-74.1161364, 4.7518675], [-74.1137076, 4.7513551], [-74.1130151, 4.752014], [-74.1129706, 4.7521019], [-74.1120061, 4.7518411], [-74.1110968, 4.7515972], [-74.109141, 4.7510727], [-74.1093205, 4.7501573], [-74.109351, 4.7500436], [-74.1079341, 4.7497565], [-74.1055664, 4.7492766], [-74.1049436, 4.7502961], [-74.1045602, 4.7509227], [-74.1036896, 4.7504816], [-74.1024049, 4.7498331], [-74.1022092, 4.7497361], [-74.1002774, 4.7488195], [-74.0978319, 4.7476085], [-74.0970972, 4.747011], [-74.096632, 4.746649], [-74.0963848, 4.7464588], [-74.0962697, 4.7463705], [-74.0961133, 4.7466696], [-74.0962291, 4.7467596], [-74.0965314, 4.7469943], [-74.0968971, 4.7472629], [-74.0989714, 4.7483857], [-74.0993538, 4.7485664]]}}, {"type": "Feature", "properties": {"ruta": "11-10PICO"}, "geometry": {"type": "LineString", "coordinates": [[-74.1120061, 4.7518411], [-74.1129706, 4.7521019], [-74.1143657, 4.7523344], [-74.1159923, 4.7526055], [-74.1176231, 4.7528343], [-74.1177465, 4.7522072], [-74.1178182, 4.7518436], [-74.118647, 4.7520229], [-74.1188395, 4.7524369], [-74.1190986, 4.7524921], [-74.119355, 4.7525468], [-74.119642, 4.752608], [-74.1198885, 4.7526606], [-74.1201558, 4.7527176], [-74.1204289, 4.7527758], [-74.1207078, 4.7528353], [-74.1209983, 4.7528973], [-74.1212658, 4.7529543], [-74.1215224, 4.7530091], [-74.121787, 4.7530655], [-74.1220469, 4.753121], [-74.1223267, 4.7531807], [-74.1225893, 4.7532366], [-74.1228355, 4.7532892], [-74.1230562, 4.7523152], [-74.1233247, 4.7523722], [-74.1236169, 4.7524341], [-74.1233247, 4.7523722], [-74.1230562, 4.7523152], [-74.1228355, 4.7532892], [-74.1225893, 4.7532366], [-74.1223267, 4.7531807], [-74.1220469, 4.753121], [-74.121787, 4.7530655], [-74.1215224, 4.7530091], [-74.1212658, 4.7529543], [-74.1209983, 4.7528973], [-74.1207078, 4.7528353], [-74.1204289, 4.7527758], [-74.1201558, 4.7527176], [-74.1198885, 4.7526606], [-74.119642, 4.752608], [-74.119355, 4.7525468], [-74.1190986, 4.7524921], [-74.1188395, 4.7524369], [-74.1185649, 4.7523799], [-74.1177465, 4.7522072], [-74.1161364, 4.7518675], [-74.1137076, 4.7513551], [-74.1130151, 4.752014], [-74.1129706, 4.7521019], [-74.1120061, 4.7518411]]}}, {"type": "Feature", "properties": {"ruta": "11-2"}, "geometry": {"type": "LineString", "coordinates": [[-74.0978319, 4.7476085], [-74.0970972, 4.747011], [-74.096632, 4.746649], [-74.0963848, 4.7464588], [-74.0962697, 4.7463705], [-74.0961133, 4.7466696], [-74.0962291, 4.7467596], [-74.0965314, 4.7469943], [-74.0968971, 4.7472629], [-74.0989714, 4.7483857], [-74.0993538, 4.7485664], [-74.1004821, 4.7491072], [-74.1007632, 4.7492413], [-74.1026209, 4.7501521], [-74.1036106, 4.750643], [-74.1044559, 4.7510741], [-74.1045602, 4.7509227], [-74.1049436, 4.7502961], [-74.109141, 4.7510727], [-74.1086039, 4.7528288], [-74.1085621, 4.7529133], [-74.1102958, 4.7537069], [-74.1103514, 4.7536238], [-74.1110968, 4.7515972], [-74.109141, 4.7510727], [-74.1093205, 4.7501573], [-74.109351, 4.7500436], [-74.1079341, 4.7497565], [-74.1055664, 4.7492766], [-74.1049436, 4.7502961], [-74.1045602, 4.7509227], [-74.1036896, 4.7504816], [-74.1024049, 4.7498331], [-74.1022092, 4.7497361], [-74.1002774, 4.7488195], [-74.0978319, 4.7476085], [-74.0970972, 4.747011], [-74.096632, 4.746649], [-74.0963848, 4.7464588], [-74.0962697, 4.7463705], [-74.0961133, 4.7466696], [-74.0962291, 4.7467596], [-74.0965314, 4.7469943], [-74.0968971, 4.7472629], [-74.0989714, 4.7483857], [-74.0993538, 4.7485664]]}}, {"type": "Feature", "properties": {"ruta": "11-2C"}, "geometry": {"type": "LineString", "coordinates": [[-74.1004821, 4.7491072], [-74.0997753, 4.7506238], [-74.0998507, 4.7506631], [-74.1018352, 4.7516847], [-74.103469, 4.7525257], [-74.1042724, 4.7515304], [-74.1044559, 4.7510741], [-74.1045602, 4.7509227], [-74.1049436, 4.7502961], [-74.109141, 4.7510727], [-74.1086039, 4.7528288], [-74.1085621, 4.7529133], [-74.1102958, 4.7537069], [-74.1103514, 4.7536238], [-74.1110968, 4.7515972], [-74.109141, 4.7510727], [-74.1093205, 4.7501573], [-74.109351, 4.7500436], [-74.1079341, 4.7497565], [-74.1055664, 4.7492766], [-74.1049436, 4.7502961], [-74.1045602, 4.7509227], [-74.1036896, 4.7504816], [-74.1024049, 4.7498331], [-74.1022092, 4.7497361], [-74.1002774, 4.7488195], [-74.0978319, 4.7476085], [-74.0970972, 4.747011], [-74.096632, 4.746649], [-74.0963848, 4.7464588], [-74.0962697, 4.7463705], [-74.0961133, 4.7466696], [-74.0962291, 4.7467596], [-74.0965314, 4.7469943], [-74.0968971, 4.7472629], [-74.0989714, 4.7483857], [-74.0993538, 4.7485664]]}}, {"type": "Feature", "properties": {"ruta": "11-3"}, "geometry": {"type": "LineString", "coordinates": [[-74.0983646, 4.7420395], [-74.098503, 4.7416851], [-74.0994287, 4.7389505], [-74.1008552, 4.7395284], [-74.1010399, 4.7391385], [-74.1011766, 4.738849], [-74.1013635, 4.7384531], [-74.0998272, 4.737807], [-74.1013635, 4.7384531], [-74.101505, 4.7381531], [-74.1016455, 4.7378557], [-74.1018712, 4.7373774], [-74.1021312, 4.7368263], [-74.1019761, 4.7367418], [-74.1017313, 4.7366397], [-74.1014139, 4.7365073], [-74.1011349, 4.7363904], [-74.1008879, 4.7362574], [-74.1013153, 4.7352099], [-74.1011349, 4.7363904], [-74.1014139, 4.7365073], [-74.1017313, 4.7366397], [-74.1019761, 4.7367418], [-74.1021312, 4.7368263], [-74.102193, 4.7368931], [-74.1024214, 4.737027], [-74.1026921, 4.7371406], [-74.1030582, 4.7372943], [-74.1037187, 4.7375698], [-74.1041474, 4.7377414], [-74.1054975, 4.7382818], [-74.1057445, 4.7381609], [-74.1065355, 4.7369171], [-74.1071707, 4.7359184], [-74.1072121, 4.7358533], [-74.1074396, 4.7343068], [-74.1064632, 4.7336553], [-74.1074396, 4.7343068], [-74.1072121, 4.7358533], [-74.1071707, 4.7359184], [-74.1065355, 4.7369171], [-74.1057445, 4.7381609], [-74.1054975, 4.7382818], [-74.1041474, 4.7377414], [-74.1037187, 4.7375698], [-74.1030582, 4.7372943], [-74.1026921, 4.7371406], [-74.1024214, 4.737027], [-74.102193, 4.7368931], [-74.1021312, 4.7368263], [-74.1019761, 4.7367418], [-74.1017313, 4.7366397], [-74.1014139, 4.7365073], [-74.1011349, 4.7363904], [-74.1008879, 4.7362574], [-74.100652, 4.7361303], [-74.100189, 4.7359287], [-74.0999896, 4.7358435], [-74.0998601, 4.7357876], [-74.0998483, 4.735862], [-74.09978, 4.7363406], [-74.099467, 4.7379469], [-74.0983632, 4.7416332], [-74.0981686, 4.7415622], [-74.0981533, 4.7415566], [-74.0974676, 4.7413073], [-74.0971625, 4.7411963], [-74.0966963, 4.7410268], [-74.0964164, 4.740925], [-74.0965811, 4.7404718], [-74.0966581, 4.7402599], [-74.0967802, 4.7399238], [-74.0968866, 4.739631], [-74.0971168, 4.7389973], [-74.0986235, 4.7406446]]}}, {"type": "Feature", "properties": {"ruta": "11-4"}, "geometry": {"type": "LineString", "coordinates": [[-74.0983646, 4.7420395], [-74.098503, 4.7416851], [-74.0994287, 4.7389505], [-74.1008552, 4.7395284], [-74.1010399, 4.7391385], [-74.1011766, 4.738849], [-74.1013635, 4.7384531], [-74.0998272, 4.737807], [-74.1013635, 4.7384531], [-74.101505, 4.7381531], [-74.1016455, 4.7378557], [-74.1018712, 4.7373774], [-74.1021312, 4.7368263], [-74.1019761, 4.7367418], [-74.1017313, 4.7366397], [-74.1014139, 4.7365073], [-74.1011349, 4.7363904], [-74.1008879, 4.7362574], [-74.100652, 4.7361303], [-74.100189, 4.7359287], [-74.0999896, 4.7358435], [-74.0998601, 4.7357876], [-74.0995902, 4.7356723], [-74.0991311, 4.7354814], [-74.099169, 4.7352784], [-74.0988198, 4.7351617], [-74.0985318, 4.7351293], [-74.0982837, 4.7350335], [-74.0980357, 4.7349309], [-74.0976898, 4.7347879], [-74.0976673, 4.7348425], [-74.0973436, 4.7347338], [-74.0970736, 4.7346432], [-74.0968139, 4.734556], [-74.0965593, 4.7344706], [-74.0962295, 4.7343599], [-74.0961639, 4.7345197], [-74.0944119, 4.7341775], [-74.0948703, 4.7332945], [-74.0945623, 4.7332944], [-74.094371, 4.7333009], [-74.0939656, 4.7332608], [-74.0938896, 4.7332458], [-74.0935134, 4.7338434], [-74.0938896, 4.7332458], [-74.0934502, 4.7331078], [-74.0930329, 4.7337439], [-74.0927777, 4.7335594], [-74.0924757, 4.7333399], [-74.0924046, 4.733491], [-74.0925577, 4.7336097], [-74.0925197, 4.7337346], [-74.092439, 4.734], [-74.0923045, 4.7344423], [-74.0921385, 4.7350024], [-74.0921076, 4.7351064], [-74.0920526, 4.7352643], [-74.0914643, 4.7350839], [-74.090581, 4.7347144], [-74.0905076, 4.7348542], [-74.0902359, 4.734711], [-74.0899167, 4.7353168], [-74.0890707, 4.7350759], [-74.0892576, 4.7347667], [-74.0898664, 4.7336779], [-74.0900272, 4.7332503], [-74.0901826, 4.7328712], [-74.0903904, 4.732341], [-74.090932, 4.7326533], [-74.0914545, 4.7329475], [-74.0921988, 4.733368], [-74.0922181, 4.7331949], [-74.0899522, 4.7319799], [-74.0892883, 4.7315776], [-74.0888027, 4.7313131], [-74.0884747, 4.7310887], [-74.0879681, 4.7297249], [-74.0882088, 4.7291206], [-74.0883695, 4.7288101], [-74.0892394, 4.7292495], [-74.0893732, 4.7289105], [-74.0886836, 4.7285141], [-74.0893732, 4.7289105], [-74.0897307, 4.7279741], [-74.0898766, 4.7277074], [-74.0898998, 4.7276782], [-74.0896655, 4.727566], [-74.0900467, 4.726537], [-74.0897437, 4.7263854], [-74.0896821, 4.7263546], [-74.0892682, 4.7261476], [-74.0889293, 4.7259868], [-74.0888381, 4.7259533], [-74.0888013, 4.7262737], [-74.0888143, 4.7268985], [-74.0888195, 4.7272179], [-74.0887266, 4.7278666], [-74.088027, 4.729238], [-74.087868, 4.7297922], [-74.0879681, 4.7297249], [-74.0882088, 4.7291206], [-74.0883695, 4.7288101], [-74.0889155, 4.7272756], [-74.0889195, 4.7271095], [-74.0889293, 4.7259868], [-74.0888381, 4.7259533], [-74.0888013, 4.7262737], [-74.0888143, 4.7268985], [-74.0888195, 4.7272179], [-74.0887266, 4.7278666], [-74.088027, 4.729238], [-74.087868, 4.7297922], [-74.0886127, 4.7313178], [-74.0897233, 4.7319307], [-74.0903904, 4.732341], [-74.090932, 4.7326533], [-74.0914545, 4.7329475], [-74.0921988, 4.733368], [-74.0922181, 4.7331949], [-74.0926274, 4.7323493], [-74.092957, 4.7325079], [-74.0930565, 4.7325558], [-74.093631, 4.7328323], [-74.0934502, 4.7331078], [-74.0930329, 4.7337439], [-74.0927777, 4.7335594], [-74.0924757, 4.7333399], [-74.0924046, 4.733491], [-74.0925577, 4.7336097], [-74.0934106, 4.7341586], [-74.0943342, 4.7344061], [-74.0952678, 4.7345442], [-74.0963408, 4.7348733], [-74.0975133, 4.7352153], [-74.0978143, 4.7352851], [-74.09978, 4.7363406], [-74.099467, 4.7379469], [-74.0983632, 4.7416332], [-74.0981686, 4.7415622], [-74.0981533, 4.7415566], [-74.0974676, 4.7413073], [-74.0971625, 4.7411963], [-74.0966963, 4.7410268], [-74.0964164, 4.740925], [-74.0965811, 4.7404718], [-74.0966581, 4.7402599], [-74.0967802, 4.7399238], [-74.0968866, 4.739631], [-74.0971168, 4.7389973], [-74.0986235, 4.7406446]]}}, {"type": "Feature", "properties": {"ruta": "11-4CIR"}, "geometry": {"type": "LineString", "coordinates": [[-74.0982837, 4.7350335], [-74.0980357, 4.7349309], [-74.0976898, 4.7347879], [-74.0976673, 4.7348425], [-74.0973436, 4.7347338], [-74.0970736, 4.7346432], [-74.0968139, 4.734556], [-74.0965593, 4.7344706], [-74.0962295, 4.7343599], [-74.0961639, 4.7345197], [-74.0944119, 4.7341775], [-74.0930329, 4.7337439], [-74.0927777, 4.7335594], [-74.0924757, 4.7333399], [-74.0924046, 4.733491], [-74.0925577, 4.7336097], [-74.0925197, 4.7337346], [-74.092439, 4.734], [-74.0923045, 4.7344423], [-74.0921385, 4.7350024], [-74.0921076, 4.7351064], [-74.0920526, 4.7352643], [-74.0919359, 4.7355996], [-74.0918933, 4.7357218], [-74.0918356, 4.7358876], [-74.0917258, 4.7361244], [-74.0914623, 4.7366923], [-74.0918585, 4.7368264], [-74.0919261, 4.7368493], [-74.0922288, 4.7369518], [-74.0923819, 4.7370036], [-74.0927652, 4.7371334], [-74.0929933, 4.7372106], [-74.0932543, 4.7372989], [-74.0935643, 4.7374039], [-74.0939883, 4.7375474], [-74.0946322, 4.7377654], [-74.0952121, 4.7379806], [-74.0954466, 4.7380677], [-74.0963272, 4.7380439], [-74.0964276, 4.7378045], [-74.0965307, 4.7375584], [-74.096636, 4.7373074], [-74.096779, 4.7369664], [-74.0970085, 4.7364192], [-74.0975133, 4.7352153], [-74.0978143, 4.7352851]]}}, {"type": "Feature", "properties": {"ruta": "11-5"}, "geometry": {"type": "LineString", "coordinates": [[-74.0983646, 4.7420395], [-74.098503, 4.7416851], [-74.0994287, 4.7389505], [-74.1008552, 4.7395284], [-74.1010399, 4.7391385], [-74.1011766, 4.738849], [-74.1013635, 4.7384531], [-74.0998272, 4.737807], [-74.1013635, 4.7384531], [-74.101505, 4.7381531], [-74.1016455, 4.7378557], [-74.1018712, 4.7373774], [-74.1021312, 4.7368263], [-74.1019761, 4.7367418], [-74.1017313, 4.7366397], [-74.1014139, 4.7365073], [-74.1011349, 4.7363904], [-74.1008879, 4.7362574], [-74.100652, 4.7361303], [-74.100857, 4.7356139], [-74.1009552, 4.7353723], [-74.10027, 4.735082], [-74.1009552, 4.7353723], [-74.101064, 4.7351044], [-74.1011664, 4.7348689], [-74.1012804, 4.7346065], [-74.1013839, 4.7343684], [-74.1015012, 4.7340819], [-74.1012575, 4.7339764], [-74.1013913, 4.733644], [-74.1014899, 4.7333989], [-74.1015876, 4.7331564], [-74.1014063, 4.7330811], [-74.1015023, 4.7328479], [-74.1016137, 4.7325775], [-74.1017199, 4.7323194], [-74.1018234, 4.7320679], [-74.1019364, 4.7317929], [-74.1014148, 4.7315712], [-74.1011629, 4.7314641], [-74.1009146, 4.7313585], [-74.1011629, 4.7314641], [-74.1016232, 4.7303715], [-74.101424, 4.7302716], [-74.1013847, 4.7302519], [-74.1008788, 4.7299982], [-74.1007666, 4.7299435], [-74.1006087, 4.7298693], [-74.1001867, 4.7296733], [-74.0998401, 4.7295057], [-74.0996938, 4.7298499], [-74.0995603, 4.730164], [-74.0999061, 4.7302993], [-74.100457, 4.7305148], [-74.1003895, 4.7309179], [-74.1003522, 4.7311877], [-74.100317, 4.731458], [-74.1002663, 4.7317338], [-74.100223, 4.732017], [-74.100181, 4.732287], [-74.1001326, 4.7326105], [-74.1000846, 4.7329735], [-74.1000479, 4.7332288], [-74.1000139, 4.733548], [-74.0999872, 4.7337952], [-74.0997975, 4.7346198], [-74.0997281, 4.7348741], [-74.0996809, 4.7351266], [-74.098945, 4.7348468], [-74.0988198, 4.7351617], [-74.0985318, 4.7351293], [-74.0982837, 4.7350335], [-74.0980357, 4.7349309], [-74.0976898, 4.7347879], [-74.0976673, 4.7348425], [-74.0976063, 4.7349902], [-74.0975133, 4.7352153], [-74.0978143, 4.7352851], [-74.09978, 4.7363406], [-74.099467, 4.7379469], [-74.0983632, 4.7416332], [-74.0981686, 4.7415622], [-74.0981533, 4.7415566], [-74.0974676, 4.7413073], [-74.0971625, 4.7411963], [-74.0966963, 4.7410268], [-74.0964164, 4.740925], [-74.0965811, 4.7404718], [-74.0966581, 4.7402599], [-74.0967802, 4.7399238], [-74.0968866, 4.739631], [-74.0971168, 4.7389973], [-74.0986235, 4.7406446]]}}, {"type": "Feature", "properties": {"ruta": "11-6"}, "geometry": {"type": "LineString", "coordinates": [[-74.0912068, 4.7552005], [-74.0906221, 4.7550205], [-74.0910159, 4.753936], [-74.091272, 4.7540012], [-74.0918038, 4.7541536], [-74.0920848, 4.7542657], [-74.0921971, 4.7543315], [-74.0924255, 4.7544983], [-74.0929571, 4.7548808], [-74.0927933, 4.7553808], [-74.0926764, 4.7557422], [-74.0925311, 4.756182], [-74.0919293, 4.758083], [-74.0916071, 4.7582639], [-74.0914295, 4.7584602], [-74.0911497, 4.7582061], [-74.0910568, 4.7582849], [-74.0904218, 4.7581518], [-74.0910568, 4.7582849], [-74.0911497, 4.7582061], [-74.0914295, 4.7584602], [-74.0916071, 4.7582639], [-74.0919293, 4.758083], [-74.0925311, 4.756182], [-74.0926764, 4.7557422], [-74.0927933, 4.7553808], [-74.0929571, 4.7548808], [-74.0941556, 4.7557406], [-74.0944422, 4.7559505], [-74.0946678, 4.7561064], [-74.0956448, 4.7544454], [-74.0964466, 4.7549272], [-74.0972267, 4.755396], [-74.0973009, 4.7554406], [-74.0983173, 4.7560041], [-74.0988662, 4.7563047], [-74.0991695, 4.756466], [-74.1000047, 4.7569099], [-74.1002458, 4.7570381], [-74.1005486, 4.757199], [-74.1008273, 4.7567422], [-74.1020371, 4.7574702], [-74.1027793, 4.757686], [-74.1032527, 4.7556976], [-74.1016996, 4.7553217], [-74.1015575, 4.7555453], [-74.1008273, 4.7567422], [-74.1005486, 4.757199], [-74.1002458, 4.7570381], [-74.1000047, 4.7569099], [-74.0991695, 4.756466], [-74.0991895, 4.7564349], [-74.0991695, 4.756466], [-74.0988662, 4.7563047], [-74.0983173, 4.7560041], [-74.0973009, 4.7554406], [-74.0982361, 4.7537885], [-74.0982745, 4.7537088], [-74.0981937, 4.7536668], [-74.0966127, 4.7528319], [-74.09542, 4.7521958]]}}, {"type": "Feature", "properties": {"ruta": "11-7"}, "geometry": {"type": "LineString", "coordinates": [[-74.0929555, 4.7529232], [-74.0940854, 4.7535157], [-74.0956448, 4.7544454], [-74.0946678, 4.7561064], [-74.0944422, 4.7559505], [-74.0941556, 4.7557406], [-74.0929571, 4.7548808], [-74.0924255, 4.7544983], [-74.0921971, 4.7543315], [-74.0920848, 4.7542657], [-74.0918038, 4.7541536], [-74.091272, 4.7540012], [-74.0910159, 4.753936], [-74.0905834, 4.7538292], [-74.089533, 4.75331], [-74.0881855, 4.7526735], [-74.087768, 4.7524458], [-74.0872217, 4.7521464], [-74.0863716, 4.7517049], [-74.0858853, 4.751429], [-74.085681, 4.7513141], [-74.0853881, 4.7511389], [-74.0863065, 4.7493133], [-74.0849249, 4.7488047], [-74.0852906, 4.7479998], [-74.0839963, 4.7474575], [-74.0833721, 4.748756], [-74.0829324, 4.749762], [-74.0838444, 4.7502677], [-74.0851635, 4.7510119], [-74.0853881, 4.7511389], [-74.085681, 4.7513141], [-74.0858853, 4.751429], [-74.0863716, 4.7517049], [-74.0872217, 4.7521464], [-74.087768, 4.7524458], [-74.0881855, 4.7526735], [-74.0884289, 4.7528214], [-74.0887443, 4.7529882], [-74.0894933, 4.7533845], [-74.0899612, 4.7536042], [-74.0905834, 4.7538292], [-74.0910159, 4.753936], [-74.091272, 4.7540012], [-74.0918038, 4.7541536], [-74.0920848, 4.7542657], [-74.0921971, 4.7543315], [-74.0923901, 4.7539943], [-74.0929555, 4.7529232]]}}, {"type": "Feature", "properties": {"ruta": "11-8"}, "geometry": {"type": "LineString", "coordinates": [[-74.1007964, 4.7425209], [-74.1011384, 4.7426416], [-74.101353, 4.742716], [-74.1017788, 4.7428636], [-74.1021686, 4.7429934], [-74.1025538, 4.7431193], [-74.1026721, 4.7431579], [-74.1029254, 4.7432453], [-74.103024, 4.7432794], [-74.1032539, 4.7433587], [-74.1039326, 4.7436214], [-74.1042635, 4.7437502], [-74.1048352, 4.7439849], [-74.1052321, 4.7441499], [-74.1055713, 4.744298], [-74.1065474, 4.7447244], [-74.107677, 4.7451603], [-74.1079776, 4.745282], [-74.1082545, 4.7453941], [-74.1084484, 4.7454622], [-74.1084357, 4.7455549], [-74.1092125, 4.7463267], [-74.1101448, 4.7471883], [-74.11036, 4.7472074], [-74.1106379, 4.7472322], [-74.1108831, 4.747254], [-74.1111958, 4.7472818], [-74.1115651, 4.747319], [-74.1122427, 4.7473873], [-74.1123313, 4.7467112], [-74.1122427, 4.7473873], [-74.1134459, 4.7475085], [-74.1135526, 4.7475192], [-74.1140385, 4.7469052], [-74.1142172, 4.7469229], [-74.1143958, 4.7469407], [-74.1148178, 4.7464166], [-74.1147609, 4.7469765], [-74.1150289, 4.7470027], [-74.1151484, 4.7458392], [-74.1149292, 4.745792], [-74.1151772, 4.7448816], [-74.1155029, 4.7443129], [-74.1159274, 4.7438816], [-74.1163471, 4.7432938], [-74.116796, 4.7426503], [-74.1159499, 4.7420424], [-74.115819, 4.7419484], [-74.1156614, 4.7418352], [-74.1155425, 4.7417498], [-74.115311, 4.7415835], [-74.1152249, 4.7415216], [-74.1150516, 4.7413886], [-74.1149826, 4.7413356], [-74.114579, 4.7418666], [-74.1143614, 4.7417167], [-74.1142433, 4.7416352], [-74.1140247, 4.7414846], [-74.1137696, 4.7413089], [-74.1132884, 4.7419693], [-74.1130662, 4.7418051], [-74.1128231, 4.7419813], [-74.1126065, 4.7421389], [-74.1123876, 4.7422907], [-74.1121527, 4.742455], [-74.1119023, 4.742641], [-74.1111566, 4.743195], [-74.1103737, 4.7437764], [-74.1101169, 4.7439672], [-74.1098884, 4.744137], [-74.1096772, 4.7442938], [-74.1095099, 4.7444181], [-74.1094521, 4.744463], [-74.1087059, 4.7450432], [-74.1082545, 4.7453941], [-74.1079776, 4.745282], [-74.107677, 4.7451603], [-74.1065474, 4.7447244], [-74.1055713, 4.744298], [-74.1052321, 4.7441499], [-74.1048352, 4.7439849], [-74.1042635, 4.7437502], [-74.1039326, 4.7436214], [-74.1032539, 4.7433587], [-74.103024, 4.7432794], [-74.1029254, 4.7432453], [-74.1026721, 4.7431579], [-74.1025538, 4.7431193], [-74.1021686, 4.7429934], [-74.1017788, 4.7428636]]}}, {"type": "Feature", "properties": {"ruta": "11-9"}, "geometry": {"type": "LineString", "coordinates": [[-74.1101448, 4.7471883], [-74.11036, 4.7472074], [-74.1106379, 4.7472322], [-74.1108831, 4.747254], [-74.1111958, 4.7472818], [-74.1115651, 4.747319], [-74.1122427, 4.7473873], [-74.1134459, 4.7475085], [-74.1135526, 4.7475192], [-74.1140385, 4.7469052], [-74.1142172, 4.7469229], [-74.1143958, 4.7469407], [-74.1144988, 4.7469509], [-74.1147609, 4.7469765], [-74.1150289, 4.7470027], [-74.1153066, 4.7470298], [-74.1155653, 4.7470551], [-74.1158325, 4.7470812], [-74.1161035, 4.7471076], [-74.1163954, 4.7471361], [-74.1166823, 4.7471642], [-74.1169635, 4.7471916], [-74.1172255, 4.7472172], [-74.1174895, 4.747243], [-74.1177158, 4.7472649], [-74.1177568, 4.7472689], [-74.1180247, 4.7472949], [-74.1182949, 4.7473211], [-74.1185813, 4.7473488], [-74.1188451, 4.7473744], [-74.1191475, 4.7474037], [-74.1194182, 4.7474299], [-74.1196824, 4.7474555], [-74.1199513, 4.7474816], [-74.1202096, 4.7475066], [-74.1204905, 4.7475339], [-74.120509, 4.7472351], [-74.1204194, 4.7472], [-74.1202235, 4.7466412], [-74.1205043, 4.7465376], [-74.120759, 4.7464493], [-74.1210301, 4.7463554], [-74.1213144, 4.7462569], [-74.1215882, 4.746162], [-74.1218548, 4.7460696], [-74.1221456, 4.7459689], [-74.1224249, 4.7458721], [-74.1226865, 4.7457814], [-74.1229558, 4.7456881], [-74.1232241, 4.7455952], [-74.123496, 4.7455009], [-74.12378, 4.7454025], [-74.1241055, 4.7452898], [-74.1246722, 4.7450934], [-74.12503, 4.7449694], [-74.1255626, 4.7447848], [-74.1259445, 4.7446525], [-74.1262091, 4.7445608], [-74.1264863, 4.7444648], [-74.1267716, 4.7443659], [-74.1270187, 4.7442803], [-74.127294, 4.7441849], [-74.126942, 4.7431653], [-74.1267705, 4.7427811], [-74.1266482, 4.7425073], [-74.1265342, 4.742252], [-74.1264097, 4.7419729], [-74.1262905, 4.741706], [-74.1260186, 4.7418162], [-74.1257467, 4.7419263], [-74.1254929, 4.7420291], [-74.1252353, 4.7421335], [-74.1249962, 4.7415992], [-74.1247465, 4.7417019], [-74.1243126, 4.7418805], [-74.124222, 4.7416528], [-74.1241185, 4.741394], [-74.1240186, 4.7411439], [-74.123922, 4.740902], [-74.1238098, 4.7406212], [-74.1237827, 4.7405534], [-74.1237149, 4.7403838], [-74.1227931, 4.7407293], [-74.1219962, 4.7413572], [-74.1220988, 4.7416094], [-74.122196, 4.7418482], [-74.1223027, 4.7421105], [-74.1224106, 4.7423758], [-74.1225107, 4.742622], [-74.1226119, 4.7428707], [-74.1227256, 4.7431502], [-74.1217962, 4.7435201], [-74.1213856, 4.7436835], [-74.1209319, 4.7438641], [-74.1200274, 4.7442241], [-74.1191626, 4.7445683], [-74.118338, 4.7449565], [-74.1181245, 4.7451571], [-74.1178286, 4.745183], [-74.1175476, 4.7451908], [-74.1171639, 4.7451918], [-74.1168593, 4.7450554], [-74.1166758, 4.7449549], [-74.1166217, 4.7449253], [-74.1164416, 4.7448267], [-74.1162063, 4.7446979], [-74.1159836, 4.744576], [-74.1157592, 4.7444531], [-74.1155029, 4.7443129], [-74.1147664, 4.7439079], [-74.1145149, 4.7437681], [-74.1142854, 4.7436405], [-74.1142279, 4.7436085], [-74.1140664, 4.7435188], [-74.1136334, 4.7432781], [-74.1133709, 4.7431321], [-74.1132122, 4.7434144], [-74.1130858, 4.74364], [-74.1129541, 4.7438746], [-74.1127905, 4.7441659], [-74.1124937, 4.7451746], [-74.1115824, 4.7449435], [-74.1112778, 4.7461992], [-74.1111958, 4.7472818], [-74.1115651, 4.747319], [-74.1113836, 4.7486575], [-74.1113033, 4.7489527]]}}, {"type": "Feature", "properties": {"ruta": "111"}, "geometry": {"type": "LineString", "coordinates": [[-74.0838835, 4.5347186], [-74.084012, 4.534604], [-74.085092, 4.534037], [-74.0852799, 4.5335646], [-74.0852426, 4.5324268], [-74.0857669, 4.5324659], [-74.086124, 4.5323005], [-74.0862317, 4.5322042], [-74.0854083, 4.5315331], [-74.0855785, 4.5311103], [-74.0858836, 4.5303529], [-74.0855785, 4.5311103], [-74.0854083, 4.5315331], [-74.0862317, 4.5322042], [-74.086124, 4.5323005], [-74.0861812, 4.5325356], [-74.0863025, 4.5325546], [-74.0867467, 4.5326181], [-74.0871871, 4.5326809], [-74.0876525, 4.5327474], [-74.0880879, 4.5328125], [-74.08829, 4.5325121], [-74.0889776, 4.532225], [-74.0892866, 4.5319615], [-74.089584, 4.5317036], [-74.0898715, 4.5314152], [-74.0897558, 4.530991], [-74.0899506, 4.5305301], [-74.090303, 4.530008], [-74.090275, 4.5311254], [-74.0906875, 4.5311183], [-74.0906856, 4.5319089], [-74.0906828, 4.5330836], [-74.0906921, 4.5346001], [-74.0911068, 4.5362992], [-74.0914309, 4.5367232], [-74.0912328, 4.5380124], [-74.0912252, 4.53855], [-74.0915809, 4.5397219], [-74.0913301, 4.5400761], [-74.0911129, 4.5403221], [-74.0908487, 4.5405028], [-74.0899535, 4.5402877], [-74.0898777, 4.5402524], [-74.0890467, 4.5398659], [-74.0886036, 4.540172], [-74.0874449, 4.5407307], [-74.0874235, 4.5407769], [-74.0869683, 4.5404659], [-74.0880352, 4.5398902], [-74.0869683, 4.5404659], [-74.0874235, 4.5407769], [-74.0872292, 4.5422687], [-74.0874112, 4.5423259], [-74.087665, 4.5427676], [-74.0876861, 4.5428116], [-74.0879321, 4.5431288], [-74.0879969, 4.543208], [-74.088317, 4.5437374], [-74.088321, 4.5437707], [-74.0879568, 4.5445752], [-74.087765, 4.5449409], [-74.0876143, 4.5452932], [-74.087564, 4.545411], [-74.0874567, 4.5456619], [-74.0871737, 4.5462536], [-74.0871474, 4.5463095], [-74.0869159, 4.5468016], [-74.0866991, 4.5472625], [-74.086633, 4.5474029], [-74.0865271, 4.5476323], [-74.086302, 4.54812], [-74.0865885, 4.550124], [-74.0863521, 4.5506574], [-74.0863436, 4.5507581], [-74.086298, 4.551438], [-74.0863064, 4.5515127], [-74.0859921, 4.5516842], [-74.0858564, 4.5517582], [-74.08583, 4.5520772], [-74.0856015, 4.5529534], [-74.0853721, 4.5537338], [-74.0859164, 4.5538812], [-74.0860955, 4.5539297], [-74.0871183, 4.5539105], [-74.0876234, 4.5542317], [-74.0882048, 4.5549462], [-74.0882677, 4.5550338], [-74.0885593, 4.5559], [-74.0885795, 4.5559607], [-74.0886394, 4.5561398], [-74.0889746, 4.5571538], [-74.0891145, 4.5575866], [-74.0893305, 4.5578606], [-74.0897712, 4.5582468], [-74.0901505, 4.5585709], [-74.090635, 4.5589621], [-74.0903279, 4.5594076], [-74.0898753, 4.5599356], [-74.0897335, 4.5605603], [-74.0896275, 4.5608179], [-74.089267, 4.5614442], [-74.0890445, 4.5619331], [-74.0889381, 4.5624099], [-74.0885496, 4.5633412], [-74.0876571, 4.5642979], [-74.0872508, 4.5643384], [-74.0870824, 4.5642636], [-74.0867773, 4.5640888], [-74.0861456, 4.5640921], [-74.0861977, 4.5644459], [-74.0862496, 4.5648461], [-74.0861585, 4.5655663], [-74.0862738, 4.5661822], [-74.0863983, 4.566806], [-74.0864991, 4.5674506], [-74.0858017, 4.5686771], [-74.0857597, 4.5684958], [-74.0858017, 4.5686771], [-74.0856791, 4.5689007], [-74.0862526, 4.5690943], [-74.0864645, 4.5687181], [-74.086816, 4.568945], [-74.087214, 4.56921], [-74.0875526, 4.5694293], [-74.087349, 4.5697481], [-74.0863111, 4.5692829], [-74.086128, 4.569273], [-74.0858672, 4.5693147], [-74.0855893, 4.5694281], [-74.0855731, 4.5695278], [-74.0884865, 4.5705898], [-74.0887823, 4.571545], [-74.0891019, 4.571389], [-74.0892838, 4.5711866], [-74.0891019, 4.571389], [-74.0896532, 4.5720113], [-74.0900043, 4.5723249], [-74.0900699, 4.5722538], [-74.0901196, 4.5721999], [-74.0901873, 4.5721266], [-74.0904177, 4.5718769], [-74.0901873, 4.5721266], [-74.0901196, 4.5721999], [-74.0900699, 4.5722538], [-74.0906424, 4.5727737], [-74.0911199, 4.5732035], [-74.0910054, 4.5733572], [-74.0915737, 4.573948], [-74.092161, 4.5745513], [-74.092623, 4.5741149], [-74.092161, 4.5745513], [-74.0924667, 4.5748543], [-74.0929768, 4.5743287], [-74.0944418, 4.5757586], [-74.0946147, 4.5759226], [-74.0951313, 4.5763495], [-74.0959987, 4.5769736], [-74.0964026, 4.5772484], [-74.0964859, 4.5773053], [-74.0969344, 4.5776107], [-74.0973838, 4.5779168], [-74.0980342, 4.5783592], [-74.098114, 4.5784133], [-74.0987476, 4.5788435], [-74.0996675, 4.5794704], [-74.0998555, 4.5795995], [-74.1007703, 4.5802147], [-74.1022953, 4.5812505], [-74.1024837, 4.5813946], [-74.1026341, 4.5813148], [-74.1024468, 4.5811688], [-74.101883, 4.5807813], [-74.1021973, 4.5804304], [-74.1028341, 4.5809616], [-74.1024468, 4.5811688], [-74.1022953, 4.5812505], [-74.1024837, 4.5813946], [-74.1030354, 4.5819337], [-74.1035887, 4.5826213], [-74.1032694, 4.5829608], [-74.1028515, 4.5833686], [-74.10243, 4.5837679], [-74.1020158, 4.5841602], [-74.1013276, 4.5848031], [-74.1006301, 4.5854608], [-74.0999565, 4.5861149], [-74.1004786, 4.5866683], [-74.1009525, 4.5871705], [-74.100554, 4.5875516], [-74.1001702, 4.5879186], [-74.0998662, 4.5882093], [-74.099628, 4.5884371], [-74.0993817, 4.5886727], [-74.0996663, 4.5889774], [-74.0995315, 4.5892525], [-74.0990448, 4.5894646], [-74.0989467, 4.5895275], [-74.0990535, 4.5903161], [-74.0988174, 4.5906188], [-74.0985102, 4.5909936], [-74.0982851, 4.5912626], [-74.097868, 4.5917499], [-74.0975335, 4.5921383], [-74.0976009, 4.5922019], [-74.0979553, 4.5917885], [-74.0984412, 4.5922126], [-74.098645, 4.5923905], [-74.0982805, 4.5928064], [-74.0979498, 4.5925154], [-74.0976009, 4.5922019], [-74.0975335, 4.5921383], [-74.0971853, 4.5925426], [-74.0968808, 4.5928962], [-74.0965705, 4.5932692], [-74.0962685, 4.5936323], [-74.0959968, 4.5939591], [-74.0959207, 4.5940505], [-74.096275, 4.5941619], [-74.0965075, 4.5942375], [-74.0962606, 4.5950571], [-74.0960092, 4.5958901], [-74.0957696, 4.5966865], [-74.0955367, 4.5974631], [-74.0953547, 4.5980635], [-74.0951744, 4.5986621], [-74.0949495, 4.5993979], [-74.0949403, 4.5994271], [-74.0948135, 4.5998086], [-74.094662, 4.6002151], [-74.0943727, 4.6008521], [-74.0940547, 4.6014427], [-74.0937832, 4.6018774], [-74.0935049, 4.6023071], [-74.0932317, 4.6027413], [-74.0930418, 4.6030432], [-74.0936091, 4.6034449], [-74.0943041, 4.6039474], [-74.0952688, 4.6046927], [-74.0961535, 4.6054023], [-74.0970796, 4.6061452], [-74.0972963, 4.606319], [-74.0975526, 4.6065639], [-74.0975592, 4.6066498], [-74.0979706, 4.606951], [-74.0980256, 4.6069407], [-74.0989714, 4.6077292], [-74.0994414, 4.6080981], [-74.0999679, 4.6085113], [-74.1017898, 4.6100612], [-74.1030847, 4.6115714], [-74.1034486, 4.6111441], [-74.1025852, 4.610113], [-74.1024651, 4.6099812], [-74.1021197, 4.6096137], [-74.1017921, 4.609281], [-74.100452, 4.6081816], [-74.0998225, 4.6077055], [-74.0991975, 4.6072662], [-74.099007, 4.6071567], [-74.0983026, 4.60662], [-74.0982997, 4.6065178], [-74.0978848, 4.6062057], [-74.0978462, 4.6062123], [-74.0975526, 4.6065639], [-74.0975592, 4.6066498], [-74.0979706, 4.606951], [-74.0980256, 4.6069407], [-74.0989714, 4.6077292], [-74.0994414, 4.6080981], [-74.0999679, 4.6085113], [-74.1017898, 4.6100612], [-74.1030847, 4.6115714], [-74.1042679, 4.6135289], [-74.1045777, 4.614219], [-74.1052483, 4.6160972], [-74.1053965, 4.6167064], [-74.1054648, 4.6170165], [-74.1057739, 4.6169641], [-74.105705, 4.6166306], [-74.1056768, 4.6164957], [-74.1054526, 4.6155323], [-74.1046709, 4.6133304], [-74.1042679, 4.6135289], [-74.1045777, 4.614219], [-74.1052483, 4.6160972], [-74.1053965, 4.6167064], [-74.1054648, 4.6170165], [-74.1054752, 4.6170648], [-74.105702, 4.6184323], [-74.104983, 4.6187644], [-74.1050807, 4.6190072], [-74.1052285, 4.6200196], [-74.1047027, 4.6203848], [-74.1041716, 4.6209594], [-74.1036654, 4.6215176], [-74.1031143, 4.6221232], [-74.1026151, 4.6226918], [-74.1021196, 4.6232512], [-74.1019613, 4.62344], [-74.1011283, 4.6243411], [-74.1002726, 4.6252898], [-74.0998322, 4.6261731], [-74.0997823, 4.6263338], [-74.0997705, 4.6263715], [-74.0994999, 4.6268657], [-74.0996253, 4.6268781], [-74.1007483, 4.6269909], [-74.1008641, 4.6270025], [-74.1020356, 4.6271202], [-74.1027441, 4.6271876], [-74.1034073, 4.6272567], [-74.1040613, 4.6275082], [-74.1053956, 4.6276729], [-74.1071328, 4.6282266], [-74.1073705, 4.6281511], [-74.1086924, 4.6286282], [-74.1090055, 4.6289453], [-74.1092515, 4.6293294], [-74.1096651, 4.6298752], [-74.1100976, 4.6304553], [-74.1105524, 4.6309407], [-74.110955, 4.6313393], [-74.1111234, 4.6313236], [-74.1122223, 4.6324136], [-74.1129008, 4.6330315], [-74.1129663, 4.6332528], [-74.1130838, 4.6333584], [-74.1124901, 4.6339904], [-74.1133951, 4.6348359], [-74.1124901, 4.6339904], [-74.1114459, 4.6350907], [-74.1107092, 4.6343221], [-74.1113341, 4.6335422], [-74.1120104, 4.6327419], [-74.1121789, 4.6325383], [-74.1122223, 4.6324136], [-74.1129008, 4.6330315], [-74.1147324, 4.634639], [-74.1156563, 4.6354012], [-74.116639, 4.6362183], [-74.1198014, 4.6384703], [-74.1202226, 4.6387463], [-74.1220003, 4.640066], [-74.1221541, 4.6401932], [-74.1222856, 4.6401004], [-74.1221307, 4.6399708], [-74.1211153, 4.6391569], [-74.12083, 4.6388242], [-74.1205197, 4.6386212], [-74.1210797, 4.6378486], [-74.1212475, 4.6377927], [-74.12256, 4.6387397], [-74.12222, 4.639887], [-74.1221307, 4.6399708], [-74.1220003, 4.640066], [-74.1219016, 4.6401431], [-74.1220586, 4.6402691], [-74.1229552, 4.641064], [-74.1232449, 4.6415232], [-74.1233075, 4.6417009], [-74.1237927, 4.6441696], [-74.1239632, 4.6439705], [-74.1244577, 4.6462733], [-74.1246709, 4.646767], [-74.1251499, 4.6474626], [-74.12581, 4.6482613], [-74.1272059, 4.6499646], [-74.1282813, 4.6512686], [-74.129447, 4.652506], [-74.1303397, 4.6534573], [-74.1307219, 4.6538582], [-74.1314639, 4.6546435], [-74.1322135, 4.6554352], [-74.1327585, 4.656009], [-74.1339947, 4.6573178], [-74.134825, 4.6582001], [-74.1357743, 4.6593122], [-74.1359813, 4.6595538], [-74.1352561, 4.6601769], [-74.1364196, 4.6588812], [-74.1367862, 4.6584653], [-74.1375616, 4.6575934], [-74.1405547, 4.6554859], [-74.1404294, 4.6552136], [-74.1386649, 4.6566372], [-74.1380807, 4.6560074], [-74.1392702, 4.6548816], [-74.1397201, 4.6544557], [-74.1399536, 4.6542357], [-74.1400937, 4.6541037], [-74.1408118, 4.6534271], [-74.1408653, 4.6534489], [-74.1420315, 4.6539246], [-74.1407723, 4.6549388], [-74.1409264, 4.655192], [-74.1417217, 4.6543757], [-74.1424396, 4.6537569], [-74.1431667, 4.6530274], [-74.1445583, 4.6516867], [-74.1446209, 4.6516266], [-74.1471296, 4.6491589], [-74.147311, 4.6489756], [-74.1472151, 4.6488906], [-74.1469936, 4.649105], [-74.1460267, 4.650084], [-74.1459706, 4.6501403], [-74.144153, 4.6519009], [-74.1435986, 4.652434], [-74.1431277, 4.6528868], [-74.1424862, 4.6535298], [-74.1420315, 4.6539246], [-74.1407723, 4.6549388], [-74.1409264, 4.655192], [-74.1417217, 4.6543757], [-74.1424396, 4.6537569], [-74.1431667, 4.6530274], [-74.1445583, 4.6516867], [-74.1446209, 4.6516266], [-74.1471296, 4.6491589], [-74.147311, 4.6489756], [-74.1472151, 4.6488906], [-74.1469936, 4.649105], [-74.1460267, 4.650084], [-74.1459706, 4.6501403], [-74.144153, 4.6519009], [-74.1435986, 4.652434], [-74.1431277, 4.6528868], [-74.1424862, 4.6535298], [-74.1420315, 4.6539246], [-74.1407723, 4.6549388], [-74.1409264, 4.655192], [-74.1417217, 4.6543757], [-74.1424396, 4.6537569], [-74.1431667, 4.6530274], [-74.1445583, 4.6516867], [-74.1446209, 4.6516266], [-74.1471296, 4.6491589], [-74.147311, 4.6489756], [-74.1472151, 4.6488906], [-74.1469936, 4.649105], [-74.1459674, 4.648001], [-74.1468089, 4.6472037], [-74.1472119, 4.6472008], [-74.1479115, 4.6479606], [-74.1484257, 4.6474696], [-74.1489469, 4.6469719], [-74.1494747, 4.6464678], [-74.1499333, 4.64603], [-74.1501752, 4.645799], [-74.1504722, 4.6455154], [-74.1506137, 4.6456772], [-74.1507062, 4.6457829], [-74.1508018, 4.6456938], [-74.1534529, 4.6432601], [-74.1549785, 4.6419434], [-74.1562086, 4.6409224], [-74.1563765, 4.6409435], [-74.1567192, 4.6406285], [-74.1567239, 4.640529], [-74.1564637, 4.6401971], [-74.1563894, 4.6401799], [-74.1559786, 4.6404264], [-74.1559556, 4.6405285], [-74.154607, 4.6420521], [-74.1542034, 4.642447], [-74.1538614, 4.6427495], [-74.1533916, 4.6431649], [-74.1534529, 4.6432601], [-74.1549785, 4.6419434], [-74.157118, 4.6421813], [-74.157243, 4.6424006], [-74.1577388, 4.6420761], [-74.1580702, 4.6417204], [-74.1578487, 4.6414644], [-74.1576373, 4.6412204], [-74.1578562, 4.6409984], [-74.1580568, 4.6407948], [-74.1578445, 4.6405469], [-74.1576461, 4.6403153], [-74.1574724, 4.6401126], [-74.1576461, 4.6403153], [-74.1578445, 4.6405469], [-74.1580568, 4.6407948], [-74.1578562, 4.6409984], [-74.1576373, 4.6412204], [-74.1578487, 4.6414644], [-74.1580702, 4.6417204], [-74.1577388, 4.6420761], [-74.1567192, 4.6406285], [-74.1567239, 4.640529], [-74.1564637, 4.6401971], [-74.1563894, 4.6401799], [-74.1558213, 4.6388624], [-74.1551786, 4.6380069], [-74.1561418, 4.6374796], [-74.1563974, 4.6373575], [-74.1566363, 4.6372483], [-74.1569083, 4.6371189], [-74.1571673, 4.636995], [-74.157367, 4.6368094], [-74.1575864, 4.6366081], [-74.1581037, 4.6371649], [-74.1583111, 4.6373882], [-74.1584736, 4.6375631], [-74.1586998, 4.6378067], [-74.1589762, 4.6381042], [-74.1586998, 4.6378067], [-74.1599038, 4.6367191], [-74.1609762, 4.6357892], [-74.1613, 4.6354858], [-74.1614938, 4.6353041], [-74.1619662, 4.6348617], [-74.1624835, 4.6343811], [-74.162872, 4.6344842], [-74.1630052, 4.6346271], [-74.1639279, 4.6358199], [-74.1636417, 4.6360384], [-74.1634056, 4.6362186], [-74.1631638, 4.6364032], [-74.1628787, 4.6366209], [-74.1626783, 4.636349], [-74.1625195, 4.6361337], [-74.1617368, 4.636708], [-74.1616049, 4.6365396], [-74.1614087, 4.6366868], [-74.16116, 4.6368736], [-74.1614087, 4.6366868], [-74.1616049, 4.6365396], [-74.1613409, 4.6362025], [-74.1622849, 4.6353039], [-74.1630052, 4.6346271], [-74.1630709, 4.6345703], [-74.1637495, 4.633996], [-74.1649315, 4.6329984], [-74.1658751, 4.6321949], [-74.166024, 4.6320673], [-74.1659029, 4.6319114], [-74.1650602, 4.6326149], [-74.1647262, 4.6328973], [-74.1644585, 4.6331234], [-74.1639033, 4.6335991], [-74.1636993, 4.633775], [-74.1634333, 4.6340046], [-74.1631548, 4.634238], [-74.1629413, 4.6344262], [-74.162872, 4.6344842], [-74.1630052, 4.6346271], [-74.1630709, 4.6345703], [-74.1637495, 4.633996], [-74.1649315, 4.6329984], [-74.1653218, 4.6335769], [-74.1655448, 4.6334278], [-74.1657612, 4.633283], [-74.1659236, 4.6331744], [-74.166122, 4.6330418], [-74.1657506, 4.6325006], [-74.166122, 4.6330418], [-74.1659236, 4.6331744], [-74.1657612, 4.633283], [-74.1655448, 4.6334278], [-74.1653218, 4.6335769], [-74.1649315, 4.6329984], [-74.1658751, 4.6321949], [-74.166024, 4.6320673], [-74.1672257, 4.6310441], [-74.1679196, 4.6304827], [-74.167976, 4.6304353], [-74.1700269, 4.6289276], [-74.1707215, 4.6285591], [-74.170872, 4.6284897], [-74.1707394, 4.6282828], [-74.1706141, 4.62835], [-74.1701381, 4.6286045], [-74.1686026, 4.629664], [-74.1679819, 4.6301721], [-74.1677989, 4.6303169], [-74.1679196, 4.6304827], [-74.167976, 4.6304353], [-74.1700269, 4.6289276], [-74.1702345, 4.6292834], [-74.1707894, 4.6289485], [-74.1702345, 4.6292834], [-74.1703708, 4.6295161], [-74.1705162, 4.6297645], [-74.1705819, 4.6298766], [-74.1706562, 4.6300035], [-74.170793, 4.6302372], [-74.1709257, 4.6304638], [-74.1710524, 4.6306802], [-74.1710681, 4.6307069], [-74.1712049, 4.6309407], [-74.1713351, 4.6311631], [-74.1714772, 4.6314056], [-74.1715632, 4.6315525], [-74.1715998, 4.6316149], [-74.1717077, 4.6317992], [-74.1717418, 4.6318575], [-74.1718473, 4.6320376], [-74.1718828, 4.6320982], [-74.1719788, 4.6322623], [-74.1720185, 4.6323301], [-74.1721431, 4.6325428], [-74.1725722, 4.6323053], [-74.1721431, 4.6325428], [-74.1720185, 4.6323301], [-74.1719788, 4.6322623], [-74.1718828, 4.6320982], [-74.1718473, 4.6320376], [-74.1717418, 4.6318575], [-74.1717077, 4.6317992], [-74.1715998, 4.6316149], [-74.1715632, 4.6315525], [-74.1714772, 4.6314056], [-74.1713351, 4.6311631], [-74.1712049, 4.6309407], [-74.1710681, 4.6307069], [-74.1710524, 4.6306802], [-74.1709257, 4.6304638], [-74.170793, 4.6302372], [-74.1706562, 4.6300035], [-74.1705819, 4.6298766], [-74.1705162, 4.6297645], [-74.1703708, 4.6295161], [-74.1702345, 4.6292834], [-74.1700269, 4.6289276], [-74.1707215, 4.6285591], [-74.170872, 4.6284897], [-74.1737749, 4.6273175], [-74.1747005, 4.6269452], [-74.1757456, 4.6291463], [-74.177627, 4.6321248], [-74.1762951, 4.6327599], [-74.1754247, 4.6332039], [-74.1739552, 4.6339186], [-74.1735479, 4.6339929], [-74.1734299, 4.6337736], [-74.1720294, 4.6345411], [-74.172578, 4.6355722], [-74.172711, 4.6358222], [-74.1728264, 4.6360361], [-74.1729547, 4.636274], [-74.1730476, 4.6364546], [-74.1731232, 4.6365968], [-74.171734, 4.6371135], [-74.1716669, 4.6371428], [-74.1717401, 4.6372725], [-74.1718068, 4.6372438], [-74.1732041, 4.6367181], [-74.1747563, 4.6362305], [-74.1765675, 4.635663], [-74.1787662, 4.6350365], [-74.1799538, 4.6347179], [-74.1800062, 4.6347043], [-74.1823352, 4.633926], [-74.1826902, 4.633783], [-74.1846297, 4.6329957], [-74.1847856, 4.6329331], [-74.185177, 4.6327756], [-74.1871697, 4.6321306], [-74.1887674, 4.6313039], [-74.1888429, 4.6312701], [-74.1887729, 4.6311512], [-74.1883702, 4.6313213], [-74.1877353, 4.6315906], [-74.1868516, 4.6299116], [-74.1872108, 4.6297457], [-74.1874528, 4.6296345], [-74.1877285, 4.6301415], [-74.1880196, 4.6300085], [-74.1882628, 4.6298972], [-74.1883576, 4.6298538], [-74.188511, 4.6297829], [-74.1887828, 4.6296594], [-74.1891069, 4.6295054], [-74.189285, 4.629422], [-74.1893612, 4.6293839], [-74.1896118, 4.6292587], [-74.1897334, 4.6295261], [-74.1901249, 4.6303806], [-74.1897334, 4.6295261], [-74.1900097, 4.629398], [-74.1903934, 4.62922], [-74.1902792, 4.628952], [-74.1905377, 4.6288352], [-74.1907857, 4.6287226], [-74.1909105, 4.6290166], [-74.1910107, 4.6292526], [-74.1916829, 4.6289577], [-74.1918073, 4.6292218], [-74.1919337, 4.6294902], [-74.1920535, 4.6297444], [-74.1919337, 4.6294902], [-74.1925006, 4.6292284], [-74.1924103, 4.6289552], [-74.1923214, 4.6286807], [-74.1923136, 4.6283687], [-74.1922205, 4.6280387], [-74.1921254, 4.6277439], [-74.1919958, 4.6273422], [-74.1917779, 4.6266667], [-74.1919958, 4.6273422], [-74.1921254, 4.6277439], [-74.1922205, 4.6280387], [-74.1923136, 4.6283687], [-74.1923214, 4.6286807], [-74.1946108, 4.627845], [-74.1923214, 4.6286807], [-74.1923136, 4.6283687], [-74.1922205, 4.6280387], [-74.1921254, 4.6277439], [-74.1919958, 4.6273422], [-74.1916442, 4.6274553], [-74.1915549, 4.6271818], [-74.1914137, 4.6267913], [-74.1911874, 4.6261421], [-74.1915197, 4.6260125], [-74.1915615, 4.6259962], [-74.1917689, 4.6259156], [-74.1949966, 4.6279278], [-74.1952436, 4.6281161], [-74.1956274, 4.6286307], [-74.1956916, 4.6287481], [-74.1959177, 4.6292281], [-74.196295, 4.6299632], [-74.1961523, 4.630019], [-74.1963106, 4.6303375], [-74.1963729, 4.6306457], [-74.1971363, 4.632087], [-74.1972582, 4.631972], [-74.1975908, 4.6325873], [-74.1978724, 4.6331107], [-74.1979608, 4.6332749], [-74.1988018, 4.6348019], [-74.19905, 4.6352526], [-74.1996841, 4.6364128], [-74.2002213, 4.6373999], [-74.201279, 4.6391009], [-74.2017451, 4.6388711], [-74.2039386, 4.6387641], [-74.2048833, 4.6383052], [-74.2066829, 4.6374681], [-74.2060808, 4.6361253], [-74.2058831, 4.6356843], [-74.2053112, 4.6344089], [-74.2045094, 4.632623], [-74.2044866, 4.6325727], [-74.2040691, 4.6316523], [-74.2037347, 4.6309176], [-74.2064164, 4.6297665], [-74.206345, 4.6296177], [-74.203667, 4.6307679], [-74.2037347, 4.6309176], [-74.2040691, 4.6316523], [-74.2044866, 4.6325727], [-74.2045094, 4.632623], [-74.2053112, 4.6344089], [-74.2058831, 4.6356843], [-74.2060808, 4.6361253], [-74.2066829, 4.6374681], [-74.2048833, 4.6383052], [-74.2039386, 4.6387641], [-74.2017451, 4.6388711], [-74.201279, 4.6391009], [-74.2002213, 4.6373999], [-74.1996841, 4.6364128], [-74.19905, 4.6352526], [-74.1991884, 4.6351707], [-74.1982923, 4.6335047], [-74.198129, 4.6332079], [-74.1980414, 4.633049], [-74.1978724, 4.6331107], [-74.1975908, 4.6325873], [-74.1972582, 4.631972], [-74.1971363, 4.632087], [-74.1963729, 4.6306457], [-74.1963106, 4.6303375], [-74.1961523, 4.630019], [-74.196295, 4.6299632], [-74.1963857, 4.6299279], [-74.195806, 4.6287231], [-74.1957466, 4.6286014], [-74.1956274, 4.6286307], [-74.1949925, 4.6287787], [-74.1926076, 4.6295662], [-74.1925006, 4.6292284], [-74.1924103, 4.6289552], [-74.1923214, 4.6286807], [-74.1923136, 4.6283687], [-74.1922205, 4.6280387], [-74.1921254, 4.6277439], [-74.1919958, 4.6273422], [-74.1916442, 4.6274553], [-74.1915549, 4.6271818], [-74.1914137, 4.6267913], [-74.1911874, 4.6261421], [-74.1915197, 4.6260125], [-74.1915615, 4.6259962], [-74.1917689, 4.6259156], [-74.1949966, 4.6279278], [-74.1952436, 4.6281161], [-74.1949925, 4.6287787], [-74.1926076, 4.6295662], [-74.1925006, 4.6292284], [-74.1924103, 4.6289552], [-74.1923214, 4.6286807], [-74.1923136, 4.6283687], [-74.1922205, 4.6280387], [-74.1921254, 4.6277439], [-74.1919958, 4.6273422], [-74.1917779, 4.6266667], [-74.1919958, 4.6273422], [-74.1921254, 4.6277439], [-74.1922205, 4.6280387], [-74.1923136, 4.6283687], [-74.1923214, 4.6286807], [-74.1924103, 4.6289552], [-74.1925006, 4.6292284], [-74.1919337, 4.6294902], [-74.1912461, 4.6298073], [-74.1913579, 4.6300704], [-74.1893541, 4.6309065], [-74.1887729, 4.6311512], [-74.1883702, 4.6313213], [-74.1877353, 4.6315906], [-74.1870622, 4.6318625], [-74.1851346, 4.6326493], [-74.1849854, 4.6322924], [-74.1847048, 4.6323917], [-74.1844603, 4.6324782], [-74.1842208, 4.6325629], [-74.1839866, 4.6326458], [-74.1837321, 4.6327358], [-74.183498, 4.6322503], [-74.1832351, 4.6324065], [-74.1830022, 4.6325244], [-74.1827574, 4.6326481], [-74.182991, 4.6331353], [-74.1827574, 4.6326481], [-74.1825334, 4.6327616], [-74.1822553, 4.6329018], [-74.1821022, 4.6325921], [-74.18182, 4.6327272], [-74.1815741, 4.6328448], [-74.1813399, 4.6329569], [-74.1810873, 4.6330777], [-74.1808416, 4.6331952], [-74.1808665, 4.6332515], [-74.1803683, 4.6334672], [-74.1804521, 4.6336544], [-74.1803683, 4.6334672], [-74.1802994, 4.6333134], [-74.1800426, 4.6334215], [-74.1797858, 4.6335299], [-74.1794848, 4.6336563], [-74.1799143, 4.6345974], [-74.1799538, 4.6347179], [-74.1801361, 4.6351294], [-74.1805512, 4.636109], [-74.1783438, 4.6373048], [-74.1778401, 4.6362031], [-74.1765675, 4.635663], [-74.1787662, 4.6350365], [-74.1799538, 4.6347179], [-74.1800062, 4.6347043], [-74.1799143, 4.6345974], [-74.177414, 4.6352735], [-74.1746978, 4.6361121], [-74.1744101, 4.6362046], [-74.1731232, 4.6365968], [-74.1730476, 4.6364546], [-74.1729547, 4.636274], [-74.1728264, 4.6360361], [-74.172711, 4.6358222], [-74.172578, 4.6355722], [-74.1738972, 4.6348342], [-74.172578, 4.6355722], [-74.1720294, 4.6345411], [-74.1718887, 4.6342767], [-74.1717616, 4.6340378], [-74.1716342, 4.6337975], [-74.1712353, 4.6330451], [-74.1721431, 4.6325428], [-74.1720185, 4.6323301], [-74.1724555, 4.6320747], [-74.1720185, 4.6323301], [-74.1721431, 4.6325428], [-74.1712353, 4.6330451], [-74.1716342, 4.6337975], [-74.1717616, 4.6340378], [-74.1718887, 4.6342767], [-74.1720294, 4.6345411], [-74.1734299, 4.6337736], [-74.1721326, 4.6310872], [-74.1713803, 4.6296415], [-74.1707215, 4.6285591], [-74.170872, 4.6284897], [-74.1707394, 4.6282828], [-74.1706141, 4.62835], [-74.1701381, 4.6286045], [-74.1686026, 4.629664], [-74.1682824, 4.6292608], [-74.1681325, 4.6290721], [-74.1679501, 4.6288425], [-74.1677918, 4.6286432], [-74.1677691, 4.6286146], [-74.1676128, 4.6284178], [-74.1681896, 4.6280996], [-74.1683276, 4.6283459], [-74.1684565, 4.6285759], [-74.1685845, 4.6288044], [-74.1687956, 4.6291812], [-74.1685845, 4.6288044], [-74.1684565, 4.6285759], [-74.1683276, 4.6283459], [-74.1681011, 4.6284721], [-74.1677918, 4.6286432], [-74.1677691, 4.6286146], [-74.1671503, 4.6291598], [-74.1660869, 4.6300952], [-74.1658639, 4.6299263], [-74.1656289, 4.630127], [-74.165411, 4.6303131], [-74.1651754, 4.6305143], [-74.1650498, 4.6306215], [-74.1652506, 4.6308249], [-74.1654761, 4.6310526], [-74.1656682, 4.6312465], [-74.1658744, 4.6314543], [-74.1665818, 4.6308611], [-74.1668657, 4.6310899], [-74.1659029, 4.6319114], [-74.1650602, 4.6326149], [-74.1647262, 4.6328973], [-74.1644585, 4.6331234], [-74.1639033, 4.6335991], [-74.1636993, 4.633775], [-74.1634333, 4.6340046], [-74.1631548, 4.634238], [-74.1622104, 4.6331179], [-74.1619821, 4.6333208], [-74.1619243, 4.6336781], [-74.1618579, 4.63391], [-74.1618096, 4.6341306], [-74.1617764, 4.6342205], [-74.1618109, 4.6342283], [-74.1621399, 4.634303], [-74.1617657, 4.6346514], [-74.1619662, 4.6348617], [-74.1621298, 4.6350333], [-74.1619662, 4.6348617], [-74.1617657, 4.6346514], [-74.1615696, 4.6348352], [-74.1614938, 4.6353041], [-74.1613, 4.6354858], [-74.1609762, 4.6357892], [-74.1606722, 4.6356905], [-74.1606275, 4.6356816], [-74.1604145, 4.6356391], [-74.1602373, 4.6356037], [-74.159503, 4.6362872], [-74.1583111, 4.6373882], [-74.1580906, 4.6375882], [-74.1578815, 4.6377777], [-74.1584291, 4.6383736], [-74.1578815, 4.6377777], [-74.1576799, 4.6379605], [-74.1583301, 4.6386698], [-74.1579342, 4.6390121], [-74.1564637, 4.6401971], [-74.1563894, 4.6401799], [-74.1559786, 4.6404264], [-74.1559556, 4.6405285], [-74.154607, 4.6420521], [-74.1542034, 4.642447], [-74.1538614, 4.6427495], [-74.1533916, 4.6431649], [-74.1506137, 4.6456772], [-74.1504722, 4.6455154], [-74.15097, 4.64504], [-74.1504722, 4.6455154], [-74.1501752, 4.645799], [-74.1499333, 4.64603], [-74.1494747, 4.6464678], [-74.1489469, 4.6469719], [-74.1484257, 4.6474696], [-74.1479115, 4.6479606], [-74.1477564, 4.6483788], [-74.1472151, 4.6488906], [-74.1469936, 4.649105], [-74.1460267, 4.650084], [-74.1459706, 4.6501403], [-74.144153, 4.6519009], [-74.1435986, 4.652434], [-74.1431277, 4.6528868], [-74.1424862, 4.6535298], [-74.1420315, 4.6539246], [-74.1407723, 4.6549388], [-74.1406592, 4.6550317], [-74.1404294, 4.6552136], [-74.1386649, 4.6566372], [-74.1368708, 4.6581948], [-74.1352227, 4.6600646], [-74.1345385, 4.6607605], [-74.1335086, 4.6620314], [-74.1330151, 4.6620201], [-74.1318235, 4.660743], [-74.1317604, 4.6606754], [-74.1310821, 4.6599485], [-74.1339947, 4.6573178], [-74.134825, 4.6582001], [-74.1357743, 4.6593122], [-74.1359813, 4.6595538], [-74.1352561, 4.6601769], [-74.1364196, 4.6588812], [-74.135714, 4.6589993], [-74.1354773, 4.6587206], [-74.1322524, 4.6552582], [-74.1307084, 4.6536268], [-74.1301483, 4.6530286], [-74.128659, 4.6514547], [-74.1280772, 4.6508366], [-74.1274251, 4.6500457], [-74.125956, 4.6482625], [-74.1266436, 4.6488321], [-74.1262659, 4.6491797], [-74.12581, 4.6482613], [-74.1272059, 4.6499646], [-74.1282813, 4.6512686], [-74.129447, 4.652506], [-74.1303397, 4.6534573], [-74.1307219, 4.6538582], [-74.130457, 4.6547804], [-74.1297503, 4.6554549], [-74.1290047, 4.654655], [-74.1273586, 4.6529332], [-74.1277035, 4.6527326], [-74.1275112, 4.6524757], [-74.1258499, 4.653417], [-74.1255982, 4.6535646], [-74.1242645, 4.6521853], [-74.1252354, 4.6510512], [-74.1256243, 4.6505912], [-74.1259325, 4.6502241], [-74.1265325, 4.6495868], [-74.1269647, 4.6491956], [-74.1274251, 4.6500457], [-74.125956, 4.6482625], [-74.1253077, 4.647441], [-74.1244666, 4.6458452], [-74.1243718, 4.6454825], [-74.1231847, 4.6409305], [-74.1222856, 4.6401004], [-74.1221307, 4.6399708], [-74.1220003, 4.640066], [-74.1221541, 4.6401932], [-74.123171, 4.6411818], [-74.1234951, 4.6417597], [-74.1239632, 4.6439705], [-74.1237927, 4.6441696], [-74.123652, 4.6443339], [-74.1221783, 4.643062], [-74.122491, 4.6426851], [-74.1210527, 4.641486], [-74.1220586, 4.6402691], [-74.1221541, 4.6401932], [-74.1222856, 4.6401004], [-74.122375, 4.6400161], [-74.1230031, 4.6379566], [-74.1236196, 4.635827], [-74.125614, 4.6366784], [-74.1250325, 4.639699], [-74.1239362, 4.6404981], [-74.1231847, 4.6409305], [-74.1222856, 4.6401004], [-74.1221307, 4.6399708], [-74.1211153, 4.6391569], [-74.12083, 4.6388242], [-74.1205197, 4.6386212], [-74.1201512, 4.6383797], [-74.1197064, 4.6382303], [-74.1168556, 4.6361953], [-74.1166614, 4.6358928], [-74.1149425, 4.6344627], [-74.1148997, 4.6344274], [-74.1133034, 4.6330359], [-74.1132515, 4.6329891], [-74.1130235, 4.6329352], [-74.1122593, 4.6322456], [-74.111268, 4.6312617], [-74.1102992, 4.6302569], [-74.1101901, 4.6303643], [-74.1100976, 4.6304553], [-74.1105524, 4.6309407], [-74.1102819, 4.6312782], [-74.1095956, 4.632058], [-74.1090888, 4.6316269], [-74.1085715, 4.6311878], [-74.1080464, 4.6307459], [-74.1086129, 4.630069], [-74.1087181, 4.6299461], [-74.1092515, 4.6293294], [-74.1093196, 4.6292762], [-74.1094343, 4.6291777], [-74.1087145, 4.6283207], [-74.1084877, 4.6281074], [-74.1082218, 4.6278057], [-74.1078655, 4.6270258], [-74.1075021, 4.6264787], [-74.1073799, 4.62639], [-74.1071953, 4.6262862], [-74.1066078, 4.6261769], [-74.106097, 4.62637], [-74.1060499, 4.6263962], [-74.1057562, 4.6266462], [-74.1050698, 4.6267596], [-74.1030818, 4.6265359], [-74.1020296, 4.6264233], [-74.1011864, 4.6263249], [-74.1010366, 4.6263092], [-74.1003336, 4.626224], [-74.0999302, 4.6261821], [-74.0998322, 4.6261731], [-74.0991542, 4.6255386], [-74.0997892, 4.6248499], [-74.1002726, 4.6252898], [-74.1003572, 4.6253648], [-74.1010867, 4.6260169], [-74.1011899, 4.626027], [-74.1012084, 4.625877], [-74.1019336, 4.6250597], [-74.1012087, 4.6244152], [-74.1011283, 4.6243411], [-74.100643, 4.6238942], [-74.1014632, 4.6229836], [-74.1019613, 4.62344], [-74.1020445, 4.6235177], [-74.1022026, 4.6233289], [-74.1026868, 4.6227573], [-74.1031962, 4.6221972], [-74.1037513, 4.6215962], [-74.1042515, 4.6210333], [-74.1047738, 4.6204527], [-74.1052814, 4.6201085], [-74.1059265, 4.619927], [-74.1059513, 4.6201175], [-74.1063038, 4.620265], [-74.1068223, 4.6201849], [-74.1067123, 4.6194245], [-74.1066393, 4.6189248], [-74.1064171, 4.6190125], [-74.1066393, 4.6189248], [-74.1067123, 4.6194245], [-74.1068223, 4.6201849], [-74.1063038, 4.620265], [-74.1062398, 4.6198273], [-74.106067, 4.6185986], [-74.1060241, 4.61826], [-74.1057739, 4.6169641], [-74.105705, 4.6166306], [-74.1056768, 4.6164957], [-74.1062138, 4.6162748], [-74.1063365, 4.6169856], [-74.1064178, 4.6174617], [-74.1061897, 4.6175553], [-74.1064178, 4.6174617], [-74.1063365, 4.6169856], [-74.1062138, 4.6162748], [-74.1061213, 4.6157793], [-74.1059584, 4.6153213], [-74.1054526, 4.6155323], [-74.1046709, 4.6133304], [-74.1042679, 4.6135289], [-74.1045777, 4.614219], [-74.1052483, 4.6160972], [-74.1053965, 4.6167064], [-74.1054648, 4.6170165], [-74.1057739, 4.6169641], [-74.105705, 4.6166306], [-74.1056768, 4.6164957], [-74.1054526, 4.6155323], [-74.1046709, 4.6133304], [-74.1034486, 4.6111441], [-74.1025852, 4.610113], [-74.1024651, 4.6099812], [-74.1021197, 4.6096137], [-74.1017921, 4.609281], [-74.100452, 4.6081816], [-74.0998225, 4.6077055], [-74.0991975, 4.6072662], [-74.099007, 4.6071567], [-74.0983026, 4.60662], [-74.0982997, 4.6065178], [-74.0978848, 4.6062057], [-74.0978462, 4.6062123], [-74.0975673, 4.6060477], [-74.0972345, 4.6057841], [-74.096661, 4.60533], [-74.0960921, 4.6048795], [-74.0954963, 4.6044077], [-74.09608, 4.6037401], [-74.0965352, 4.603153], [-74.0968303, 4.6027764], [-74.0978348, 4.6014839], [-74.0978882, 4.6014155], [-74.0984827, 4.6006486], [-74.0991017, 4.5998765], [-74.0991528, 4.5998129], [-74.0991025, 4.5997737], [-74.0999632, 4.5986668], [-74.100271, 4.5982739], [-74.0998363, 4.597932], [-74.0991629, 4.5974003], [-74.0985311, 4.5969014], [-74.0982268, 4.5972836], [-74.0976673, 4.5968359], [-74.0979099, 4.596506], [-74.0985311, 4.5969014], [-74.0982268, 4.5972836], [-74.0979616, 4.5976169], [-74.0974187, 4.5971928], [-74.09705, 4.5970526], [-74.0965981, 4.5969273], [-74.0968216, 4.5961512], [-74.097292, 4.5963038], [-74.0975091, 4.5963743], [-74.0979099, 4.596506], [-74.0982576, 4.5960025], [-74.0984532, 4.59572], [-74.0985505, 4.5955793], [-74.0988343, 4.5951692], [-74.098957, 4.5949919], [-74.0992093, 4.59504], [-74.0995302, 4.5950613], [-74.099974, 4.5950449], [-74.1004894, 4.5950221], [-74.1010698, 4.5949984], [-74.1021988, 4.594956], [-74.1029871, 4.5949885], [-74.1030468, 4.5950645], [-74.1037406, 4.5951242], [-74.1039593, 4.5946309], [-74.1039028, 4.5944466], [-74.1033978, 4.5941602], [-74.1032753, 4.5941816], [-74.103208, 4.5942097], [-74.1029645, 4.5944279], [-74.1029394, 4.5944774], [-74.1014306, 4.5948812], [-74.1004852, 4.5949186], [-74.1002972, 4.5949258], [-74.0991259, 4.594921], [-74.0984522, 4.5947245], [-74.0979337, 4.5945655], [-74.0965348, 4.5941269], [-74.0967364, 4.5934617], [-74.0970628, 4.5928339], [-74.0976009, 4.5922019], [-74.0979553, 4.5917885], [-74.0987951, 4.5907973], [-74.0992455, 4.5902084], [-74.0990535, 4.5903161], [-74.0988174, 4.5906188], [-74.0985102, 4.5909936], [-74.0982851, 4.5912626], [-74.0974731, 4.5906653], [-74.0976725, 4.5903789], [-74.0979712, 4.5899458], [-74.0982913, 4.5895274], [-74.0984257, 4.5895785], [-74.0989467, 4.5895275], [-74.0990448, 4.5894646], [-74.0994004, 4.5899584], [-74.0997355, 4.5894071], [-74.0998284, 4.5892562], [-74.0998793, 4.5891884], [-74.1003463, 4.5887267], [-74.101059, 4.5880734], [-74.1014531, 4.5877018], [-74.1021338, 4.5870461], [-74.1028196, 4.5863976], [-74.1035093, 4.5857454], [-74.1039385, 4.5853395], [-74.1041555, 4.5851343], [-74.1041369, 4.5845228], [-74.1041212, 4.5840546], [-74.1040946, 4.5832546], [-74.1042109, 4.5831432], [-74.1037315, 4.5825405], [-74.103189, 4.5818718], [-74.1028732, 4.581518], [-74.1026341, 4.5813148], [-74.1024468, 4.5811688], [-74.101883, 4.5807813], [-74.1011946, 4.5803067], [-74.0999672, 4.5794802], [-74.0997612, 4.5793391], [-74.0996675, 4.5794704], [-74.0998555, 4.5795995], [-74.1007703, 4.5802147], [-74.1003555, 4.580669], [-74.0998912, 4.5803483], [-74.0994535, 4.5800478], [-74.0992818, 4.5799285], [-74.0988017, 4.5795977], [-74.0983532, 4.5792852], [-74.0979246, 4.5789553], [-74.097752, 4.5788197], [-74.0976709, 4.578756], [-74.0975002, 4.5786219], [-74.0970668, 4.5782806], [-74.0973838, 4.5779168], [-74.0970668, 4.5782806], [-74.0966888, 4.5787106], [-74.0962871, 4.5783497], [-74.095872, 4.5780072], [-74.0964859, 4.5773053], [-74.0965911, 4.5771851], [-74.0965069, 4.5771282], [-74.0955151, 4.5764502], [-74.0951645, 4.5761769], [-74.0952609, 4.576052], [-74.0951645, 4.5761769], [-74.0947154, 4.5757964], [-74.0945564, 4.5756412], [-74.0944418, 4.5757586], [-74.0926141, 4.5782446], [-74.0920251, 4.5778674], [-74.09264, 4.5770775], [-74.0932664, 4.5751541], [-74.0934669, 4.5749644], [-74.0932664, 4.5751541], [-74.093012, 4.5753946], [-74.0924667, 4.5748543], [-74.0929768, 4.5743287], [-74.0930966, 4.5742054], [-74.0936294, 4.5736553], [-74.0933693, 4.5733878], [-74.0932249, 4.5732459], [-74.0927392, 4.5727684], [-74.0923047, 4.5731962], [-74.0927392, 4.5727684], [-74.0927004, 4.5725417], [-74.0924076, 4.5723013], [-74.0920719, 4.5720256], [-74.0916616, 4.5717459], [-74.0912216, 4.571502], [-74.0909253, 4.5713378], [-74.0900802, 4.5708694], [-74.089099, 4.5703255], [-74.0883079, 4.569887], [-74.0879225, 4.5696529], [-74.0875526, 4.5694293], [-74.087214, 4.56921], [-74.086816, 4.568945], [-74.0864645, 4.5687181], [-74.0862526, 4.5690943], [-74.0856791, 4.5689007], [-74.0858017, 4.5686771], [-74.0864991, 4.5674506], [-74.0863983, 4.566806], [-74.0867192, 4.5661394], [-74.0869516, 4.5654761], [-74.0870563, 4.5644609], [-74.0870824, 4.5642636], [-74.087616, 4.5629537], [-74.0878715, 4.5623625], [-74.0880089, 4.5620503], [-74.0881328, 4.5617571], [-74.0884034, 4.5611302], [-74.0886554, 4.5605521], [-74.0888128, 4.5601902], [-74.0890237, 4.5597052], [-74.0898753, 4.5599356], [-74.0903279, 4.5594076], [-74.090635, 4.5589621], [-74.0901505, 4.5585709], [-74.0897712, 4.5582468], [-74.0893305, 4.5578606], [-74.0891145, 4.5575866], [-74.0889746, 4.5571538], [-74.0893191, 4.5563221], [-74.0890686, 4.5562082], [-74.0885795, 4.5559607], [-74.0885593, 4.5559], [-74.0882677, 4.5550338], [-74.0882048, 4.5549462], [-74.0876234, 4.5542317], [-74.0871183, 4.5539105], [-74.086409, 4.5534223], [-74.0863353, 4.5533716], [-74.0856015, 4.5529534], [-74.08583, 4.5520772], [-74.0858564, 4.5517582], [-74.085673, 4.5518582], [-74.0858564, 4.5517582], [-74.0859921, 4.5516842], [-74.0863064, 4.5515127], [-74.086298, 4.551438], [-74.0863436, 4.5507581], [-74.0863521, 4.5506574], [-74.0865885, 4.550124], [-74.086302, 4.54812], [-74.0865271, 4.5476323], [-74.086633, 4.5474029], [-74.0866991, 4.5472625], [-74.0869159, 4.5468016], [-74.0871474, 4.5463095], [-74.0871737, 4.5462536], [-74.0874567, 4.5456619], [-74.087564, 4.545411], [-74.087255, 4.5453204], [-74.0873736, 4.5444753], [-74.0876274, 4.5430368], [-74.0876861, 4.5428116], [-74.087665, 4.5427676], [-74.0874112, 4.5423259], [-74.0872292, 4.5422687], [-74.0874235, 4.5407769], [-74.0874449, 4.5407307], [-74.0886036, 4.540172], [-74.0890467, 4.5398659], [-74.0898777, 4.5402524], [-74.0899535, 4.5402877], [-74.0908487, 4.5405028], [-74.0911129, 4.5403221], [-74.0913301, 4.5400761], [-74.0915809, 4.5397219], [-74.0912252, 4.53855], [-74.0912328, 4.5380124], [-74.0914309, 4.5367232], [-74.0911068, 4.5362992], [-74.0906921, 4.5346001], [-74.0906828, 4.5330836], [-74.0902724, 4.5330787], [-74.0902653, 4.5325096], [-74.0902606, 4.5316997], [-74.0898579, 4.5316834], [-74.0898715, 4.5314152], [-74.0897558, 4.530991], [-74.0899506, 4.5305301], [-74.0897558, 4.530991], [-74.0898715, 4.5314152], [-74.089584, 4.5317036], [-74.0892866, 4.5319615], [-74.0889776, 4.532225], [-74.08829, 4.5325121], [-74.0876525, 4.5327474], [-74.0871871, 4.5326809], [-74.0867467, 4.5326181], [-74.0863025, 4.5325546], [-74.0861812, 4.5325356], [-74.086124, 4.5323005], [-74.0862317, 4.5322042], [-74.0854083, 4.5315331], [-74.0855785, 4.5311103], [-74.0858836, 4.5303529], [-74.0855785, 4.5311103], [-74.0854083, 4.5315331], [-74.0862317, 4.5322042], [-74.086124, 4.5323005], [-74.0857669, 4.5324659], [-74.0852426, 4.5324268], [-74.0852799, 4.5335646], [-74.085092, 4.534037], [-74.084012, 4.534604], [-74.0838835, 4.5347186]]}}, {"type": "Feature", "properties": {"ruta": "112B"}, "geometry": {"type": "LineString", "coordinates": [[-74.0711184, 4.6118115], [-74.0716203, 4.6108228], [-74.0714525, 4.6107287], [-74.0707944, 4.6119173], [-74.0705096, 4.6123274], [-74.0700498, 4.6123282], [-74.0704774, 4.612148], [-74.0709282, 4.6125588], [-74.0713442, 4.6132939], [-74.0718084, 4.6142007], [-74.0719503, 4.6144254], [-74.073182, 4.6160975], [-74.073198, 4.6164188], [-74.0730716, 4.6165755], [-74.0726231, 4.6174144], [-74.0730509, 4.6176473], [-74.073377, 4.6170045], [-74.0730509, 4.6176473], [-74.072503, 4.6187115], [-74.0723393, 4.618617], [-74.0718574, 4.6196235], [-74.0721534, 4.6200103], [-74.0725636, 4.620546], [-74.0726908, 4.6207122], [-74.0726941, 4.6207872], [-74.07357, 4.6205736], [-74.0742922, 4.6203976], [-74.0748543, 4.6202047], [-74.0748737, 4.6202759], [-74.0750025, 4.6207195], [-74.0748824, 4.6213522], [-74.0747496, 4.6221111], [-74.0745847, 4.6229765], [-74.0744216, 4.6238191], [-74.0744108, 4.6238841], [-74.0742696, 4.6246524], [-74.0741375, 4.6253414], [-74.0741, 4.6255252], [-74.074816, 4.6263216], [-74.0751399, 4.6277909], [-74.0750522, 4.6287197], [-74.0750083, 4.629205], [-74.0749777, 4.6295478], [-74.0748993, 4.6304289], [-74.0748283, 4.6314718], [-74.0748964, 4.6324753], [-74.0750614, 4.6332528], [-74.0753467, 4.6338803], [-74.0753647, 4.633987], [-74.0752683, 4.6344786], [-74.0751122, 4.6352545], [-74.0749958, 4.6358767], [-74.0748107, 4.6369188], [-74.0747144, 4.6374614], [-74.0746484, 4.6378332], [-74.0744813, 4.6387743], [-74.0743157, 4.6397664], [-74.0741418, 4.6407447], [-74.0739754, 4.6417448], [-74.0739635, 4.6418132], [-74.0737184, 4.6431371], [-74.0736415, 4.6433646], [-74.0735969, 4.6434308], [-74.07307, 4.6439812], [-74.0726954, 4.644539], [-74.0724781, 4.6452007], [-74.0724596, 4.6453069], [-74.0724517, 4.6460641], [-74.0726626, 4.6468422], [-74.0728534, 4.6472206], [-74.0731156, 4.6475901], [-74.073174, 4.6476597], [-74.0734462, 4.6479716], [-74.0730302, 4.6486701], [-74.0727143, 4.6494559], [-74.0725533, 4.6500799], [-74.0725402, 4.6501391], [-74.0724046, 4.6509462], [-74.0723868, 4.6510504], [-74.0724976, 4.6510703], [-74.0734498, 4.6512509], [-74.0733883, 4.6522288], [-74.0723288, 4.6520626], [-74.0724976, 4.6510703], [-74.0725153, 4.6509663], [-74.0724046, 4.6509462], [-74.0723868, 4.6510504], [-74.0721898, 4.6521175], [-74.0720594, 4.6528531], [-74.0719363, 4.6535475], [-74.0717634, 4.6545233], [-74.0715815, 4.6554993], [-74.0714299, 4.6561705], [-74.071169, 4.656593], [-74.0707377, 4.6572454], [-74.0706697, 4.6573484], [-74.0704257, 4.6577197], [-74.0700182, 4.6583429], [-74.0695815, 4.6590107], [-74.0696605, 4.6590679], [-74.0700545, 4.6593528], [-74.0701491, 4.6594212], [-74.07057, 4.6597257], [-74.0706076, 4.6597529], [-74.0710632, 4.6600825], [-74.0711236, 4.6601262], [-74.0715215, 4.6604139], [-74.071715, 4.6605539], [-74.0719858, 4.6607498], [-74.0722913, 4.6609708], [-74.0724243, 4.6610669], [-74.0728632, 4.6613844], [-74.0733537, 4.6617392], [-74.0738372, 4.6620881], [-74.07395, 4.6621696], [-74.0742953, 4.6624242], [-74.074681, 4.6627017], [-74.077448, 4.6652612], [-74.0776736, 4.6655912], [-74.0780856, 4.6661908], [-74.0784586, 4.6667233], [-74.0788387, 4.6672763], [-74.0792565, 4.6678844], [-74.0796658, 4.6684799], [-74.0801954, 4.6692505], [-74.0807537, 4.670063], [-74.0808159, 4.6699906], [-74.0804825, 4.6694944], [-74.0802383, 4.6691411], [-74.0806502, 4.6685918], [-74.08095, 4.668213], [-74.081314, 4.6685045], [-74.0819736, 4.6676671], [-74.082386, 4.6679742], [-74.0827901, 4.6682814], [-74.0830604, 4.6679336], [-74.083358, 4.6675439], [-74.0839813, 4.6680508], [-74.0837523, 4.6683725], [-74.0828397, 4.669674], [-74.0827111, 4.669846], [-74.0823664, 4.6703294], [-74.0821482, 4.6707292], [-74.0816788, 4.6712596], [-74.081605, 4.6713164], [-74.0816441, 4.671374], [-74.0817137, 4.6714777], [-74.0808443, 4.6720747], [-74.0805991, 4.6717152], [-74.0803721, 4.6713518], [-74.0800115, 4.6709976], [-74.08032, 4.6706111], [-74.0805892, 4.6702634], [-74.0807537, 4.670063], [-74.0812414, 4.6707811], [-74.0814971, 4.6711576], [-74.081605, 4.6713164], [-74.0816441, 4.671374], [-74.0817137, 4.6714777], [-74.0825261, 4.6726767], [-74.0829689, 4.6733333], [-74.083504, 4.6741263], [-74.0837792, 4.674534], [-74.0842997, 4.6752978], [-74.0853097, 4.6767224], [-74.0864903, 4.6784365], [-74.0857078, 4.6781976], [-74.086303, 4.6772138], [-74.0872683, 4.6778607], [-74.0876929, 4.6782699], [-74.087077, 4.6790345], [-74.0848571, 4.6759373], [-74.0838443, 4.6744486], [-74.0837792, 4.674534], [-74.0842997, 4.6752978], [-74.0853097, 4.6767224], [-74.0864903, 4.6784365], [-74.087018, 4.679102], [-74.0872063, 4.6793111], [-74.0877657, 4.6799279], [-74.088341, 4.6805623], [-74.0888766, 4.6811465], [-74.089261, 4.6815669], [-74.0900104, 4.6823864], [-74.0900628, 4.6824437], [-74.0905575, 4.682838], [-74.0902026, 4.6824515], [-74.089882, 4.6821023], [-74.089544, 4.6817352], [-74.0900616, 4.6810149], [-74.0904532, 4.6812912], [-74.0908326, 4.6815588], [-74.091241, 4.6818469], [-74.0916154, 4.682111], [-74.091991, 4.6823759], [-74.0911682, 4.6835162], [-74.091991, 4.6823759], [-74.0927196, 4.6813428], [-74.0930876, 4.6816123], [-74.0931884, 4.6814689], [-74.0934359, 4.6826911], [-74.093915, 4.6830917], [-74.0930677, 4.6843329], [-74.0936311, 4.6848617], [-74.093491, 4.685049], [-74.0931787, 4.6854666], [-74.0916097, 4.684], [-74.0915091, 4.6838949], [-74.0914558, 4.6839671], [-74.0915544, 4.684075], [-74.0918751, 4.6843812], [-74.0929667, 4.6854233], [-74.0966112, 4.6886082], [-74.096706, 4.6886771], [-74.0969519, 4.6888641], [-74.097437, 4.689233], [-74.0982176, 4.6898265], [-74.0989155, 4.6903629], [-74.0998311, 4.6911065], [-74.1015736, 4.6925196], [-74.1012404, 4.6929352], [-74.1009553, 4.6932908], [-74.10069, 4.6936217], [-74.1015744, 4.6943676], [-74.1021317, 4.6936745], [-74.102259, 4.6935171], [-74.1021317, 4.6936745], [-74.1015744, 4.6943676], [-74.1019539, 4.6946788], [-74.1022125, 4.6943577], [-74.1024965, 4.694004], [-74.1028543, 4.6935583], [-74.1040255, 4.6944735], [-74.1045009, 4.694845], [-74.1046294, 4.6949454], [-74.1057251, 4.6958471], [-74.1058298, 4.6959308], [-74.1058757, 4.695851], [-74.105769, 4.695769], [-74.1053027, 4.6953603], [-74.1040156, 4.6943312], [-74.1029206, 4.6934715], [-74.1028543, 4.6935583], [-74.1040255, 4.6944735], [-74.1045009, 4.694845], [-74.1046294, 4.6949454], [-74.1057251, 4.6958471], [-74.1058298, 4.6959308], [-74.107335, 4.6969663], [-74.1085482, 4.6978302], [-74.1102255, 4.6990197], [-74.1103283, 4.6990926], [-74.1113582, 4.6998049], [-74.1121849, 4.7003654], [-74.1133257, 4.7011526], [-74.1138878, 4.7016368], [-74.1141171, 4.7018398], [-74.1142223, 4.7019306], [-74.1145009, 4.702171], [-74.114815, 4.7024418], [-74.1151428, 4.7027246], [-74.115464, 4.7030016], [-74.1157623, 4.7032589], [-74.1160978, 4.7035483], [-74.1164853, 4.7038825], [-74.116804, 4.7041575], [-74.1171128, 4.7044238], [-74.1182577, 4.7054072], [-74.1188921, 4.7059576], [-74.1189719, 4.7060224], [-74.1190296, 4.7059382], [-74.1185425, 4.7055218], [-74.1183238, 4.7053328], [-74.1182577, 4.7054072], [-74.1188921, 4.7059576], [-74.1189719, 4.7060224], [-74.1199039, 4.706809], [-74.1205954, 4.7073872], [-74.1217392, 4.708262], [-74.1218811, 4.7083712], [-74.1222073, 4.7086207], [-74.1222289, 4.7086368], [-74.1222593, 4.7086595], [-74.1224506, 4.7088024], [-74.1226597, 4.7089586], [-74.1228909, 4.7091313], [-74.1231565, 4.7093297], [-74.1249226, 4.7106489], [-74.1264966, 4.7118198], [-74.1258648, 4.7124735], [-74.1255381, 4.7128106], [-74.1255941, 4.7128835], [-74.1259218, 4.7132995], [-74.1244352, 4.7143141], [-74.1242327, 4.7140277], [-74.1238376, 4.7134436], [-74.1234194, 4.7128258], [-74.1232184, 4.7125552], [-74.1234194, 4.7128258], [-74.1238376, 4.7134436], [-74.1235485, 4.7136434], [-74.1232785, 4.7138301], [-74.1229823, 4.7140349], [-74.1226659, 4.7138428], [-74.1225149, 4.7139466], [-74.1223988, 4.7140247], [-74.1221239, 4.7142135], [-74.1218327, 4.7144134], [-74.1223698, 4.7148783], [-74.1231215, 4.714814], [-74.1233875, 4.7146276], [-74.1236735, 4.7144257], [-74.1239509, 4.714228], [-74.1242327, 4.7140277], [-74.1244352, 4.7143141], [-74.122652, 4.7155745], [-74.1224001, 4.7153551], [-74.12108, 4.7163288], [-74.12127, 4.7165308], [-74.121802, 4.7170879], [-74.1222454, 4.7175647], [-74.1205382, 4.7187868], [-74.1209287, 4.71931], [-74.121484, 4.7200777], [-74.1214387, 4.7201077], [-74.121484, 4.7200777], [-74.1217684, 4.7204623], [-74.121903, 4.7207138], [-74.1216809, 4.7209892], [-74.1214843, 4.7211387], [-74.1211173, 4.7213786], [-74.1210284, 4.7214369], [-74.1209335, 4.7214986], [-74.120825, 4.7215689], [-74.1205226, 4.721763], [-74.1202429, 4.7219426], [-74.1196135, 4.7225834], [-74.1194148, 4.7227289], [-74.1192597, 4.7229776], [-74.1195095, 4.723268], [-74.1202135, 4.7240635], [-74.1211149, 4.7251246], [-74.1213639, 4.7254192], [-74.1191508, 4.7270366], [-74.1190124, 4.7270319], [-74.1189763, 4.727113], [-74.1189788, 4.7271325], [-74.11903, 4.7272], [-74.1190887, 4.7272119], [-74.11917, 4.7271576], [-74.1191816, 4.7271166], [-74.1194667, 4.7269734], [-74.1214186, 4.7254838], [-74.1214722, 4.725438], [-74.1214165, 4.7253737], [-74.1213639, 4.7254192], [-74.1191508, 4.7270366], [-74.1190124, 4.7270319], [-74.1181157, 4.7263923], [-74.1178327, 4.7261495], [-74.1162911, 4.7243743], [-74.11542, 4.7238108], [-74.1150637, 4.723611], [-74.1146651, 4.7233876], [-74.1143504, 4.7232106], [-74.1138255, 4.7229118], [-74.1135442, 4.7227592], [-74.1129287, 4.7224141], [-74.11267, 4.7222707], [-74.1114277, 4.7215701], [-74.1111983, 4.7214408], [-74.1103912, 4.7209425], [-74.109436, 4.7198974], [-74.1086605, 4.7186695], [-74.1086102, 4.718569], [-74.1080124, 4.7173359], [-74.1079633, 4.717481], [-74.1080124, 4.7173359], [-74.1074388, 4.7160953], [-74.1059053, 4.7147014], [-74.1054722, 4.7151487], [-74.1052772, 4.7153501], [-74.1046451, 4.7160029], [-74.1040323, 4.7166358], [-74.1034016, 4.7172871], [-74.1029237, 4.7177807], [-74.1034016, 4.7172871], [-74.1040323, 4.7166358], [-74.1046451, 4.7160029], [-74.1052772, 4.7153501], [-74.1054722, 4.7151487], [-74.1059053, 4.7147014], [-74.1074388, 4.7160953], [-74.1079633, 4.717481], [-74.1080124, 4.7173359], [-74.1079633, 4.717481], [-74.1085196, 4.7186349], [-74.1085682, 4.718735], [-74.1093522, 4.7199754], [-74.1102912, 4.7210069], [-74.1107207, 4.7213037], [-74.1111155, 4.7215351], [-74.1124127, 4.7222466], [-74.1125772, 4.7223368], [-74.1134916, 4.7228541], [-74.1137686, 4.723004], [-74.1138255, 4.7229118], [-74.1135442, 4.7227592], [-74.1129287, 4.7224141], [-74.11267, 4.7222707], [-74.1125772, 4.7223368], [-74.1134916, 4.7228541], [-74.1135564, 4.7239096], [-74.1144192, 4.7243975], [-74.1153664, 4.7239041], [-74.1162019, 4.7244446], [-74.1177697, 4.7262083], [-74.1180676, 4.7264537], [-74.1186232, 4.7268579], [-74.1189763, 4.727113], [-74.1189788, 4.7271325], [-74.11903, 4.7272], [-74.1190887, 4.7272119], [-74.11917, 4.7271576], [-74.1191816, 4.7271166], [-74.1194667, 4.7269734], [-74.1214186, 4.7254838], [-74.1214722, 4.725438], [-74.1214165, 4.7253737], [-74.1211149, 4.7251246], [-74.1202135, 4.7240635], [-74.1195095, 4.723268], [-74.1195289, 4.7229103], [-74.1197524, 4.7227237], [-74.1205078, 4.7222297], [-74.1207441, 4.722056], [-74.1210324, 4.7218442], [-74.1211354, 4.7217737], [-74.1212319, 4.7217119], [-74.1213215, 4.7216547], [-74.1216695, 4.7214354], [-74.1219456, 4.72116], [-74.1219117, 4.7209984], [-74.121903, 4.7207138], [-74.1217684, 4.7204623], [-74.121484, 4.7200777], [-74.1232585, 4.7186327], [-74.1247526, 4.7173821], [-74.1259416, 4.7164265], [-74.1277035, 4.7149674], [-74.1280276, 4.7152155], [-74.1272106, 4.7158521], [-74.1280276, 4.7152155], [-74.1277035, 4.7149674], [-74.1274125, 4.7147599], [-74.127185, 4.7145845], [-74.1267421, 4.7142531], [-74.1266266, 4.7141571], [-74.1263983, 4.713909], [-74.1259799, 4.7133735], [-74.1259218, 4.7132995], [-74.1244352, 4.7143141], [-74.1242327, 4.7140277], [-74.1238376, 4.7134436], [-74.1241712, 4.7132129], [-74.1244113, 4.7130469], [-74.1249059, 4.712705], [-74.1251613, 4.712974], [-74.1252869, 4.7130793], [-74.1255941, 4.7128835], [-74.1255381, 4.7128106], [-74.1241087, 4.7117399], [-74.1209353, 4.7142618], [-74.1196247, 4.7153053], [-74.1192872, 4.7149439], [-74.1190189, 4.714795], [-74.1184105, 4.7144573], [-74.1178819, 4.7141639], [-74.1182301, 4.7136803], [-74.1200619, 4.7111365], [-74.1201385, 4.7110301], [-74.1202416, 4.7102162], [-74.1203988, 4.7100393], [-74.1205755, 4.7098405], [-74.1213354, 4.7089974], [-74.1218811, 4.7083712], [-74.1219463, 4.7082978], [-74.121809, 4.7081912], [-74.1206528, 4.7072935], [-74.1199563, 4.7067246], [-74.1193932, 4.7062535], [-74.1190296, 4.7059382], [-74.1185425, 4.7055218], [-74.1183238, 4.7053328], [-74.1181731, 4.7052053], [-74.1178465, 4.704925], [-74.1175212, 4.7046454], [-74.1171785, 4.7043506], [-74.1168795, 4.7040912], [-74.1165939, 4.7038435], [-74.1162736, 4.7035657], [-74.1159648, 4.7032978], [-74.1153836, 4.7027936], [-74.1150854, 4.7025349], [-74.1139512, 4.7015393], [-74.1136449, 4.7012913], [-74.1133719, 4.7010604], [-74.1133257, 4.7011526], [-74.1138878, 4.7016368], [-74.1141171, 4.7018398], [-74.1142223, 4.7019306], [-74.1145009, 4.702171], [-74.114815, 4.7024418], [-74.1151428, 4.7027246], [-74.115464, 4.7030016], [-74.1157623, 4.7032589], [-74.1160978, 4.7035483], [-74.1164853, 4.7038825], [-74.116804, 4.7041575], [-74.1171128, 4.7044238], [-74.1171785, 4.7043506], [-74.1168795, 4.7040912], [-74.1165939, 4.7038435], [-74.1162736, 4.7035657], [-74.1159648, 4.7032978], [-74.1153836, 4.7027936], [-74.1150854, 4.7025349], [-74.1139512, 4.7015393], [-74.1136449, 4.7012913], [-74.1133719, 4.7010604], [-74.1133257, 4.7011526], [-74.1138878, 4.7016368], [-74.1141171, 4.7018398], [-74.1142223, 4.7019306], [-74.1134563, 4.7033167], [-74.113061, 4.7031044], [-74.1136781, 4.7019591], [-74.1138878, 4.7016368], [-74.1139512, 4.7015393], [-74.1136449, 4.7012913], [-74.1133719, 4.7010604], [-74.1121629, 4.7002334], [-74.1113691, 4.6997033], [-74.1103292, 4.698973], [-74.1098775, 4.6986558], [-74.1086042, 4.6977506], [-74.1073899, 4.6968847], [-74.1058757, 4.695851], [-74.105769, 4.695769], [-74.1053027, 4.6953603], [-74.1040156, 4.6943312], [-74.1029206, 4.6934715], [-74.1028543, 4.6935583], [-74.1040255, 4.6944735], [-74.1045009, 4.694845], [-74.1046294, 4.6949454], [-74.1057251, 4.6958471], [-74.1058298, 4.6959308], [-74.1058757, 4.695851], [-74.105769, 4.695769], [-74.1053027, 4.6953603], [-74.1040156, 4.6943312], [-74.1029206, 4.6934715], [-74.10164, 4.6924367], [-74.0998951, 4.6910266], [-74.098976, 4.6902839], [-74.0982567, 4.6897343], [-74.097946, 4.6894969], [-74.097437, 4.689233], [-74.0970885, 4.6897077], [-74.0963105, 4.6890952], [-74.0966002, 4.6886874], [-74.096706, 4.6886771], [-74.0969519, 4.6888641], [-74.0974978, 4.6891545], [-74.0966898, 4.6885371], [-74.0931787, 4.6854666], [-74.0916097, 4.684], [-74.0915091, 4.6838949], [-74.0914558, 4.6839671], [-74.0915544, 4.684075], [-74.0918751, 4.6843812], [-74.0929667, 4.6854233], [-74.0926091, 4.6858373], [-74.0922771, 4.6863134], [-74.0921552, 4.6864882], [-74.0918949, 4.6868615], [-74.0916305, 4.6872407], [-74.091376, 4.687066], [-74.0901037, 4.6861287], [-74.0899869, 4.686028], [-74.0897934, 4.6857494], [-74.0894454, 4.6853228], [-74.0892774, 4.6850955], [-74.0891027, 4.684874], [-74.0887512, 4.6844367], [-74.0885945, 4.6842388], [-74.0882275, 4.6837755], [-74.0887088, 4.6834007], [-74.0891623, 4.6830476], [-74.0900104, 4.6823864], [-74.0900628, 4.6824437], [-74.0903923, 4.6828041], [-74.0905473, 4.6829771], [-74.0905575, 4.682838], [-74.0902026, 4.6824515], [-74.089882, 4.6821023], [-74.089544, 4.6817352], [-74.0890902, 4.6812422], [-74.0887967, 4.6809235], [-74.0884143, 4.6805044], [-74.088341, 4.6805623], [-74.0888766, 4.6811465], [-74.089261, 4.6815669], [-74.0886688, 4.6824341], [-74.087744, 4.683165], [-74.0872138, 4.6824958], [-74.0867055, 4.6818542], [-74.0861802, 4.681191], [-74.0869493, 4.6805782], [-74.0873695, 4.6802434], [-74.0877657, 4.6799279], [-74.088341, 4.6805623], [-74.0888766, 4.6811465], [-74.089261, 4.6815669], [-74.0900104, 4.6823864], [-74.0900628, 4.6824437], [-74.0905575, 4.682838], [-74.0902026, 4.6824515], [-74.089882, 4.6821023], [-74.089544, 4.6817352], [-74.0890902, 4.6812422], [-74.0887967, 4.6809235], [-74.0884143, 4.6805044], [-74.0874785, 4.67948], [-74.087077, 4.6790345], [-74.0848571, 4.6759373], [-74.0838443, 4.6744486], [-74.0837792, 4.674534], [-74.0835815, 4.6747911], [-74.0832232, 4.675257], [-74.0825419, 4.6747469], [-74.0817551, 4.6741683], [-74.0811116, 4.6736808], [-74.0825261, 4.6726767], [-74.0811116, 4.6736808], [-74.0798846, 4.6727338], [-74.0791274, 4.6721398], [-74.0795286, 4.6715861], [-74.0795932, 4.6715015], [-74.0800115, 4.6709976], [-74.08032, 4.6706111], [-74.0805892, 4.6702634], [-74.0807537, 4.670063], [-74.0808159, 4.6699906], [-74.0804825, 4.6694944], [-74.0802383, 4.6691411], [-74.0797738, 4.6684686], [-74.0789255, 4.6672336], [-74.0788035, 4.6670558], [-74.0785188, 4.6666448], [-74.0777365, 4.6655225], [-74.0773756, 4.665007], [-74.075531, 4.6619496], [-74.0761197, 4.6611222], [-74.0755466, 4.6607158], [-74.0749652, 4.6615486], [-74.0742953, 4.6624242], [-74.074681, 4.6627017], [-74.077448, 4.6652612], [-74.0776736, 4.6655912], [-74.0780856, 4.6661908], [-74.0784586, 4.6667233], [-74.0785188, 4.6666448], [-74.0777365, 4.6655225], [-74.0773756, 4.665007], [-74.075531, 4.6619496], [-74.0761197, 4.6611222], [-74.0755466, 4.6607158], [-74.0751742, 4.6604518], [-74.0745457, 4.6600062], [-74.0740174, 4.6596396], [-74.073449, 4.6592472], [-74.0728614, 4.6588416], [-74.0722665, 4.6584308], [-74.0717122, 4.6580551], [-74.0711647, 4.6576839], [-74.070749, 4.6574022], [-74.0707377, 4.6572454], [-74.0701773, 4.6568485], [-74.0695925, 4.656434], [-74.0700551, 4.6558106], [-74.0703557, 4.6553902], [-74.0703998, 4.6552689], [-74.0704807, 4.6547728], [-74.0705641, 4.6542998], [-74.0711663, 4.654412], [-74.0717634, 4.6545233], [-74.0715815, 4.6554993], [-74.0716878, 4.6555184], [-74.0718376, 4.6548398], [-74.0720736, 4.653543], [-74.0721983, 4.6528265], [-74.0723288, 4.6520626], [-74.0724976, 4.6510703], [-74.0725153, 4.6509663], [-74.0726474, 4.6502701], [-74.0728358, 4.6495067], [-74.0731099, 4.6487868], [-74.0735279, 4.6480633], [-74.0737777, 4.6477122], [-74.0740665, 4.6473558], [-74.0739942, 4.6472677], [-74.0738534, 4.6470824], [-74.0735181, 4.6464888], [-74.07336, 4.6457783], [-74.0733758, 4.6454609], [-74.0733929, 4.6453533], [-74.0734994, 4.6450119], [-74.0737621, 4.6445462], [-74.0741943, 4.6440421], [-74.0735969, 4.6434308], [-74.0736415, 4.6433646], [-74.0737184, 4.6431371], [-74.0739635, 4.6418132], [-74.0739754, 4.6417448], [-74.0741418, 4.6407447], [-74.0743157, 4.6397664], [-74.0744813, 4.6387743], [-74.0746484, 4.6378332], [-74.0747144, 4.6374614], [-74.0748107, 4.6369188], [-74.0749958, 4.6358767], [-74.0751122, 4.6352545], [-74.0752683, 4.6344786], [-74.0754366, 4.6339981], [-74.0754531, 4.6338948], [-74.0754854, 4.6335373], [-74.0752361, 4.6324267], [-74.0751778, 4.6314775], [-74.0752521, 4.6303328], [-74.0753627, 4.6292271], [-74.0754725, 4.6278311], [-74.0753916, 4.6268726], [-74.0752909, 4.6265636], [-74.0750708, 4.6261621], [-74.0747217, 4.6257899], [-74.0744661, 4.625593], [-74.0741375, 4.6253414], [-74.0735008, 4.6247486], [-74.0735416, 4.6245223], [-74.073681, 4.6237497], [-74.0736923, 4.6236877], [-74.0738459, 4.6228455], [-74.0740047, 4.6219745], [-74.0741432, 4.621215], [-74.0742922, 4.6203976], [-74.0748737, 4.6202759], [-74.0749691, 4.6202559], [-74.0749504, 4.6201853], [-74.0754021, 4.6199547], [-74.0756627, 4.6197625], [-74.0758783, 4.6196036], [-74.0750048, 4.6183339], [-74.0741385, 4.6170607], [-74.0723866, 4.6146399], [-74.0719776, 4.6138188], [-74.0715024, 4.6126916], [-74.0717922, 4.6122967]]}}, {"type": "Feature", "properties": {"ruta": "114A"}, "geometry": {"type": "LineString", "coordinates": [[-74.0838835, 4.5347186], [-74.0837016, 4.5361341], [-74.0837032, 4.5379269], [-74.0837759, 4.5381324], [-74.0838731, 4.5384455], [-74.0838636, 4.5385776], [-74.0837648, 4.538805], [-74.0835411, 4.5392524], [-74.0834853, 4.5395483], [-74.0836973, 4.5402764], [-74.0833902, 4.5406758], [-74.0833562, 4.5408661], [-74.0836712, 4.5413478], [-74.0836161, 4.5413578], [-74.083117, 4.5414489], [-74.0827739, 4.541512], [-74.0827117, 4.5421505], [-74.0823863, 4.5426044], [-74.0823367, 4.5430919], [-74.0821284, 4.543322], [-74.0818343, 4.5426758], [-74.0820052, 4.5420887], [-74.082316, 4.5419864], [-74.0824713, 4.5415666], [-74.0821101, 4.5410834], [-74.0820991, 4.5410648], [-74.0819958, 4.540391], [-74.081643, 4.5408394], [-74.0813985, 4.541023], [-74.0812623, 4.541322], [-74.0807422, 4.5415837], [-74.0806657, 4.5416206], [-74.080248, 4.5416863], [-74.0802174, 4.5417207], [-74.0797298, 4.5420059], [-74.0790372, 4.5420138], [-74.0790939, 4.5422692], [-74.0791727, 4.5434534], [-74.0792836, 4.5438363], [-74.0797056, 4.5434613], [-74.0796903, 4.543189], [-74.0797877, 4.5427059], [-74.0802346, 4.5422838], [-74.0806657, 4.5416206], [-74.0807422, 4.5415837], [-74.0812623, 4.541322], [-74.0813985, 4.541023], [-74.081643, 4.5408394], [-74.0819958, 4.540391], [-74.0820991, 4.5410648], [-74.0821101, 4.5410834], [-74.0824713, 4.5415666], [-74.082316, 4.5419864], [-74.0820052, 4.5420887], [-74.0818343, 4.5426758], [-74.0821284, 4.543322], [-74.0823494, 4.5435105], [-74.083146, 4.543993], [-74.0829759, 4.5446595], [-74.0835144, 4.5447793], [-74.0835123, 4.5448027], [-74.0835002, 4.5450836], [-74.0835401, 4.5453223], [-74.0835829, 4.5455218], [-74.0836042, 4.5459332], [-74.0835976, 4.5461611], [-74.083563, 4.546362], [-74.0834712, 4.5466341], [-74.0834386, 4.5468234], [-74.0835432, 4.5472362], [-74.0837689, 4.5478486], [-74.083954, 4.5481649], [-74.0842079, 4.5485334], [-74.0851082, 4.5489934], [-74.0863251, 4.5494043], [-74.0864, 4.5501176], [-74.0863521, 4.5506574], [-74.0863436, 4.5507581], [-74.0866538, 4.5508143], [-74.0866797, 4.5508189], [-74.0869677, 4.5508711], [-74.0871647, 4.5509067], [-74.0873118, 4.5509334], [-74.0874796, 4.5509637], [-74.0876645, 4.5504072], [-74.0878538, 4.5504071], [-74.0880148, 4.5498758], [-74.0880355, 4.5497723], [-74.0880671, 4.549503], [-74.0880396, 4.5492049], [-74.0879723, 4.5489597], [-74.0888036, 4.5486704], [-74.0887175, 4.54841], [-74.0886849, 4.5482972], [-74.0889049, 4.5482222], [-74.0891668, 4.5488809], [-74.0897285, 4.5494635], [-74.0899496, 4.549693], [-74.0900346, 4.5499515], [-74.0898801, 4.5508654], [-74.0899093, 4.5509672], [-74.0899363, 4.551041], [-74.0902087, 4.5516468], [-74.0903231, 4.5528022], [-74.0906664, 4.553313], [-74.0918653, 4.5541466], [-74.0923472, 4.5545201], [-74.0932012, 4.5554292], [-74.0934341, 4.5555403], [-74.093914, 4.5556288], [-74.0940756, 4.5556506], [-74.0948739, 4.5557525], [-74.095665, 4.5563016], [-74.0958917, 4.5565355], [-74.0963715, 4.5570487], [-74.0964891, 4.5571895], [-74.0969594, 4.5576476], [-74.097228, 4.5577312], [-74.0980329, 4.5577872], [-74.0984318, 4.5580509], [-74.0985558, 4.5583091], [-74.0987513, 4.558845], [-74.0988326, 4.5605207], [-74.098607, 4.5608279], [-74.0978113, 4.5618602], [-74.0970001, 4.5620904], [-74.0967978, 4.5620402], [-74.0966685, 4.5620057], [-74.0963048, 4.5619816], [-74.0962298, 4.5620187], [-74.0961375, 4.5621225], [-74.0960235, 4.5629752], [-74.0958869, 4.5628425], [-74.0960235, 4.5629752], [-74.0958165, 4.5634772], [-74.0955931, 4.5638899], [-74.095427, 4.5641854], [-74.0951874, 4.5645696], [-74.0948983, 4.5649299], [-74.0947502, 4.5651097], [-74.094634, 4.5652521], [-74.094346, 4.565623], [-74.0941146, 4.5659468], [-74.094072, 4.5660083], [-74.0939755, 4.566231], [-74.0938663, 4.56674], [-74.0937684, 4.5674149], [-74.0942827, 4.5680408], [-74.0938662, 4.5684663], [-74.0936179, 4.5682246], [-74.0937438, 4.5697769], [-74.0937595, 4.5699704], [-74.0937823, 4.5702512], [-74.0935476, 4.5704942], [-74.0933127, 4.5707375], [-74.0932428, 4.5708099], [-74.0928412, 4.5712258], [-74.0923774, 4.571708], [-74.0920719, 4.5720256], [-74.0915729, 4.5725287], [-74.0914819, 4.5726649], [-74.0911688, 4.5731378], [-74.0911199, 4.5732035], [-74.0910054, 4.5733572], [-74.0915737, 4.573948], [-74.0920788, 4.5734573], [-74.0915737, 4.573948], [-74.092161, 4.5745513], [-74.0924667, 4.5748543], [-74.093012, 4.5753946], [-74.0932664, 4.5751541], [-74.0934669, 4.5749644], [-74.0932664, 4.5751541], [-74.093012, 4.5753946], [-74.0924667, 4.5748543], [-74.0929768, 4.5743287], [-74.0944418, 4.5757586], [-74.0946147, 4.5759226], [-74.0951313, 4.5763495], [-74.0959987, 4.5769736], [-74.0964026, 4.5772484], [-74.0964859, 4.5773053], [-74.0969344, 4.5776107], [-74.0973838, 4.5779168], [-74.0980342, 4.5783592], [-74.098114, 4.5784133], [-74.0987476, 4.5788435], [-74.0996675, 4.5794704], [-74.0998555, 4.5795995], [-74.0999672, 4.5794802], [-74.1005544, 4.5787941], [-74.1010045, 4.5791493], [-74.1013574, 4.5794166], [-74.1016785, 4.5796888], [-74.1015265, 4.579875], [-74.1021973, 4.5804304], [-74.101883, 4.5807813], [-74.1021973, 4.5804304], [-74.1028341, 4.5809616], [-74.1024468, 4.5811688], [-74.1022953, 4.5812505], [-74.1024837, 4.5813946], [-74.1030354, 4.5819337], [-74.1035887, 4.5826213], [-74.1032694, 4.5829608], [-74.1028515, 4.5833686], [-74.10243, 4.5837679], [-74.1020158, 4.5841602], [-74.1013276, 4.5848031], [-74.1006301, 4.5854608], [-74.0999565, 4.5861149], [-74.1004786, 4.5866683], [-74.1009525, 4.5871705], [-74.100554, 4.5875516], [-74.1001702, 4.5879186], [-74.0998662, 4.5882093], [-74.099628, 4.5884371], [-74.0993817, 4.5886727], [-74.0996663, 4.5889774], [-74.0995315, 4.5892525], [-74.0990448, 4.5894646], [-74.0989467, 4.5895275], [-74.0990535, 4.5903161], [-74.0988174, 4.5906188], [-74.0985102, 4.5909936], [-74.0982851, 4.5912626], [-74.097868, 4.5917499], [-74.0975335, 4.5921383], [-74.0976009, 4.5922019], [-74.0979553, 4.5917885], [-74.0984412, 4.5922126], [-74.098645, 4.5923905], [-74.0982805, 4.5928064], [-74.0979498, 4.5925154], [-74.0976009, 4.5922019], [-74.0975335, 4.5921383], [-74.0971853, 4.5925426], [-74.0968808, 4.5928962], [-74.0965705, 4.5932692], [-74.0962685, 4.5936323], [-74.0959968, 4.5939591], [-74.0959207, 4.5940505], [-74.096275, 4.5941619], [-74.0965075, 4.5942375], [-74.0962606, 4.5950571], [-74.0960092, 4.5958901], [-74.0957696, 4.5966865], [-74.0955367, 4.5974631], [-74.0953547, 4.5980635], [-74.0951744, 4.5986621], [-74.0949495, 4.5993979], [-74.0949403, 4.5994271], [-74.0948135, 4.5998086], [-74.094662, 4.6002151], [-74.0943727, 4.6008521], [-74.0940547, 4.6014427], [-74.0937832, 4.6018774], [-74.0935049, 4.6023071], [-74.0932317, 4.6027413], [-74.0930418, 4.6030432], [-74.0927391, 4.6034399], [-74.0923936, 4.6039876], [-74.0916988, 4.6050886], [-74.0911142, 4.6060063], [-74.0904853, 4.6069356], [-74.0898567, 4.6078004], [-74.0898005, 4.6078764], [-74.0892269, 4.6086722], [-74.0886536, 4.6094186], [-74.0883625, 4.6097982], [-74.0878905, 4.6105661], [-74.0879183, 4.6109208], [-74.0871883, 4.6119372], [-74.0862719, 4.6130479], [-74.0862156, 4.6131166], [-74.0854086, 4.614102], [-74.0864888, 4.6149777], [-74.0864521, 4.6153226], [-74.0858331, 4.6160545], [-74.0857017, 4.6162102], [-74.0858087, 4.6163005], [-74.0860709, 4.6165085], [-74.0865256, 4.6168627], [-74.0875638, 4.6190863], [-74.087406, 4.6192988], [-74.0868099, 4.6200453], [-74.0856332, 4.6193079], [-74.0845543, 4.6181937], [-74.0845869, 4.6177121], [-74.0855966, 4.6165364], [-74.0858087, 4.6163005], [-74.0859428, 4.6161488], [-74.0876812, 4.6141016], [-74.0877379, 4.6140289], [-74.0885314, 4.6130458], [-74.0892743, 4.6121327], [-74.0893966, 4.6119042], [-74.090033, 4.6112032], [-74.0904126, 4.6107829], [-74.0908245, 4.6102721], [-74.0916233, 4.6092778], [-74.0924277, 4.608271], [-74.0930367, 4.6075251], [-74.0937558, 4.6065907], [-74.0944903, 4.6056677], [-74.0949416, 4.6051026], [-74.0952688, 4.6046927], [-74.0954963, 4.6044077], [-74.09608, 4.6037401], [-74.0965352, 4.603153], [-74.0968303, 4.6027764], [-74.0978348, 4.6014839], [-74.0978882, 4.6014155], [-74.0984827, 4.6006486], [-74.0991017, 4.5998765], [-74.0991528, 4.5998129], [-74.1000275, 4.5987], [-74.1003273, 4.5983179], [-74.1009673, 4.5975017], [-74.1016001, 4.5966915], [-74.1020395, 4.5970376], [-74.1023562, 4.5966357], [-74.1026475, 4.596266], [-74.1032864, 4.5967714], [-74.1045893, 4.5977505], [-74.1048704, 4.5973949], [-74.1052263, 4.5969242], [-74.1048585, 4.5966352], [-74.1046629, 4.5964816], [-74.1037406, 4.5951242], [-74.1039593, 4.5946309], [-74.1039028, 4.5944466], [-74.1033978, 4.5941602], [-74.1032753, 4.5941816], [-74.103208, 4.5942097], [-74.1029645, 4.5944279], [-74.1029394, 4.5944774], [-74.1014306, 4.5948812], [-74.1004852, 4.5949186], [-74.1002972, 4.5949258], [-74.0991259, 4.594921], [-74.0984522, 4.5947245], [-74.0979337, 4.5945655], [-74.098117, 4.5938694], [-74.0975733, 4.5937088], [-74.097163, 4.5935867], [-74.0967364, 4.5934617], [-74.0970628, 4.5928339], [-74.0976009, 4.5922019], [-74.0979553, 4.5917885], [-74.0987951, 4.5907973], [-74.0992455, 4.5902084], [-74.0990535, 4.5903161], [-74.0988174, 4.5906188], [-74.0985102, 4.5909936], [-74.0982851, 4.5912626], [-74.0974731, 4.5906653], [-74.0976725, 4.5903789], [-74.0979712, 4.5899458], [-74.0982913, 4.5895274], [-74.0984257, 4.5895785], [-74.0989467, 4.5895275], [-74.0990448, 4.5894646], [-74.0994004, 4.5899584], [-74.0997355, 4.5894071], [-74.0998284, 4.5892562], [-74.0998793, 4.5891884], [-74.1003463, 4.5887267], [-74.101059, 4.5880734], [-74.1014531, 4.5877018], [-74.1021338, 4.5870461], [-74.1028196, 4.5863976], [-74.1035093, 4.5857454], [-74.1039385, 4.5853395], [-74.1041555, 4.5851343], [-74.1041369, 4.5845228], [-74.1041212, 4.5840546], [-74.1040946, 4.5832546], [-74.1042109, 4.5831432], [-74.1037315, 4.5825405], [-74.103189, 4.5818718], [-74.1028732, 4.581518], [-74.1026341, 4.5813148], [-74.1024468, 4.5811688], [-74.101883, 4.5807813], [-74.1011946, 4.5803067], [-74.0999672, 4.5794802], [-74.0997612, 4.5793391], [-74.0996675, 4.5794704], [-74.0998555, 4.5795995], [-74.1007703, 4.5802147], [-74.1003555, 4.580669], [-74.0998912, 4.5803483], [-74.0994535, 4.5800478], [-74.0992818, 4.5799285], [-74.0988017, 4.5795977], [-74.0983532, 4.5792852], [-74.0979246, 4.5789553], [-74.097752, 4.5788197], [-74.0976709, 4.578756], [-74.0975002, 4.5786219], [-74.0970668, 4.5782806], [-74.0973838, 4.5779168], [-74.0970668, 4.5782806], [-74.0966888, 4.5787106], [-74.0962871, 4.5783497], [-74.095872, 4.5780072], [-74.0964859, 4.5773053], [-74.0965911, 4.5771851], [-74.0965069, 4.5771282], [-74.0955151, 4.5764502], [-74.0951645, 4.5761769], [-74.0952609, 4.576052], [-74.0951645, 4.5761769], [-74.0947154, 4.5757964], [-74.0945564, 4.5756412], [-74.0944418, 4.5757586], [-74.0926141, 4.5782446], [-74.0920251, 4.5778674], [-74.09264, 4.5770775], [-74.0932664, 4.5751541], [-74.0934669, 4.5749644], [-74.0932664, 4.5751541], [-74.093012, 4.5753946], [-74.0924667, 4.5748543], [-74.0929768, 4.5743287], [-74.0930966, 4.5742054], [-74.0936294, 4.5736553], [-74.0938795, 4.5733875], [-74.0944787, 4.5727626], [-74.0949354, 4.572291], [-74.0953996, 4.5718111], [-74.0958741, 4.5713175], [-74.0963544, 4.5708187], [-74.096484, 4.570669], [-74.0967114, 4.5704073], [-74.096344, 4.5699741], [-74.095783, 4.5693129], [-74.0961323, 4.568943], [-74.0968017, 4.5682298], [-74.0964963, 4.5678726], [-74.0960698, 4.567385], [-74.0967912, 4.5666879], [-74.0971823, 4.5663496], [-74.0981186, 4.5655284], [-74.0983045, 4.565363], [-74.0986628, 4.5650447], [-74.0975412, 4.5637209], [-74.0965733, 4.5623529], [-74.0967978, 4.5620402], [-74.0970001, 4.5620904], [-74.0978113, 4.5618602], [-74.098607, 4.5608279], [-74.0988326, 4.5605207], [-74.0987513, 4.558845], [-74.0985558, 4.5583091], [-74.0984318, 4.5580509], [-74.0982053, 4.5575607], [-74.0981329, 4.5574166], [-74.0966194, 4.557086], [-74.096023, 4.5564452], [-74.0956334, 4.5560266], [-74.0952689, 4.5557294], [-74.094913, 4.5555955], [-74.0945354, 4.5555218], [-74.0940756, 4.5556506], [-74.093914, 4.5556288], [-74.0934341, 4.5555403], [-74.0932012, 4.5554292], [-74.0923472, 4.5545201], [-74.0918653, 4.5541466], [-74.091861, 4.5537701], [-74.09188, 4.5532486], [-74.091874, 4.5530802], [-74.0918545, 4.5526938], [-74.0918174, 4.5521103], [-74.0919515, 4.5516425], [-74.0909119, 4.5512842], [-74.0900584, 4.5510137], [-74.0899093, 4.5509672], [-74.0898801, 4.5508654], [-74.0900346, 4.5499515], [-74.0899496, 4.549693], [-74.0897285, 4.5494635], [-74.0894822, 4.5495533], [-74.0892935, 4.549351], [-74.0890879, 4.5491503], [-74.0889167, 4.5489126], [-74.0888036, 4.5486704], [-74.0879723, 4.5489597], [-74.0880396, 4.5492049], [-74.0880671, 4.549503], [-74.0880355, 4.5497723], [-74.0880148, 4.5498758], [-74.0878538, 4.5504071], [-74.0876645, 4.5504072], [-74.087709, 4.550273], [-74.0876645, 4.5504072], [-74.0874796, 4.5509637], [-74.0873118, 4.5509334], [-74.0871647, 4.5509067], [-74.0869677, 4.5508711], [-74.0866797, 4.5508189], [-74.0866538, 4.5508143], [-74.0863436, 4.5507581], [-74.0863521, 4.5506574], [-74.0864, 4.5501176], [-74.0863251, 4.5494043], [-74.0851082, 4.5489934], [-74.0842079, 4.5485334], [-74.083954, 4.5481649], [-74.0837689, 4.5478486], [-74.0835432, 4.5472362], [-74.0834386, 4.5468234], [-74.0834712, 4.5466341], [-74.083563, 4.546362], [-74.0835976, 4.5461611], [-74.0836042, 4.5459332], [-74.0835829, 4.5455218], [-74.0835401, 4.5453223], [-74.0835002, 4.5450836], [-74.0835123, 4.5448027], [-74.0835144, 4.5447793], [-74.0834644, 4.543806], [-74.0833116, 4.543298], [-74.0831785, 4.5438909], [-74.083146, 4.543993], [-74.0823494, 4.5435105], [-74.0821284, 4.543322], [-74.0818343, 4.5426758], [-74.0820052, 4.5420887], [-74.082316, 4.5419864], [-74.0824713, 4.5415666], [-74.0821101, 4.5410834], [-74.0820991, 4.5410648], [-74.0819958, 4.540391], [-74.081643, 4.5408394], [-74.0813985, 4.541023], [-74.0812623, 4.541322], [-74.0807422, 4.5415837], [-74.0806657, 4.5416206], [-74.080248, 4.5416863], [-74.0802174, 4.5417207], [-74.0797298, 4.5420059], [-74.0790372, 4.5420138], [-74.0790939, 4.5422692], [-74.0791727, 4.5434534], [-74.0792836, 4.5438363], [-74.0797056, 4.5434613], [-74.0796903, 4.543189], [-74.0797877, 4.5427059], [-74.0802346, 4.5422838], [-74.0806657, 4.5416206], [-74.0807422, 4.5415837], [-74.0812623, 4.541322], [-74.0813985, 4.541023], [-74.081643, 4.5408394], [-74.0819958, 4.540391], [-74.0820991, 4.5410648], [-74.0821101, 4.5410834], [-74.0824713, 4.5415666], [-74.082316, 4.5419864], [-74.0820052, 4.5420887], [-74.0818343, 4.5426758], [-74.0821284, 4.543322], [-74.0823494, 4.5435105], [-74.0821284, 4.543322], [-74.0823367, 4.5430919], [-74.0823863, 4.5426044], [-74.0827117, 4.5421505], [-74.0827739, 4.541512], [-74.083117, 4.5414489], [-74.0836161, 4.5413578], [-74.0836712, 4.5413478], [-74.0833562, 4.5408661], [-74.0833902, 4.5406758], [-74.0836973, 4.5402764], [-74.0834853, 4.5395483], [-74.0835411, 4.5392524], [-74.0837648, 4.538805], [-74.0838636, 4.5385776], [-74.0838731, 4.5384455], [-74.0837759, 4.5381324], [-74.0837032, 4.5379269], [-74.0837016, 4.5361341], [-74.0838835, 4.5347186]]}}, {"type": "Feature", "properties": {"ruta": "117"}, "geometry": {"type": "LineString", "coordinates": [[-74.0858836, 4.5303529], [-74.0855785, 4.5311103], [-74.0854083, 4.5315331], [-74.0862317, 4.5322042], [-74.086124, 4.5323005], [-74.0857669, 4.5324659], [-74.0852426, 4.5324268], [-74.0852799, 4.5335646], [-74.085092, 4.534037], [-74.084012, 4.534604], [-74.0838835, 4.5347186], [-74.0837016, 4.5361341], [-74.0837032, 4.5379269], [-74.0837759, 4.5381324], [-74.0838731, 4.5384455], [-74.0838636, 4.5385776], [-74.0837648, 4.538805], [-74.0835411, 4.5392524], [-74.0834853, 4.5395483], [-74.0836973, 4.5402764], [-74.0833902, 4.5406758], [-74.0833562, 4.5408661], [-74.0836712, 4.5413478], [-74.0836161, 4.5413578], [-74.0836712, 4.5413478], [-74.0837655, 4.541789], [-74.083744, 4.5427524], [-74.0833116, 4.543298], [-74.0834644, 4.543806], [-74.0835144, 4.5447793], [-74.0835123, 4.5448027], [-74.0835002, 4.5450836], [-74.0835401, 4.5453223], [-74.0835829, 4.5455218], [-74.0836042, 4.5459332], [-74.0835976, 4.5461611], [-74.083563, 4.546362], [-74.0834712, 4.5466341], [-74.0834386, 4.5468234], [-74.0835432, 4.5472362], [-74.0837689, 4.5478486], [-74.083954, 4.5481649], [-74.0842079, 4.5485334], [-74.0851082, 4.5489934], [-74.0863251, 4.5494043], [-74.0864, 4.5501176], [-74.0863521, 4.5506574], [-74.0863436, 4.5507581], [-74.0866538, 4.5508143], [-74.0866797, 4.5508189], [-74.0869677, 4.5508711], [-74.0871647, 4.5509067], [-74.0873118, 4.5509334], [-74.0874796, 4.5509637], [-74.0876645, 4.5504072], [-74.0878538, 4.5504071], [-74.0880148, 4.5498758], [-74.0880355, 4.5497723], [-74.0880671, 4.549503], [-74.0880396, 4.5492049], [-74.0879723, 4.5489597], [-74.0888036, 4.5486704], [-74.0887175, 4.54841], [-74.0886849, 4.5482972], [-74.0889049, 4.5482222], [-74.0891668, 4.5488809], [-74.0897285, 4.5494635], [-74.0899496, 4.549693], [-74.0900346, 4.5499515], [-74.0898801, 4.5508654], [-74.0899093, 4.5509672], [-74.0899363, 4.551041], [-74.0902087, 4.5516468], [-74.0903231, 4.5528022], [-74.0906664, 4.553313], [-74.0918653, 4.5541466], [-74.091918, 4.5546312], [-74.0915699, 4.5550456], [-74.0909121, 4.555841], [-74.090882, 4.555892], [-74.0906428, 4.5564069], [-74.0906779, 4.5566047], [-74.0908831, 4.5570552], [-74.0910874, 4.5575217], [-74.0908813, 4.5581278], [-74.0908074, 4.5583954], [-74.090635, 4.5589621], [-74.0903279, 4.5594076], [-74.0898753, 4.5599356], [-74.0897335, 4.5605603], [-74.0896275, 4.5608179], [-74.089267, 4.5614442], [-74.0890445, 4.5619331], [-74.0889381, 4.5624099], [-74.0885496, 4.5633412], [-74.0876571, 4.5642979], [-74.0872508, 4.5643384], [-74.0870824, 4.5642636], [-74.0867773, 4.5640888], [-74.0861456, 4.5640921], [-74.0861977, 4.5644459], [-74.0862496, 4.5648461], [-74.0861585, 4.5655663], [-74.0862738, 4.5661822], [-74.0863983, 4.566806], [-74.0864991, 4.5674506], [-74.0858017, 4.5686771], [-74.0857597, 4.5684958], [-74.0858017, 4.5686771], [-74.0856791, 4.5689007], [-74.0862526, 4.5690943], [-74.0864645, 4.5687181], [-74.086816, 4.568945], [-74.087214, 4.56921], [-74.0875526, 4.5694293], [-74.087349, 4.5697481], [-74.0863111, 4.5692829], [-74.086128, 4.569273], [-74.0858672, 4.5693147], [-74.0855893, 4.5694281], [-74.0855731, 4.5695278], [-74.0884865, 4.5705898], [-74.0887823, 4.571545], [-74.0891019, 4.571389], [-74.0892838, 4.5711866], [-74.0891019, 4.571389], [-74.0896532, 4.5720113], [-74.0900043, 4.5723249], [-74.0900699, 4.5722538], [-74.0901196, 4.5721999], [-74.0901873, 4.5721266], [-74.0904177, 4.5718769], [-74.0901873, 4.5721266], [-74.0901196, 4.5721999], [-74.0900699, 4.5722538], [-74.0906424, 4.5727737], [-74.0911199, 4.5732035], [-74.0910054, 4.5733572], [-74.0915737, 4.573948], [-74.092161, 4.5745513], [-74.092623, 4.5741149], [-74.092161, 4.5745513], [-74.0924667, 4.5748543], [-74.0929768, 4.5743287], [-74.0944418, 4.5757586], [-74.0946147, 4.5759226], [-74.0951313, 4.5763495], [-74.0959987, 4.5769736], [-74.0964026, 4.5772484], [-74.0964859, 4.5773053], [-74.0969344, 4.5776107], [-74.0973838, 4.5779168], [-74.0980342, 4.5783592], [-74.098114, 4.5784133], [-74.0987476, 4.5788435], [-74.0996675, 4.5794704], [-74.0998555, 4.5795995], [-74.1007703, 4.5802147], [-74.1022953, 4.5812505], [-74.1024837, 4.5813946], [-74.1026341, 4.5813148], [-74.1024468, 4.5811688], [-74.101883, 4.5807813], [-74.1021973, 4.5804304], [-74.1028341, 4.5809616], [-74.1024468, 4.5811688], [-74.1022953, 4.5812505], [-74.1024837, 4.5813946], [-74.1030354, 4.5819337], [-74.1035887, 4.5826213], [-74.1040946, 4.5832546], [-74.1050793, 4.5844929], [-74.1041369, 4.5845228], [-74.1041212, 4.5840546], [-74.1045971, 4.5839749], [-74.1041212, 4.5840546], [-74.1040946, 4.5832546], [-74.1050793, 4.5844929], [-74.1054199, 4.5849213], [-74.1058609, 4.5854764], [-74.106216, 4.5859182], [-74.106653, 4.5864662], [-74.1070954, 4.587021], [-74.1075552, 4.5875942], [-74.1079874, 4.5881351], [-74.1084517, 4.5887233], [-74.1089061, 4.5892989], [-74.1089766, 4.5893964], [-74.1106298, 4.5916648], [-74.11116, 4.5923962], [-74.1116379, 4.5931419], [-74.1123028, 4.594295], [-74.1124229, 4.5944852], [-74.1124844, 4.5945877], [-74.1127714, 4.5950976], [-74.1128582, 4.5952528], [-74.1133087, 4.5960581], [-74.1134536, 4.5963186], [-74.1148247, 4.5977848], [-74.1145327, 4.5981566], [-74.1141817, 4.5978492], [-74.1145327, 4.5981566], [-74.1148912, 4.5984754], [-74.1152076, 4.5987567], [-74.115529, 4.5990425], [-74.1158605, 4.5993373], [-74.116176, 4.5996179], [-74.1157107, 4.6002753], [-74.1160267, 4.6005637], [-74.1166222, 4.6008193], [-74.1169726, 4.6003457], [-74.1172696, 4.5999442], [-74.1174516, 4.6001087], [-74.1191062, 4.6013004], [-74.1188152, 4.6018348], [-74.1193909, 4.6021473], [-74.1188152, 4.6018348], [-74.1191062, 4.6013004], [-74.120792, 4.602643], [-74.1208212, 4.6027457], [-74.1213122, 4.6030717], [-74.1214436, 4.6030526], [-74.1224999, 4.6034761], [-74.1231843, 4.6039194], [-74.1238005, 4.6043235], [-74.1241755, 4.6045657], [-74.1245129, 4.604838], [-74.1250305, 4.6053778], [-74.1255671, 4.6059397], [-74.126229, 4.606609], [-74.126812, 4.6071986], [-74.1272382, 4.6076485], [-74.1314631, 4.6109437], [-74.1324145, 4.6115002], [-74.1340544, 4.6125715], [-74.1354135, 4.6141592], [-74.1355478, 4.6140876], [-74.1342223, 4.6125422], [-74.1333966, 4.6118919], [-74.1339547, 4.6113429], [-74.1343457, 4.6109472], [-74.1348081, 4.6114909], [-74.1352325, 4.6119899], [-74.1363363, 4.6113921], [-74.1368307, 4.6111244], [-74.1374489, 4.6122702], [-74.1377832, 4.6128896], [-74.1360297, 4.6138276], [-74.1355478, 4.6140876], [-74.1354135, 4.6141592], [-74.1358691, 4.614691], [-74.1367178, 4.6156949], [-74.1361754, 4.6160085], [-74.1366471, 4.6166095], [-74.1372721, 4.6165547], [-74.1366471, 4.6166095], [-74.1366947, 4.6175894], [-74.1374012, 4.6175493], [-74.1374798, 4.6175453], [-74.138237, 4.6175395], [-74.1383104, 4.6176368], [-74.1386139, 4.6180498], [-74.1389146, 4.6184205], [-74.1413601, 4.6191437], [-74.141801, 4.6192098], [-74.1419353, 4.6201079], [-74.1423092, 4.6204492], [-74.1430801, 4.6211602], [-74.1442496, 4.6222334], [-74.1442956, 4.6222756], [-74.1450199, 4.622939], [-74.145404, 4.6232937], [-74.1463419, 4.6241386], [-74.1464038, 4.624069], [-74.1454744, 4.6232173], [-74.1453509, 4.6231047], [-74.1444628, 4.6223066], [-74.1443532, 4.6222041], [-74.1443065, 4.6221605], [-74.1442496, 4.6222334], [-74.1442956, 4.6222756], [-74.1450199, 4.622939], [-74.145404, 4.6232937], [-74.1463419, 4.6241386], [-74.1469828, 4.6247363], [-74.1477294, 4.6254249], [-74.147798, 4.6253495], [-74.1470859, 4.6246959], [-74.1474094, 4.6243479], [-74.1477059, 4.6240289], [-74.1480177, 4.6236936], [-74.1483349, 4.6239853], [-74.1487192, 4.6243388], [-74.1487446, 4.6243112], [-74.1492465, 4.6237632], [-74.1493122, 4.6236919], [-74.1499011, 4.6230493], [-74.1502372, 4.6226775], [-74.1509506, 4.6218758], [-74.1513319, 4.6222264], [-74.1518471, 4.6227001], [-74.1521239, 4.6229546], [-74.1523413, 4.6231545], [-74.1529366, 4.6237018], [-74.1532824, 4.6240195], [-74.153425, 4.624027], [-74.1545186, 4.622825], [-74.1550328, 4.6233004], [-74.1564507, 4.6246074], [-74.1574506, 4.6255303], [-74.157511, 4.6254608], [-74.1576625, 4.625291], [-74.1578637, 4.6250718], [-74.1575402, 4.6247498], [-74.157208, 4.6244558], [-74.1575402, 4.6247498], [-74.1578637, 4.6250718], [-74.1576625, 4.625291], [-74.157511, 4.6254608], [-74.1565135, 4.6245347], [-74.1571635, 4.6237978], [-74.1567983, 4.6234498], [-74.1561082, 4.6227976], [-74.1564167, 4.6224595], [-74.1567416, 4.6227537], [-74.1577052, 4.6224556], [-74.1579454, 4.6226731], [-74.1577052, 4.6224556], [-74.1573263, 4.6221123], [-74.1576101, 4.621801], [-74.1579893, 4.6221445], [-74.1590428, 4.6210138], [-74.159399, 4.6213444], [-74.1600409, 4.6206687], [-74.160595, 4.6203164], [-74.1611177, 4.6200043], [-74.1617463, 4.6196328], [-74.1623639, 4.6192717], [-74.162739, 4.6190525], [-74.1633774, 4.6186793], [-74.1640577, 4.6182819], [-74.1642457, 4.6181727], [-74.1653816, 4.6200959], [-74.1659081, 4.6210198], [-74.165961, 4.6211183], [-74.1660953, 4.6210436], [-74.1672048, 4.6203625], [-74.1679268, 4.6198327], [-74.1686094, 4.6192097], [-74.1690504, 4.6187849], [-74.1694485, 4.6184446], [-74.1702709, 4.6178117], [-74.1704206, 4.6177024], [-74.1707414, 4.6174681], [-74.1713903, 4.6169961], [-74.1718393, 4.6166658], [-74.1720467, 4.6165132], [-74.1724986, 4.6161808], [-74.1728056, 4.6159533], [-74.1730281, 4.6157893], [-74.1732879, 4.6155978], [-74.1736331, 4.6153434], [-74.1747564, 4.6145811], [-74.1747426, 4.6144381], [-74.1746549, 4.6145073], [-74.1747564, 4.6145811], [-74.1753703, 4.6140215], [-74.1760907, 4.6133466], [-74.1763775, 4.6130779], [-74.1762868, 4.6129787], [-74.1753265, 4.6119278], [-74.1758166, 4.6114911], [-74.1760516, 4.6112818], [-74.1762847, 4.6114313], [-74.176475, 4.6116432], [-74.1766627, 4.6118711], [-74.1768364, 4.6120925], [-74.1770813, 4.6119438], [-74.1772091, 4.6121323], [-74.1762868, 4.6129787], [-74.1763775, 4.6130779], [-74.1768152, 4.6126765], [-74.1775476, 4.6120048], [-74.1782612, 4.6113504], [-74.1786366, 4.6110144], [-74.1795511, 4.6102649], [-74.1796421, 4.6103519], [-74.1795511, 4.6102649], [-74.1806006, 4.6092772], [-74.1810998, 4.6090374], [-74.1811773, 4.609068], [-74.1815277, 4.6089862], [-74.1815872, 4.608919], [-74.1816354, 4.6085898], [-74.1834181, 4.6070929], [-74.1844166, 4.6066741], [-74.1842395, 4.6062846], [-74.1831725, 4.6066858], [-74.1832608, 4.606834], [-74.1818928, 4.6079599], [-74.1814003, 4.6083508], [-74.1813399, 4.6083354], [-74.1809924, 4.6084594], [-74.1809007, 4.6087278], [-74.1810998, 4.6090374], [-74.1811773, 4.609068], [-74.1815277, 4.6089862], [-74.1815872, 4.608919], [-74.1816354, 4.6085898], [-74.1834181, 4.6070929], [-74.183969, 4.6079519], [-74.1841471, 4.6082296], [-74.1848011, 4.6092863], [-74.185332, 4.610032], [-74.1858694, 4.6108738], [-74.1860151, 4.6111332], [-74.1861638, 4.611398], [-74.1863024, 4.6116371], [-74.1864515, 4.6118943], [-74.186543, 4.6120521], [-74.1865714, 4.6121066], [-74.1865877, 4.6121379], [-74.1867217, 4.6123949], [-74.1868598, 4.6126629], [-74.1869816, 4.6129527], [-74.1871457, 4.6145474], [-74.1871501, 4.6146819], [-74.1871637, 4.6151021], [-74.187172, 4.6153383], [-74.1872636, 4.6156162], [-74.1874015, 4.6159108], [-74.1874372, 4.6159731], [-74.1875732, 4.6161033], [-74.1878518, 4.6162285], [-74.1879441, 4.6162706], [-74.1880675, 4.6163759], [-74.1881184, 4.6164665], [-74.188184, 4.616628], [-74.1882572, 4.6168228], [-74.1883063, 4.6169535], [-74.1884492, 4.6173345], [-74.1884701, 4.6173901], [-74.1885725, 4.6176537], [-74.1886443, 4.6178387], [-74.1887388, 4.6180913], [-74.1888154, 4.6182959], [-74.1890739, 4.6190304], [-74.1890712, 4.6194554], [-74.1891078, 4.6196436], [-74.1894347, 4.6205073], [-74.1894587, 4.6205705], [-74.1895609, 4.6208407], [-74.1896595, 4.6211012], [-74.1897529, 4.6213478], [-74.1897761, 4.6214092], [-74.1899654, 4.6219093], [-74.1900699, 4.6221854], [-74.1897898, 4.6223956], [-74.1899125, 4.62272], [-74.1896109, 4.6228293], [-74.1892599, 4.6229358], [-74.1890782, 4.6229557], [-74.1892038, 4.623087], [-74.1894122, 4.623305], [-74.1896388, 4.623542], [-74.1902164, 4.6241747], [-74.1905339, 4.6245294], [-74.1907379, 4.6247618], [-74.1913188, 4.62541], [-74.1916142, 4.6257396], [-74.1915197, 4.6260125], [-74.1915615, 4.6259962], [-74.1917779, 4.6266667], [-74.1919958, 4.6273422], [-74.1921254, 4.6277439], [-74.1922205, 4.6280387], [-74.1923136, 4.6283687], [-74.1923214, 4.6286807], [-74.1946108, 4.627845], [-74.1923214, 4.6286807], [-74.1923136, 4.6283687], [-74.1922205, 4.6280387], [-74.1921254, 4.6277439], [-74.1919958, 4.6273422], [-74.1916442, 4.6274553], [-74.1915549, 4.6271818], [-74.1914137, 4.6267913], [-74.1911874, 4.6261421], [-74.1915197, 4.6260125], [-74.1915615, 4.6259962], [-74.1917689, 4.6259156], [-74.1949966, 4.6279278], [-74.1952436, 4.6281161], [-74.1956274, 4.6286307], [-74.1956916, 4.6287481], [-74.195806, 4.6287231], [-74.1967246, 4.628451], [-74.1969765, 4.6283292], [-74.1974889, 4.6280812], [-74.1977455, 4.627957], [-74.1982393, 4.627718], [-74.1984946, 4.6275945], [-74.1990073, 4.6286323], [-74.1984946, 4.6275945], [-74.1987274, 4.6274818], [-74.1989828, 4.6273582], [-74.1991238, 4.6276602], [-74.1992424, 4.6279131], [-74.1993774, 4.628201], [-74.2000252, 4.6278815], [-74.1999218, 4.6276053], [-74.1998219, 4.6273385], [-74.1996994, 4.6270115], [-74.1996105, 4.6267743], [-74.1995122, 4.6265118], [-74.1993526, 4.6260054], [-74.1992644, 4.625726], [-74.1991436, 4.6253427], [-74.1990578, 4.6250707], [-74.1989804, 4.6248252], [-74.1989712, 4.624796], [-74.198889, 4.6245353], [-74.1988056, 4.6242707], [-74.1987918, 4.6242269], [-74.1987206, 4.624001], [-74.1987049, 4.6239512], [-74.1986386, 4.623741], [-74.1986215, 4.6236867], [-74.1985345, 4.6234108], [-74.198435, 4.6230952], [-74.1986355, 4.6230338], [-74.1989252, 4.622945], [-74.199278, 4.6227804], [-74.1993148, 4.6226381], [-74.1993597, 4.6224289], [-74.1993832, 4.6223196], [-74.1994136, 4.6221782], [-74.1994679, 4.6219188], [-74.1995226, 4.6216098], [-74.1995672, 4.6212366], [-74.1998451, 4.621167], [-74.2000619, 4.6210754], [-74.2004204, 4.6208348], [-74.2007157, 4.6206533], [-74.2009189, 4.620494], [-74.2010822, 4.6204033], [-74.2013991, 4.6203255], [-74.2009388, 4.6195111], [-74.2014977, 4.6196245], [-74.2018203, 4.6195644], [-74.2018742, 4.6195398], [-74.2023463, 4.6193769], [-74.2026133, 4.6193179], [-74.2028483, 4.6192767], [-74.2033534, 4.6190004], [-74.2034145, 4.6191605], [-74.2037558, 4.6200546], [-74.2041653, 4.6212541], [-74.2042151, 4.6214318], [-74.2042822, 4.6216715], [-74.2042943, 4.6217146], [-74.2043571, 4.621939], [-74.2043847, 4.6220422], [-74.2044259, 4.622197], [-74.2048477, 4.6221234], [-74.2050224, 4.6225144], [-74.2052941, 4.6223881], [-74.2055541, 4.6222671], [-74.205819, 4.6221439], [-74.2059981, 4.6225431], [-74.2062506, 4.6224316], [-74.2065035, 4.6223198], [-74.2067552, 4.6222073], [-74.2070009, 4.6220947], [-74.2073056, 4.621972], [-74.2074298, 4.622242], [-74.2073056, 4.621972], [-74.2070009, 4.6220947], [-74.2067552, 4.6222073], [-74.2065035, 4.6223198], [-74.2062506, 4.6224316], [-74.2059981, 4.6225431], [-74.205819, 4.6221439], [-74.2055541, 4.6222671], [-74.2052941, 4.6223881], [-74.2050224, 4.6225144], [-74.2048477, 4.6221234], [-74.2044259, 4.622197], [-74.2043847, 4.6220422], [-74.2043571, 4.621939], [-74.2042943, 4.6217146], [-74.2042822, 4.6216715], [-74.2042151, 4.6214318], [-74.2041653, 4.6212541], [-74.2037558, 4.6200546], [-74.2034145, 4.6191605], [-74.2033534, 4.6190004], [-74.2028483, 4.6192767], [-74.2026133, 4.6193179], [-74.2023463, 4.6193769], [-74.2018742, 4.6195398], [-74.2018203, 4.6195644], [-74.2014977, 4.6196245], [-74.2009388, 4.6195111], [-74.2006026, 4.6196169], [-74.2010822, 4.6204033], [-74.2009189, 4.620494], [-74.2007157, 4.6206533], [-74.2004204, 4.6208348], [-74.2000619, 4.6210754], [-74.1998451, 4.621167], [-74.1995672, 4.6212366], [-74.1995226, 4.6216098], [-74.1994679, 4.6219188], [-74.1994136, 4.6221782], [-74.1993832, 4.6223196], [-74.1993597, 4.6224289], [-74.1993148, 4.6226381], [-74.199278, 4.6227804], [-74.1989252, 4.622945], [-74.1986355, 4.6230338], [-74.198435, 4.6230952], [-74.1985345, 4.6234108], [-74.1986215, 4.6236867], [-74.1986386, 4.623741], [-74.1987049, 4.6239512], [-74.1987206, 4.624001], [-74.1987918, 4.6242269], [-74.1988056, 4.6242707], [-74.198889, 4.6245353], [-74.1989712, 4.624796], [-74.1989804, 4.6248252], [-74.1990578, 4.6250707], [-74.1991436, 4.6253427], [-74.1992644, 4.625726], [-74.1993526, 4.6260054], [-74.1995122, 4.6265118], [-74.1996105, 4.6267743], [-74.1996994, 4.6270115], [-74.1998219, 4.6273385], [-74.1999218, 4.6276053], [-74.2000252, 4.6278815], [-74.1993774, 4.628201], [-74.1994799, 4.6284195], [-74.1993774, 4.628201], [-74.2000252, 4.6278815], [-74.200156, 4.6282306], [-74.1986489, 4.6289107], [-74.1985392, 4.6289602], [-74.1977719, 4.6293053], [-74.1970164, 4.6296447], [-74.1968414, 4.6297233], [-74.1967627, 4.6297586], [-74.1963857, 4.6299279], [-74.195806, 4.6287231], [-74.1957466, 4.6286014], [-74.1956274, 4.6286307], [-74.1949925, 4.6287787], [-74.1926076, 4.6295662], [-74.1925006, 4.6292284], [-74.1924103, 4.6289552], [-74.1923214, 4.6286807], [-74.1923136, 4.6283687], [-74.1922205, 4.6280387], [-74.1921254, 4.6277439], [-74.1919958, 4.6273422], [-74.1916442, 4.6274553], [-74.1915549, 4.6271818], [-74.1914137, 4.6267913], [-74.1911874, 4.6261421], [-74.1915197, 4.6260125], [-74.1915615, 4.6259962], [-74.1917689, 4.6259156], [-74.1949966, 4.6279278], [-74.1952436, 4.6281161], [-74.1949925, 4.6287787], [-74.1926076, 4.6295662], [-74.1925006, 4.6292284], [-74.1924103, 4.6289552], [-74.1923214, 4.6286807], [-74.1923136, 4.6283687], [-74.1922205, 4.6280387], [-74.1921254, 4.6277439], [-74.1919958, 4.6273422], [-74.1917779, 4.6266667], [-74.1914137, 4.6267913], [-74.1911874, 4.6261421], [-74.1915197, 4.6260125], [-74.1915615, 4.6259962], [-74.1917689, 4.6259156], [-74.1919085, 4.6258612], [-74.1917702, 4.6257005], [-74.1914981, 4.6253959], [-74.1909407, 4.6247717], [-74.1892599, 4.6229358], [-74.1890782, 4.6229557], [-74.1892038, 4.623087], [-74.1894122, 4.623305], [-74.1896388, 4.623542], [-74.1902164, 4.6241747], [-74.1905339, 4.6245294], [-74.1907379, 4.6247618], [-74.1913188, 4.62541], [-74.1916142, 4.6257396], [-74.1917689, 4.6259156], [-74.1919085, 4.6258612], [-74.1917702, 4.6257005], [-74.1914981, 4.6253959], [-74.1909407, 4.6247717], [-74.1892599, 4.6229358], [-74.1896109, 4.6228293], [-74.1895222, 4.6225944], [-74.1897898, 4.6223956], [-74.1900699, 4.6221854], [-74.1899654, 4.6219093], [-74.1897761, 4.6214092], [-74.1897529, 4.6213478], [-74.1896595, 4.6211012], [-74.1895609, 4.6208407], [-74.1894587, 4.6205705], [-74.1894347, 4.6205073], [-74.1891078, 4.6196436], [-74.1890712, 4.6194554], [-74.1890739, 4.6190304], [-74.1888154, 4.6182959], [-74.1887388, 4.6180913], [-74.1886443, 4.6178387], [-74.1885725, 4.6176537], [-74.1884701, 4.6173901], [-74.1884492, 4.6173345], [-74.1883063, 4.6169535], [-74.1882572, 4.6168228], [-74.188184, 4.616628], [-74.1881184, 4.6164665], [-74.1880675, 4.6163759], [-74.1879441, 4.6162706], [-74.1878518, 4.6162285], [-74.1875732, 4.6161033], [-74.1874372, 4.6159731], [-74.1874015, 4.6159108], [-74.1872636, 4.6156162], [-74.187172, 4.6153383], [-74.1871637, 4.6151021], [-74.1871501, 4.6146819], [-74.1871457, 4.6145474], [-74.1869816, 4.6129527], [-74.1868598, 4.6126629], [-74.1867217, 4.6123949], [-74.1865877, 4.6121379], [-74.1865714, 4.6121066], [-74.186543, 4.6120521], [-74.1864515, 4.6118943], [-74.1863024, 4.6116371], [-74.1861638, 4.611398], [-74.1860151, 4.6111332], [-74.1858694, 4.6108738], [-74.1861617, 4.610657], [-74.18658, 4.6103497], [-74.1863612, 4.6100423], [-74.1860277, 4.6095382], [-74.1855176, 4.6087726], [-74.1849896, 4.6079789], [-74.1848, 4.6075471], [-74.1844166, 4.6066741], [-74.1842395, 4.6062846], [-74.1831725, 4.6066858], [-74.1832608, 4.606834], [-74.1818928, 4.6079599], [-74.1814003, 4.6083508], [-74.1813399, 4.6083354], [-74.1809924, 4.6084594], [-74.1809007, 4.6087278], [-74.1804388, 4.6092602], [-74.1803673, 4.6093328], [-74.1798913, 4.6098015], [-74.179318, 4.6102755], [-74.1788321, 4.6106754], [-74.1786175, 4.6108596], [-74.1782082, 4.6112153], [-74.1774627, 4.6118995], [-74.1772091, 4.6121323], [-74.1762868, 4.6129787], [-74.1748922, 4.6143079], [-74.1747426, 4.6144381], [-74.1746549, 4.6145073], [-74.1747564, 4.6145811], [-74.1753703, 4.6140215], [-74.1757511, 4.6144264], [-74.1750942, 4.6149622], [-74.1747564, 4.6145811], [-74.1747426, 4.6144381], [-74.1746549, 4.6145073], [-74.1735339, 4.6153006], [-74.1736331, 4.6153434], [-74.1735339, 4.6153006], [-74.1727694, 4.6158611], [-74.1713615, 4.6168753], [-74.1713903, 4.6169961], [-74.1718393, 4.6166658], [-74.1720467, 4.6165132], [-74.1724986, 4.6161808], [-74.1728056, 4.6159533], [-74.1727694, 4.6158611], [-74.1713615, 4.6168753], [-74.1712798, 4.6169358], [-74.1703597, 4.6176171], [-74.1689866, 4.6186945], [-74.1690504, 4.6187849], [-74.1694485, 4.6184446], [-74.1696813, 4.6187634], [-74.1698829, 4.619042], [-74.1700365, 4.6192541], [-74.169799, 4.6193791], [-74.1695544, 4.6195245], [-74.1690504, 4.6187849], [-74.1689866, 4.6186945], [-74.1672754, 4.6163216], [-74.1669003, 4.6165957], [-74.1663561, 4.6169962], [-74.1657939, 4.6173658], [-74.1651597, 4.6176885], [-74.1643714, 4.6180997], [-74.1642457, 4.6181727], [-74.1640577, 4.6182819], [-74.1633774, 4.6186793], [-74.162739, 4.6190525], [-74.1623639, 4.6192717], [-74.1617463, 4.6196328], [-74.1611177, 4.6200043], [-74.160595, 4.6203164], [-74.1608378, 4.6207327], [-74.1600816, 4.621951], [-74.1591329, 4.6223673], [-74.1588081, 4.6227266], [-74.1584412, 4.6223907], [-74.1577857, 4.6231127], [-74.1571635, 4.6237978], [-74.1565135, 4.6245347], [-74.1571635, 4.6237978], [-74.1567983, 4.6234498], [-74.1561082, 4.6227976], [-74.1559748, 4.6229438], [-74.1552875, 4.6230252], [-74.1551014, 4.6232263], [-74.154587, 4.6227496], [-74.1554809, 4.6217739], [-74.1554022, 4.6217013], [-74.1550599, 4.6213707], [-74.1547508, 4.6217089], [-74.1544525, 4.622035], [-74.1538509, 4.6226927], [-74.1535548, 4.6230165], [-74.153257, 4.623342], [-74.1530423, 4.6235767], [-74.153257, 4.623342], [-74.1527887, 4.6229142], [-74.1524487, 4.6226022], [-74.1521203, 4.6223016], [-74.1516568, 4.6218774], [-74.1513319, 4.6222264], [-74.1509506, 4.6218758], [-74.1502372, 4.6226775], [-74.1499011, 4.6230493], [-74.1493122, 4.6236919], [-74.1492465, 4.6237632], [-74.1487446, 4.6243112], [-74.1487192, 4.6243388], [-74.1481143, 4.6250004], [-74.1477159, 4.6246316], [-74.1474094, 4.6243479], [-74.1470859, 4.6246959], [-74.1467667, 4.6244017], [-74.1464038, 4.624069], [-74.1463419, 4.6241386], [-74.1458648, 4.6246749], [-74.1455372, 4.6243949], [-74.1452956, 4.6241734], [-74.145032, 4.6239383], [-74.1445398, 4.6234911], [-74.1447309, 4.6232665], [-74.1450199, 4.622939], [-74.1447309, 4.6232665], [-74.1442906, 4.6228618], [-74.1439836, 4.62258], [-74.144086, 4.6224692], [-74.1442956, 4.6222756], [-74.1443532, 4.6222041], [-74.1443065, 4.6221605], [-74.1440292, 4.6219086], [-74.1431409, 4.6210951], [-74.1447832, 4.6190055], [-74.1447585, 4.6188421], [-74.1440943, 4.6190312], [-74.1433808, 4.6191913], [-74.1424324, 4.6191372], [-74.1423369, 4.6191294], [-74.1416387, 4.6190466], [-74.1380376, 4.6170566], [-74.1368682, 4.6156613], [-74.1355478, 4.6140876], [-74.1354135, 4.6141592], [-74.1348652, 4.6144485], [-74.1344077, 4.6139135], [-74.1339797, 4.6134088], [-74.133533, 4.612882], [-74.1323234, 4.6120431], [-74.1321554, 4.6119537], [-74.1324145, 4.6115002], [-74.1340544, 4.6125715], [-74.1354135, 4.6141592], [-74.1355478, 4.6140876], [-74.1342223, 4.6125422], [-74.1333966, 4.6118919], [-74.1333208, 4.6118434], [-74.1329599, 4.6116194], [-74.132221, 4.6111878], [-74.1311299, 4.6105455], [-74.1276108, 4.6077767], [-74.1269389, 4.6070993], [-74.1263446, 4.6064918], [-74.1256484, 4.6057672], [-74.1246425, 4.6047322], [-74.1239168, 4.6041951], [-74.1234546, 4.6038963], [-74.12262, 4.6033628], [-74.122005, 4.6029101], [-74.1218232, 4.6025627], [-74.1218084, 4.6024312], [-74.12133, 4.6020368], [-74.1211336, 4.6020647], [-74.120792, 4.602643], [-74.1208212, 4.6027457], [-74.1213122, 4.6030717], [-74.1214436, 4.6030526], [-74.1224999, 4.6034761], [-74.1231843, 4.6039194], [-74.1238005, 4.6043235], [-74.1241755, 4.6045657], [-74.1245129, 4.604838], [-74.1250305, 4.6053778], [-74.1255671, 4.6059397], [-74.1251942, 4.6063067], [-74.1246542, 4.6057504], [-74.1241291, 4.6052092], [-74.123798, 4.6055294], [-74.1235002, 4.6052214], [-74.1232212, 4.6049159], [-74.1231843, 4.6039194], [-74.1238005, 4.6043235], [-74.1241755, 4.6045657], [-74.1245129, 4.604838], [-74.1250305, 4.6053778], [-74.1255671, 4.6059397], [-74.1256484, 4.6057672], [-74.1246425, 4.6047322], [-74.1239168, 4.6041951], [-74.1234546, 4.6038963], [-74.12262, 4.6033628], [-74.122005, 4.6029101], [-74.1218232, 4.6025627], [-74.1218084, 4.6024312], [-74.12133, 4.6020368], [-74.1211336, 4.6020647], [-74.119371, 4.6012607], [-74.119827, 4.6008381], [-74.1202118, 4.6010943], [-74.119827, 4.6008381], [-74.119371, 4.6012607], [-74.1190025, 4.6010281], [-74.1186038, 4.6007764], [-74.1182655, 4.6005474], [-74.1175574, 4.5999772], [-74.1173598, 4.5998103], [-74.1162733, 4.598849], [-74.1152667, 4.5979498], [-74.1149384, 4.5976561], [-74.1140758, 4.5968812], [-74.1136194, 4.5962563], [-74.1134707, 4.5960005], [-74.1129967, 4.5951546], [-74.1128876, 4.5949579], [-74.1126248, 4.5944897], [-74.1125631, 4.5943831], [-74.112096, 4.59361], [-74.1118163, 4.5931447], [-74.1119039, 4.59281], [-74.1116811, 4.5921103], [-74.1112907, 4.5923005], [-74.1107779, 4.5915971], [-74.109089, 4.5892827], [-74.1090174, 4.5891873], [-74.108566, 4.5886102], [-74.1081069, 4.5880307], [-74.1076722, 4.5874819], [-74.1072122, 4.5869059], [-74.1067752, 4.5863528], [-74.106318, 4.5857844], [-74.1059826, 4.5853678], [-74.1055279, 4.5847928], [-74.1052842, 4.5844852], [-74.1050492, 4.5841911], [-74.1046187, 4.5836502], [-74.1042109, 4.5831432], [-74.1037315, 4.5825405], [-74.103189, 4.5818718], [-74.1028732, 4.581518], [-74.1026341, 4.5813148], [-74.1024468, 4.5811688], [-74.101883, 4.5807813], [-74.1011946, 4.5803067], [-74.0999672, 4.5794802], [-74.0997612, 4.5793391], [-74.0996675, 4.5794704], [-74.0998555, 4.5795995], [-74.1007703, 4.5802147], [-74.1003555, 4.580669], [-74.0998912, 4.5803483], [-74.0994535, 4.5800478], [-74.0992818, 4.5799285], [-74.0988017, 4.5795977], [-74.0983532, 4.5792852], [-74.0979246, 4.5789553], [-74.097752, 4.5788197], [-74.0976709, 4.578756], [-74.0975002, 4.5786219], [-74.0970668, 4.5782806], [-74.0973838, 4.5779168], [-74.0970668, 4.5782806], [-74.0966888, 4.5787106], [-74.0962871, 4.5783497], [-74.095872, 4.5780072], [-74.0964859, 4.5773053], [-74.0965911, 4.5771851], [-74.0965069, 4.5771282], [-74.0955151, 4.5764502], [-74.0951645, 4.5761769], [-74.0952609, 4.576052], [-74.0951645, 4.5761769], [-74.0947154, 4.5757964], [-74.0945564, 4.5756412], [-74.0944418, 4.5757586], [-74.0926141, 4.5782446], [-74.0920251, 4.5778674], [-74.09264, 4.5770775], [-74.0932664, 4.5751541], [-74.0934669, 4.5749644], [-74.0932664, 4.5751541], [-74.093012, 4.5753946], [-74.0924667, 4.5748543], [-74.0929768, 4.5743287], [-74.0930966, 4.5742054], [-74.0936294, 4.5736553], [-74.0933693, 4.5733878], [-74.0932249, 4.5732459], [-74.0927392, 4.5727684], [-74.0923047, 4.5731962], [-74.0927392, 4.5727684], [-74.0927004, 4.5725417], [-74.0924076, 4.5723013], [-74.0920719, 4.5720256], [-74.0916616, 4.5717459], [-74.0912216, 4.571502], [-74.0909253, 4.5713378], [-74.0900802, 4.5708694], [-74.089099, 4.5703255], [-74.0883079, 4.569887], [-74.0879225, 4.5696529], [-74.0875526, 4.5694293], [-74.087214, 4.56921], [-74.086816, 4.568945], [-74.0864645, 4.5687181], [-74.0862526, 4.5690943], [-74.0856791, 4.5689007], [-74.0858017, 4.5686771], [-74.0864991, 4.5674506], [-74.0863983, 4.566806], [-74.0867192, 4.5661394], [-74.0869516, 4.5654761], [-74.0870563, 4.5644609], [-74.0872508, 4.5643384], [-74.0876571, 4.5642979], [-74.0885496, 4.5633412], [-74.0889381, 4.5624099], [-74.0890445, 4.5619331], [-74.089267, 4.5614442], [-74.0896275, 4.5608179], [-74.0897335, 4.5605603], [-74.0898753, 4.5599356], [-74.0903279, 4.5594076], [-74.090635, 4.5589621], [-74.0908074, 4.5583954], [-74.0908813, 4.5581278], [-74.0910874, 4.5575217], [-74.0908831, 4.5570552], [-74.0906779, 4.5566047], [-74.0906428, 4.5564069], [-74.090882, 4.555892], [-74.0909121, 4.555841], [-74.0915699, 4.5550456], [-74.091918, 4.5546312], [-74.0918653, 4.5541466], [-74.0906664, 4.553313], [-74.0903231, 4.5528022], [-74.0902087, 4.5516468], [-74.0899363, 4.551041], [-74.0899093, 4.5509672], [-74.0900584, 4.5510137], [-74.0899093, 4.5509672], [-74.0899363, 4.551041], [-74.0902087, 4.5516468], [-74.0903231, 4.5528022], [-74.0906664, 4.553313], [-74.0918653, 4.5541466], [-74.091861, 4.5537701], [-74.09188, 4.5532486], [-74.091874, 4.5530802], [-74.0918545, 4.5526938], [-74.0918174, 4.5521103], [-74.0907481, 4.5518083], [-74.0902087, 4.5516468], [-74.0899363, 4.551041], [-74.0899093, 4.5509672], [-74.0898801, 4.5508654], [-74.0900346, 4.5499515], [-74.0899496, 4.549693], [-74.0897285, 4.5494635], [-74.0894822, 4.5495533], [-74.0892935, 4.549351], [-74.0890879, 4.5491503], [-74.0889167, 4.5489126], [-74.0888036, 4.5486704], [-74.0879723, 4.5489597], [-74.0880396, 4.5492049], [-74.0880671, 4.549503], [-74.0880355, 4.5497723], [-74.0880148, 4.5498758], [-74.0878538, 4.5504071], [-74.0876645, 4.5504072], [-74.087709, 4.550273], [-74.0876645, 4.5504072], [-74.0874796, 4.5509637], [-74.0873118, 4.5509334], [-74.0871647, 4.5509067], [-74.0869677, 4.5508711], [-74.0866797, 4.5508189], [-74.0866538, 4.5508143], [-74.0863436, 4.5507581], [-74.0863521, 4.5506574], [-74.0864, 4.5501176], [-74.0863251, 4.5494043], [-74.0851082, 4.5489934], [-74.0842079, 4.5485334], [-74.083954, 4.5481649], [-74.0837689, 4.5478486], [-74.0835432, 4.5472362], [-74.0834386, 4.5468234], [-74.0834712, 4.5466341], [-74.083563, 4.546362], [-74.0835976, 4.5461611], [-74.0836042, 4.5459332], [-74.0835829, 4.5455218], [-74.0835401, 4.5453223], [-74.0835002, 4.5450836], [-74.0835123, 4.5448027], [-74.0835144, 4.5447793], [-74.0834644, 4.543806], [-74.0833116, 4.543298], [-74.083744, 4.5427524], [-74.0837655, 4.541789], [-74.0836712, 4.5413478], [-74.0833562, 4.5408661], [-74.0833902, 4.5406758], [-74.0836973, 4.5402764], [-74.0834853, 4.5395483], [-74.0835411, 4.5392524], [-74.0837648, 4.538805], [-74.0838636, 4.5385776], [-74.0838731, 4.5384455], [-74.0837759, 4.5381324], [-74.0837032, 4.5379269], [-74.0837016, 4.5361341], [-74.0838835, 4.5347186], [-74.084012, 4.534604], [-74.085092, 4.534037], [-74.0852799, 4.5335646], [-74.0852426, 4.5324268], [-74.0857669, 4.5324659], [-74.086124, 4.5323005], [-74.0862317, 4.5322042], [-74.0854083, 4.5315331], [-74.0855785, 4.5311103], [-74.0858836, 4.5303529]]}}, {"type": "Feature", "properties": {"ruta": "12"}, "geometry": {"type": "LineString", "coordinates": [[-74.1557919, 4.6887188], [-74.1563289, 4.6892963], [-74.1569091, 4.6899154], [-74.1572209, 4.6896273], [-74.1569448, 4.6893304], [-74.1566471, 4.6890106], [-74.1563746, 4.6887117], [-74.1569368, 4.688203], [-74.1566771, 4.6878923], [-74.1564115, 4.6875834], [-74.1561238, 4.687258], [-74.1558666, 4.6869394], [-74.1559326, 4.6868846], [-74.1557068, 4.6866073], [-74.1556722, 4.6865647], [-74.155526, 4.6863852], [-74.1553044, 4.6861129], [-74.1551511, 4.6859246], [-74.1555115, 4.6856035], [-74.1553135, 4.6853663], [-74.1552885, 4.6853363], [-74.1544604, 4.6843438], [-74.1543948, 4.6842185], [-74.1543346, 4.6841321], [-74.1545115, 4.6840085], [-74.1535831, 4.6830351], [-74.1546379, 4.682134], [-74.1535586, 4.6811142], [-74.153474, 4.6810339], [-74.1523442, 4.6801294], [-74.1518374, 4.6797764], [-74.1517915, 4.6797441], [-74.150807, 4.6790529], [-74.150542, 4.6787969], [-74.150417, 4.6786465], [-74.1501024, 4.6781973], [-74.1500404, 4.6780906], [-74.1497692, 4.677623], [-74.1495967, 4.6773556], [-74.1490589, 4.6767274], [-74.1484223, 4.6760154], [-74.1482049, 4.6757011], [-74.1475353, 4.674743], [-74.1470961, 4.6742683], [-74.1465991, 4.6735971], [-74.147527, 4.6728886], [-74.1469759, 4.6721997], [-74.1462749, 4.671326], [-74.1457978, 4.6717705], [-74.1456342, 4.6718988], [-74.1452238, 4.6722517], [-74.1447665, 4.6726434], [-74.1440208, 4.6732983], [-74.1436265, 4.6736298], [-74.1429503, 4.6728437], [-74.1426233, 4.6731109], [-74.1419032, 4.6737456], [-74.1417962, 4.6736244], [-74.1412622, 4.6740829], [-74.1406278, 4.6746443], [-74.1401933, 4.6750213], [-74.1398111, 4.6753546], [-74.1392937, 4.6748205], [-74.139199, 4.6750538], [-74.1405589, 4.6765062], [-74.1406723, 4.6768888], [-74.1405393, 4.6770075], [-74.1402027, 4.6774199], [-74.1397347, 4.6778108], [-74.139103, 4.6782145], [-74.1385666, 4.6784905], [-74.1366168, 4.6794488], [-74.1364116, 4.6795971], [-74.135984, 4.6799353], [-74.1360389, 4.6799834], [-74.1364723, 4.6804239], [-74.1359433, 4.6809227], [-74.1354693, 4.6804205], [-74.1360389, 4.6799834], [-74.1366619, 4.679507], [-74.1366168, 4.6794488], [-74.1364116, 4.6795971], [-74.135984, 4.6799353], [-74.1340776, 4.6814274], [-74.1340032, 4.6814875], [-74.1330894, 4.6822578], [-74.13272, 4.6826867], [-74.1324926, 4.6830075], [-74.1322599, 4.6833743], [-74.1320483, 4.6837026], [-74.1318016, 4.6840816], [-74.1314069, 4.684691], [-74.1311446, 4.6851088], [-74.131204, 4.6851484], [-74.1315347, 4.6846396], [-74.1318393, 4.6841529], [-74.1323068, 4.6834302], [-74.1322599, 4.6833743], [-74.1320483, 4.6837026], [-74.1318016, 4.6840816], [-74.1314069, 4.684691], [-74.1311446, 4.6851088], [-74.1309131, 4.6854496], [-74.1306839, 4.6857944], [-74.1304539, 4.6861461], [-74.1302659, 4.6864357], [-74.1302284, 4.6864936], [-74.1300065, 4.6868331], [-74.129535, 4.6860145], [-74.1295574, 4.6859637], [-74.1297488, 4.6856433], [-74.1304539, 4.6861461], [-74.1302659, 4.6864357], [-74.1303252, 4.6864849], [-74.1318389, 4.6879103], [-74.1316418, 4.6882742], [-74.1315849, 4.6883753], [-74.1311117, 4.6891766], [-74.1306883, 4.6888586], [-74.1295442, 4.6883118], [-74.1289998, 4.6877149], [-74.1267244, 4.6861859], [-74.1260224, 4.6853305], [-74.1258637, 4.6852072], [-74.125326, 4.6847851], [-74.1249058, 4.6844671], [-74.1234749, 4.6833908], [-74.1198846, 4.6786674], [-74.119603, 4.6782293], [-74.1205271, 4.6779026], [-74.1185025, 4.6799465], [-74.1192242, 4.6789921], [-74.1194717, 4.6794613], [-74.1201208, 4.6806722], [-74.1208626, 4.6817018], [-74.120717, 4.6820124], [-74.1187446, 4.6836812], [-74.1178196, 4.682757], [-74.1169067, 4.6816066], [-74.1173018, 4.6812065], [-74.1186341, 4.6800111], [-74.1207303, 4.6779433], [-74.1211711, 4.6779536], [-74.1198846, 4.6786674], [-74.119603, 4.6782293], [-74.1190633, 4.6774038], [-74.1179277, 4.6756604], [-74.1176141, 4.6751602], [-74.1169269, 4.6740748], [-74.1153435, 4.6715961], [-74.1145957, 4.6704382], [-74.1139081, 4.6693846], [-74.1134806, 4.668714], [-74.112446, 4.6672982], [-74.1111656, 4.6653639], [-74.1102054, 4.6636255], [-74.1103188, 4.6626191], [-74.1106478, 4.6621947], [-74.1110931, 4.6616653], [-74.112269, 4.6609019], [-74.1117994, 4.6604622], [-74.1115676, 4.66094], [-74.1112048, 4.6613363], [-74.1108819, 4.6616345], [-74.1100426, 4.6621396], [-74.1098542, 4.6621882], [-74.1092142, 4.6615923], [-74.1086858, 4.6607821], [-74.1094998, 4.6602375], [-74.1102466, 4.6597417], [-74.1112048, 4.6613363], [-74.1108819, 4.6616345], [-74.1100426, 4.6621396], [-74.1098542, 4.6621882], [-74.1091481, 4.6619083], [-74.1084854, 4.6608838], [-74.1082908, 4.6605673], [-74.1076965, 4.6599888], [-74.1069032, 4.6588125], [-74.1065309, 4.6578281], [-74.1056172, 4.6563939], [-74.1053348, 4.6559358], [-74.1037993, 4.6535606], [-74.1032339, 4.6526441], [-74.1043358, 4.6522549], [-74.1022676, 4.6549293], [-74.102143, 4.655076], [-74.1018399, 4.6554183], [-74.1005338, 4.6570498], [-74.100063, 4.6567197], [-74.1004083, 4.6562357], [-74.0999209, 4.6558999], [-74.1005153, 4.6550499], [-74.100857, 4.6545712], [-74.1009559, 4.6546407], [-74.1018399, 4.6554183], [-74.1005338, 4.6570498], [-74.1004285, 4.6571555], [-74.0947593, 4.6644189], [-74.0935986, 4.6654209], [-74.0933419, 4.6656929], [-74.0931694, 4.6657279], [-74.0928687, 4.6660824], [-74.0928691, 4.6662921], [-74.093484, 4.6666624], [-74.0935823, 4.6666238], [-74.0943216, 4.6666956], [-74.0968961, 4.6683838], [-74.0970548, 4.6684774], [-74.0966638, 4.6690185], [-74.0970239, 4.6692804], [-74.0968024, 4.6695954], [-74.0965853, 4.6699041], [-74.0963494, 4.6702305], [-74.0960702, 4.6706366], [-74.0958068, 4.6710111], [-74.095546, 4.6713838], [-74.0950878, 4.6720228], [-74.0935579, 4.6710593], [-74.0935277, 4.6710521], [-74.0934035, 4.6710279], [-74.0911493, 4.6696578], [-74.0922688, 4.6681655], [-74.0930488, 4.6670943], [-74.0943216, 4.6666956], [-74.0968961, 4.6683838], [-74.0970548, 4.6684774], [-74.0966638, 4.6690185], [-74.0970239, 4.6692804], [-74.0968024, 4.6695954], [-74.0965853, 4.6699041], [-74.0963494, 4.6702305], [-74.0960702, 4.6706366], [-74.0958068, 4.6710111], [-74.095546, 4.6713838], [-74.0950878, 4.6720228], [-74.0950168, 4.6721239], [-74.0947185, 4.6725483], [-74.0944506, 4.6729295], [-74.0941874, 4.673304], [-74.0938208, 4.6730481], [-74.0932784, 4.6738116], [-74.0924003, 4.6750548], [-74.0916705, 4.6760474], [-74.0912919, 4.6757771], [-74.0908631, 4.6754711], [-74.0905387, 4.6752396], [-74.0903226, 4.6755304], [-74.0896356, 4.6747988], [-74.0893535, 4.6751814], [-74.0885463, 4.6743707], [-74.0881862, 4.6739776], [-74.0894097, 4.671966], [-74.0910582, 4.6697623], [-74.0911493, 4.6696578], [-74.0922688, 4.6681655], [-74.0930488, 4.6670943], [-74.093484, 4.6666624], [-74.0935823, 4.6666238], [-74.0938464, 4.666227], [-74.0938381, 4.6660881], [-74.0933419, 4.6656929], [-74.0931694, 4.6657279], [-74.0928687, 4.6660824], [-74.0928691, 4.6662921], [-74.0927123, 4.6666298], [-74.0920329, 4.6680021], [-74.0879523, 4.673878], [-74.0874699, 4.6736055], [-74.0869403, 4.6732401], [-74.0864867, 4.67289], [-74.0860199, 4.6725424], [-74.0855683, 4.6721869], [-74.0846658, 4.673353], [-74.0842147, 4.6730326], [-74.0835122, 4.6739572], [-74.0819578, 4.6716699], [-74.0817229, 4.6713206], [-74.0816788, 4.6712596], [-74.081605, 4.6713164], [-74.0816441, 4.671374], [-74.0817137, 4.6714777], [-74.0825261, 4.6726767], [-74.0811116, 4.6736808], [-74.0798846, 4.6727338], [-74.0791274, 4.6721398], [-74.0795286, 4.6715861], [-74.0795932, 4.6715015], [-74.0800115, 4.6709976], [-74.08032, 4.6706111], [-74.0805892, 4.6702634], [-74.0807537, 4.670063], [-74.0808159, 4.6699906], [-74.0804825, 4.6694944], [-74.0802383, 4.6691411], [-74.0797738, 4.6684686], [-74.0789255, 4.6672336], [-74.0788035, 4.6670558], [-74.0785188, 4.6666448], [-74.0777365, 4.6655225], [-74.0773756, 4.665007], [-74.075531, 4.6619496], [-74.0761197, 4.6611222], [-74.0755466, 4.6607158], [-74.0749652, 4.6615486], [-74.0742953, 4.6624242], [-74.074681, 4.6627017], [-74.077448, 4.6652612], [-74.0776736, 4.6655912], [-74.0780856, 4.6661908], [-74.0784586, 4.6667233], [-74.0785188, 4.6666448], [-74.0777365, 4.6655225], [-74.0773756, 4.665007], [-74.075531, 4.6619496], [-74.0761197, 4.6611222], [-74.0755466, 4.6607158], [-74.0751742, 4.6604518], [-74.0745457, 4.6600062], [-74.0740174, 4.6596396], [-74.073449, 4.6592472], [-74.0728614, 4.6588416], [-74.0722665, 4.6584308], [-74.0717122, 4.6580551], [-74.0711647, 4.6576839], [-74.070749, 4.6574022], [-74.0707377, 4.6572454], [-74.0701773, 4.6568485], [-74.0695925, 4.656434], [-74.0690477, 4.6560479], [-74.0684252, 4.6556087], [-74.0676714, 4.6550765], [-74.0667992, 4.6545732], [-74.0659643, 4.6541407], [-74.0650121, 4.6536475], [-74.0650889, 4.6532054], [-74.0651308, 4.6529645], [-74.0656542, 4.6530703], [-74.0661738, 4.6531593], [-74.066075, 4.6537171], [-74.0659643, 4.6541407], [-74.065703, 4.6546174], [-74.0656873, 4.6547107], [-74.0655671, 4.6554247], [-74.0647842, 4.6549389], [-74.0646453, 4.6557414], [-74.0640879, 4.6566394], [-74.0634086, 4.6562179], [-74.062503, 4.6555844], [-74.0626256, 4.6545852], [-74.0627019, 4.6541256], [-74.0628354, 4.6536622], [-74.0629836, 4.6526275], [-74.0617744, 4.6519972], [-74.0608964, 4.6515381], [-74.0605522, 4.6522022], [-74.0602608, 4.6527268], [-74.0594555, 4.6522075], [-74.0592187, 4.652667], [-74.0588771, 4.6531749], [-74.0587677, 4.6533376], [-74.0584261, 4.6538455], [-74.0583621, 4.6539353], [-74.0579141, 4.6546053], [-74.0575431, 4.6551582], [-74.0570404, 4.6559088], [-74.0569369, 4.6560598], [-74.0576254, 4.6565347], [-74.0587007, 4.6572758], [-74.0603627, 4.658413], [-74.0632103, 4.6603837], [-74.0639314, 4.6608961], [-74.0639865, 4.6608042], [-74.0632442, 4.6602964], [-74.0625827, 4.6598223], [-74.0627091, 4.6590955], [-74.0632565, 4.6594208], [-74.0636262, 4.6596777], [-74.0643851, 4.660179], [-74.0651138, 4.6606605], [-74.0646845, 4.6612925], [-74.0646259, 4.6613787], [-74.0657331, 4.6621473], [-74.0664241, 4.662627], [-74.0670375, 4.6630527], [-74.0671239, 4.6631172], [-74.0675669, 4.6634486], [-74.0679799, 4.663758], [-74.0683918, 4.6640666], [-74.0688147, 4.6643879], [-74.0692442, 4.6647141], [-74.0696598, 4.6650298], [-74.0700528, 4.6653229], [-74.070502, 4.6656579], [-74.0709418, 4.6659859], [-74.0713923, 4.6663097], [-74.0719225, 4.6666909], [-74.0722817, 4.6669491], [-74.0745138, 4.6686651], [-74.0749631, 4.6690186], [-74.0754976, 4.6694392], [-74.0760437, 4.6698391], [-74.0762264, 4.6699741], [-74.0766464, 4.6702844], [-74.0771219, 4.6706604], [-74.0776688, 4.6710927], [-74.0782333, 4.671539], [-74.0784776, 4.6717322], [-74.0790792, 4.6722078], [-74.0791274, 4.6721398], [-74.0786261, 4.6717449], [-74.0790954, 4.6711185], [-74.0795932, 4.6715015], [-74.0795286, 4.6715861], [-74.0797038, 4.6718242], [-74.079994, 4.6722185], [-74.0802177, 4.672505], [-74.0798846, 4.6727338], [-74.0797532, 4.6727488], [-74.0804326, 4.6732746], [-74.081534, 4.6741112], [-74.0816815, 4.674219], [-74.0824874, 4.6748131], [-74.0831649, 4.6753328], [-74.083853, 4.6758606], [-74.0845262, 4.676372], [-74.0853097, 4.6767224], [-74.0864903, 4.6784365], [-74.0857078, 4.6781976], [-74.086303, 4.6772138], [-74.0874056, 4.6753603], [-74.0879185, 4.6744369], [-74.0881862, 4.6739776], [-74.0894097, 4.671966], [-74.0910582, 4.6697623], [-74.0911493, 4.6696578], [-74.0922688, 4.6681655], [-74.0930488, 4.6670943], [-74.093484, 4.6666624], [-74.0935823, 4.6666238], [-74.0938464, 4.666227], [-74.0938381, 4.6660881], [-74.0933419, 4.6656929], [-74.0931694, 4.6657279], [-74.0927606, 4.665362], [-74.0913383, 4.663301], [-74.0890737, 4.6595557], [-74.0890681, 4.6592703], [-74.0920602, 4.6529402], [-74.0931713, 4.6520929], [-74.0975057, 4.655104], [-74.0976093, 4.655176], [-74.1004285, 4.6571555], [-74.0947593, 4.6644189], [-74.0935986, 4.6654209], [-74.0933419, 4.6656929], [-74.0931694, 4.6657279], [-74.0928687, 4.6660824], [-74.0928691, 4.6662921], [-74.093484, 4.6666624], [-74.0935823, 4.6666238], [-74.0938464, 4.666227], [-74.0938381, 4.6660881], [-74.0939908, 4.6657729], [-74.0945673, 4.6650452], [-74.0996773, 4.6585009], [-74.1006504, 4.657319], [-74.1017652, 4.6560366], [-74.1029957, 4.6558306], [-74.1034398, 4.6570891], [-74.1044335, 4.6586963], [-74.1050335, 4.6591819], [-74.1037262, 4.6607791], [-74.1030901, 4.6615563], [-74.1016292, 4.6633387], [-74.1013601, 4.6633632], [-74.1012026, 4.6634022], [-74.1010087, 4.6634965], [-74.1005368, 4.6633515], [-74.1010087, 4.6634965], [-74.1012006, 4.6635673], [-74.1014314, 4.663536], [-74.1016292, 4.6633387], [-74.1030901, 4.6615563], [-74.0996773, 4.6585009], [-74.1006504, 4.657319], [-74.1017652, 4.6560366], [-74.1029957, 4.6558306], [-74.1045395, 4.6560454], [-74.104747, 4.6563645], [-74.1057199, 4.6578938], [-74.106485, 4.6587179], [-74.1072156, 4.6598802], [-74.1075244, 4.6606857], [-74.1079049, 4.6613004], [-74.1081979, 4.6617706], [-74.1089721, 4.6629826], [-74.1094222, 4.6636704], [-74.1097806, 4.6641575], [-74.1103899, 4.6649521], [-74.1119923, 4.6674517], [-74.112566, 4.6683876], [-74.1128868, 4.669072], [-74.1129791, 4.6692185], [-74.1132304, 4.6696054], [-74.1138204, 4.6705198], [-74.1149671, 4.6723178], [-74.1150891, 4.6725135], [-74.1161884, 4.6742224], [-74.1163698, 4.6745075], [-74.1178631, 4.6768434], [-74.1180737, 4.6771685], [-74.1185529, 4.6779006], [-74.1192242, 4.6789921], [-74.1194717, 4.6794613], [-74.1201208, 4.6806722], [-74.1208626, 4.6817018], [-74.1209032, 4.6817604], [-74.1210296, 4.6819377], [-74.123713, 4.6844935], [-74.1256587, 4.6859376], [-74.1267242, 4.686474], [-74.128645, 4.6880341], [-74.1292917, 4.6884074], [-74.1314089, 4.6900044], [-74.133352, 4.6914761], [-74.1338585, 4.6915592], [-74.1318963, 4.6901012], [-74.1295442, 4.6883118], [-74.1289998, 4.6877149], [-74.1267244, 4.6861859], [-74.1260224, 4.6853305], [-74.1258637, 4.6852072], [-74.125326, 4.6847851], [-74.1249058, 4.6844671], [-74.1234749, 4.6833908], [-74.1198846, 4.6786674], [-74.119603, 4.6782293], [-74.1205271, 4.6779026], [-74.1185025, 4.6799465], [-74.1192242, 4.6789921], [-74.1194717, 4.6794613], [-74.1201208, 4.6806722], [-74.1208626, 4.6817018], [-74.1209032, 4.6817604], [-74.1210296, 4.6819377], [-74.123713, 4.6844935], [-74.1256587, 4.6859376], [-74.1287476, 4.688273], [-74.1292391, 4.6886541], [-74.1301968, 4.6893786], [-74.1310125, 4.6899985], [-74.1321101, 4.6908224], [-74.1344977, 4.6926269], [-74.1354333, 4.6930672], [-74.1371465, 4.6947143], [-74.1384702, 4.6942243], [-74.1379904, 4.693969], [-74.1367204, 4.6934353], [-74.1359272, 4.6928642], [-74.1333134, 4.6909298], [-74.1318963, 4.6901012], [-74.1295442, 4.6883118], [-74.1289998, 4.6877149], [-74.128645, 4.6880341], [-74.1292917, 4.6884074], [-74.1314089, 4.6900044], [-74.133352, 4.6914761], [-74.1338585, 4.6915592], [-74.1318963, 4.6901012], [-74.1295442, 4.6883118], [-74.1289998, 4.6877149], [-74.128645, 4.6880341], [-74.1292917, 4.6884074], [-74.1314089, 4.6900044], [-74.133352, 4.6914761], [-74.134897, 4.6926597], [-74.1354333, 4.6930672], [-74.1371465, 4.6947143], [-74.1384702, 4.6942243], [-74.1379904, 4.693969], [-74.1367204, 4.6934353], [-74.1404236, 4.6956972], [-74.1402305, 4.6955523], [-74.1387338, 4.6944093], [-74.1384702, 4.6942243], [-74.1379904, 4.693969], [-74.1367204, 4.6934353], [-74.1359272, 4.6928642], [-74.1326101, 4.6903332], [-74.1313725, 4.6893735], [-74.1313039, 4.6893217], [-74.1311117, 4.6891766], [-74.1306883, 4.6888586], [-74.1295442, 4.6883118], [-74.1289998, 4.6877149], [-74.128645, 4.6880341], [-74.1292917, 4.6884074], [-74.1314089, 4.6900044], [-74.133352, 4.6914761], [-74.1338585, 4.6915592], [-74.1318963, 4.6901012], [-74.1295442, 4.6883118], [-74.1289998, 4.6877149], [-74.1267244, 4.6861859], [-74.1260224, 4.6853305], [-74.1258637, 4.6852072], [-74.125326, 4.6847851], [-74.1249058, 4.6844671], [-74.1258933, 4.6830211], [-74.1260548, 4.6827661], [-74.126207, 4.6825258], [-74.1266714, 4.6826529], [-74.1277018, 4.6835355], [-74.1279315, 4.6832757], [-74.1291354, 4.6841359], [-74.1302207, 4.6849401], [-74.1302025, 4.6849673], [-74.1299639, 4.6853228], [-74.1297488, 4.6856433], [-74.1295574, 4.6859637], [-74.129535, 4.6860145], [-74.1300065, 4.6868331], [-74.129535, 4.6860145], [-74.1295574, 4.6859637], [-74.1297488, 4.6856433], [-74.1299639, 4.6853228], [-74.1302025, 4.6849673], [-74.1302207, 4.6849401], [-74.1304285, 4.6846305], [-74.1306939, 4.6842348], [-74.131104, 4.6836238], [-74.1318016, 4.6840816], [-74.131104, 4.6836238], [-74.1313636, 4.6832368], [-74.1315992, 4.6828858], [-74.1318176, 4.6825603], [-74.1320421, 4.6822258], [-74.1321851, 4.6820126], [-74.1322726, 4.6820363], [-74.1330894, 4.6822578], [-74.1331765, 4.6822793], [-74.1333211, 4.6821569], [-74.1336232, 4.6819012], [-74.1340527, 4.6815388], [-74.134126, 4.6814796], [-74.1354693, 4.6804205], [-74.1360389, 4.6799834], [-74.1366619, 4.679507], [-74.1381005, 4.6788206], [-74.1386195, 4.678558], [-74.1391412, 4.678288], [-74.1396086, 4.6779926], [-74.1399425, 4.677764], [-74.1402765, 4.6774339], [-74.1407083, 4.6769687], [-74.1409538, 4.6767765], [-74.1411026, 4.67666], [-74.1416711, 4.6762142], [-74.1422291, 4.6758313], [-74.1431677, 4.6752562], [-74.1439283, 4.6746537], [-74.1446981, 4.6740054], [-74.1454176, 4.6733917], [-74.1459627, 4.6729712], [-74.1465991, 4.6735971], [-74.1470961, 4.6742683], [-74.1475353, 4.674743], [-74.1482049, 4.6757011], [-74.1484223, 4.6760154], [-74.1490589, 4.6767274], [-74.1495967, 4.6773556], [-74.1497692, 4.677623], [-74.1500404, 4.6780906], [-74.1501024, 4.6781973], [-74.150417, 4.6786465], [-74.150542, 4.6787969], [-74.150807, 4.6790529], [-74.1517915, 4.6797441], [-74.1518374, 4.6797764], [-74.1523442, 4.6801294], [-74.153474, 4.6810339], [-74.1535586, 4.6811142], [-74.1546379, 4.682134], [-74.1556916, 4.6831272], [-74.1565741, 4.6842791], [-74.157087, 4.6848961], [-74.1572104, 4.6850968], [-74.1568587, 4.6853827], [-74.157245, 4.6858426], [-74.1567525, 4.6862464], [-74.1563341, 4.6865895], [-74.1559326, 4.6868846], [-74.1558666, 4.6869394], [-74.1561238, 4.687258], [-74.1564115, 4.6875834], [-74.1566771, 4.6878923], [-74.1560971, 4.6884256], [-74.1557919, 4.6887188], [-74.1563289, 4.6892963], [-74.1569091, 4.6899154], [-74.1572209, 4.6896273], [-74.1569448, 4.6893304], [-74.1566471, 4.6890106], [-74.1563746, 4.6887117], [-74.1569368, 4.688203], [-74.1566771, 4.6878923], [-74.1564115, 4.6875834], [-74.1561238, 4.687258], [-74.1558666, 4.6869394]]}}, {"type": "Feature", "properties": {"ruta": "12-1"}, "geometry": {"type": "LineString", "coordinates": [[-74.1266944, 4.5915458], [-74.1250951, 4.5902675], [-74.1257518, 4.5894302], [-74.1255187, 4.5892447], [-74.1248562, 4.588719], [-74.1260862, 4.5880294], [-74.1248562, 4.588719], [-74.1255187, 4.5892447], [-74.1257518, 4.5894302], [-74.1263729, 4.5886382], [-74.1269024, 4.587963], [-74.1273493, 4.5874051], [-74.128149, 4.5870325], [-74.1284382, 4.586893], [-74.1285219, 4.5868499], [-74.1313401, 4.5858876], [-74.1313121, 4.5857725], [-74.1308603, 4.5858452], [-74.130439, 4.5859089], [-74.1285933, 4.5866722], [-74.1285335, 4.5867002], [-74.1284382, 4.586893], [-74.1285219, 4.5868499], [-74.1313401, 4.5858876], [-74.1332623, 4.5855594], [-74.1340665, 4.5854233], [-74.1345343, 4.585344], [-74.1350061, 4.5852641], [-74.1354556, 4.5851879], [-74.1359315, 4.5851073], [-74.1360368, 4.5853099], [-74.1365035, 4.5862082], [-74.1369626, 4.5870919], [-74.1374247, 4.5879814], [-74.1378339, 4.5877707], [-74.138235, 4.5875642], [-74.1386386, 4.5873564], [-74.1391033, 4.5882401], [-74.1395135, 4.5880249], [-74.1399779, 4.5889197], [-74.1395135, 4.5880249], [-74.1399188, 4.5878123], [-74.1401821, 4.5883167], [-74.1406646, 4.5881075], [-74.1408112, 4.5884857], [-74.14084, 4.5885598], [-74.1416022, 4.5881611], [-74.1417993, 4.5885337], [-74.1420972, 4.5892794], [-74.142076, 4.5903277], [-74.1419755, 4.5908288], [-74.1418827, 4.5912915], [-74.1419742, 4.5913106], [-74.1418837, 4.5917584], [-74.1417878, 4.5922307], [-74.1416967, 4.5922123], [-74.139669, 4.5918025], [-74.1384844, 4.5915472], [-74.1385825, 4.5910889], [-74.1386806, 4.5906307], [-74.1387963, 4.5900873], [-74.1409881, 4.5889534], [-74.141163, 4.5893409], [-74.1411962, 4.5901391], [-74.1416179, 4.5902294], [-74.142076, 4.5903277], [-74.1421686, 4.5903471], [-74.1426152, 4.5904403], [-74.1433444, 4.5905926], [-74.1437838, 4.5906843], [-74.1444542, 4.5908243], [-74.1451572, 4.5909534], [-74.1452581, 4.5909548], [-74.1454116, 4.5909568], [-74.1454076, 4.5904259], [-74.145487, 4.5903341], [-74.1454871, 4.5902296], [-74.1459603, 4.5896462], [-74.1464169, 4.5894538], [-74.1470729, 4.5891773], [-74.1477232, 4.5889032], [-74.1483137, 4.5886543], [-74.1492657, 4.5882531], [-74.1499249, 4.5879318], [-74.1506125, 4.5885607], [-74.1513703, 4.589266], [-74.1473907, 4.5949598], [-74.1457967, 4.595034], [-74.144094, 4.5952892], [-74.1435269, 4.5953482], [-74.1422217, 4.5954867], [-74.1416324, 4.5954158], [-74.1412512, 4.5953699], [-74.1414154, 4.5940765], [-74.1413417, 4.5939886], [-74.1415087, 4.5931291], [-74.1411192, 4.5930489], [-74.1407322, 4.5948751], [-74.1402815, 4.5947835], [-74.1391076, 4.594545], [-74.1379316, 4.5943069], [-74.1378509, 4.5942895], [-74.1377859, 4.5946613], [-74.1376179, 4.5953433], [-74.1375174, 4.5956676], [-74.1367976, 4.5968722], [-74.1363979, 4.5967142], [-74.1360157, 4.596461], [-74.1356409, 4.5962232], [-74.1352357, 4.5959512], [-74.1349323, 4.5957349], [-74.134468, 4.5953809], [-74.1341055, 4.5951388], [-74.134548, 4.5944854]]}}, {"type": "Feature", "properties": {"ruta": "120"}, "geometry": {"type": "LineString", "coordinates": [[-74.0636666, 4.5993774], [-74.063768, 4.5991623], [-74.0649521, 4.5983903], [-74.0649336, 4.5972934], [-74.0651776, 4.5972604], [-74.0678776, 4.5939221], [-74.0680396, 4.5940923], [-74.0675387, 4.5956037], [-74.0694219, 4.5944658], [-74.0708809, 4.5954623], [-74.0718445, 4.5960523], [-74.0727192, 4.5966411], [-74.07373, 4.5948239], [-74.0741813, 4.5939356], [-74.0742167, 4.5938638], [-74.0735882, 4.5933703], [-74.0725661, 4.5927381], [-74.0724322, 4.5925727], [-74.0723172, 4.5924235], [-74.0716114, 4.5919272], [-74.0708318, 4.5917187], [-74.070458, 4.5918005], [-74.0703154, 4.5918673], [-74.0702156, 4.5920732], [-74.0697816, 4.5929796], [-74.069194, 4.5926811], [-74.0694622, 4.5913669], [-74.0695638, 4.5913206], [-74.0696546, 4.5913766], [-74.0702156, 4.5920732], [-74.0702967, 4.5921426], [-74.0703938, 4.5919366], [-74.070458, 4.5918005], [-74.0705968, 4.5915288], [-74.0707395, 4.591253], [-74.0710701, 4.5907177], [-74.0712862, 4.5902748], [-74.0714386, 4.5898855], [-74.071313, 4.5898713], [-74.0711521, 4.5903235], [-74.0704596, 4.5900267], [-74.070512, 4.5897873], [-74.071154, 4.5898533], [-74.071313, 4.5898713], [-74.0714386, 4.5898855], [-74.0721003, 4.5897687], [-74.0729719, 4.5900662], [-74.0734349, 4.5902237], [-74.0736505, 4.5902347], [-74.0738132, 4.5902183], [-74.0743223, 4.5900869], [-74.0746474, 4.5900054], [-74.0765117, 4.5900162], [-74.0765499, 4.5899515], [-74.0763047, 4.5899085], [-74.0757682, 4.5898143], [-74.0746576, 4.5899316], [-74.0738987, 4.590117], [-74.0737252, 4.5901503], [-74.0733855, 4.5901335], [-74.0734349, 4.5902237], [-74.0736505, 4.5902347], [-74.0738132, 4.5902183], [-74.0743223, 4.5900869], [-74.0746474, 4.5900054], [-74.0765117, 4.5900162], [-74.0773039, 4.5901564], [-74.0786065, 4.590387], [-74.078646, 4.5903167], [-74.0781688, 4.5902336], [-74.0773367, 4.5900886], [-74.0773039, 4.5901564], [-74.0786065, 4.590387], [-74.0794213, 4.5907508], [-74.079522, 4.5908237], [-74.080431, 4.5914935], [-74.081233, 4.5926512], [-74.0812286, 4.5926799], [-74.080511, 4.5935194], [-74.0795746, 4.5930044], [-74.0801489, 4.5920117], [-74.0808108, 4.5924022], [-74.081233, 4.5926512], [-74.0812286, 4.5926799], [-74.0806483, 4.5943973], [-74.0809769, 4.5949291], [-74.0809786, 4.5950071], [-74.0812356, 4.5952553], [-74.0813129, 4.5952547], [-74.0815681, 4.594978], [-74.0815562, 4.5948774], [-74.0821329, 4.5938057], [-74.0824101, 4.5933956], [-74.0831234, 4.5938459], [-74.0825534, 4.5947503], [-74.0832841, 4.5952126], [-74.0835318, 4.5953693], [-74.0841864, 4.5957835], [-74.083784, 4.596367], [-74.0831964, 4.5958855], [-74.082151, 4.5955065], [-74.0815681, 4.594978], [-74.0815562, 4.5948774], [-74.0812141, 4.5946716], [-74.0811728, 4.5946829], [-74.0809769, 4.5949291], [-74.0809786, 4.5950071], [-74.0812356, 4.5952553], [-74.0813129, 4.5952547], [-74.0839844, 4.5967277], [-74.0843151, 4.5969826], [-74.0849807, 4.5973545], [-74.0853449, 4.5975949], [-74.0866387, 4.5985202], [-74.0880066, 4.5994769], [-74.0892857, 4.6003869], [-74.0900951, 4.6009626], [-74.0913793, 4.6018692], [-74.0916663, 4.6020719], [-74.0919111, 4.6022448], [-74.0921834, 4.602437], [-74.0924909, 4.6026542], [-74.092774, 4.6028541], [-74.0930418, 4.6030432], [-74.0936091, 4.6034449], [-74.0943041, 4.6039474], [-74.0952688, 4.6046927], [-74.0961535, 4.6054023], [-74.0970796, 4.6061452], [-74.0972963, 4.606319], [-74.0975526, 4.6065639], [-74.0975592, 4.6066498], [-74.0979706, 4.606951], [-74.0980256, 4.6069407], [-74.0989714, 4.6077292], [-74.0994414, 4.6080981], [-74.0999679, 4.6085113], [-74.1017898, 4.6100612], [-74.1030847, 4.6115714], [-74.1034486, 4.6111441], [-74.1025852, 4.610113], [-74.1024651, 4.6099812], [-74.1021197, 4.6096137], [-74.1017921, 4.609281], [-74.100452, 4.6081816], [-74.0998225, 4.6077055], [-74.0991975, 4.6072662], [-74.099007, 4.6071567], [-74.0983026, 4.60662], [-74.0982997, 4.6065178], [-74.0978848, 4.6062057], [-74.0978462, 4.6062123], [-74.0975526, 4.6065639], [-74.0975592, 4.6066498], [-74.0979706, 4.606951], [-74.0980256, 4.6069407], [-74.0989714, 4.6077292], [-74.0994414, 4.6080981], [-74.0999679, 4.6085113], [-74.1017898, 4.6100612], [-74.1030847, 4.6115714], [-74.1042679, 4.6135289], [-74.1045777, 4.614219], [-74.1052483, 4.6160972], [-74.1053965, 4.6167064], [-74.1054648, 4.6170165], [-74.1057739, 4.6169641], [-74.105705, 4.6166306], [-74.1056768, 4.6164957], [-74.1054526, 4.6155323], [-74.1046709, 4.6133304], [-74.1042679, 4.6135289], [-74.1045777, 4.614219], [-74.1052483, 4.6160972], [-74.1053965, 4.6167064], [-74.1054648, 4.6170165], [-74.1054752, 4.6170648], [-74.105702, 4.6184323], [-74.1057452, 4.6187315], [-74.106067, 4.6185986], [-74.1060241, 4.61826], [-74.1057739, 4.6169641], [-74.105705, 4.6166306], [-74.1056768, 4.6164957], [-74.1062138, 4.6162748], [-74.1068413, 4.6160169], [-74.1069832, 4.6163638], [-74.1071031, 4.6166567], [-74.1072932, 4.6171023], [-74.1075035, 4.6176124], [-74.1072932, 4.6171023], [-74.1071031, 4.6166567], [-74.1069832, 4.6163638], [-74.1068413, 4.6160169], [-74.1072951, 4.6158304], [-74.1077484, 4.6156489], [-74.1079226, 4.6155791], [-74.1083305, 4.6154136], [-74.1087257, 4.6152502], [-74.1088817, 4.6156378], [-74.1097961, 4.6152776], [-74.1101993, 4.6151076], [-74.1103221, 4.6154118], [-74.1106846, 4.6163245], [-74.1108253, 4.6166669], [-74.1117566, 4.6162783], [-74.1119859, 4.6168129], [-74.1124141, 4.616635], [-74.1135675, 4.6161689], [-74.1124141, 4.616635], [-74.1119859, 4.6168129], [-74.1117566, 4.6162783], [-74.1142221, 4.6152956], [-74.1142922, 4.6153685], [-74.1145812, 4.6154898], [-74.1147239, 4.6154826], [-74.1150866, 4.6152092], [-74.1151185, 4.6151302], [-74.1154424, 4.6148456], [-74.1181804, 4.61372], [-74.1183543, 4.6141837], [-74.1185477, 4.6147085], [-74.118629, 4.6148446], [-74.1191736, 4.615315], [-74.1188529, 4.6156897], [-74.1185407, 4.6160544], [-74.1182272, 4.6164208], [-74.1178769, 4.6161188], [-74.1170051, 4.6171153], [-74.1166918, 4.6168357], [-74.1157851, 4.6160265], [-74.1156451, 4.6159015], [-74.1150866, 4.6152092], [-74.1147239, 4.6154826], [-74.1153121, 4.6159358], [-74.1172064, 4.6176213], [-74.1177615, 4.6181153], [-74.1181029, 4.618419], [-74.1188688, 4.6191005], [-74.1195559, 4.6197443], [-74.1197306, 4.6195516], [-74.1194018, 4.6192564], [-74.1190431, 4.6189344], [-74.1188688, 4.6191005], [-74.1195559, 4.6197443], [-74.1211592, 4.6213029], [-74.121685, 4.6218444], [-74.1220284, 4.622198], [-74.1223642, 4.6225438], [-74.1229233, 4.6231196], [-74.1230564, 4.6232553], [-74.1231032, 4.623303], [-74.1261995, 4.6189498], [-74.126456, 4.618146], [-74.126606, 4.6176402], [-74.126769, 4.6176357], [-74.1268841, 4.6172811], [-74.127001, 4.6169212], [-74.1271166, 4.6165651], [-74.1272321, 4.6162095], [-74.1270641, 4.6160608], [-74.1271963, 4.6156143], [-74.1275906, 4.6143157], [-74.1278578, 4.6134577], [-74.1281714, 4.6124691], [-74.1287144, 4.6126388], [-74.1289784, 4.6117673], [-74.129152, 4.6112058], [-74.1289784, 4.6117673], [-74.1284594, 4.6115439], [-74.1297386, 4.6093691], [-74.1305965, 4.6089477], [-74.1309777, 4.6087817], [-74.1313692, 4.6092601], [-74.1318267, 4.6090682], [-74.1322773, 4.6088791], [-74.1326953, 4.6087037], [-74.1331563, 4.6085103], [-74.1336175, 4.6083759], [-74.1340945, 4.6082386], [-74.1344171, 4.6085986], [-74.1347111, 4.6089543], [-74.1350219, 4.6093201], [-74.1353995, 4.6096879], [-74.1342744, 4.6108633], [-74.1338897, 4.6112652], [-74.1333208, 4.6118434], [-74.1329599, 4.6116194], [-74.1333041, 4.6111422], [-74.1350219, 4.6093201], [-74.1353995, 4.6096879], [-74.1354643, 4.609751], [-74.1360272, 4.6108104], [-74.1363363, 4.6113921], [-74.1368307, 4.6111244], [-74.1374489, 4.6122702], [-74.1377832, 4.6128896], [-74.1360297, 4.6138276], [-74.1355478, 4.6140876], [-74.1354135, 4.6141592], [-74.1358691, 4.614691], [-74.1367178, 4.6156949], [-74.1361754, 4.6160085], [-74.1366471, 4.6166095], [-74.1372721, 4.6165547], [-74.1366471, 4.6166095], [-74.1366947, 4.6175894], [-74.1374012, 4.6175493], [-74.1374798, 4.6175453], [-74.138237, 4.6175395], [-74.1383104, 4.6176368], [-74.1386139, 4.6180498], [-74.1389146, 4.6184205], [-74.139342, 4.6197905], [-74.1394938, 4.6192691], [-74.1399306, 4.6176012], [-74.140104, 4.6169235], [-74.1401628, 4.6166937], [-74.1403018, 4.6161494], [-74.140303, 4.6157973], [-74.1406223, 4.6141611], [-74.1407938, 4.613279], [-74.1411892, 4.6110681], [-74.1410163, 4.6111604], [-74.140919, 4.6112123], [-74.1407773, 4.6119723], [-74.1395363, 4.6126212], [-74.1392622, 4.6120985], [-74.1398753, 4.6117707], [-74.140919, 4.6112123], [-74.1410163, 4.6111604], [-74.1411892, 4.6110681], [-74.1412925, 4.611013], [-74.1414746, 4.6109131], [-74.1421845, 4.6103501], [-74.1424957, 4.6100477], [-74.1428244, 4.6097025], [-74.1429919, 4.6095266], [-74.1433463, 4.6091544], [-74.143886, 4.6085952], [-74.1439109, 4.6085693], [-74.1445393, 4.6078738], [-74.1455276, 4.6085081], [-74.1462619, 4.6087421], [-74.1462076, 4.6087996], [-74.1462619, 4.6087421], [-74.1466605, 4.6088626], [-74.147549, 4.6091289], [-74.1475977, 4.6092059], [-74.147638, 4.6092697], [-74.1480335, 4.6098869], [-74.1480974, 4.6098246], [-74.1477575, 4.6093215], [-74.1478647, 4.6092779], [-74.1479903, 4.6094637], [-74.1483951, 4.6100649], [-74.1487094, 4.6105263], [-74.1485904, 4.6105519], [-74.1487094, 4.6105263], [-74.1498417, 4.6107648], [-74.1499426, 4.610786], [-74.1500655, 4.6108122], [-74.1507196, 4.6117366], [-74.1515377, 4.6128782], [-74.1511532, 4.6135341], [-74.1508354, 4.6138694], [-74.150744, 4.6139344], [-74.15079, 4.6140444], [-74.1512588, 4.6147718], [-74.1515305, 4.6151754], [-74.1520334, 4.6159123], [-74.1525975, 4.6165842], [-74.1527384, 4.6170122], [-74.1527981, 4.6171639], [-74.152815, 4.6171609], [-74.1533187, 4.6170816], [-74.1534015, 4.6175717], [-74.15406, 4.6174538], [-74.1544729, 4.617374], [-74.1543844, 4.6169018], [-74.1559593, 4.6166156], [-74.1560735, 4.616595], [-74.1575767, 4.6163262], [-74.1575347, 4.616176], [-74.1572735, 4.6155977], [-74.1572584, 4.6149652], [-74.1574005, 4.6148185], [-74.1575373, 4.6146729], [-74.1577019, 4.6145223], [-74.1584826, 4.6155835], [-74.1586806, 4.6154688], [-74.1589991, 4.6159176], [-74.1575347, 4.616176], [-74.1575767, 4.6163262], [-74.1598215, 4.6159238], [-74.1613949, 4.61564], [-74.1616044, 4.6155911], [-74.1625496, 4.6152966], [-74.1626916, 4.6152528], [-74.1626045, 4.6151023], [-74.1624636, 4.6151511], [-74.1622481, 4.615229], [-74.1617021, 4.6153998], [-74.1611612, 4.615532], [-74.1608985, 4.6150347], [-74.161032, 4.6149565], [-74.1606625, 4.6143335], [-74.1609137, 4.6141796], [-74.1611754, 4.6140193], [-74.1612213, 4.6139912], [-74.1611376, 4.6133184], [-74.161054, 4.6130084], [-74.1609665, 4.6126841], [-74.160881, 4.6123523], [-74.1607857, 4.6120155], [-74.1611893, 4.6118954], [-74.1613153, 4.6118536], [-74.1615311, 4.6117821], [-74.1619, 4.611679], [-74.1624957, 4.6115124], [-74.1625715, 4.6116124], [-74.1627466, 4.6118434], [-74.1629546, 4.6121177], [-74.1631631, 4.6124011], [-74.1633665, 4.6126742], [-74.163559, 4.6129342], [-74.1637945, 4.6132631], [-74.1639021, 4.6134281], [-74.1640678, 4.6137188], [-74.1643977, 4.61436], [-74.164434, 4.6144431], [-74.1645035, 4.6146022], [-74.1646166, 4.6148608], [-74.1655627, 4.6146451], [-74.1667107, 4.614381], [-74.1666815, 4.6142262], [-74.1679574, 4.6140367], [-74.169698, 4.6137799], [-74.1704347, 4.6136699], [-74.1708234, 4.6136118], [-74.1709097, 4.6135993], [-74.171098, 4.6135721], [-74.1712206, 4.6135544], [-74.171726, 4.6134814], [-74.1746549, 4.6145073], [-74.1747564, 4.6145811], [-74.1747426, 4.6144381], [-74.1746083, 4.6142551], [-74.1745805, 4.6142346], [-74.174233, 4.6139875], [-74.1736681, 4.6135897], [-74.1720601, 4.6132514], [-74.1718409, 4.6132832], [-74.1715478, 4.6133258], [-74.1709765, 4.6134087], [-74.1708234, 4.6136118], [-74.1709097, 4.6135993], [-74.171098, 4.6135721], [-74.1712206, 4.6135544], [-74.171726, 4.6134814], [-74.1746549, 4.6145073], [-74.1747564, 4.6145811], [-74.1753703, 4.6140215], [-74.1760907, 4.6133466], [-74.1763775, 4.6130779], [-74.1762868, 4.6129787], [-74.1753265, 4.6119278], [-74.1758166, 4.6114911], [-74.1760516, 4.6112818], [-74.1762847, 4.6114313], [-74.176475, 4.6116432], [-74.1766627, 4.6118711], [-74.1768364, 4.6120925], [-74.1769578, 4.6122477], [-74.1768364, 4.6120925], [-74.1770813, 4.6119438], [-74.1772091, 4.6121323], [-74.1762868, 4.6129787], [-74.1763775, 4.6130779], [-74.1768152, 4.6126765], [-74.1775476, 4.6120048], [-74.1782612, 4.6113504], [-74.1786366, 4.6110144], [-74.1795511, 4.6102649], [-74.1806006, 4.6092772], [-74.1810998, 4.6090374], [-74.1811773, 4.609068], [-74.1815277, 4.6089862], [-74.1815872, 4.608919], [-74.1816354, 4.6085898], [-74.1814003, 4.6083508], [-74.1813399, 4.6083354], [-74.1809924, 4.6084594], [-74.1809007, 4.6087278], [-74.1804388, 4.6092602], [-74.1803673, 4.6093328], [-74.1798913, 4.6098015], [-74.179318, 4.6102755], [-74.1788321, 4.6106754], [-74.1787847, 4.6105545], [-74.1786536, 4.6102243], [-74.1785459, 4.6099531], [-74.1784339, 4.6096712], [-74.1783163, 4.6093751], [-74.1781945, 4.6090685], [-74.1785138, 4.6087748], [-74.1786578, 4.608645], [-74.1787382, 4.6085726], [-74.1789692, 4.6083645], [-74.1791896, 4.6081658], [-74.1792809, 4.6080841], [-74.1795133, 4.6078813], [-74.1797421, 4.6076824], [-74.179958, 4.6074947], [-74.180046, 4.6074182], [-74.1801701, 4.6073103], [-74.1802798, 4.6072149], [-74.1805945, 4.6069413], [-74.1806468, 4.6070881], [-74.1809924, 4.6084594], [-74.1809007, 4.6087278], [-74.1810998, 4.6090374], [-74.1811773, 4.609068], [-74.1815277, 4.6089862], [-74.1815872, 4.608919], [-74.1816354, 4.6085898], [-74.1834181, 4.6070929], [-74.1844166, 4.6066741], [-74.1842395, 4.6062846], [-74.1831725, 4.6066858], [-74.1832608, 4.606834], [-74.1818928, 4.6079599], [-74.1814003, 4.6083508], [-74.1813399, 4.6083354], [-74.1809924, 4.6084594], [-74.1809007, 4.6087278], [-74.1810998, 4.6090374], [-74.1811773, 4.609068], [-74.1815277, 4.6089862], [-74.1815872, 4.608919], [-74.1816354, 4.6085898], [-74.1834181, 4.6070929], [-74.183969, 4.6079519], [-74.1841471, 4.6082296], [-74.1849896, 4.6079789], [-74.18599, 4.6075325], [-74.1865464, 4.6072761], [-74.18675, 4.6070686], [-74.1874447, 4.6063608], [-74.1881036, 4.6056892], [-74.1877384, 4.6053071], [-74.1878015, 4.6052408], [-74.1880796, 4.6049489], [-74.1883301, 4.604686], [-74.1885259, 4.6044748], [-74.1889942, 4.6041623], [-74.1894164, 4.6038816], [-74.1896906, 4.6036993], [-74.1898591, 4.6035872], [-74.1900035, 4.6034912], [-74.1906026, 4.6030929], [-74.1913518, 4.6043324], [-74.1914338, 4.6042806], [-74.191087, 4.6037122], [-74.1916296, 4.6038248], [-74.1917586, 4.6038513], [-74.192006, 4.6039021], [-74.1923734, 4.6039775], [-74.192475, 4.6039984], [-74.1927825, 4.6040616], [-74.1925876, 4.6050248], [-74.1930087, 4.6051108], [-74.1934202, 4.6051948], [-74.1938403, 4.6052807], [-74.1936641, 4.606255], [-74.1940806, 4.6063411], [-74.1938875, 4.6073079], [-74.1936924, 4.6082844], [-74.1943417, 4.6097203], [-74.1944609, 4.6099248], [-74.1945645, 4.6103943], [-74.1946381, 4.6108683], [-74.1946463, 4.6109209], [-74.1947162, 4.6113719], [-74.1947859, 4.6118212], [-74.1948266, 4.6120833], [-74.1948812, 4.612435], [-74.1949394, 4.6128101], [-74.1949848, 4.6131028], [-74.1950154, 4.6133167], [-74.1950468, 4.6135355], [-74.1960139, 4.6135913], [-74.1960322, 4.6133412], [-74.1960139, 4.6135913], [-74.1968636, 4.6136403], [-74.1972961, 4.6135344], [-74.1977455, 4.6134679], [-74.1977656, 4.6135944], [-74.1985065, 4.6137405], [-74.1985735, 4.6134038], [-74.2001026, 4.613662], [-74.2013424, 4.6129518], [-74.2020338, 4.6117964], [-74.2028719, 4.6120955], [-74.2031484, 4.6116501], [-74.203373, 4.6112881], [-74.2027395, 4.6108835], [-74.2029673, 4.6105244], [-74.2031985, 4.6101597], [-74.2038303, 4.6105512], [-74.204089, 4.6101344], [-74.2047452, 4.6104776], [-74.2048297, 4.6105244], [-74.2049748, 4.6106049], [-74.2057405, 4.6114807], [-74.2058144, 4.6115781], [-74.2066513, 4.6120297], [-74.2071404, 4.6120811], [-74.2081365, 4.6118881], [-74.2085119, 4.6120012], [-74.2089478, 4.6121326], [-74.2093766, 4.6122919], [-74.2100364, 4.6128078], [-74.2100851, 4.6128353], [-74.2102553, 4.6129219], [-74.2105511, 4.6130553], [-74.2108091, 4.6132089], [-74.2109388, 4.6133152], [-74.2110385, 4.6134134], [-74.2109388, 4.6133152], [-74.2108091, 4.6132089], [-74.2105511, 4.6130553], [-74.2102553, 4.6129219], [-74.2100851, 4.6128353], [-74.2100364, 4.6128078], [-74.2093766, 4.6122919], [-74.2089478, 4.6121326], [-74.2085119, 4.6120012], [-74.2081365, 4.6118881], [-74.2071404, 4.6120811], [-74.2066513, 4.6120297], [-74.2058144, 4.6115781], [-74.2057405, 4.6114807], [-74.2049748, 4.6106049], [-74.2048297, 4.6105244], [-74.2047452, 4.6104776], [-74.204089, 4.6101344], [-74.2033631, 4.609706], [-74.2031671, 4.6095978], [-74.2026163, 4.6093411], [-74.2025483, 4.6096438], [-74.2024485, 4.6100883], [-74.2027192, 4.610144], [-74.2024801, 4.6105299], [-74.2015432, 4.6106951], [-74.2014013, 4.6113678], [-74.2009912, 4.6112838], [-74.2006138, 4.6112066], [-74.2004142, 4.6121474], [-74.2003331, 4.61253], [-74.2002618, 4.6128924], [-74.1987365, 4.6125908], [-74.1986783, 4.6128802], [-74.1986114, 4.6132137], [-74.1985735, 4.6134038], [-74.2001026, 4.613662], [-74.2013424, 4.6129518], [-74.2020338, 4.6117964], [-74.2032411, 4.6098935], [-74.2033388, 4.6097426], [-74.2033631, 4.609706], [-74.2031671, 4.6095978], [-74.2031447, 4.6096342], [-74.2030125, 4.609849], [-74.2020111, 4.6114185], [-74.2018922, 4.6116039], [-74.1986114, 4.6132137], [-74.1985735, 4.6134038], [-74.2001026, 4.613662], [-74.2001305, 4.6140873], [-74.1985065, 4.6137405], [-74.1985735, 4.6134038], [-74.1986114, 4.6132137], [-74.1986783, 4.6128802], [-74.1987365, 4.6125908], [-74.1988122, 4.6122137], [-74.1984683, 4.6121421], [-74.1972767, 4.6118979], [-74.1967992, 4.6118007], [-74.1962929, 4.6116976], [-74.1962175, 4.612133], [-74.1961462, 4.612545], [-74.1960748, 4.6129577], [-74.1961462, 4.612545], [-74.1953387, 4.6123846], [-74.1948812, 4.612435], [-74.1949394, 4.6128101], [-74.1948812, 4.612435], [-74.1948266, 4.6120833], [-74.1947859, 4.6118212], [-74.1947162, 4.6113719], [-74.1946463, 4.6109209], [-74.1946381, 4.6108683], [-74.1945645, 4.6103943], [-74.1944609, 4.6099248], [-74.1943417, 4.6097203], [-74.1936924, 4.6082844], [-74.1940917, 4.6083667], [-74.1936924, 4.6082844], [-74.1938875, 4.6073079], [-74.1940806, 4.6063411], [-74.1936641, 4.606255], [-74.1938403, 4.6052807], [-74.1934202, 4.6051948], [-74.1930087, 4.6051108], [-74.1925876, 4.6050248], [-74.1921713, 4.6049397], [-74.1917883, 4.6048615], [-74.1914338, 4.6042806], [-74.191087, 4.6037122], [-74.1906784, 4.6030425], [-74.1909579, 4.6028564], [-74.1911276, 4.6031182], [-74.1909579, 4.6028564], [-74.1906784, 4.6030425], [-74.1906026, 4.6030929], [-74.1900035, 4.6034912], [-74.1898591, 4.6035872], [-74.1896906, 4.6036993], [-74.1894164, 4.6038816], [-74.1889942, 4.6041623], [-74.1885259, 4.6044748], [-74.1883301, 4.604686], [-74.1880796, 4.6049489], [-74.1878015, 4.6052408], [-74.1877384, 4.6053071], [-74.1872688, 4.6057924], [-74.1870666, 4.6060047], [-74.1866746, 4.6064033], [-74.186375, 4.6067079], [-74.1863236, 4.606762], [-74.1859334, 4.607154], [-74.18599, 4.6075325], [-74.1849896, 4.6079789], [-74.1848, 4.6075471], [-74.1844166, 4.6066741], [-74.1842395, 4.6062846], [-74.1831725, 4.6066858], [-74.1832608, 4.606834], [-74.1818928, 4.6079599], [-74.1814003, 4.6083508], [-74.1813399, 4.6083354], [-74.1809924, 4.6084594], [-74.1809007, 4.6087278], [-74.1804388, 4.6092602], [-74.1803673, 4.6093328], [-74.1798913, 4.6098015], [-74.179318, 4.6102755], [-74.1788321, 4.6106754], [-74.1786175, 4.6108596], [-74.1782082, 4.6112153], [-74.1774627, 4.6118995], [-74.1772091, 4.6121323], [-74.1762868, 4.6129787], [-74.1748922, 4.6143079], [-74.1747426, 4.6144381], [-74.1746549, 4.6145073], [-74.1747564, 4.6145811], [-74.1753703, 4.6140215], [-74.1757511, 4.6144264], [-74.1750942, 4.6149622], [-74.1747564, 4.6145811], [-74.1747426, 4.6144381], [-74.1746083, 4.6142551], [-74.1745805, 4.6142346], [-74.174233, 4.6139875], [-74.1736681, 4.6135897], [-74.1720601, 4.6132514], [-74.1718409, 4.6132832], [-74.1715478, 4.6133258], [-74.1709765, 4.6134087], [-74.1698619, 4.6135708], [-74.1695881, 4.6136107], [-74.1678373, 4.6138662], [-74.1679574, 4.6140367], [-74.169698, 4.6137799], [-74.1704347, 4.6136699], [-74.1705657, 4.6139534], [-74.169733, 4.6145529], [-74.1696745, 4.614595], [-74.1690715, 4.615029], [-74.1682272, 4.6156366], [-74.1680349, 4.6153709], [-74.1677185, 4.6149338], [-74.1675624, 4.6147181], [-74.1674049, 4.6145006], [-74.1669678, 4.6143349], [-74.1667107, 4.614381], [-74.1666815, 4.6142262], [-74.1667107, 4.614381], [-74.1655627, 4.6146451], [-74.1646166, 4.6148608], [-74.1645035, 4.6146022], [-74.164434, 4.6144431], [-74.1643977, 4.61436], [-74.1640678, 4.6137188], [-74.1637903, 4.6138676], [-74.163907, 4.6141233], [-74.1635263, 4.614272], [-74.1636941, 4.61461], [-74.1635263, 4.614272], [-74.1629376, 4.6145209], [-74.1631295, 4.6149153], [-74.1626045, 4.6151023], [-74.1624636, 4.6151511], [-74.1622481, 4.615229], [-74.1617021, 4.6153998], [-74.1611612, 4.615532], [-74.1597977, 4.6157756], [-74.1589991, 4.6159176], [-74.1586806, 4.6154688], [-74.1584826, 4.6155835], [-74.1582396, 4.6157247], [-74.1575373, 4.6146729], [-74.1574005, 4.6148185], [-74.1572584, 4.6149652], [-74.1572735, 4.6155977], [-74.1566196, 4.615596], [-74.1564165, 4.6156005], [-74.1561531, 4.6156001], [-74.1557868, 4.6152745], [-74.155675, 4.6152998], [-74.1554723, 4.615349], [-74.1552743, 4.6153972], [-74.155079, 4.6154447], [-74.1548735, 4.6154946], [-74.154669, 4.6155443], [-74.1543373, 4.6163834], [-74.1543468, 4.6167358], [-74.1543844, 4.6169018], [-74.1544729, 4.617374], [-74.15406, 4.6174538], [-74.1534015, 4.6175717], [-74.1533187, 4.6170816], [-74.1543844, 4.6169018], [-74.1543468, 4.6167358], [-74.1529765, 4.6169718], [-74.1528006, 4.617004], [-74.1527384, 4.6170122], [-74.1523946, 4.6170736], [-74.1522616, 4.6170975], [-74.1509851, 4.6173235], [-74.1494694, 4.6175921], [-74.1493557, 4.6177808], [-74.149828, 4.6176951], [-74.1527981, 4.6171639], [-74.152815, 4.6171609], [-74.1528006, 4.617004], [-74.1527384, 4.6170122], [-74.1523946, 4.6170736], [-74.1522616, 4.6170975], [-74.1509851, 4.6173235], [-74.1494694, 4.6175921], [-74.1483002, 4.6178615], [-74.147851, 4.6179777], [-74.1477359, 4.6175328], [-74.1475628, 4.6172697], [-74.1472555, 4.6168866], [-74.147399, 4.6167725], [-74.1471388, 4.6164511], [-74.1469737, 4.6162471], [-74.1466151, 4.6158042], [-74.1461442, 4.6152227], [-74.1459079, 4.6149307], [-74.145744, 4.6147282], [-74.1453288, 4.6142154], [-74.1449205, 4.6137111], [-74.1445181, 4.613214], [-74.1441039, 4.6127025], [-74.1434749, 4.6119278], [-74.1430589, 4.6114154], [-74.1427154, 4.6109923], [-74.1421845, 4.6103501], [-74.1414746, 4.6109131], [-74.1412925, 4.611013], [-74.1411892, 4.6110681], [-74.1410163, 4.6111604], [-74.140919, 4.6112123], [-74.1398753, 4.6117707], [-74.1392622, 4.6120985], [-74.1383282, 4.612598], [-74.1377832, 4.6128896], [-74.1374489, 4.6122702], [-74.1369461, 4.6125397], [-74.1374489, 4.6122702], [-74.1377832, 4.6128896], [-74.1360297, 4.6138276], [-74.1355478, 4.6140876], [-74.1354135, 4.6141592], [-74.1348652, 4.6144485], [-74.1344077, 4.6139135], [-74.1339797, 4.6134088], [-74.133533, 4.612882], [-74.1323234, 4.6120431], [-74.1321554, 4.6119537], [-74.1310789, 4.6113091], [-74.1314631, 4.6109437], [-74.1324145, 4.6115002], [-74.1340544, 4.6125715], [-74.1354135, 4.6141592], [-74.1355478, 4.6140876], [-74.1342223, 4.6125422], [-74.1333966, 4.6118919], [-74.1333208, 4.6118434], [-74.1329599, 4.6116194], [-74.132221, 4.6111878], [-74.1311299, 4.6105455], [-74.1276108, 4.6077767], [-74.1279645, 4.6074321], [-74.1282843, 4.6071245], [-74.1286201, 4.6068016], [-74.1286808, 4.6067472], [-74.1290693, 4.607], [-74.1294574, 4.6072525], [-74.1298191, 4.6076789], [-74.1283476, 4.6092219], [-74.1283124, 4.6094017], [-74.1283668, 4.6100251], [-74.1275502, 4.6133642], [-74.1278578, 4.6134577], [-74.1281714, 4.6124691], [-74.1284594, 4.6115439], [-74.1297386, 4.6093691], [-74.1305965, 4.6089477], [-74.1309777, 4.6087817], [-74.130859, 4.6086367], [-74.1307961, 4.6085594], [-74.1303915, 4.6071316], [-74.1308196, 4.606447], [-74.131841, 4.6048692], [-74.131637, 4.6046572], [-74.1312912, 4.6051906], [-74.1310734, 4.605615], [-74.1308853, 4.6059902], [-74.1306507, 4.606393], [-74.1304008, 4.6067805], [-74.1301546, 4.6071607], [-74.1298191, 4.6076789], [-74.1283476, 4.6092219], [-74.1283124, 4.6094017], [-74.1283668, 4.6100251], [-74.1275502, 4.6133642], [-74.1273091, 4.6141663], [-74.1268745, 4.6141114], [-74.1271472, 4.6132417], [-74.1275502, 4.6133642], [-74.1278578, 4.6134577], [-74.1281714, 4.6124691], [-74.1287144, 4.6126388], [-74.1283196, 4.6138157], [-74.128077, 4.6144562], [-74.1280401, 4.6145302], [-74.1279056, 4.6149074], [-74.1277093, 4.6156174], [-74.1277628, 4.6161099], [-74.1278194, 4.6165988], [-74.1278819, 4.6170922], [-74.1279496, 4.6176085], [-74.127979, 4.6180573], [-74.1276274, 4.6180738], [-74.1272668, 4.6180907], [-74.1271352, 4.6180969], [-74.1268199, 4.6181117], [-74.126456, 4.618146], [-74.126606, 4.6176402], [-74.1270641, 4.6160608], [-74.1271963, 4.6156143], [-74.1277093, 4.6156174], [-74.1277628, 4.6161099], [-74.1278194, 4.6165988], [-74.1278819, 4.6170922], [-74.1279496, 4.6176085], [-74.127979, 4.6180573], [-74.1276274, 4.6180738], [-74.1272668, 4.6180907], [-74.1271352, 4.6180969], [-74.1268199, 4.6181117], [-74.1265668, 4.618949], [-74.1263338, 4.6197187], [-74.1260565, 4.6206391], [-74.1256659, 4.6205539], [-74.1259626, 4.6196935], [-74.1261995, 4.6189498], [-74.126456, 4.618146], [-74.126606, 4.6176402], [-74.1270641, 4.6160608], [-74.1271963, 4.6156143], [-74.1275906, 4.6143157], [-74.1278578, 4.6134577], [-74.1275502, 4.6133642], [-74.1273091, 4.6141663], [-74.1267569, 4.6161991], [-74.1261228, 4.6182015], [-74.1243873, 4.6183606], [-74.1236766, 4.6185004], [-74.1234232, 4.6186701], [-74.1226909, 4.6194857], [-74.1219425, 4.6203607], [-74.1213193, 4.6211148], [-74.1211592, 4.6213029], [-74.121685, 4.6218444], [-74.1220284, 4.622198], [-74.1223642, 4.6225438], [-74.1229233, 4.6231196], [-74.1230564, 4.6232553], [-74.1231032, 4.623303], [-74.1213193, 4.6211148], [-74.120987, 4.6207878], [-74.1206427, 4.6204491], [-74.1203358, 4.6201471], [-74.1200363, 4.6198524], [-74.1197306, 4.6195516], [-74.1194018, 4.6192564], [-74.1190431, 4.6189344], [-74.1187204, 4.6186464], [-74.1183731, 4.6183364], [-74.1180432, 4.6180419], [-74.1177028, 4.6177381], [-74.1173608, 4.6174328], [-74.1170051, 4.6171153], [-74.1166918, 4.6168357], [-74.1169852, 4.6164878], [-74.1162368, 4.6158365], [-74.1169852, 4.6164878], [-74.1166918, 4.6168357], [-74.1157851, 4.6160265], [-74.1156451, 4.6159015], [-74.1150866, 4.6152092], [-74.1147239, 4.6154826], [-74.1145812, 4.6154898], [-74.1142922, 4.6153685], [-74.1142221, 4.6152956], [-74.114116, 4.6149185], [-74.1127794, 4.6154656], [-74.1125881, 4.61502], [-74.112967, 4.6148759], [-74.1125881, 4.61502], [-74.1127794, 4.6154656], [-74.1123668, 4.6156353], [-74.1114669, 4.6160051], [-74.1109519, 4.6162159], [-74.1106846, 4.6163245], [-74.110297, 4.6164814], [-74.108977, 4.6170079], [-74.1079406, 4.61743], [-74.1075035, 4.6176124], [-74.1072932, 4.6171023], [-74.1064178, 4.6174617], [-74.1061897, 4.6175553], [-74.1064178, 4.6174617], [-74.1063365, 4.6169856], [-74.1062138, 4.6162748], [-74.1061213, 4.6157793], [-74.1059584, 4.6153213], [-74.1054526, 4.6155323], [-74.1046709, 4.6133304], [-74.1042679, 4.6135289], [-74.1045777, 4.614219], [-74.1052483, 4.6160972], [-74.1053965, 4.6167064], [-74.1054648, 4.6170165], [-74.1057739, 4.6169641], [-74.105705, 4.6166306], [-74.1056768, 4.6164957], [-74.1054526, 4.6155323], [-74.1046709, 4.6133304], [-74.1034486, 4.6111441], [-74.1025852, 4.610113], [-74.1024651, 4.6099812], [-74.1021197, 4.6096137], [-74.1017921, 4.609281], [-74.100452, 4.6081816], [-74.0998225, 4.6077055], [-74.0991975, 4.6072662], [-74.099007, 4.6071567], [-74.0983026, 4.60662], [-74.0982997, 4.6065178], [-74.0978848, 4.6062057], [-74.0978462, 4.6062123], [-74.0975673, 4.6060477], [-74.0972345, 4.6057841], [-74.096661, 4.60533], [-74.0960921, 4.6048795], [-74.0954963, 4.6044077], [-74.0945516, 4.6036698], [-74.0938204, 4.6031493], [-74.0932317, 4.6027413], [-74.0930418, 4.6030432], [-74.0927391, 4.6034399], [-74.0923936, 4.6039876], [-74.0916988, 4.6050886], [-74.0911142, 4.6060063], [-74.0904853, 4.6069356], [-74.0898567, 4.6078004], [-74.0898005, 4.6078764], [-74.0892269, 4.6086722], [-74.0886536, 4.6094186], [-74.0883625, 4.6097982], [-74.0878905, 4.6105661], [-74.0879183, 4.6109208], [-74.0871883, 4.6119372], [-74.0862719, 4.6130479], [-74.0862156, 4.6131166], [-74.0854086, 4.614102], [-74.0846255, 4.6150583], [-74.083761, 4.6143451], [-74.0836714, 4.6142717], [-74.0798238, 4.6110982], [-74.0791115, 4.6105829], [-74.0790123, 4.6107173], [-74.0797346, 4.6112263], [-74.080417, 4.6117859], [-74.0806229, 4.6119612], [-74.0835625, 4.6144], [-74.083652, 4.6144764], [-74.083761, 4.6143451], [-74.0836714, 4.6142717], [-74.0798238, 4.6110982], [-74.0791115, 4.6105829], [-74.0776859, 4.609609], [-74.0771235, 4.6092247], [-74.0758463, 4.6083261], [-74.0753425, 4.6079532], [-74.0744771, 4.6073077], [-74.0739458, 4.6069115], [-74.0737785, 4.6067853], [-74.0731051, 4.6062894], [-74.0722853, 4.6057391], [-74.0702368, 4.6043901], [-74.068911, 4.6034689], [-74.068151, 4.6030109], [-74.0678815, 4.6030684], [-74.0678732, 4.6031352], [-74.0675615, 4.6039413], [-74.0671573, 4.6047097], [-74.0667359, 4.6054681], [-74.0664847, 4.6059412], [-74.0663196, 4.6065038], [-74.0659209, 4.6075792], [-74.0657742, 4.6085213], [-74.0653159, 4.6115858], [-74.0649751, 4.6127807], [-74.0654483, 4.6127409], [-74.0660751, 4.6126884], [-74.0666333, 4.6128192], [-74.0672277, 4.6129584], [-74.0674164, 4.6120811], [-74.0668508, 4.6119477], [-74.0662905, 4.6118156], [-74.0656857, 4.611673], [-74.0653159, 4.6115858], [-74.0649751, 4.6127807], [-74.0635202, 4.6147328], [-74.0625879, 4.6166589], [-74.0620198, 4.6162827], [-74.061698, 4.615985], [-74.0613366, 4.602892], [-74.0622125, 4.6032992], [-74.0650883, 4.6059245], [-74.0656871, 4.6069746], [-74.0657457, 4.607115], [-74.0661335, 4.6087218], [-74.0661551, 4.6087506], [-74.0663987, 4.6095522], [-74.0667902, 4.6101365], [-74.0667894, 4.6103091], [-74.0667873, 4.611449], [-74.0669339, 4.6115801], [-74.0674506, 4.6106171], [-74.0674618, 4.610575], [-74.0674803, 4.6105136], [-74.0668311, 4.6089895], [-74.0663953, 4.6087836], [-74.062441, 4.6032888], [-74.0621382, 4.6031659]]}}, {"type": "Feature", "properties": {"ruta": "128"}, "geometry": {"type": "LineString", "coordinates": [[-74.1353933, 4.7050363], [-74.1350632, 4.7048384], [-74.1347767, 4.7046668], [-74.1343248, 4.704396], [-74.1340386, 4.7042246], [-74.1338533, 4.7045262], [-74.1336798, 4.7048087], [-74.1328209, 4.7043426], [-74.1326223, 4.7046135], [-74.1324217, 4.7048871], [-74.132218, 4.7051667], [-74.1320365, 4.705416], [-74.1318944, 4.705611], [-74.1318183, 4.7057155], [-74.1317094, 4.705865], [-74.1316375, 4.7059638], [-74.131523, 4.706121], [-74.1314748, 4.706188], [-74.1314535, 4.7062177], [-74.1312947, 4.7064385], [-74.1311126, 4.7066919], [-74.1310669, 4.7067506], [-74.1309042, 4.7069367], [-74.1308456, 4.7069969], [-74.1306401, 4.7072082], [-74.1304043, 4.7074506], [-74.1301927, 4.7076755], [-74.1299892, 4.7078919], [-74.1298697, 4.7080189], [-74.1296727, 4.7082283], [-74.1295257, 4.7083861], [-74.1294882, 4.7084449], [-74.1293928, 4.7086449], [-74.1293452, 4.7087578], [-74.1292794, 4.7089141], [-74.1292152, 4.7090666], [-74.1291551, 4.7092093], [-74.1290935, 4.7093555], [-74.1290347, 4.7094949], [-74.1289137, 4.7097821], [-74.1287929, 4.710069], [-74.1286524, 4.7103519], [-74.126753, 4.7116961], [-74.1266054, 4.7117643], [-74.1255012, 4.7109423], [-74.1267713, 4.7115392], [-74.1255012, 4.7109423], [-74.1249863, 4.710559], [-74.1223011, 4.7085714], [-74.1222492, 4.708533], [-74.1219463, 4.7082978], [-74.121809, 4.7081912], [-74.1206528, 4.7072935], [-74.1199563, 4.7067246], [-74.1193932, 4.7062535], [-74.1190296, 4.7059382], [-74.1185425, 4.7055218], [-74.1183238, 4.7053328], [-74.1181731, 4.7052053], [-74.1178465, 4.704925], [-74.1175212, 4.7046454], [-74.1171785, 4.7043506], [-74.1168795, 4.7040912], [-74.1165939, 4.7038435], [-74.1162736, 4.7035657], [-74.1159648, 4.7032978], [-74.1153836, 4.7027936], [-74.1150854, 4.7025349], [-74.1139512, 4.7015393], [-74.1136449, 4.7012913], [-74.1133719, 4.7010604], [-74.1133257, 4.7011526], [-74.1138878, 4.7016368], [-74.1141171, 4.7018398], [-74.1142223, 4.7019306], [-74.1145009, 4.702171], [-74.114815, 4.7024418], [-74.1151428, 4.7027246], [-74.115464, 4.7030016], [-74.1157623, 4.7032589], [-74.1160978, 4.7035483], [-74.1164853, 4.7038825], [-74.116804, 4.7041575], [-74.1171128, 4.7044238], [-74.1171785, 4.7043506], [-74.1168795, 4.7040912], [-74.1165939, 4.7038435], [-74.1162736, 4.7035657], [-74.1159648, 4.7032978], [-74.1153836, 4.7027936], [-74.1150854, 4.7025349], [-74.1139512, 4.7015393], [-74.1136449, 4.7012913], [-74.1133719, 4.7010604], [-74.1121629, 4.7002334], [-74.1113691, 4.6997033], [-74.1103292, 4.698973], [-74.1098775, 4.6986558], [-74.1101906, 4.6982019], [-74.1098198, 4.6979313], [-74.1089282, 4.6972968], [-74.1086042, 4.6977506], [-74.1073899, 4.6968847], [-74.1058757, 4.695851], [-74.105769, 4.695769], [-74.1053027, 4.6953603], [-74.1040156, 4.6943312], [-74.1029206, 4.6934715], [-74.10164, 4.6924367], [-74.0998951, 4.6910266], [-74.098976, 4.6902839], [-74.0982567, 4.6897343], [-74.097946, 4.6894969], [-74.0974978, 4.6891545], [-74.0966898, 4.6885371], [-74.0931787, 4.6854666], [-74.0916097, 4.684], [-74.0915091, 4.6838949], [-74.0914558, 4.6839671], [-74.0915544, 4.684075], [-74.0918751, 4.6843812], [-74.0929667, 4.6854233], [-74.0926091, 4.6858373], [-74.0922771, 4.6863134], [-74.0921552, 4.6864882], [-74.0918949, 4.6868615], [-74.0909475, 4.6849323], [-74.0915544, 4.684075], [-74.0916097, 4.684], [-74.0915091, 4.6838949], [-74.0911682, 4.6835162], [-74.0908634, 4.6831777], [-74.0905575, 4.682838], [-74.0902026, 4.6824515], [-74.089882, 4.6821023], [-74.089544, 4.6817352], [-74.0890902, 4.6812422], [-74.0887967, 4.6809235], [-74.0884143, 4.6805044], [-74.0874785, 4.67948], [-74.087077, 4.6790345], [-74.0848571, 4.6759373], [-74.0838443, 4.6744486], [-74.0837792, 4.674534], [-74.0835815, 4.6747911], [-74.0832232, 4.675257], [-74.0825419, 4.6747469], [-74.0817551, 4.6741683], [-74.0816815, 4.674219], [-74.0815255, 4.6743263], [-74.0812654, 4.6745052], [-74.0808253, 4.6741662], [-74.0801472, 4.6736474], [-74.0804326, 4.6732746], [-74.081534, 4.6741112], [-74.0815255, 4.6743263], [-74.0812654, 4.6745052], [-74.0808253, 4.6741662], [-74.0801472, 4.6736474], [-74.0794647, 4.6731254], [-74.0787693, 4.6725935], [-74.0781763, 4.672126], [-74.0781003, 4.6720674], [-74.0780085, 4.6719962], [-74.0779287, 4.6719353], [-74.0773544, 4.6714864], [-74.0776688, 4.6710927], [-74.0782333, 4.671539], [-74.0779287, 4.6719353], [-74.0773544, 4.6714864], [-74.0771528, 4.6717324], [-74.0766724, 4.6713796], [-74.0766464, 4.6702844], [-74.0766425, 4.6701823], [-74.0762198, 4.6698731], [-74.0755463, 4.6693787], [-74.0754976, 4.6694392], [-74.0760437, 4.6698391], [-74.0762264, 4.6699741], [-74.0766464, 4.6702844], [-74.0766425, 4.6701823], [-74.0762198, 4.6698731], [-74.0755463, 4.6693787], [-74.0750143, 4.6689614], [-74.0745418, 4.6685908], [-74.0722687, 4.6668182], [-74.0719702, 4.6666018], [-74.0714665, 4.6662369], [-74.0710045, 4.6659021], [-74.0705647, 4.6655717], [-74.070117, 4.6652351], [-74.0697241, 4.6649393], [-74.0693029, 4.6646223], [-74.0688706, 4.6642985], [-74.0684511, 4.6639806], [-74.0680419, 4.6636705], [-74.067627, 4.6633561], [-74.0671815, 4.6630265], [-74.0680969, 4.6615655], [-74.0688787, 4.6603166], [-74.0696605, 4.6590679], [-74.0702006, 4.6582413], [-74.070749, 4.6574022], [-74.0706697, 4.6573484], [-74.0704257, 4.6577197], [-74.0700182, 4.6583429], [-74.0695815, 4.6590107], [-74.0691045, 4.659758], [-74.0684624, 4.6593465], [-74.0689814, 4.6585569], [-74.0695815, 4.6590107], [-74.0696605, 4.6590679], [-74.0702006, 4.6582413], [-74.070749, 4.6574022], [-74.0706697, 4.6573484], [-74.0704257, 4.6577197], [-74.0700182, 4.6583429], [-74.0694222, 4.657927], [-74.0688364, 4.6575061], [-74.0692533, 4.656906], [-74.0695925, 4.656434], [-74.0700551, 4.6558106], [-74.0703557, 4.6553902], [-74.0703998, 4.6552689], [-74.0704807, 4.6547728], [-74.0705641, 4.6542998], [-74.0711663, 4.654412], [-74.0717634, 4.6545233], [-74.0715815, 4.6554993], [-74.0716878, 4.6555184], [-74.0718376, 4.6548398], [-74.0720736, 4.653543], [-74.0721983, 4.6528265], [-74.0723288, 4.6520626], [-74.0724976, 4.6510703], [-74.0725153, 4.6509663], [-74.0726474, 4.6502701], [-74.0728358, 4.6495067], [-74.0731099, 4.6487868], [-74.0735279, 4.6480633], [-74.0737777, 4.6477122], [-74.0740665, 4.6473558], [-74.0739942, 4.6472677], [-74.0738534, 4.6470824], [-74.0735181, 4.6464888], [-74.07336, 4.6457783], [-74.0733758, 4.6454609], [-74.0733929, 4.6453533], [-74.0734994, 4.6450119], [-74.0737621, 4.6445462], [-74.0741943, 4.6440421], [-74.0735969, 4.6434308], [-74.0736415, 4.6433646], [-74.0737184, 4.6431371], [-74.0739635, 4.6418132], [-74.0739754, 4.6417448], [-74.0741418, 4.6407447], [-74.0743157, 4.6397664], [-74.0744813, 4.6387743], [-74.0746484, 4.6378332], [-74.0747144, 4.6374614], [-74.0748107, 4.6369188], [-74.0749958, 4.6358767], [-74.0751122, 4.6352545], [-74.0752683, 4.6344786], [-74.0754366, 4.6339981], [-74.0754531, 4.6338948], [-74.0754854, 4.6335373], [-74.0752361, 4.6324267], [-74.0751778, 4.6314775], [-74.0752521, 4.6303328], [-74.0753627, 4.6292271], [-74.0754725, 4.6278311], [-74.0753916, 4.6268726], [-74.0752909, 4.6265636], [-74.0750708, 4.6261621], [-74.0747217, 4.6257899], [-74.0744661, 4.625593], [-74.0741375, 4.6253414], [-74.0735008, 4.6247486], [-74.0735416, 4.6245223], [-74.073681, 4.6237497], [-74.0736923, 4.6236877], [-74.0738459, 4.6228455], [-74.0740047, 4.6219745], [-74.0741432, 4.621215], [-74.0742922, 4.6203976], [-74.0748543, 4.6202047], [-74.0749504, 4.6201853], [-74.0754021, 4.6199547], [-74.0756627, 4.6197625], [-74.0758783, 4.6196036], [-74.0782614, 4.6183994], [-74.0783251, 4.6183597], [-74.0778753, 4.6177154], [-74.0772337, 4.6167822], [-74.0768772, 4.6162136], [-74.0763807, 4.6153511], [-74.0759133, 4.6146724], [-74.075403, 4.6138676], [-74.0753994, 4.6137858], [-74.0751873, 4.6134449], [-74.0749521, 4.6131783], [-74.0746465, 4.6129022], [-74.0733538, 4.6119293], [-74.0725655, 4.6113487], [-74.0718032, 4.6109246], [-74.0716203, 4.6108228], [-74.0714525, 4.6107287], [-74.0708811, 4.6104099], [-74.0701937, 4.6100259], [-74.0699976, 4.6108012], [-74.0692892, 4.6106985], [-74.0686128, 4.6101193], [-74.0682832, 4.6098827], [-74.0682601, 4.6088498], [-74.0674499, 4.6082899], [-74.067885, 4.6075432], [-74.0673048, 4.607193], [-74.067839, 4.606207], [-74.0682115, 4.6052661], [-74.068516, 4.6044969], [-74.0688685, 4.603594], [-74.0701884, 4.6045074], [-74.0722198, 4.6058536], [-74.0730721, 4.606426], [-74.073709, 4.6069045], [-74.073875, 4.6070331], [-74.0744103, 4.6074332], [-74.0752573, 4.6080684], [-74.075767, 4.6084427], [-74.0770294, 4.6093417], [-74.0775863, 4.6097287], [-74.0790123, 4.6107173], [-74.0797346, 4.6112263], [-74.080417, 4.6117859], [-74.0806229, 4.6119612], [-74.0808523, 4.6135539], [-74.081193, 4.614409], [-74.0813107, 4.6146519], [-74.0816696, 4.6152741], [-74.0821789, 4.6160778], [-74.0821879, 4.6160924], [-74.0823706, 4.6159882], [-74.0822981, 4.6159155], [-74.0821789, 4.6160778], [-74.0821538, 4.6161119], [-74.0820426, 4.6162475], [-74.0816203, 4.6167522], [-74.0815498, 4.6168357], [-74.0812295, 4.6165538], [-74.0808935, 4.6162556], [-74.080347, 4.615793], [-74.0798968, 4.615417], [-74.0793699, 4.6158946], [-74.078473, 4.6163182], [-74.0783279, 4.6163317], [-74.0777672, 4.6164286], [-74.0772337, 4.6167822], [-74.0771744, 4.6168225], [-74.0750048, 4.6183339], [-74.0748796, 4.6186021], [-74.074757, 4.6188746], [-74.0746496, 4.6191131], [-74.0748543, 4.6202047], [-74.0748737, 4.6202759], [-74.0750025, 4.6207195], [-74.0748824, 4.6213522], [-74.0747496, 4.6221111], [-74.0745847, 4.6229765], [-74.0744216, 4.6238191], [-74.0744108, 4.6238841], [-74.0742696, 4.6246524], [-74.0741375, 4.6253414], [-74.0741, 4.6255252], [-74.074816, 4.6263216], [-74.0751399, 4.6277909], [-74.0750522, 4.6287197], [-74.0750083, 4.629205], [-74.0749777, 4.6295478], [-74.0748993, 4.6304289], [-74.0748283, 4.6314718], [-74.0748964, 4.6324753], [-74.0750614, 4.6332528], [-74.0753467, 4.6338803], [-74.0753647, 4.633987], [-74.0752683, 4.6344786], [-74.0751122, 4.6352545], [-74.0749958, 4.6358767], [-74.0748107, 4.6369188], [-74.0747144, 4.6374614], [-74.0746484, 4.6378332], [-74.0744813, 4.6387743], [-74.0743157, 4.6397664], [-74.0741418, 4.6407447], [-74.0739754, 4.6417448], [-74.0739635, 4.6418132], [-74.0737184, 4.6431371], [-74.0736415, 4.6433646], [-74.0735969, 4.6434308], [-74.07307, 4.6439812], [-74.0726954, 4.644539], [-74.0724781, 4.6452007], [-74.0724596, 4.6453069], [-74.0724517, 4.6460641], [-74.0726626, 4.6468422], [-74.0728534, 4.6472206], [-74.0731156, 4.6475901], [-74.073174, 4.6476597], [-74.0734462, 4.6479716], [-74.0730302, 4.6486701], [-74.0727143, 4.6494559], [-74.0725533, 4.6500799], [-74.0725402, 4.6501391], [-74.0724046, 4.6509462], [-74.0723868, 4.6510504], [-74.0724976, 4.6510703], [-74.0734498, 4.6512509], [-74.0733883, 4.6522288], [-74.0723288, 4.6520626], [-74.0724976, 4.6510703], [-74.0725153, 4.6509663], [-74.0724046, 4.6509462], [-74.0723868, 4.6510504], [-74.0721898, 4.6521175], [-74.0720594, 4.6528531], [-74.0719363, 4.6535475], [-74.0717634, 4.6545233], [-74.0715815, 4.6554993], [-74.0714299, 4.6561705], [-74.071169, 4.656593], [-74.0707377, 4.6572454], [-74.0706697, 4.6573484], [-74.0704257, 4.6577197], [-74.0700182, 4.6583429], [-74.0695815, 4.6590107], [-74.0691045, 4.659758], [-74.0688402, 4.6601722], [-74.0685496, 4.6606359], [-74.0682873, 4.6610572], [-74.0679967, 4.6615182], [-74.0675363, 4.6622613], [-74.0670956, 4.6629634], [-74.0670375, 4.6630527], [-74.0671239, 4.6631172], [-74.0675669, 4.6634486], [-74.0679799, 4.663758], [-74.0683918, 4.6640666], [-74.0688147, 4.6643879], [-74.0692442, 4.6647141], [-74.0696598, 4.6650298], [-74.0700528, 4.6653229], [-74.070502, 4.6656579], [-74.0709418, 4.6659859], [-74.0713923, 4.6663097], [-74.0719225, 4.6666909], [-74.0722817, 4.6669491], [-74.0745138, 4.6686651], [-74.0749631, 4.6690186], [-74.0754976, 4.6694392], [-74.0760437, 4.6698391], [-74.0762264, 4.6699741], [-74.0766464, 4.6702844], [-74.0771219, 4.6706604], [-74.0776688, 4.6710927], [-74.0782333, 4.671539], [-74.0784776, 4.6717322], [-74.0790792, 4.6722078], [-74.0791274, 4.6721398], [-74.0786261, 4.6717449], [-74.0790954, 4.6711185], [-74.0795932, 4.6715015], [-74.0795286, 4.6715861], [-74.0797038, 4.6718242], [-74.079994, 4.6722185], [-74.0802177, 4.672505], [-74.0798846, 4.6727338], [-74.0797532, 4.6727488], [-74.0804326, 4.6732746], [-74.081534, 4.6741112], [-74.0816815, 4.674219], [-74.0824874, 4.6748131], [-74.0831649, 4.6753328], [-74.083853, 4.6758606], [-74.0845262, 4.676372], [-74.0853097, 4.6767224], [-74.0864903, 4.6784365], [-74.087018, 4.679102], [-74.0872063, 4.6793111], [-74.0877657, 4.6799279], [-74.088341, 4.6805623], [-74.0888766, 4.6811465], [-74.089261, 4.6815669], [-74.0900104, 4.6823864], [-74.0900628, 4.6824437], [-74.0905575, 4.682838], [-74.0902026, 4.6824515], [-74.089882, 4.6821023], [-74.089544, 4.6817352], [-74.0900616, 4.6810149], [-74.0904532, 4.6812912], [-74.0908326, 4.6815588], [-74.091241, 4.6818469], [-74.0916154, 4.682111], [-74.091991, 4.6823759], [-74.0911682, 4.6835162], [-74.091991, 4.6823759], [-74.0927196, 4.6813428], [-74.0930876, 4.6816123], [-74.0931884, 4.6814689], [-74.0934359, 4.6826911], [-74.093915, 4.6830917], [-74.0930677, 4.6843329], [-74.0936311, 4.6848617], [-74.093491, 4.685049], [-74.0931787, 4.6854666], [-74.0916097, 4.684], [-74.0915091, 4.6838949], [-74.0914558, 4.6839671], [-74.0915544, 4.684075], [-74.0918751, 4.6843812], [-74.0929667, 4.6854233], [-74.0966112, 4.6886082], [-74.096706, 4.6886771], [-74.0969519, 4.6888641], [-74.097437, 4.689233], [-74.0982176, 4.6898265], [-74.0989155, 4.6903629], [-74.0998311, 4.6911065], [-74.1015736, 4.6925196], [-74.1012404, 4.6929352], [-74.1009553, 4.6932908], [-74.10069, 4.6936217], [-74.1015744, 4.6943676], [-74.1021317, 4.6936745], [-74.102259, 4.6935171], [-74.1021317, 4.6936745], [-74.1015744, 4.6943676], [-74.1019539, 4.6946788], [-74.1022125, 4.6943577], [-74.1024965, 4.694004], [-74.1028543, 4.6935583], [-74.1040255, 4.6944735], [-74.1045009, 4.694845], [-74.1046294, 4.6949454], [-74.1057251, 4.6958471], [-74.1058298, 4.6959308], [-74.1058757, 4.695851], [-74.105769, 4.695769], [-74.1053027, 4.6953603], [-74.1040156, 4.6943312], [-74.1029206, 4.6934715], [-74.1028543, 4.6935583], [-74.1040255, 4.6944735], [-74.1045009, 4.694845], [-74.1046294, 4.6949454], [-74.1057251, 4.6958471], [-74.1058298, 4.6959308], [-74.107335, 4.6969663], [-74.1085482, 4.6978302], [-74.1102255, 4.6990197], [-74.1103283, 4.6990926], [-74.1113582, 4.6998049], [-74.1121849, 4.7003654], [-74.1133257, 4.7011526], [-74.1138878, 4.7016368], [-74.1141171, 4.7018398], [-74.1142223, 4.7019306], [-74.1145009, 4.702171], [-74.114815, 4.7024418], [-74.1151428, 4.7027246], [-74.115464, 4.7030016], [-74.1157623, 4.7032589], [-74.1160978, 4.7035483], [-74.1164853, 4.7038825], [-74.116804, 4.7041575], [-74.1171128, 4.7044238], [-74.1182577, 4.7054072], [-74.1188921, 4.7059576], [-74.1189719, 4.7060224], [-74.1190296, 4.7059382], [-74.1185425, 4.7055218], [-74.1183238, 4.7053328], [-74.1182577, 4.7054072], [-74.1188921, 4.7059576], [-74.1189719, 4.7060224], [-74.1199039, 4.706809], [-74.1205954, 4.7073872], [-74.1217392, 4.708262], [-74.1218811, 4.7083712], [-74.1222073, 4.7086207], [-74.1222289, 4.7086368], [-74.1222593, 4.7086595], [-74.1224506, 4.7088024], [-74.1226597, 4.7089586], [-74.1228909, 4.7091313], [-74.1231565, 4.7093297], [-74.1249226, 4.7106489], [-74.1264966, 4.7118198], [-74.1266054, 4.7117643], [-74.1255012, 4.7109423], [-74.1267713, 4.7115392], [-74.1255012, 4.7109423], [-74.1249863, 4.710559], [-74.1249226, 4.7106489], [-74.1264966, 4.7118198], [-74.1266054, 4.7117643], [-74.126753, 4.7116961], [-74.1286524, 4.7103519], [-74.1287929, 4.710069], [-74.1289137, 4.7097821], [-74.1290347, 4.7094949], [-74.1290935, 4.7093555], [-74.1291551, 4.7092093], [-74.1292152, 4.7090666], [-74.1292794, 4.7089141], [-74.1293452, 4.7087578], [-74.1293928, 4.7086449], [-74.1294882, 4.7084449], [-74.1295257, 4.7083861], [-74.1296727, 4.7082283], [-74.1298697, 4.7080189], [-74.1299892, 4.7078919], [-74.1301927, 4.7076755], [-74.1304043, 4.7074506], [-74.1306401, 4.7072082], [-74.1308456, 4.7069969], [-74.1309042, 4.7069367], [-74.1310669, 4.7067506], [-74.1311126, 4.7066919], [-74.1312947, 4.7064385], [-74.1314535, 4.7062177], [-74.1314748, 4.706188], [-74.131523, 4.706121], [-74.1316375, 4.7059638], [-74.1317094, 4.705865], [-74.1318183, 4.7057155], [-74.1318944, 4.705611], [-74.1320365, 4.705416], [-74.132218, 4.7051667], [-74.1324217, 4.7048871], [-74.1326223, 4.7046135], [-74.1328209, 4.7043426], [-74.1330351, 4.7040503], [-74.133087, 4.7039795], [-74.133254, 4.7037711], [-74.1333039, 4.7037089], [-74.1334807, 4.7034882], [-74.1337007, 4.7032138], [-74.1331781, 4.7027243], [-74.1329469, 4.7029784], [-74.1327537, 4.7031888], [-74.1325208, 4.7034423], [-74.133087, 4.7039795], [-74.1330351, 4.7040503], [-74.1328209, 4.7043426], [-74.1326223, 4.7046135], [-74.1324217, 4.7048871], [-74.132218, 4.7051667], [-74.1320365, 4.705416], [-74.1318944, 4.705611], [-74.1318183, 4.7057155], [-74.1318944, 4.705611], [-74.1320365, 4.705416], [-74.132218, 4.7051667], [-74.1324217, 4.7048871], [-74.1326223, 4.7046135], [-74.1328209, 4.7043426], [-74.1330351, 4.7040503], [-74.133087, 4.7039795], [-74.133254, 4.7037711], [-74.1333039, 4.7037089], [-74.1334807, 4.7034882], [-74.1337007, 4.7032138], [-74.1338939, 4.7029727], [-74.1341022, 4.7027128], [-74.1343836, 4.7023617]]}}, {"type": "Feature", "properties": {"ruta": "13-10"}, "geometry": {"type": "LineString", "coordinates": [[-74.0956334, 4.5560266], [-74.0952689, 4.5557294], [-74.094913, 4.5555955], [-74.0945354, 4.5555218], [-74.0940756, 4.5556506], [-74.093914, 4.5556288], [-74.0934341, 4.5555403], [-74.0932012, 4.5554292], [-74.0923472, 4.5545201], [-74.0918653, 4.5541466], [-74.091861, 4.5537701], [-74.09188, 4.5532486], [-74.091874, 4.5530802], [-74.0918545, 4.5526938], [-74.0918174, 4.5521103], [-74.0919515, 4.5516425], [-74.0921666, 4.5512235], [-74.0923188, 4.5507845], [-74.0924453, 4.5503498], [-74.092549, 4.5498877], [-74.0925638, 4.5494151], [-74.0925727, 4.5490364], [-74.0930585, 4.5485748], [-74.093417, 4.548225], [-74.0938362, 4.5479733], [-74.0940254, 4.547592], [-74.0942751, 4.5472442], [-74.0943278, 4.5471665], [-74.0945156, 4.5468968], [-74.0946154, 4.5467736], [-74.0948042, 4.5465789], [-74.094952, 4.5464224], [-74.0950047, 4.5458591], [-74.0950666, 4.5457481], [-74.0968847, 4.5457179], [-74.0962349, 4.5448709], [-74.0950666, 4.5457481], [-74.0950047, 4.5458591], [-74.094952, 4.5464224], [-74.0948042, 4.5465789], [-74.0946154, 4.5467736], [-74.0945156, 4.5468968], [-74.0943278, 4.5471665], [-74.0942751, 4.5472442], [-74.0940254, 4.547592], [-74.0938362, 4.5479733], [-74.093417, 4.548225], [-74.0930585, 4.5485748], [-74.0925727, 4.5490364], [-74.0925638, 4.5494151], [-74.0916146, 4.5491032], [-74.0914775, 4.5495324], [-74.0913327, 4.5499856], [-74.0911979, 4.5504076], [-74.091055, 4.5508454], [-74.0909119, 4.5512842], [-74.0907481, 4.5518083], [-74.0906931, 4.5523769], [-74.0906664, 4.553313], [-74.0918653, 4.5541466], [-74.0923472, 4.5545201], [-74.0932012, 4.5554292], [-74.0934341, 4.5555403], [-74.093914, 4.5556288], [-74.0940756, 4.5556506], [-74.0948739, 4.5557525], [-74.095665, 4.5563016]]}}, {"type": "Feature", "properties": {"ruta": "13-12"}, "geometry": {"type": "LineString", "coordinates": [[-74.0900584, 4.5510137], [-74.0899093, 4.5509672], [-74.0898801, 4.5508654], [-74.0900346, 4.5499515], [-74.0899496, 4.549693], [-74.0897285, 4.5494635], [-74.0894822, 4.5495533], [-74.0892935, 4.549351], [-74.0890879, 4.5491503], [-74.0889167, 4.5489126], [-74.0888036, 4.5486704], [-74.0879723, 4.5489597], [-74.0880396, 4.5492049], [-74.0880671, 4.549503], [-74.0880355, 4.5497723], [-74.0880148, 4.5498758], [-74.0878538, 4.5504071], [-74.0876645, 4.5504072], [-74.087709, 4.550273], [-74.0876645, 4.5504072], [-74.0874796, 4.5509637], [-74.0873118, 4.5509334], [-74.0871647, 4.5509067], [-74.0869677, 4.5508711], [-74.0866797, 4.5508189], [-74.0866538, 4.5508143], [-74.0863436, 4.5507581], [-74.0863521, 4.5506574], [-74.0864, 4.5501176], [-74.0863251, 4.5494043], [-74.0851082, 4.5489934], [-74.0842079, 4.5485334], [-74.083954, 4.5481649], [-74.0837689, 4.5478486], [-74.0835432, 4.5472362], [-74.0834386, 4.5468234], [-74.0834712, 4.5466341], [-74.083563, 4.546362], [-74.0835976, 4.5461611], [-74.0836042, 4.5459332], [-74.0835829, 4.5455218], [-74.0835401, 4.5453223], [-74.0835002, 4.5450836], [-74.0835123, 4.5448027], [-74.0835144, 4.5447793], [-74.0834644, 4.543806], [-74.0833116, 4.543298], [-74.083744, 4.5427524], [-74.0837655, 4.541789], [-74.0836712, 4.5413478], [-74.0833562, 4.5408661], [-74.0833902, 4.5406758], [-74.0836973, 4.5402764], [-74.0834853, 4.5395483], [-74.0835411, 4.5392524], [-74.0837648, 4.538805], [-74.0838636, 4.5385776], [-74.0838731, 4.5384455], [-74.0837759, 4.5381324], [-74.0837032, 4.5379269], [-74.0837016, 4.5361341], [-74.0838835, 4.5347186], [-74.084012, 4.534604], [-74.085092, 4.534037], [-74.0852799, 4.5335646], [-74.0858167, 4.5339966], [-74.0867467, 4.5326181], [-74.0871871, 4.5326809], [-74.0876525, 4.5327474], [-74.0880879, 4.5328125], [-74.08829, 4.5325121], [-74.0889776, 4.532225], [-74.0892866, 4.5319615], [-74.089584, 4.5317036], [-74.0898715, 4.5314152], [-74.0897558, 4.530991], [-74.0899506, 4.5305301], [-74.0897558, 4.530991], [-74.0898715, 4.5314152], [-74.089584, 4.5317036], [-74.0892866, 4.5319615], [-74.0889776, 4.532225], [-74.08829, 4.5325121], [-74.0876525, 4.5327474], [-74.0871871, 4.5326809], [-74.0867467, 4.5326181], [-74.0858167, 4.5339966], [-74.0852799, 4.5335646], [-74.085092, 4.534037], [-74.084012, 4.534604], [-74.0838835, 4.5347186], [-74.0837016, 4.5361341], [-74.0837032, 4.5379269], [-74.0837759, 4.5381324], [-74.0838731, 4.5384455], [-74.0838636, 4.5385776], [-74.0837648, 4.538805], [-74.0835411, 4.5392524], [-74.0834853, 4.5395483], [-74.0836973, 4.5402764], [-74.0833902, 4.5406758], [-74.0833562, 4.5408661], [-74.0836712, 4.5413478], [-74.0836161, 4.5413578], [-74.0836712, 4.5413478], [-74.0837655, 4.541789], [-74.083744, 4.5427524], [-74.0833116, 4.543298], [-74.0834644, 4.543806], [-74.0835144, 4.5447793], [-74.0835123, 4.5448027], [-74.0835002, 4.5450836], [-74.0835401, 4.5453223], [-74.0835829, 4.5455218], [-74.0836042, 4.5459332], [-74.0835976, 4.5461611], [-74.083563, 4.546362], [-74.0834712, 4.5466341], [-74.0834386, 4.5468234], [-74.0835432, 4.5472362], [-74.0837689, 4.5478486], [-74.083954, 4.5481649], [-74.0842079, 4.5485334], [-74.0851082, 4.5489934], [-74.0863251, 4.5494043], [-74.0864, 4.5501176], [-74.0863521, 4.5506574], [-74.0863436, 4.5507581], [-74.0866538, 4.5508143], [-74.0866797, 4.5508189], [-74.0869677, 4.5508711], [-74.0871647, 4.5509067], [-74.0873118, 4.5509334], [-74.0874796, 4.5509637], [-74.0876645, 4.5504072], [-74.0878538, 4.5504071], [-74.0880148, 4.5498758], [-74.0880355, 4.5497723], [-74.0880671, 4.549503], [-74.0880396, 4.5492049], [-74.0879723, 4.5489597], [-74.0888036, 4.5486704], [-74.0887175, 4.54841], [-74.0886849, 4.5482972], [-74.0889049, 4.5482222], [-74.0891668, 4.5488809], [-74.0897285, 4.5494635], [-74.0899496, 4.549693], [-74.0900346, 4.5499515], [-74.0898801, 4.5508654], [-74.0899093, 4.5509672], [-74.0899363, 4.551041], [-74.0902087, 4.5516468]]}}, {"type": "Feature", "properties": {"ruta": "13-13"}, "geometry": {"type": "LineString", "coordinates": [[-74.1027324, 4.566538], [-74.1026868, 4.5661952], [-74.1025173, 4.566113], [-74.1018273, 4.5665169], [-74.1022417, 4.5671371], [-74.1023424, 4.5673084], [-74.1031836, 4.5664357], [-74.1036743, 4.5666688], [-74.1045356, 4.5669137], [-74.105576, 4.566914], [-74.1061, 4.5666077], [-74.1054069, 4.5658865], [-74.1055605, 4.5654123], [-74.1077809, 4.5653146], [-74.1078739, 4.5652864], [-74.1079625, 4.5649475], [-74.1082462, 4.5647708], [-74.1096758, 4.566664], [-74.1103726, 4.5679592], [-74.1107955, 4.5679447], [-74.1111639, 4.5679951], [-74.1113588, 4.5684003], [-74.1115614, 4.5689725], [-74.111597, 4.5696169], [-74.1115931, 4.569733], [-74.1119544, 4.5698507], [-74.1123279, 4.5699724], [-74.1124463, 4.570011], [-74.1132385, 4.570339], [-74.1136007, 4.570702], [-74.1135163, 4.5708677], [-74.1134983, 4.5712086], [-74.1134689, 4.5714641], [-74.1133938, 4.5721331], [-74.1134679, 4.5724178], [-74.1135708, 4.5731626], [-74.113292, 4.573674], [-74.1126149, 4.574179], [-74.1097379, 4.573396], [-74.1096986, 4.5733663], [-74.1091425, 4.5740753], [-74.1094103, 4.574285], [-74.1097839, 4.5738069], [-74.1094103, 4.574285], [-74.1091425, 4.5740753], [-74.109088, 4.5740327], [-74.1082519, 4.573378], [-74.1079751, 4.5737364], [-74.1078558, 4.573891], [-74.1072787, 4.5741036], [-74.106344, 4.5733815], [-74.1056806, 4.5728421], [-74.1051609, 4.5693343], [-74.1055777, 4.568818], [-74.105945, 4.5683925], [-74.1056936, 4.568129], [-74.105469, 4.5678933], [-74.1052361, 4.5676489], [-74.1052159, 4.5676277]]}}, {"type": "Feature", "properties": {"ruta": "13-2"}, "geometry": {"type": "LineString", "coordinates": [[-74.1140575, 4.560276], [-74.1147018, 4.5610826], [-74.1163363, 4.5599964], [-74.1164985, 4.5597364], [-74.1166137, 4.5595759], [-74.1168844, 4.5592671], [-74.1172342, 4.5588261], [-74.1174362, 4.5584445], [-74.1175152, 4.5580098], [-74.1175413, 4.5575722], [-74.1176389, 4.5572125], [-74.1178434, 4.5571016], [-74.1178031, 4.5566255], [-74.1177643, 4.5565211], [-74.1175759, 4.5560905], [-74.1166953, 4.5554169], [-74.1155554, 4.55495], [-74.1145648, 4.5549645], [-74.1145148, 4.5549723], [-74.1129213, 4.5551827], [-74.1125358, 4.555091], [-74.1124873, 4.5551915], [-74.1122729, 4.5556357], [-74.112119, 4.5559545], [-74.1119708, 4.5562615], [-74.1117845, 4.5566474], [-74.111407, 4.5574448], [-74.1114338, 4.5582932], [-74.1114357, 4.5583423], [-74.111426, 4.5588483], [-74.1111587, 4.5593558], [-74.1106274, 4.56058], [-74.1106351, 4.5613374], [-74.1106387, 4.561623], [-74.1106144, 4.5617598], [-74.1093753, 4.5628973], [-74.1082177, 4.5635387], [-74.1081221, 4.5637091], [-74.1080575, 4.5638491], [-74.1078308, 4.5652632], [-74.1078739, 4.5652864], [-74.1079625, 4.5649475], [-74.1080106, 4.5645303], [-74.1081074, 4.5638673], [-74.1080575, 4.5638491], [-74.1079685, 4.5637738], [-74.1074146, 4.5635554], [-74.1071074, 4.5636799], [-74.1068615, 4.5637453], [-74.1066526, 4.5638501], [-74.1065915, 4.5638392], [-74.1064596, 4.5638157], [-74.1050136, 4.564016], [-74.1047801, 4.5642588], [-74.104407, 4.5645561], [-74.1040816, 4.56478], [-74.1039542, 4.5652607], [-74.1036564, 4.5655765], [-74.1037641, 4.565685], [-74.1035141, 4.565983], [-74.1034719, 4.5660333], [-74.1032094, 4.5662034], [-74.1030134, 4.5663536], [-74.1022417, 4.5671371], [-74.1019832, 4.5674004], [-74.1014039, 4.5680406], [-74.1008161, 4.5686932], [-74.1006888, 4.5688318], [-74.1004204, 4.569144], [-74.0993314, 4.5704393], [-74.0978949, 4.5720151], [-74.0980608, 4.5722119], [-74.0981004, 4.5721687], [-74.0983864, 4.5718547], [-74.0985379, 4.5716875], [-74.0988924, 4.5712962], [-74.0997808, 4.5702079], [-74.1001762, 4.5704851], [-74.1005703, 4.5707614], [-74.1009791, 4.571048], [-74.1007326, 4.5713963], [-74.099876, 4.5725831], [-74.0997276, 4.5727313], [-74.0993671, 4.5731434], [-74.0986481, 4.5725936], [-74.0981004, 4.5721687], [-74.0978949, 4.5720151], [-74.0969722, 4.5730299], [-74.096596, 4.5728386], [-74.0962059, 4.5725035], [-74.0957285, 4.5729956], [-74.095251, 4.5734875], [-74.0956235, 4.5738371], [-74.095121, 4.5743658], [-74.0947528, 4.5747531], [-74.0950874, 4.5750648], [-74.0945564, 4.5756412], [-74.0944418, 4.5757586], [-74.0926141, 4.5782446], [-74.0920251, 4.5778674], [-74.0916096, 4.5776014], [-74.092173, 4.5767026], [-74.0918678, 4.5764575], [-74.0913257, 4.5760223], [-74.0924667, 4.5748543], [-74.093012, 4.5753946], [-74.0932664, 4.5751541], [-74.0934669, 4.5749644], [-74.0932664, 4.5751541], [-74.093012, 4.5753946], [-74.0924667, 4.5748543], [-74.0929768, 4.5743287], [-74.0944418, 4.5757586], [-74.0946147, 4.5759226], [-74.0951313, 4.5763495], [-74.0959987, 4.5769736], [-74.0964026, 4.5772484], [-74.0964859, 4.5773053], [-74.0969344, 4.5776107], [-74.0973838, 4.5779168], [-74.0980342, 4.5783592], [-74.098114, 4.5784133], [-74.0987476, 4.5788435], [-74.0996675, 4.5794704], [-74.0998555, 4.5795995], [-74.0999672, 4.5794802], [-74.1005544, 4.5787941], [-74.1010045, 4.5791493], [-74.1013574, 4.5794166], [-74.1016785, 4.5796888], [-74.1015265, 4.579875], [-74.1021973, 4.5804304], [-74.101883, 4.5807813], [-74.1021973, 4.5804304], [-74.1028341, 4.5809616], [-74.1024468, 4.5811688], [-74.1022953, 4.5812505], [-74.1024837, 4.5813946], [-74.1030354, 4.5819337], [-74.1035887, 4.5826213], [-74.1032694, 4.5829608], [-74.1028515, 4.5833686], [-74.10243, 4.5837679], [-74.1020158, 4.5841602], [-74.1013276, 4.5848031], [-74.1006301, 4.5854608], [-74.1011612, 4.5860248], [-74.1016413, 4.5865266], [-74.1021338, 4.5870461], [-74.1028196, 4.5863976], [-74.1035093, 4.5857454], [-74.1039385, 4.5853395], [-74.1041555, 4.5851343], [-74.1041369, 4.5845228], [-74.1041212, 4.5840546], [-74.1040946, 4.5832546], [-74.1042109, 4.5831432], [-74.1037315, 4.5825405], [-74.103189, 4.5818718], [-74.1028732, 4.581518], [-74.1026341, 4.5813148], [-74.1024468, 4.5811688], [-74.101883, 4.5807813], [-74.1011946, 4.5803067], [-74.0999672, 4.5794802], [-74.0997612, 4.5793391], [-74.0996675, 4.5794704], [-74.0998555, 4.5795995], [-74.1007703, 4.5802147], [-74.1003555, 4.580669], [-74.0998912, 4.5803483], [-74.0994535, 4.5800478], [-74.0992818, 4.5799285], [-74.0988017, 4.5795977], [-74.0983532, 4.5792852], [-74.0979246, 4.5789553], [-74.097752, 4.5788197], [-74.0976709, 4.578756], [-74.0975002, 4.5786219], [-74.0970668, 4.5782806], [-74.0973838, 4.5779168], [-74.0980342, 4.5783592], [-74.0976709, 4.578756], [-74.0975002, 4.5786219], [-74.0970668, 4.5782806], [-74.0966888, 4.5787106], [-74.0962871, 4.5783497], [-74.095872, 4.5780072], [-74.0957912, 4.5779527], [-74.0957736, 4.577973], [-74.0953874, 4.5784179], [-74.0950307, 4.5788288], [-74.0942969, 4.5781729], [-74.0939955, 4.5779019], [-74.0932535, 4.5787412], [-74.0927953, 4.5783659], [-74.0926141, 4.5782446], [-74.0920251, 4.5778674], [-74.09264, 4.5770775], [-74.092173, 4.5767026], [-74.0918678, 4.5764575], [-74.0913257, 4.5760223], [-74.0924667, 4.5748543], [-74.0929768, 4.5743287], [-74.0944418, 4.5757586], [-74.0946147, 4.5759226], [-74.0951313, 4.5763495], [-74.0959987, 4.5769736], [-74.0954088, 4.5776294], [-74.0950431, 4.5773028], [-74.0946463, 4.576948], [-74.0941658, 4.5765186], [-74.0946147, 4.5759226], [-74.0947154, 4.5757964], [-74.0957659, 4.5746343], [-74.0970949, 4.5732137], [-74.0980608, 4.5722119], [-74.0981004, 4.5721687], [-74.0983864, 4.5718547], [-74.0985379, 4.5716875], [-74.0988924, 4.5712962], [-74.0997808, 4.5702079], [-74.1008194, 4.5689975], [-74.1008467, 4.5688288], [-74.1008161, 4.5686932], [-74.1006888, 4.5688318], [-74.1004204, 4.569144], [-74.0996102, 4.5684619], [-74.100049, 4.5680895], [-74.1006888, 4.5688318], [-74.1008467, 4.5688288], [-74.100965, 4.5688263], [-74.1023424, 4.5673084], [-74.1031836, 4.5664357], [-74.1030134, 4.5663536], [-74.1026868, 4.5661952], [-74.1027324, 4.566538], [-74.1026868, 4.5661952], [-74.1025173, 4.566113], [-74.1019326, 4.5652471], [-74.1020806, 4.5650535], [-74.1024206, 4.5653998], [-74.1026605, 4.5651782], [-74.1029797, 4.564923], [-74.1031774, 4.565098], [-74.1033863, 4.5653052], [-74.1036564, 4.5655765], [-74.1037641, 4.565685], [-74.1055605, 4.5654123], [-74.1077809, 4.5653146], [-74.1078739, 4.5652864], [-74.1079625, 4.5649475], [-74.1080106, 4.5645303], [-74.1081074, 4.5638673], [-74.1081221, 4.5637091], [-74.1082177, 4.5635387], [-74.1093753, 4.5628973], [-74.1106144, 4.5617598], [-74.1106387, 4.561623], [-74.1106351, 4.5613374], [-74.1106274, 4.56058], [-74.1111587, 4.5593558], [-74.111426, 4.5588483], [-74.1114357, 4.5583423], [-74.1114338, 4.5582932], [-74.1118549, 4.5582795], [-74.1118435, 4.557449], [-74.1118987, 4.557333], [-74.1119938, 4.5571328], [-74.1121408, 4.5568238], [-74.1123962, 4.5562867], [-74.1124772, 4.5561165], [-74.112823, 4.5553895], [-74.1129213, 4.5551827], [-74.1145148, 4.5549723], [-74.1145648, 4.5549645], [-74.1155554, 4.55495], [-74.1166953, 4.5554169], [-74.1175759, 4.5560905], [-74.1177643, 4.5565211], [-74.1178031, 4.5566255], [-74.1178434, 4.5571016], [-74.1176389, 4.5572125], [-74.1175413, 4.5575722], [-74.1175152, 4.5580098], [-74.1174362, 4.5584445], [-74.1172342, 4.5588261], [-74.1168844, 4.5592671], [-74.1166137, 4.5595759], [-74.1164985, 4.5597364], [-74.1163363, 4.5599964], [-74.1147018, 4.5610826], [-74.1139598, 4.5617315]]}}, {"type": "Feature", "properties": {"ruta": "13-4"}, "geometry": {"type": "LineString", "coordinates": [[-74.1049526, 4.5421941], [-74.1052107, 4.542145], [-74.1058297, 4.5422013], [-74.1060345, 4.5423673], [-74.1061902, 4.5426064], [-74.1062765, 4.5427285], [-74.1063452, 4.5428206], [-74.1065224, 4.5430372], [-74.106721, 4.5432544], [-74.1069418, 4.5434023], [-74.1071001, 4.5436412], [-74.1073246, 4.5438158], [-74.1076047, 4.5439621], [-74.107979, 4.544199], [-74.1086778, 4.5445744], [-74.1089245, 4.5446676], [-74.1091902, 4.5447359], [-74.1094507, 4.5448021], [-74.1096802, 4.5449582], [-74.1099208, 4.5451285], [-74.1101369, 4.5452473], [-74.1114524, 4.546119], [-74.1115413, 4.5463075], [-74.1119594, 4.5471063], [-74.1123398, 4.5476043], [-74.112038, 4.5478252], [-74.1117319, 4.5480539], [-74.1114344, 4.5482905], [-74.1112066, 4.5484592], [-74.1109475, 4.548241], [-74.1107543, 4.5480783], [-74.1105431, 4.5479005], [-74.1102793, 4.5477021], [-74.1101991, 4.5476417], [-74.1099899, 4.5479313], [-74.1098288, 4.5481543], [-74.1096588, 4.5483896], [-74.109483, 4.548633], [-74.10933, 4.5488448], [-74.1091694, 4.5490671], [-74.1090186, 4.5492758], [-74.1088062, 4.5495699], [-74.1087704, 4.5496327], [-74.1086741, 4.5499149], [-74.1085882, 4.5501666], [-74.1084088, 4.5507142], [-74.1083741, 4.5508223], [-74.1082376, 4.5512479], [-74.1082059, 4.5513466], [-74.1081441, 4.5515391], [-74.1080573, 4.5518098], [-74.1085646, 4.5528644], [-74.1083594, 4.5539214], [-74.1083168, 4.5541456], [-74.108251, 4.5544616], [-74.1082172, 4.5546238], [-74.1081782, 4.5548109], [-74.1077629, 4.5567967], [-74.1078557, 4.5567894], [-74.107909, 4.5568565], [-74.108202, 4.5568665], [-74.1084679, 4.5568403], [-74.1087316, 4.5568143], [-74.109012, 4.5567867], [-74.1092958, 4.5567588], [-74.1095607, 4.5567327], [-74.1104113, 4.5569706], [-74.1107483, 4.5571311], [-74.1108163, 4.5583672], [-74.1111027, 4.5583561], [-74.1111587, 4.5593558], [-74.1106274, 4.56058], [-74.1106351, 4.5613374], [-74.1106387, 4.561623], [-74.1106144, 4.5617598], [-74.1093753, 4.5628973], [-74.1082177, 4.5635387], [-74.1081221, 4.5637091], [-74.1080575, 4.5638491], [-74.1078308, 4.5652632], [-74.1078739, 4.5652864], [-74.1079625, 4.5649475], [-74.1080106, 4.5645303], [-74.1081074, 4.5638673], [-74.1080575, 4.5638491], [-74.1079685, 4.5637738], [-74.1074146, 4.5635554], [-74.1071074, 4.5636799], [-74.1068615, 4.5637453], [-74.1066526, 4.5638501], [-74.1065915, 4.5638392], [-74.1064596, 4.5638157], [-74.1050136, 4.564016], [-74.1047801, 4.5642588], [-74.104407, 4.5645561], [-74.1040816, 4.56478], [-74.1039542, 4.5652607], [-74.1036564, 4.5655765], [-74.1037641, 4.565685], [-74.1035141, 4.565983], [-74.1034719, 4.5660333], [-74.1032094, 4.5662034], [-74.1030134, 4.5663536], [-74.1022417, 4.5671371], [-74.1019832, 4.5674004], [-74.1014039, 4.5680406], [-74.1008161, 4.5686932], [-74.1006888, 4.5688318], [-74.1004204, 4.569144], [-74.0993314, 4.5704393], [-74.0978949, 4.5720151], [-74.0980608, 4.5722119], [-74.0981004, 4.5721687], [-74.0983864, 4.5718547], [-74.0985379, 4.5716875], [-74.0988924, 4.5712962], [-74.0997808, 4.5702079], [-74.1001762, 4.5704851], [-74.1005703, 4.5707614], [-74.1009791, 4.571048], [-74.1007326, 4.5713963], [-74.099876, 4.5725831], [-74.0997276, 4.5727313], [-74.0993671, 4.5731434], [-74.0986481, 4.5725936], [-74.0981004, 4.5721687], [-74.0978949, 4.5720151], [-74.0969722, 4.5730299], [-74.096596, 4.5728386], [-74.0962059, 4.5725035], [-74.0957285, 4.5729956], [-74.095251, 4.5734875], [-74.0956235, 4.5738371], [-74.095121, 4.5743658], [-74.0947528, 4.5747531], [-74.0950874, 4.5750648], [-74.0945564, 4.5756412], [-74.0944418, 4.5757586], [-74.0946147, 4.5759226], [-74.0951313, 4.5763495], [-74.0946463, 4.576948], [-74.0941658, 4.5765186], [-74.0946147, 4.5759226], [-74.0947154, 4.5757964], [-74.0945564, 4.5756412], [-74.0930966, 4.5742054], [-74.0915729, 4.5725287], [-74.0914819, 4.5726649], [-74.0911688, 4.5731378], [-74.0911199, 4.5732035], [-74.0910054, 4.5733572], [-74.0915737, 4.573948], [-74.092161, 4.5745513], [-74.0924667, 4.5748543], [-74.0929768, 4.5743287], [-74.0944418, 4.5757586], [-74.0946147, 4.5759226], [-74.0951313, 4.5763495], [-74.0959987, 4.5769736], [-74.0954088, 4.5776294], [-74.0950431, 4.5773028], [-74.0946463, 4.576948], [-74.0941658, 4.5765186], [-74.0946147, 4.5759226], [-74.0947154, 4.5757964], [-74.0957659, 4.5746343], [-74.0970949, 4.5732137], [-74.0980608, 4.5722119], [-74.0981004, 4.5721687], [-74.0983864, 4.5718547], [-74.0985379, 4.5716875], [-74.0988924, 4.5712962], [-74.0997808, 4.5702079], [-74.1008194, 4.5689975], [-74.1008467, 4.5688288], [-74.1008161, 4.5686932], [-74.1006888, 4.5688318], [-74.1004204, 4.569144], [-74.0996102, 4.5684619], [-74.100049, 4.5680895], [-74.1006888, 4.5688318], [-74.1008467, 4.5688288], [-74.100965, 4.5688263], [-74.1023424, 4.5673084], [-74.1031836, 4.5664357], [-74.1030134, 4.5663536], [-74.1026868, 4.5661952], [-74.1027324, 4.566538], [-74.1026868, 4.5661952], [-74.1025173, 4.566113], [-74.1019326, 4.5652471], [-74.1020806, 4.5650535], [-74.1024206, 4.5653998], [-74.1026605, 4.5651782], [-74.1029797, 4.564923], [-74.1031774, 4.565098], [-74.1033863, 4.5653052], [-74.1036564, 4.5655765], [-74.1037641, 4.565685], [-74.1055605, 4.5654123], [-74.1077809, 4.5653146], [-74.1078739, 4.5652864], [-74.1079625, 4.5649475], [-74.1080106, 4.5645303], [-74.1081074, 4.5638673], [-74.1081221, 4.5637091], [-74.1082177, 4.5635387], [-74.1093753, 4.5628973], [-74.1106144, 4.5617598], [-74.1106387, 4.561623], [-74.1106351, 4.5613374], [-74.1106274, 4.56058], [-74.1111587, 4.5593558], [-74.111426, 4.5588483], [-74.1114357, 4.5583423], [-74.1114338, 4.5582932], [-74.1118549, 4.5582795], [-74.1118435, 4.557449], [-74.1118987, 4.557333], [-74.1119938, 4.5571328], [-74.1121408, 4.5568238], [-74.1123962, 4.5562867], [-74.1124772, 4.5561165], [-74.112119, 4.5559545], [-74.1119708, 4.5562615], [-74.1115149, 4.5560409], [-74.1104933, 4.5555466], [-74.1099855, 4.5553008], [-74.1094423, 4.555038], [-74.1094181, 4.5550263], [-74.1089593, 4.5548043], [-74.1088695, 4.5547608], [-74.1083369, 4.5545031], [-74.108251, 4.5544616], [-74.1083168, 4.5541456], [-74.1083594, 4.5539214], [-74.1085646, 4.5528644], [-74.1080573, 4.5518098], [-74.1081441, 4.5515391], [-74.1082059, 4.5513466], [-74.1082376, 4.5512479], [-74.1083741, 4.5508223], [-74.1084088, 4.5507142], [-74.1085882, 4.5501666], [-74.1086741, 4.5499149], [-74.1087704, 4.5496327], [-74.1088062, 4.5495699], [-74.1090186, 4.5492758], [-74.1091694, 4.5490671], [-74.10933, 4.5488448], [-74.109483, 4.548633], [-74.1084192, 4.5478511], [-74.1085818, 4.5476179], [-74.1083616, 4.5474601], [-74.1081171, 4.5472849], [-74.1078759, 4.5471125], [-74.1076558, 4.5469551], [-74.1067781, 4.5463276], [-74.1065703, 4.546179], [-74.1063193, 4.5459996], [-74.1062041, 4.5459142], [-74.1054258, 4.5453493], [-74.1052915, 4.5450709], [-74.1052791, 4.5447614], [-74.1051169, 4.5445712], [-74.1048932, 4.5443481], [-74.1047697, 4.5441122], [-74.1045003, 4.5436419]]}}, {"type": "Feature", "properties": {"ruta": "13-5"}, "geometry": {"type": "LineString", "coordinates": [[-74.1158524, 4.5434098], [-74.1157088, 4.5433928], [-74.1155636, 4.5433647], [-74.1152984, 4.5433134], [-74.1150533, 4.543266], [-74.1147832, 4.5432173], [-74.1145655, 4.5431794], [-74.1145161, 4.5431708], [-74.1143631, 4.5431207], [-74.1143048, 4.5430887], [-74.1137894, 4.5428776], [-74.1135094, 4.5428464], [-74.1132111, 4.5428248], [-74.1128369, 4.5427712], [-74.1127746, 4.5427503], [-74.1125869, 4.5426734], [-74.1123574, 4.5425506], [-74.1120468, 4.5423492], [-74.1121586, 4.5421332], [-74.1122565, 4.541961], [-74.11181, 4.5419625], [-74.11126, 4.541603], [-74.1112324, 4.5415998], [-74.1110764, 4.5417049], [-74.1106959, 4.5419753], [-74.1103144, 4.5414247], [-74.1092212, 4.5416621], [-74.1090447, 4.5423264], [-74.1091583, 4.5425314], [-74.1098363, 4.5425541], [-74.1098193, 4.5426284], [-74.1094893, 4.543493], [-74.1099948, 4.5438687], [-74.1100019, 4.5445139], [-74.1098072, 4.5447426], [-74.1096802, 4.5449582], [-74.1099208, 4.5451285], [-74.1101369, 4.5452473], [-74.1093838, 4.5464937], [-74.1096376, 4.5465134], [-74.1099495, 4.5465332], [-74.110327, 4.5464758], [-74.1106255, 4.5464712], [-74.1108611, 4.546558], [-74.110968, 4.5469236], [-74.1109883, 4.5469689], [-74.1118221, 4.5472087], [-74.1119594, 4.5471063], [-74.1123398, 4.5476043], [-74.112038, 4.5478252], [-74.1117319, 4.5480539], [-74.1114344, 4.5482905], [-74.1112066, 4.5484592], [-74.1109475, 4.548241], [-74.1107543, 4.5480783], [-74.1105431, 4.5479005], [-74.1102793, 4.5477021], [-74.1101991, 4.5476417], [-74.1099899, 4.5479313], [-74.1098288, 4.5481543], [-74.1096588, 4.5483896], [-74.109483, 4.548633], [-74.10933, 4.5488448], [-74.1091694, 4.5490671], [-74.1090186, 4.5492758], [-74.1088062, 4.5495699], [-74.1087704, 4.5496327], [-74.1086741, 4.5499149], [-74.1085882, 4.5501666], [-74.1084088, 4.5507142], [-74.1083741, 4.5508223], [-74.1082376, 4.5512479], [-74.1082059, 4.5513466], [-74.1081441, 4.5515391], [-74.1080573, 4.5518098], [-74.1085646, 4.5528644], [-74.1091441, 4.5530599], [-74.1096222, 4.5532139], [-74.1101375, 4.5535228], [-74.1108845, 4.5542051], [-74.111083, 4.5543287], [-74.1120579, 4.554852], [-74.1118048, 4.5554062], [-74.1122729, 4.5556357], [-74.112119, 4.5559545], [-74.1119708, 4.5562615], [-74.1117845, 4.5566474], [-74.111407, 4.5574448], [-74.1114338, 4.5582932], [-74.1114357, 4.5583423], [-74.111426, 4.5588483], [-74.1111587, 4.5593558], [-74.1106274, 4.56058], [-74.1106351, 4.5613374], [-74.1106387, 4.561623], [-74.1106144, 4.5617598], [-74.1093753, 4.5628973], [-74.1082177, 4.5635387], [-74.1081221, 4.5637091], [-74.1080575, 4.5638491], [-74.1078308, 4.5652632], [-74.1078739, 4.5652864], [-74.1079625, 4.5649475], [-74.1080106, 4.5645303], [-74.1081074, 4.5638673], [-74.1080575, 4.5638491], [-74.1079685, 4.5637738], [-74.1074146, 4.5635554], [-74.1071074, 4.5636799], [-74.1068615, 4.5637453], [-74.1066526, 4.5638501], [-74.1065915, 4.5638392], [-74.1064596, 4.5638157], [-74.1050136, 4.564016], [-74.1047801, 4.5642588], [-74.104407, 4.5645561], [-74.1040816, 4.56478], [-74.1039542, 4.5652607], [-74.1036564, 4.5655765], [-74.1037641, 4.565685], [-74.1035141, 4.565983], [-74.1034719, 4.5660333], [-74.1032094, 4.5662034], [-74.1030134, 4.5663536], [-74.1022417, 4.5671371], [-74.1019832, 4.5674004], [-74.1014039, 4.5680406], [-74.1008161, 4.5686932], [-74.1006888, 4.5688318], [-74.1004204, 4.569144], [-74.0993314, 4.5704393], [-74.0978949, 4.5720151], [-74.0980608, 4.5722119], [-74.0981004, 4.5721687], [-74.0983864, 4.5718547], [-74.0985379, 4.5716875], [-74.0988924, 4.5712962], [-74.0997808, 4.5702079], [-74.1001762, 4.5704851], [-74.1005703, 4.5707614], [-74.1009791, 4.571048], [-74.1007326, 4.5713963], [-74.099876, 4.5725831], [-74.0997276, 4.5727313], [-74.0993671, 4.5731434], [-74.0986481, 4.5725936], [-74.0981004, 4.5721687], [-74.0978949, 4.5720151], [-74.0969722, 4.5730299], [-74.096596, 4.5728386], [-74.0962059, 4.5725035], [-74.0957285, 4.5729956], [-74.095251, 4.5734875], [-74.0956235, 4.5738371], [-74.095121, 4.5743658], [-74.0947528, 4.5747531], [-74.0950874, 4.5750648], [-74.0945564, 4.5756412], [-74.0944418, 4.5757586], [-74.0926141, 4.5782446], [-74.0920251, 4.5778674], [-74.09264, 4.5770775], [-74.092173, 4.5767026], [-74.0918678, 4.5764575], [-74.0913257, 4.5760223], [-74.0924667, 4.5748543], [-74.0929768, 4.5743287], [-74.0944418, 4.5757586], [-74.0946147, 4.5759226], [-74.0951313, 4.5763495], [-74.0959987, 4.5769736], [-74.0954088, 4.5776294], [-74.0950431, 4.5773028], [-74.0946463, 4.576948], [-74.0941658, 4.5765186], [-74.0946147, 4.5759226], [-74.0947154, 4.5757964], [-74.0957659, 4.5746343], [-74.0970949, 4.5732137], [-74.0980608, 4.5722119], [-74.0981004, 4.5721687], [-74.0983864, 4.5718547], [-74.0985379, 4.5716875], [-74.0988924, 4.5712962], [-74.0997808, 4.5702079], [-74.1008194, 4.5689975], [-74.1008467, 4.5688288], [-74.1008161, 4.5686932], [-74.1006888, 4.5688318], [-74.1004204, 4.569144], [-74.0996102, 4.5684619], [-74.100049, 4.5680895], [-74.1006888, 4.5688318], [-74.1008467, 4.5688288], [-74.100965, 4.5688263], [-74.1023424, 4.5673084], [-74.1031836, 4.5664357], [-74.1030134, 4.5663536], [-74.1026868, 4.5661952], [-74.1027324, 4.566538], [-74.1026868, 4.5661952], [-74.1025173, 4.566113], [-74.1019326, 4.5652471], [-74.1020806, 4.5650535], [-74.1024206, 4.5653998], [-74.1026605, 4.5651782], [-74.1029797, 4.564923], [-74.1031774, 4.565098], [-74.1033863, 4.5653052], [-74.1036564, 4.5655765], [-74.1037641, 4.565685], [-74.1055605, 4.5654123], [-74.1077809, 4.5653146], [-74.1078739, 4.5652864], [-74.1079625, 4.5649475], [-74.1080106, 4.5645303], [-74.1081074, 4.5638673], [-74.1081221, 4.5637091], [-74.1082177, 4.5635387], [-74.1093753, 4.5628973], [-74.1106144, 4.5617598], [-74.1106387, 4.561623], [-74.1106351, 4.5613374], [-74.1106274, 4.56058], [-74.1111587, 4.5593558], [-74.111426, 4.5588483], [-74.1114357, 4.5583423], [-74.1114338, 4.5582932], [-74.1118549, 4.5582795], [-74.1118435, 4.557449], [-74.1118987, 4.557333], [-74.1119938, 4.5571328], [-74.1121408, 4.5568238], [-74.1123962, 4.5562867], [-74.1124772, 4.5561165], [-74.112823, 4.5553895], [-74.1129213, 4.5551827], [-74.1125358, 4.555091], [-74.1120579, 4.554852], [-74.111083, 4.5543287], [-74.1108845, 4.5542051], [-74.1101375, 4.5535228], [-74.1096222, 4.5532139], [-74.1091441, 4.5530599], [-74.1085646, 4.5528644], [-74.1080573, 4.5518098], [-74.1081441, 4.5515391], [-74.1082059, 4.5513466], [-74.1082376, 4.5512479], [-74.1083741, 4.5508223], [-74.1084088, 4.5507142], [-74.1085882, 4.5501666], [-74.1086741, 4.5499149], [-74.1087704, 4.5496327], [-74.1088062, 4.5495699], [-74.1090186, 4.5492758], [-74.1091694, 4.5490671], [-74.10933, 4.5488448], [-74.109483, 4.548633], [-74.1084192, 4.5478511], [-74.1085818, 4.5476179], [-74.1083616, 4.5474601], [-74.1081171, 4.5472849], [-74.1086192, 4.5465738], [-74.1088757, 4.5461936], [-74.1096802, 4.5449582], [-74.1098072, 4.5447426], [-74.1093356, 4.544042], [-74.1092128, 4.5438588], [-74.1094893, 4.543493], [-74.1098193, 4.5426284], [-74.1098363, 4.5425541], [-74.1093249, 4.5428222], [-74.1091583, 4.5425314], [-74.1090447, 4.5423264], [-74.1092212, 4.5416621], [-74.1103144, 4.5414247], [-74.1106959, 4.5419753], [-74.1107515, 4.5421673], [-74.1121586, 4.5421332], [-74.1120468, 4.5423492], [-74.1123574, 4.5425506], [-74.1125869, 4.5426734], [-74.1127746, 4.5427503], [-74.1128369, 4.5427712], [-74.1132111, 4.5428248], [-74.1135094, 4.5428464], [-74.1137894, 4.5428776], [-74.1143048, 4.5430887], [-74.1143631, 4.5431207], [-74.1145161, 4.5431708], [-74.1145655, 4.5431794], [-74.1147832, 4.5432173], [-74.1150533, 4.543266], [-74.1152984, 4.5433134], [-74.1155636, 4.5433647], [-74.1157088, 4.5433928]]}}, {"type": "Feature", "properties": {"ruta": "13-6"}, "geometry": {"type": "LineString", "coordinates": [[-74.086302, 4.54812], [-74.0865271, 4.5476323], [-74.086633, 4.5474029], [-74.0866991, 4.5472625], [-74.0869159, 4.5468016], [-74.0871474, 4.5463095], [-74.086565, 4.5461506], [-74.08667, 4.54555], [-74.0867344, 4.5451769], [-74.0868516, 4.544386], [-74.0871149, 4.5428683], [-74.0872292, 4.5422687], [-74.0874235, 4.5407769], [-74.0874449, 4.5407307], [-74.0886036, 4.540172], [-74.0890467, 4.5398659], [-74.0898777, 4.5402524], [-74.0899535, 4.5402877], [-74.0908487, 4.5405028], [-74.0911129, 4.5403221], [-74.0913301, 4.5400761], [-74.0915809, 4.5397219], [-74.0912252, 4.53855], [-74.0912328, 4.5380124], [-74.0914309, 4.5367232], [-74.0911068, 4.5362992], [-74.0906921, 4.5346001], [-74.0906828, 4.5330836], [-74.0906856, 4.5319089], [-74.0906875, 4.5311183], [-74.0906084, 4.5299439], [-74.0909354, 4.5297296], [-74.0914465, 4.5296095], [-74.0911897, 4.5292684], [-74.0917783, 4.5287646], [-74.092384, 4.528238], [-74.0921395, 4.5279478], [-74.0927705, 4.5274545], [-74.0930803, 4.5271882], [-74.0925039, 4.5266365], [-74.0921087, 4.5262828], [-74.0918901, 4.5260984], [-74.0907959, 4.5253399], [-74.0905322, 4.5250623], [-74.0899811, 4.5245031], [-74.0896295, 4.5241844], [-74.0892421, 4.5239211], [-74.0896377, 4.5234416], [-74.0912138, 4.5247857], [-74.0918397, 4.5253802], [-74.0921087, 4.5262828], [-74.0918901, 4.5260984], [-74.0911491, 4.5267453], [-74.0916431, 4.5273424], [-74.0925039, 4.5266365], [-74.0930803, 4.5271882], [-74.0927705, 4.5274545], [-74.0921395, 4.5279478], [-74.092384, 4.528238], [-74.0917783, 4.5287646], [-74.0911897, 4.5292684], [-74.0914465, 4.5296095], [-74.0909354, 4.5297296], [-74.0906084, 4.5299439], [-74.0906875, 4.5311183], [-74.0906856, 4.5319089], [-74.0906828, 4.5330836], [-74.0906921, 4.5346001], [-74.0911068, 4.5362992], [-74.0914309, 4.5367232], [-74.0912328, 4.5380124], [-74.0912252, 4.53855], [-74.0915809, 4.5397219], [-74.0913301, 4.5400761], [-74.0911129, 4.5403221], [-74.0908487, 4.5405028], [-74.0899535, 4.5402877], [-74.0898777, 4.5402524], [-74.0890467, 4.5398659], [-74.0886036, 4.540172], [-74.0874449, 4.5407307], [-74.0874235, 4.5407769], [-74.0869683, 4.5404659], [-74.0880352, 4.5398902], [-74.0869683, 4.5404659], [-74.0874235, 4.5407769], [-74.0872292, 4.5422687], [-74.0871149, 4.5428683], [-74.0868516, 4.544386], [-74.0867344, 4.5451769], [-74.08667, 4.54555], [-74.086565, 4.5461506], [-74.0871474, 4.5463095], [-74.0869159, 4.5468016], [-74.0866991, 4.5472625], [-74.086633, 4.5474029], [-74.0865271, 4.5476323], [-74.086302, 4.54812]]}}, {"type": "Feature", "properties": {"ruta": "13-7"}, "geometry": {"type": "LineString", "coordinates": [[-74.1009872, 4.5610647], [-74.1001693, 4.5602105], [-74.0988883, 4.5590804], [-74.0987513, 4.558845], [-74.0985558, 4.5583091], [-74.0984318, 4.5580509], [-74.0982053, 4.5575607], [-74.0981329, 4.5574166], [-74.0979868, 4.5562966], [-74.0976927, 4.5557397], [-74.097512, 4.5554304], [-74.0979324, 4.5530346], [-74.0977144, 4.5525917], [-74.0978973, 4.5522779], [-74.0977985, 4.5521888], [-74.0979782, 4.5520014], [-74.09835, 4.5516136], [-74.0987009, 4.5512476], [-74.0994489, 4.5504896], [-74.0994777, 4.5504603], [-74.0999227, 4.5499671], [-74.1002151, 4.5496241], [-74.100521, 4.5492195], [-74.100849, 4.5489015], [-74.1011623, 4.5485955], [-74.1014197, 4.5482937], [-74.1008673, 4.5475537], [-74.100538, 4.5471124], [-74.1008426, 4.5469071], [-74.1016392, 4.548044], [-74.1014197, 4.5482937], [-74.1011623, 4.5485955], [-74.100849, 4.5489015], [-74.100521, 4.5492195], [-74.1002151, 4.5496241], [-74.0999227, 4.5499671], [-74.0994777, 4.5504603], [-74.0994489, 4.5504896], [-74.0987009, 4.5512476], [-74.09835, 4.5516136], [-74.0979782, 4.5520014], [-74.0977985, 4.5521888], [-74.0978973, 4.5522779], [-74.0977144, 4.5525917], [-74.0979324, 4.5530346], [-74.097512, 4.5554304], [-74.0976927, 4.5557397], [-74.0979868, 4.5562966], [-74.0981329, 4.5574166], [-74.0982053, 4.5575607], [-74.0983655, 4.5574779], [-74.0981717, 4.5571261], [-74.0983655, 4.5574779], [-74.0985718, 4.5578524], [-74.0985558, 4.5583091], [-74.0987513, 4.558845], [-74.0988326, 4.5605207]]}}]}