{"type":"FeatureCollection","features":[{"type":"Feature","id":1,"geometry":{"type":"Point","coordinates":[-74.179941604,4.60969348884867]},"properties":{"FID":1,"OBJECTID":1,"COD_ID_INT":929,"DIRECCION":"AV AGOBERTO MEJIA CIFUENTES (KR 80) X AV BOSA (CL 58 K S)","LOCALIDAD":"BOSA","TIPO_INTER":"VEHICULAR, PEATONAL","INFRA_CICL":"CICLORUTA","OPERACION":"NORMAL"}},{"type":"Feature","id":2,"geometry":{"type":"Point","coordinates":[-74.07624968,4.62421794984822]},"properties":{"FID":2,"OBJECTID":2,"COD_ID_INT":500,"DIRECCION":"AK 28 X AV TEUSAQUILLO (AC 34)","LOCALIDAD":"TEUSAQUILLO","TIPO_INTER":"VEHICULAR, PEATONAL","INFRA_CICL":"SIN","OPERACION":"NORMAL"}},{"type":"Feature","id":3,"geometry":{"type":"Point","coordinates":[-74.1905925999999,4.60307180984891]},"properties":{"FID":3,"OBJECTID":3,"COD_ID_INT":941,"DIRECCION":"TV 78L X DG 69B SUR","LOCALIDAD":"BOSA","TIPO_INTER":"VEHICULAR, PEATONAL","INFRA_CICL":"SIN","OPERACION":"NORMAL"}},{"type":"Feature","id":4,"geometry":{"type":"Point","coordinates":[-74.0829442099999,4.74975609984412]},"properties":{"FID":4,"OBJECTID":4,"COD_ID_INT":554,"DIRECCION":"KR 92 X AV DE LAS MERCEDES (AC 153)","LOCALIDAD":"SUBA","TIPO_INTER":"VEHICULAR, PEATONAL","INFRA_CICL":"SIN","OPERACION":"NORMAL"}},{"type":"Feature","id":5,"geometry":{"type":"Point","coordinates":[-74.10897449,4.58938767984936]},"properties":{"FID":5,"OBJECTID":5,"COD_ID_INT":1028,"DIRECCION":"AV GENERAL SANTANDER (KR 27) X AV PRIMERO DE MAYO (CL 22 SUR)","LOCALIDAD":"RAFAEL URIBE","TIPO_INTER":"VEHICULAR","INFRA_CICL":"SIN","OPERACION":"NORMAL"}},{"type":"Feature","id":6,"geometry":{"type":"Point","coordinates":[-74.04615281,4.6975692698458]},"properties":{"FID":6,"OBJECTID":6,"COD_ID_INT":66,"DIRECCION":"KR 17 X AV PEPE SIERRA (AC 116)","LOCALIDAD":"USAQUEN","TIPO_INTER":"VEHICULAR, PEATONAL, BICIUSUARIOS","INFRA_CICL":"CICLORUTA","OPERACION":"NORMAL"}},{"type":"Feature","id":7,"geometry":{"type":"Point","coordinates":[-74.10390625,4.66844280984675]},"properties":{"FID":7,"OBJECTID":7,"COD_ID_INT":696,"DIRECCION":"AV DE LA CONSTITUCION (AK 70) X AV PABLO VI (AC 53)","LOCALIDAD":"ENGATIVA","TIPO_INTER":"VEHICULAR, PEATONAL","INFRA_CICL":"SIN","OPERACION":"NORMAL"}},{"type":"Feature","id":8,"geometry":{"type":"Point","coordinates":[-74.1091579,4.68979160984607]},"properties":{"FID":8,"OBJECTID":8,"COD_ID_INT":723,"DIRECCION":"AV CIUDAD DE CALI (AK 86) X AV DEL SALITRE (CL 66A)","LOCALIDAD":"ENGATIVA","TIPO_INTER":"VEHICULAR, PEATONAL","INFRA_CICL":"CICLORUTA","OPERACION":"NORMAL"}},{"type":"Feature","id":9,"geometry":{"type":"Point","coordinates":[-74.1617679189999,4.61964185384839]},"properties":{"FID":9,"OBJECTID":9,"COD_ID_INT":1578,"DIRECCION":"KR 79 X CL 42A SUR","LOCALIDAD":"KENNEDY","TIPO_INTER":"VEHICULAR, PEATONAL","INFRA_CICL":"SIN","OPERACION":"NORMAL"}},{"type":"Feature","id":10,"geometry":{"type":"Point","coordinates":[-74.07087258,4.61041260984863]},"properties":{"FID":10,"OBJECTID":10,"COD_ID_INT":388,"DIRECCION":"KR 9 X CL 24","LOCALIDAD":"SANTA FE","TIPO_INTER":"VEHICULAR, PEATONAL","INFRA_CICL":"SIN","OPERACION":"NORMAL"}},{"type":"Feature","id":11,"geometry":{"type":"Point","coordinates":[-74.03041389,4.69791358984579]},"properties":{"FID":11,"OBJECTID":11,"COD_ID_INT":12,"DIRECCION":"AV ALBERTO LLERAS CAMARGO (AK 7) X CL 121","LOCALIDAD":"USAQUEN","TIPO_INTER":"VEHICULAR, PEATONAL","INFRA_CICL":"SIN","OPERACION":"NORMAL"}},{"type":"Feature","id":12,"geometry":{"type":"Point","coordinates":[-74.109109608,4.506623087852]},"properties":{"FID":12,"OBJECTID":12,"COD_ID_INT":1347,"DIRECCION":"KR 8 X AUTOPISTA AL LLANO (CL 84 SUR)","LOCALIDAD":"USME","TIPO_INTER":"VEHICULAR, PEATONAL","INFRA_CICL":"SIN","OPERACION":"NORMAL"}},{"type":"Feature","id":13,"geometry":{"type":"Point","coordinates":[-74.0913474,4.58954357984933]},"properties":{"FID":13,"OBJECTID":13,"COD_ID_INT":971,"DIRECCION":"AV CARACAS (AK 14) X CL 3 S","LOCALIDAD":"ANTONIO NARINO","TIPO_INTER":"VEHICULAR, PEATONAL","INFRA_CICL":"SIN","OPERACION":"NORMAL"}},{"type":"Feature","id":14,"geometry":{"type":"Point","coordinates":[-74.08307512,4.630122649848]},"properties":{"FID":14,"OBJECTID":14,"COD_ID_INT":555,"DIRECCION":"KR 33 X AV JORGE ELIECER GAITAN (AC 26)","LOCALIDAD":"TEUSAQUILLO","TIPO_INTER":"VEHICULAR, PEATONAL","INFRA_CICL":"CICLORUTA","OPERACION":"NORMAL"}},{"type":"Feature","id":15,"geometry":{"type":"Point","coordinates":[-74.1332581999999,4.58556264984946]},"properties":{"FID":15,"OBJECTID":15,"COD_ID_INT":1090,"DIRECCION":"AV JORGE GAITAN CORTES (KR 33) X CL 48C SUR","LOCALIDAD":"TUNJUELITO","TIPO_INTER":"VEHICULAR, PEATONAL","INFRA_CICL":"SIN","OPERACION":"NORMAL"}},{"type":"Feature","id":16,"geometry":{"type":"Point","coordinates":[-74.141128055,4.67662579884647]},"properties":{"FID":16,"OBJECTID":16,"COD_ID_INT":1652,"DIRECCION":"KR 100 X AVENIDA FERROCARRIL DEL OCCIDENTE (AC 22)","LOCALIDAD":"FONTIBON","TIPO_INTER":"VEHICULAR, PEATONAL","INFRA_CICL":"SIN","OPERACION":"NORMAL"}},{"type":"Feature","id":17,"geometry":{"type":"Point","coordinates":[-74.06811977,4.62196977984826]},"properties":{"FID":17,"OBJECTID":17,"COD_ID_INT":325,"DIRECCION":"KR 13 X AV TEUSAQUILLO (CL 34)","LOCALIDAD":"SANTA FE","TIPO_INTER":"VEHICULAR, PEATONAL","INFRA_CICL":"CICLORUTA","OPERACION":"NORMAL"}},{"type":"Feature","id":18,"geometry":{"type":"Point","coordinates":[-74.1392967099999,4.67488466484655]},"properties":{"FID":18,"OBJECTID":18,"COD_ID_INT":1621,"DIRECCION":"CARRERA 97 X AV CALLE 22 (AV. FERROCARRIL DE OCCIDENTE)","LOCALIDAD":"FONTIBON","TIPO_INTER":"VEHICULAR, PEATONAL","INFRA_CICL":"SIN","OPERACION":"OBRAS"}},{"type":"Feature","id":19,"geometry":{"type":"Point","coordinates":[-74.144862817,4.56787323885003]},"properties":{"FID":19,"OBJECTID":19,"COD_ID_INT":1110,"DIRECCION":"KR 22B X AV CIUDAD DE VILLAVICENCIO (AC 61 SUR)","LOCALIDAD":"CIUDAD BOLIVAR","TIPO_INTER":"VEHICULAR, PEATONAL","INFRA_CICL":"CICLORUTA","OPERACION":"NORMAL"}},{"type":"Feature","id":20,"geometry":{"type":"Point","coordinates":[-74.10377006,4.6215890398483]},"properties":{"FID":20,"OBJECTID":20,"COD_ID_INT":693,"DIRECCION":"KR 43 X CL 12","LOCALIDAD":"PUENTE ARANDA","TIPO_INTER":"VEHICULAR, PEATONAL","INFRA_CICL":"SIN","OPERACION":"NORMAL"}},{"type":"Feature","id":21,"geometry":{"type":"Point","coordinates":[-74.125711242,4.72760527184485]},"properties":{"FID":21,"OBJECTID":21,"COD_ID_INT":1453,"DIRECCION":"KR 120 X AV MEDELLIN (AC 80)","LOCALIDAD":"ENGATIVA","TIPO_INTER":"VEHICULAR, PEATONAL","INFRA_CICL":"CICLORUTA","OPERACION":"NORMAL"}},{"type":"Feature","id":22,"geometry":{"type":"Point","coordinates":[-74.1690749099999,4.61876877984839]},"properties":{"FID":22,"OBJECTID":22,"COD_ID_INT":914,"DIRECCION":"AV AGOBERTO MEJIA CIFUENTES (AK 80) X CL 47B SUR","LOCALIDAD":"KENNEDY","TIPO_INTER":"VEHICULAR, PEATONAL","INFRA_CICL":"CICLORUTA","OPERACION":"NORMAL"}},{"type":"Feature","id":23,"geometry":{"type":"Point","coordinates":[-74.06288918,4.67346924984659]},"properties":{"FID":23,"OBJECTID":23,"COD_ID_INT":237,"DIRECCION":"AV COLOMBIA (AK 24) X CL 85A","LOCALIDAD":"BARRIOS UNIDOS","TIPO_INTER":"VEHICULAR, PEATONAL","INFRA_CICL":"SIN","OPERACION":"NORMAL"}},{"type":"Feature","id":24,"geometry":{"type":"Point","coordinates":[-74.1889818,4.60415123984883]},"properties":{"FID":24,"OBJECTID":24,"COD_ID_INT":937,"DIRECCION":"TV 78L X CL 68A SUR","LOCALIDAD":"BOSA","TIPO_INTER":"VEHICULAR, PEATONAL","INFRA_CICL":"SIN","OPERACION":"NORMAL"}},{"type":"Feature","id":25,"geometry":{"type":"Point","coordinates":[-74.142973893,4.65316763184723]},"properties":{"FID":25,"OBJECTID":25,"COD_ID_INT":1149,"DIRECCION":"AV CIUDAD DE CALI (AK 86) X AV ALSACIA (AC 12)","LOCALIDAD":"KENNEDY","TIPO_INTER":"VEHICULAR, PEATONAL","INFRA_CICL":"CICLORUTA","OPERACION":"NORMAL"}},{"type":"Feature","id":26,"geometry":{"type":"Point","coordinates":[-74.06927648,4.64095578984763]},"properties":{"FID":26,"OBJECTID":26,"COD_ID_INT":353,"DIRECCION":"KR 17 X AV PABLO VI (AC 53)","LOCALIDAD":"TEUSAQUILLO","TIPO_INTER":"VEHICULAR, PEATONAL","INFRA_CICL":"CICLORUTA","OPERACION":"NORMAL"}},{"type":"Feature","id":27,"geometry":{"type":"Point","coordinates":[-74.0732963299999,4.59023253984931]},"properties":{"FID":27,"OBJECTID":27,"COD_ID_INT":1200,"DIRECCION":"KR 2 X AV DE LOS COMUNEROS (CL 6)","LOCALIDAD":"CANDELARIA","TIPO_INTER":"VEHICULAR, PEATONAL","INFRA_CICL":"SIN","OPERACION":"NORMAL"}},{"type":"Feature","id":28,"geometry":{"type":"Point","coordinates":[-74.06352922,4.65410330984723]},"properties":{"FID":28,"OBJECTID":28,"COD_ID_INT":243,"DIRECCION":"AV CARACAS (AK 14) X CL 67","LOCALIDAD":"BARRIOS UNIDOS","TIPO_INTER":"VEHICULAR, PEATONAL","INFRA_CICL":"SIN","OPERACION":"NORMAL"}},{"type":"Feature","id":29,"geometry":{"type":"Point","coordinates":[-74.083309533,4.59892670884906]},"properties":{"FID":29,"OBJECTID":29,"COD_ID_INT":553,"DIRECCION":"AV CARACAS (AK 14) X CL 8","LOCALIDAD":"SANTA FE","TIPO_INTER":"EXCLUSIVA PEATONAL","INFRA_CICL":"SIN","OPERACION":"NORMAL"}},{"type":"Feature","id":30,"geometry":{"type":"Point","coordinates":[-74.099459,4.62117475984827]},"properties":{"FID":30,"OBJECTID":30,"COD_ID_INT":667,"DIRECCION":"AV FERROCARRIL DEL SUR (AK 39) X AV COLON (AC 13)","LOCALIDAD":"PUENTE ARANDA","TIPO_INTER":"VEHICULAR, PEATONAL","INFRA_CICL":"CICLORUTA","OPERACION":"NORMAL"}},{"type":"Feature","id":31,"geometry":{"type":"Point","coordinates":[-74.05106448,4.70210164984564]},"properties":{"FID":31,"OBJECTID":31,"COD_ID_INT":111,"DIRECCION":"KR 20 X CL 122","LOCALIDAD":"USAQUEN","TIPO_INTER":"VEHICULAR","INFRA_CICL":"SIN","OPERACION":"NORMAL"}},{"type":"Feature","id":32,"geometry":{"type":"Point","coordinates":[-74.0833035599999,4.60675005984876]},"properties":{"FID":32,"OBJECTID":32,"COD_ID_INT":557,"DIRECCION":"AV MARISCAL SUCRE (AK 18) X AV COLON (AC 13)","LOCALIDAD":"LOS MARTIRES","TIPO_INTER":"VEHICULAR, PEATONAL","INFRA_CICL":"CICLORUTA","OPERACION":"NORMAL"}},{"type":"Feature","id":33,"geometry":{"type":"Point","coordinates":[-74.0773558499999,4.64027799984766]},"properties":{"FID":33,"OBJECTID":33,"COD_ID_INT":514,"DIRECCION":"KR 28 X CL 51","LOCALIDAD":"TEUSAQUILLO","TIPO_INTER":"VEHICULAR, PEATONAL","INFRA_CICL":"SIN","OPERACION":"NORMAL"}},{"type":"Feature","id":34,"geometry":{"type":"Point","coordinates":[-74.0715412499999,4.60539366984883]},"properties":{"FID":34,"OBJECTID":34,"COD_ID_INT":401,"DIRECCION":"KR 7 X AV CIUDAD DE LIMA (AC 19)","LOCALIDAD":"SANTA FE","TIPO_INTER":"VEHICULAR, PEATONAL","INFRA_CICL":"CICLORUTA EN CALZADA","OPERACION":"NORMAL"}},{"type":"Feature","id":35,"geometry":{"type":"Point","coordinates":[-74.09288957,4.7171424198452]},"properties":{"FID":35,"OBJECTID":35,"COD_ID_INT":623,"DIRECCION":"KR 91 X AV CIUDAD DE CALI (TV 86)","LOCALIDAD":"SUBA","TIPO_INTER":"VEHICULAR, PEATONAL","INFRA_CICL":"CICLORUTA","OPERACION":"NORMAL"}},{"type":"Feature","id":36,"geometry":{"type":"Point","coordinates":[-74.1831124729999,4.61327584184857]},"properties":{"FID":36,"OBJECTID":36,"COD_ID_INT":1540,"DIRECCION":"KR 81A X AVENIDA BOSA (CL 59 SUR)","LOCALIDAD":"BOSA","TIPO_INTER":"VEHICULAR, PEATONAL","INFRA_CICL":"CICLORUTA","OPERACION":"NORMAL"}},{"type":"Feature","id":37,"geometry":{"type":"Point","coordinates":[-74.1051220699999,4.60642146984877]},"properties":{"FID":37,"OBJECTID":37,"COD_ID_INT":703,"DIRECCION":"KR 34 X AV CIUDAD MONTES (AC 3)","LOCALIDAD":"PUENTE ARANDA","TIPO_INTER":"VEHICULAR, PEATONAL","INFRA_CICL":"SIN","OPERACION":"NORMAL"}},{"type":"Feature","id":38,"geometry":{"type":"Point","coordinates":[-74.07013018,4.61537125984851]},"properties":{"FID":38,"OBJECTID":38,"COD_ID_INT":366,"DIRECCION":"KR 13 X CL 28","LOCALIDAD":"SANTA FE","TIPO_INTER":"VEHICULAR, PEATONAL","INFRA_CICL":"SIN","OPERACION":"NORMAL"}},{"type":"Feature","id":39,"geometry":{"type":"Point","coordinates":[-74.05947348,4.75420012984401]},"properties":{"FID":39,"OBJECTID":39,"COD_ID_INT":183,"DIRECCION":"KR 62 X CL 169B","LOCALIDAD":"SUBA","TIPO_INTER":"VEHICULAR, PEATONAL","INFRA_CICL":"SIN","OPERACION":"NORMAL"}},{"type":"Feature","id":40,"geometry":{"type":"Point","coordinates":[-74.03260104,4.71771405984518]},"properties":{"FID":40,"OBJECTID":40,"COD_ID_INT":16,"DIRECCION":"AV LAUREANO GOMEZ (AK 9) X CL 140","LOCALIDAD":"USAQUEN","TIPO_INTER":"VEHICULAR","INFRA_CICL":"SIN","OPERACION":"NORMAL"}},{"type":"Feature","id":41,"geometry":{"type":"Point","coordinates":[-74.0585847,4.66383126984693]},"properties":{"FID":41,"OBJECTID":41,"COD_ID_INT":177,"DIRECCION":"AV PASEO DEL COUNTRY (AK 15) X CL 77","LOCALIDAD":"CHAPINERO","TIPO_INTER":"VEHICULAR, PEATONAL","INFRA_CICL":"SIN","OPERACION":"NORMAL"}},{"type":"Feature","id":42,"geometry":{"type":"Point","coordinates":[-74.0753391499999,4.61393120984853]},"properties":{"FID":42,"OBJECTID":42,"COD_ID_INT":490,"DIRECCION":"KR 17 X CL 24","LOCALIDAD":"LOS MARTIRES","TIPO_INTER":"VEHICULAR, PEATONAL","INFRA_CICL":"CICLORUTA, CICLORUTA EN CALZADA","OPERACION":"NORMAL"}},{"type":"Feature","id":43,"geometry":{"type":"Point","coordinates":[-74.043734555,4.67140530584668]},"properties":{"FID":43,"OBJECTID":43,"COD_ID_INT":56,"DIRECCION":"AV ALBERTO LLERAS CAMARGO (AK 7) X AV ALEJANDRO OBREGON (AC 92)","LOCALIDAD":"CHAPINERO","TIPO_INTER":"VEHICULAR, PEATONAL","INFRA_CICL":"SIN","OPERACION":"NORMAL"}},{"type":"Feature","id":44,"geometry":{"type":"Point","coordinates":[-74.0435285999999,4.68931419984612]},"properties":{"FID":44,"OBJECTID":44,"COD_ID_INT":53,"DIRECCION":"KR 13A X CL 106","LOCALIDAD":"USAQUEN","TIPO_INTER":"VEHICULAR, PEATONAL","INFRA_CICL":"SIN","OPERACION":"NORMAL"}},{"type":"Feature","id":45,"geometry":{"type":"Point","coordinates":[-74.0755793609999,4.6221773448483]},"properties":{"FID":45,"OBJECTID":45,"COD_ID_INT":1510,"DIRECCION":"KR 23 X AC 28","LOCALIDAD":"TEUSAQUILLO","TIPO_INTER":"VEHICULAR, PEATONAL","INFRA_CICL":"SIN","OPERACION":"NORMAL"}},{"type":"Feature","id":46,"geometry":{"type":"Point","coordinates":[-74.14756306,4.60919574984867]},"properties":{"FID":46,"OBJECTID":46,"COD_ID_INT":1317,"DIRECCION":"KR 72K X AV POPORO QUIMBAYA (CL 40 S)  Y CL 39B S","LOCALIDAD":"KENNEDY","TIPO_INTER":"VEHICULAR, PEATONAL","INFRA_CICL":"SIN","OPERACION":"NORMAL"}},{"type":"Feature","id":47,"geometry":{"type":"Point","coordinates":[-74.119935717,4.70679623784551]},"properties":{"FID":47,"OBJECTID":47,"COD_ID_INT":1509,"DIRECCION":"KR 105A X AVENIDA CHILE (AC 72)","LOCALIDAD":"ENGATIVA","TIPO_INTER":"VEHICULAR, PEATONAL","INFRA_CICL":"SIN","OPERACION":"NORMAL"}},{"type":"Feature","id":48,"geometry":{"type":"Point","coordinates":[-74.07301878,4.6274304098481]},"properties":{"FID":48,"OBJECTID":48,"COD_ID_INT":436,"DIRECCION":"AV MARISCAL SUCRE (AK 19) X CL 39","LOCALIDAD":"TEUSAQUILLO","TIPO_INTER":"VEHICULAR, PEATONAL","INFRA_CICL":"SIN","OPERACION":"NORMAL"}},{"type":"Feature","id":49,"geometry":{"type":"Point","coordinates":[-74.0805994999999,4.62179610984829]},"properties":{"FID":49,"OBJECTID":49,"COD_ID_INT":542,"DIRECCION":"AV GENERAL SANTANDER (AK 27) X CL 24 Y DG 24BIS","LOCALIDAD":"LOS MARTIRES","TIPO_INTER":"VEHICULAR, PEATONAL","INFRA_CICL":"CICLORUTA","OPERACION":"NORMAL"}},{"type":"Feature","id":50,"geometry":{"type":"Point","coordinates":[-74.03025583,4.71676623984518]},"properties":{"FID":50,"OBJECTID":50,"COD_ID_INT":1356,"DIRECCION":"KR 7B X CL 140","LOCALIDAD":"USAQUEN","TIPO_INTER":"VEHICULAR, PEATONAL","INFRA_CICL":"SIN","OPERACION":"NORMAL"}},{"type":"Feature","id":51,"geometry":{"type":"Point","coordinates":[-74.18111093,4.63057252984798]},"properties":{"FID":51,"OBJECTID":51,"COD_ID_INT":933,"DIRECCION":"KR 88C X CL 51 SUR","LOCALIDAD":"BOSA","TIPO_INTER":"VEHICULAR, PEATONAL","INFRA_CICL":"SIN","OPERACION":"NORMAL"}},{"type":"Feature","id":52,"geometry":{"type":"Point","coordinates":[-74.09077288,4.59027016984931]},"properties":{"FID":52,"OBJECTID":52,"COD_ID_INT":969,"DIRECCION":"AV CARACAS (AK 14) X CL 2 SUR","LOCALIDAD":"ANTONIO NARINO","TIPO_INTER":"VEHICULAR, PEATONAL","INFRA_CICL":"SIN","OPERACION":"NORMAL"}},{"type":"Feature","id":53,"geometry":{"type":"Point","coordinates":[-74.1041639599999,4.58058631984964]},"properties":{"FID":53,"OBJECTID":53,"COD_ID_INT":1019,"DIRECCION":"AV CARACAS (AK 14) X CL 24 SUR","LOCALIDAD":"RAFAEL URIBE","TIPO_INTER":"EXCLUSIVA PEATONAL","INFRA_CICL":"SIN","OPERACION":"NORMAL"}},{"type":"Feature","id":54,"geometry":{"type":"Point","coordinates":[-74.08527484,4.60367549984888]},"properties":{"FID":54,"OBJECTID":54,"COD_ID_INT":1265,"DIRECCION":"AV MARISCAL SUCRE (AK 18) X CL 10","LOCALIDAD":"LOS MARTIRES","TIPO_INTER":"EXCLUSIVA PEATONAL","INFRA_CICL":"SIN","OPERACION":"NORMAL"}},{"type":"Feature","id":55,"geometry":{"type":"Point","coordinates":[-74.0794601699999,4.59545281984914]},"properties":{"FID":55,"OBJECTID":55,"COD_ID_INT":949,"DIRECCION":"KR 9 X CL 7","LOCALIDAD":"CANDELARIA","TIPO_INTER":"VEHICULAR","INFRA_CICL":"SIN","OPERACION":"NORMAL"}},{"type":"Feature","id":56,"geometry":{"type":"Point","coordinates":[-74.04302166,4.70074418984567]},"properties":{"FID":56,"OBJECTID":56,"COD_ID_INT":46,"DIRECCION":"AV PASEO DEL COUNTRY (AK 15) X CL 122","LOCALIDAD":"USAQUEN","TIPO_INTER":"VEHICULAR, PEATONAL","INFRA_CICL":"SIN","OPERACION":"NORMAL"}},{"type":"Feature","id":57,"geometry":{"type":"Point","coordinates":[-74.07264327,4.63348822984792]},"properties":{"FID":57,"OBJECTID":57,"COD_ID_INT":430,"DIRECCION":"KR 20 X AV FRANCISCO MIRANDA (AC 45)","LOCALIDAD":"TEUSAQUILLO","TIPO_INTER":"VEHICULAR, PEATONAL","INFRA_CICL":"SIN","OPERACION":"NORMAL"}},{"type":"Feature","id":58,"geometry":{"type":"Point","coordinates":[-74.11689662,4.61064881984865]},"properties":{"FID":58,"OBJECTID":58,"COD_ID_INT":759,"DIRECCION":"AV BATALLON CALDAS (AK 50) X CL 1G","LOCALIDAD":"PUENTE ARANDA","TIPO_INTER":"VEHICULAR, PEATONAL","INFRA_CICL":"SIN","OPERACION":"NORMAL"}},{"type":"Feature","id":59,"geometry":{"type":"Point","coordinates":[-74.1122453,4.63242548984794]},"properties":{"FID":59,"OBJECTID":59,"COD_ID_INT":738,"DIRECCION":"AV DE LA ESMERALDA (AK 60) X AV CENTENARIO (AC 13)","LOCALIDAD":"PUENTE ARANDA","TIPO_INTER":"VEHICULAR, PEATONAL","INFRA_CICL":"SIN","OPERACION":"NORMAL"}},{"type":"Feature","id":60,"geometry":{"type":"Point","coordinates":[-74.06820032,4.62994447984803]},"properties":{"FID":60,"OBJECTID":60,"COD_ID_INT":324,"DIRECCION":"AV CARACAS (AK 14) X CL 41BIS","LOCALIDAD":"TEUSAQUILLO","TIPO_INTER":"VEHICULAR, PEATONAL","INFRA_CICL":"SIN","OPERACION":"NORMAL"}},{"type":"Feature","id":61,"geometry":{"type":"Point","coordinates":[-74.04986199,4.75255988984401]},"properties":{"FID":61,"OBJECTID":61,"COD_ID_INT":105,"DIRECCION":"KR 49B X AV SAN JOSE (CL 170)","LOCALIDAD":"SUBA","TIPO_INTER":"EXCLUSIVA PEATONAL","INFRA_CICL":"CICLORUTA","OPERACION":"NORMAL"}},{"type":"Feature","id":62,"geometry":{"type":"Point","coordinates":[-74.137806314,4.59540204584915]},"properties":{"FID":62,"OBJECTID":62,"COD_ID_INT":826,"DIRECCION":"AV DEL CONGRESO EUCARISTICO (AK 68) X AV DEL SUR (CL 45A S)","LOCALIDAD":"TUNJUELITO","TIPO_INTER":"EXCLUSIVA PEATONAL","INFRA_CICL":"CICLORUTA","OPERACION":"NORMAL"}},{"type":"Feature","id":63,"geometry":{"type":"Point","coordinates":[-74.1493508299999,4.6177857298484]},"properties":{"FID":63,"OBJECTID":63,"COD_ID_INT":863,"DIRECCION":"AV PRIMERO DE MAYO (TV 73C BIS A) X CL 38B SUR","LOCALIDAD":"KENNEDY","TIPO_INTER":"VEHICULAR","INFRA_CICL":"SIN","OPERACION":"NORMAL"}},{"type":"Feature","id":64,"geometry":{"type":"Point","coordinates":[-74.13829687,4.62582203984816]},"properties":{"FID":64,"OBJECTID":64,"COD_ID_INT":831,"DIRECCION":"AV BOYACA (AK 72) X VIA G (AC 3)","LOCALIDAD":"KENNEDY","TIPO_INTER":"VEHICULAR, PEATONAL","INFRA_CICL":"CICLORUTA","OPERACION":"NORMAL"}},{"type":"Feature","id":65,"geometry":{"type":"Point","coordinates":[-74.10045561,4.65718824984713]},"properties":{"FID":65,"OBJECTID":65,"COD_ID_INT":675,"DIRECCION":"AV DEL CONGRESO EUCARISTICO (AK 68) X AV PABLO VI (AC 53)","LOCALIDAD":"ENGATIVA","TIPO_INTER":"VEHICULAR","INFRA_CICL":"CICLORUTA","OPERACION":"NORMAL"}},{"type":"Feature","id":66,"geometry":{"type":"Point","coordinates":[-74.10873408,4.60953659984871]},"properties":{"FID":66,"OBJECTID":66,"COD_ID_INT":1151,"DIRECCION":"KR 38 X AV CIUDAD MONTES (AC 3)","LOCALIDAD":"PUENTE ARANDA","TIPO_INTER":"VEHICULAR, PEATONAL","INFRA_CICL":"SIN","OPERACION":"NORMAL"}},{"type":"Feature","id":67,"geometry":{"type":"Point","coordinates":[-74.12383718,4.57989159984965]},"properties":{"FID":67,"OBJECTID":67,"COD_ID_INT":1061,"DIRECCION":"AV MARISCAL SUCRE (KR 24) X CL 42 SUR","LOCALIDAD":"RAFAEL URIBE","TIPO_INTER":"VEHICULAR, PEATONAL","INFRA_CICL":"SIN","OPERACION":"NORMAL"}},{"type":"Feature","id":68,"geometry":{"type":"Point","coordinates":[-74.0438239599999,4.73674393984455]},"properties":{"FID":68,"OBJECTID":68,"COD_ID_INT":54,"DIRECCION":"AV SANTA BARBARA (AK 19) X AV DE LA SIRENA (AC 153)","LOCALIDAD":"USAQUEN","TIPO_INTER":"VEHICULAR, PEATONAL, BICIUSUARIOS","INFRA_CICL":"CICLORUTA","OPERACION":"OBRAS"}},{"type":"Feature","id":69,"geometry":{"type":"Point","coordinates":[-74.07183845,4.64842945984742]},"properties":{"FID":69,"OBJECTID":69,"COD_ID_INT":406,"DIRECCION":"TV 22A X DG 61B","LOCALIDAD":"TEUSAQUILLO","TIPO_INTER":"VEHICULAR","INFRA_CICL":"SIN","OPERACION":"NORMAL"}},{"type":"Feature","id":70,"geometry":{"type":"Point","coordinates":[-74.039070527,4.72277974584502]},"properties":{"FID":70,"OBJECTID":70,"COD_ID_INT":29,"DIRECCION":"KR 13 X CL 142","LOCALIDAD":"USAQUEN","TIPO_INTER":"VEHICULAR, PEATONAL","INFRA_CICL":"SIN","OPERACION":"NORMAL"}},{"type":"Feature","id":71,"geometry":{"type":"Point","coordinates":[-74.085605825,4.69217868784602]},"properties":{"FID":71,"OBJECTID":71,"COD_ID_INT":569,"DIRECCION":"AV DE LA CONSTITUCION (AK 70) X AV MEDELLIN (AC 80)","LOCALIDAD":"ENGATIVA","TIPO_INTER":"VEHICULAR, PEATONAL","INFRA_CICL":"CICLORUTA","OPERACION":"NORMAL"}},{"type":"Feature","id":72,"geometry":{"type":"Point","coordinates":[-74.13640598,4.57845147984971]},"properties":{"FID":72,"OBJECTID":72,"COD_ID_INT":1096,"DIRECCION":"KR 25 X CL 52F SUR","LOCALIDAD":"TUNJUELITO","TIPO_INTER":"VEHICULAR, PEATONAL","INFRA_CICL":"CICLORUTA EN CALZADA","OPERACION":"NORMAL"}},{"type":"Feature","id":73,"geometry":{"type":"Point","coordinates":[-74.0719446099999,4.60084276984895]},"properties":{"FID":73,"OBJECTID":73,"COD_ID_INT":399,"DIRECCION":"KR 5 X AV JIMENEZ (CL 13)","LOCALIDAD":"CANDELARIA","TIPO_INTER":"VEHICULAR, PEATONAL","INFRA_CICL":"SIN","OPERACION":"NORMAL"}},{"type":"Feature","id":74,"geometry":{"type":"Point","coordinates":[-74.0663981499999,4.63234693984795]},"properties":{"FID":74,"OBJECTID":74,"COD_ID_INT":293,"DIRECCION":"KR 13 X AV FRANCISCO MIRANDA (AC 45)","LOCALIDAD":"CHAPINERO","TIPO_INTER":"VEHICULAR, PEATONAL","INFRA_CICL":"CICLORUTA","OPERACION":"NORMAL"}},{"type":"Feature","id":75,"geometry":{"type":"Point","coordinates":[-74.1199466799999,4.52708756985136]},"properties":{"FID":75,"OBJECTID":75,"COD_ID_INT":1318,"DIRECCION":"AV CARACAS (AK 14) X CABECERA SUR PORTAL USME","LOCALIDAD":"USME","TIPO_INTER":"VEHICULAR","INFRA_CICL":"SIN","OPERACION":"NORMAL"}},{"type":"Feature","id":76,"geometry":{"type":"Point","coordinates":[-74.1059772,4.70973232984542]},"properties":{"FID":76,"OBJECTID":76,"COD_ID_INT":710,"DIRECCION":"TV 94L X CL 82","LOCALIDAD":"ENGATIVA","TIPO_INTER":"VEHICULAR, PEATONAL","INFRA_CICL":"SIN","OPERACION":"NORMAL"}},{"type":"Feature","id":77,"geometry":{"type":"Point","coordinates":[-74.09056505,4.68286140984628]},"properties":{"FID":77,"OBJECTID":77,"COD_ID_INT":602,"DIRECCION":"KR 69J Y KR 69K X AV CHILE (AC 72)","LOCALIDAD":"ENGATIVA","TIPO_INTER":"VEHICULAR, PEATONAL","INFRA_CICL":"SIN","OPERACION":"NORMAL"}},{"type":"Feature","id":78,"geometry":{"type":"Point","coordinates":[-74.09220736,4.75431834984398]},"properties":{"FID":78,"OBJECTID":78,"COD_ID_INT":614,"DIRECCION":"AV CIUDAD DE CALI (AK 104) X AV DE LAS MERCEDES (AC 153)","LOCALIDAD":"SUBA","TIPO_INTER":"VEHICULAR, PEATONAL","INFRA_CICL":"CICLORUTA","OPERACION":"NORMAL"}},{"type":"Feature","id":79,"geometry":{"type":"Point","coordinates":[-74.0708724199999,4.61612954984846]},"properties":{"FID":79,"OBJECTID":79,"COD_ID_INT":1194,"DIRECCION":"KR 13A X CL 28","LOCALIDAD":"SANTA FE","TIPO_INTER":"VEHICULAR, PEATONAL","INFRA_CICL":"SIN","OPERACION":"NORMAL"}},{"type":"Feature","id":80,"geometry":{"type":"Point","coordinates":[-74.0945096199999,4.71011672984539]},"properties":{"FID":80,"OBJECTID":80,"COD_ID_INT":631,"DIRECCION":"AV CIUDAD DE CALI (AK 86) X AV MORISCA (AC 90)","LOCALIDAD":"ENGATIVA","TIPO_INTER":"VEHICULAR, PEATONAL","INFRA_CICL":"CICLORUTA","OPERACION":"NORMAL"}},{"type":"Feature","id":81,"geometry":{"type":"Point","coordinates":[-74.073940546,4.69902876084575]},"properties":{"FID":81,"OBJECTID":81,"COD_ID_INT":1502,"DIRECCION":"KR 70D  X AVENIDA PEPE SIERRA (AC 116)","LOCALIDAD":"SUBA","TIPO_INTER":"VEHICULAR, PEATONAL","INFRA_CICL":"SIN","OPERACION":"NORMAL"}},{"type":"Feature","id":82,"geometry":{"type":"Point","coordinates":[-74.06843681,4.65560390984714]},"properties":{"FID":82,"OBJECTID":82,"COD_ID_INT":331,"DIRECCION":"KR 20 X CL 66","LOCALIDAD":"BARRIOS UNIDOS","TIPO_INTER":"VEHICULAR","INFRA_CICL":"SIN","OPERACION":"NORMAL"}},{"type":"Feature","id":83,"geometry":{"type":"Point","coordinates":[-74.083059178,4.65064376584733]},"properties":{"FID":83,"OBJECTID":83,"COD_ID_INT":1471,"DIRECCION":"KR 45 X CL 59","LOCALIDAD":"TEUSAQUILLO","TIPO_INTER":"VEHICULAR, PEATONAL","INFRA_CICL":"CICLORUTA EN CALZADA","OPERACION":"NORMAL"}},{"type":"Feature","id":84,"geometry":{"type":"Point","coordinates":[-74.11585374,4.66965951984672]},"properties":{"FID":84,"OBJECTID":84,"COD_ID_INT":755,"DIRECCION":"KR 75 X CL 25G","LOCALIDAD":"FONTIBON","TIPO_INTER":"VEHICULAR","INFRA_CICL":"SIN","OPERACION":"NORMAL"}},{"type":"Feature","id":85,"geometry":{"type":"Point","coordinates":[-74.17899111,4.62428507984822]},"properties":{"FID":85,"OBJECTID":85,"COD_ID_INT":925,"DIRECCION":"AV CIUDAD DE CALI (AK 86) X CL 53 SUR","LOCALIDAD":"BOSA","TIPO_INTER":"VEHICULAR, PEATONAL","INFRA_CICL":"CICLORUTA","OPERACION":"NORMAL"}},{"type":"Feature","id":86,"geometry":{"type":"Point","coordinates":[-74.10084008,4.6706927398467]},"properties":{"FID":86,"OBJECTID":86,"COD_ID_INT":679,"DIRECCION":"AV DE LA CONSTITUCION (AK 70) X AV JOSE CELESTINO MUTIS (AC 63)","LOCALIDAD":"ENGATIVA","TIPO_INTER":"VEHICULAR, PEATONAL","INFRA_CICL":"SIN","OPERACION":"NORMAL"}},{"type":"Feature","id":87,"geometry":{"type":"Point","coordinates":[-74.145808,4.60658118984877]},"properties":{"FID":87,"OBJECTID":87,"COD_ID_INT":851,"DIRECCION":"KR 72H Y KR 72G X AV POPORO QUIMBAYA (CL 40 S)","LOCALIDAD":"KENNEDY","TIPO_INTER":"VEHICULAR, PEATONAL","INFRA_CICL":"SIN","OPERACION":"NORMAL"}},{"type":"Feature","id":88,"geometry":{"type":"Point","coordinates":[-74.0999722,4.56388199985016]},"properties":{"FID":88,"OBJECTID":88,"COD_ID_INT":1391,"DIRECCION":"KR 5A X CL 34 SUR","LOCALIDAD":"SAN CRISTOBAL","TIPO_INTER":"VEHICULAR, PEATONAL","INFRA_CICL":"SIN","OPERACION":"NORMAL"}},{"type":"Feature","id":89,"geometry":{"type":"Point","coordinates":[-74.06884345,4.60356749984888]},"properties":{"FID":89,"OBJECTID":89,"COD_ID_INT":340,"DIRECCION":"KR 4 X AV CIUDAD DE LIMA (AC 19)","LOCALIDAD":"SANTA FE","TIPO_INTER":"VEHICULAR, PEATONAL","INFRA_CICL":"SIN","OPERACION":"NORMAL"}},{"type":"Feature","id":90,"geometry":{"type":"Point","coordinates":[-74.1004477399999,4.59577384984914]},"properties":{"FID":90,"OBJECTID":90,"COD_ID_INT":1004,"DIRECCION":"KR 26 X CL 1B","LOCALIDAD":"LOS MARTIRES","TIPO_INTER":"VEHICULAR, PEATONAL","INFRA_CICL":"SIN","OPERACION":"NORMAL"}},{"type":"Feature","id":91,"geometry":{"type":"Point","coordinates":[-74.06363985,4.66321825984693]},"properties":{"FID":91,"OBJECTID":91,"COD_ID_INT":246,"DIRECCION":"KR 20C X CL 74","LOCALIDAD":"BARRIOS UNIDOS","TIPO_INTER":"VEHICULAR, PEATONAL, BICIUSUARIOS","INFRA_CICL":"SIN","OPERACION":"NORMAL"}},{"type":"Feature","id":92,"geometry":{"type":"Point","coordinates":[-74.09027445,4.63261440984791]},"properties":{"FID":92,"OBJECTID":92,"COD_ID_INT":601,"DIRECCION":"AV PEDRO LEON TRABUCHY (AK 40) X CL 25","LOCALIDAD":"TEUSAQUILLO","TIPO_INTER":"VEHICULAR, PEATONAL","INFRA_CICL":"SIN","OPERACION":"NORMAL"}},{"type":"Feature","id":93,"geometry":{"type":"Point","coordinates":[-74.16339637,4.62244667984825]},"properties":{"FID":93,"OBJECTID":93,"COD_ID_INT":903,"DIRECCION":"AV AGOBERTO MEJIA CIFUENTES (AK 80) X CL 42A SUR","LOCALIDAD":"KENNEDY","TIPO_INTER":"VEHICULAR, PEATONAL","INFRA_CICL":"CICLORUTA","OPERACION":"NORMAL"}},{"type":"Feature","id":94,"geometry":{"type":"Point","coordinates":[-74.06772518,4.63258661984791]},"properties":{"FID":94,"OBJECTID":94,"COD_ID_INT":321,"DIRECCION":"AV CARACAS (AK 14) X AV FRANCISCO MIRANDA (AC 45)","LOCALIDAD":"TEUSAQUILLO","TIPO_INTER":"VEHICULAR, PEATONAL","INFRA_CICL":"SIN","OPERACION":"NORMAL"}},{"type":"Feature","id":95,"geometry":{"type":"Point","coordinates":[-74.07230079,4.6035026798489]},"properties":{"FID":95,"OBJECTID":95,"COD_ID_INT":421,"DIRECCION":"KR 7 X CL 17","LOCALIDAD":"SANTA FE","TIPO_INTER":"VEHICULAR, PEATONAL","INFRA_CICL":"CICLORUTA EN CALZADA","OPERACION":"NORMAL"}},{"type":"Feature","id":96,"geometry":{"type":"Point","coordinates":[-74.037403436,4.76029173284376]},"properties":{"FID":96,"OBJECTID":96,"COD_ID_INT":1233,"DIRECCION":"KR 16 X AV SAN ANTONIO (AC 183)","LOCALIDAD":"USAQUEN","TIPO_INTER":"VEHICULAR, PEATONAL","INFRA_CICL":"SIN","OPERACION":"NORMAL"}},{"type":"Feature","id":97,"geometry":{"type":"Point","coordinates":[-74.0859878639999,4.68662364184617]},"properties":{"FID":97,"OBJECTID":97,"COD_ID_INT":573,"DIRECCION":"KR 69K X CL 77","LOCALIDAD":"ENGATIVA","TIPO_INTER":"VEHICULAR, PEATONAL","INFRA_CICL":"SIN","OPERACION":"NORMAL"}},{"type":"Feature","id":98,"geometry":{"type":"Point","coordinates":[-74.06601069,4.61759473984845]},"properties":{"FID":98,"OBJECTID":98,"COD_ID_INT":287,"DIRECCION":"KR 5 X CL 32","LOCALIDAD":"SANTA FE","TIPO_INTER":"VEHICULAR, PEATONAL","INFRA_CICL":"SIN","OPERACION":"NORMAL"}},{"type":"Feature","id":99,"geometry":{"type":"Point","coordinates":[-74.06079354,4.68788628984614]},"properties":{"FID":99,"OBJECTID":99,"COD_ID_INT":206,"DIRECCION":"KR 49 X AV ESPANA (AC 100)","LOCALIDAD":"SUBA","TIPO_INTER":"VEHICULAR, PEATONAL","INFRA_CICL":"CICLORUTA","OPERACION":"NORMAL"}},{"type":"Feature","id":100,"geometry":{"type":"Point","coordinates":[-74.1507808699999,4.61403418984853]},"properties":{"FID":100,"OBJECTID":100,"COD_ID_INT":866,"DIRECCION":"KR 73 X AV  POPORO QUIMBAYA (CL 40 SUR)","LOCALIDAD":"KENNEDY","TIPO_INTER":"VEHICULAR, PEATONAL","INFRA_CICL":"CICLORUTA EN CALZADA","OPERACION":"NORMAL"}},{"type":"Feature","id":101,"geometry":{"type":"Point","coordinates":[-74.0967771699999,4.61872613984838]},"properties":{"FID":101,"OBJECTID":101,"COD_ID_INT":646,"DIRECCION":"AV CUNDINAMARCA (AK 36) X AV COLON (AC 13)","LOCALIDAD":"PUENTE ARANDA","TIPO_INTER":"VEHICULAR, PEATONAL","INFRA_CICL":"CICLORUTA","OPERACION":"NORMAL"}},{"type":"Feature","id":102,"geometry":{"type":"Point","coordinates":[-74.11673733,4.71557726984522]},"properties":{"FID":102,"OBJECTID":102,"COD_ID_INT":757,"DIRECCION":"KR 107 X AV MEDELLIN (AC 80)","LOCALIDAD":"ENGATIVA","TIPO_INTER":"VEHICULAR, PEATONAL","INFRA_CICL":"CICLORUTA","OPERACION":"NORMAL"}},{"type":"Feature","id":103,"geometry":{"type":"Point","coordinates":[-74.13070814,4.60368827984886]},"properties":{"FID":103,"OBJECTID":103,"COD_ID_INT":801,"DIRECCION":"KR 52C X CL 37 SUR","LOCALIDAD":"PUENTE ARANDA","TIPO_INTER":"VEHICULAR","INFRA_CICL":"SIN","OPERACION":"NORMAL"}},{"type":"Feature","id":104,"geometry":{"type":"Point","coordinates":[-74.07613108,4.64108054984764]},"properties":{"FID":104,"OBJECTID":104,"COD_ID_INT":498,"DIRECCION":"KR 27 X CL 52","LOCALIDAD":"TEUSAQUILLO","TIPO_INTER":"VEHICULAR, PEATONAL","INFRA_CICL":"SIN","OPERACION":"NORMAL"}},{"type":"Feature","id":105,"geometry":{"type":"Point","coordinates":[-74.1340429699999,4.61259076984858]},"properties":{"FID":105,"OBJECTID":105,"COD_ID_INT":1225,"DIRECCION":"KR 69  X AV PRIMERO DE MAYO (AC 26 S)","LOCALIDAD":"KENNEDY","TIPO_INTER":"EXCLUSIVA PEATONAL","INFRA_CICL":"SIN","OPERACION":"NORMAL"}},{"type":"Feature","id":106,"geometry":{"type":"Point","coordinates":[-74.05194188,4.67678200984653]},"properties":{"FID":106,"OBJECTID":106,"COD_ID_INT":115,"DIRECCION":"AV PASEO DEL COUNTRY (AK 15) X CL 93","LOCALIDAD":"CHAPINERO","TIPO_INTER":"VEHICULAR, PEATONAL","INFRA_CICL":"SIN","OPERACION":"NORMAL"}},{"type":"Feature","id":107,"geometry":{"type":"Point","coordinates":[-74.1385084899999,4.59150551984928]},"properties":{"FID":107,"OBJECTID":107,"COD_ID_INT":1099,"DIRECCION":"AV DEL CONGRESO EUCARISTICO (KR 53)  X DG 49 SUR","LOCALIDAD":"TUNJUELITO","TIPO_INTER":"VEHICULAR","INFRA_CICL":"SIN","OPERACION":"NORMAL"}},{"type":"Feature","id":108,"geometry":{"type":"Point","coordinates":[-74.07044052,4.60909344984869]},"properties":{"FID":108,"OBJECTID":108,"COD_ID_INT":379,"DIRECCION":"KR 7 X CL 23","LOCALIDAD":"SANTA FE","TIPO_INTER":"VEHICULAR, PEATONAL","INFRA_CICL":"CICLORUTA EN CALZADA","OPERACION":"NORMAL"}},{"type":"Feature","id":109,"geometry":{"type":"Point","coordinates":[-74.04281995,4.70426968984559]},"properties":{"FID":109,"OBJECTID":109,"COD_ID_INT":43,"DIRECCION":"AV PASEO DEL COUNTRY (AK 15) X AV CALLEJAS (AC 127)","LOCALIDAD":"USAQUEN","TIPO_INTER":"VEHICULAR, PEATONAL","INFRA_CICL":"CICLORUTA","OPERACION":"NORMAL"}},{"type":"Feature","id":110,"geometry":{"type":"Point","coordinates":[-74.09433262,4.61664598984846]},"properties":{"FID":110,"OBJECTID":110,"COD_ID_INT":629,"DIRECCION":"KR 33 X AV COLON (AC 13)","LOCALIDAD":"PUENTE ARANDA","TIPO_INTER":"VEHICULAR, PEATONAL","INFRA_CICL":"CICLORUTA","OPERACION":"NORMAL"}},{"type":"Feature","id":111,"geometry":{"type":"Point","coordinates":[-74.09316684,4.73981513384442]},"properties":{"FID":111,"OBJECTID":111,"COD_ID_INT":1241,"DIRECCION":"KR 100 X CL 139","LOCALIDAD":"SUBA","TIPO_INTER":"VEHICULAR, PEATONAL, BICIUSUARIOS","INFRA_CICL":"SIN","OPERACION":"NORMAL"}},{"type":"Feature","id":112,"geometry":{"type":"Point","coordinates":[-74.13490861,4.70275894984562]},"properties":{"FID":112,"OBJECTID":112,"COD_ID_INT":817,"DIRECCION":"KR 112 X AV JOSE CELESTINO MUTIS (AC 63)","LOCALIDAD":"ENGATIVA","TIPO_INTER":"VEHICULAR, PEATONAL","INFRA_CICL":"CICLORUTA","OPERACION":"NORMAL"}},{"type":"Feature","id":113,"geometry":{"type":"Point","coordinates":[-74.0626722599999,4.69161230984599]},"properties":{"FID":113,"OBJECTID":113,"COD_ID_INT":231,"DIRECCION":"KR 53 X CL 103B","LOCALIDAD":"SUBA","TIPO_INTER":"VEHICULAR, PEATONAL","INFRA_CICL":"SIN","OPERACION":"NORMAL"}},{"type":"Feature","id":114,"geometry":{"type":"Point","coordinates":[-74.0984991999999,4.7416961598444]},"properties":{"FID":114,"OBJECTID":114,"COD_ID_INT":661,"DIRECCION":"AV CIUDAD DE CALI (AK 104) X CL 139","LOCALIDAD":"SUBA","TIPO_INTER":"VEHICULAR, PEATONAL, BICIUSUARIOS","INFRA_CICL":"CICLORUTA","OPERACION":"NORMAL"}},{"type":"Feature","id":115,"geometry":{"type":"Point","coordinates":[-74.06580108,4.62599946984816]},"properties":{"FID":115,"OBJECTID":115,"COD_ID_INT":280,"DIRECCION":"AV ALBERTO LLERAS CAMARGO (AK 7) X DG 40A","LOCALIDAD":"SANTA FE","TIPO_INTER":"VEHICULAR, PEATONAL","INFRA_CICL":"SIN","OPERACION":"NORMAL"}},{"type":"Feature","id":116,"geometry":{"type":"Point","coordinates":[-74.0889908999999,4.59195520984923]},"properties":{"FID":116,"OBJECTID":116,"COD_ID_INT":965,"DIRECCION":"AV CARACAS (AK 14) X AV DE LA HORTUA (CL 1)","LOCALIDAD":"SANTA FE","TIPO_INTER":"VEHICULAR, PEATONAL","INFRA_CICL":"SIN","OPERACION":"NORMAL"}},{"type":"Feature","id":117,"geometry":{"type":"Point","coordinates":[-74.0829296599999,4.58743677984943]},"properties":{"FID":117,"OBJECTID":117,"COD_ID_INT":954,"DIRECCION":"KR 8 X AV DE LA HORTUA (CL 1)","LOCALIDAD":"SANTA FE","TIPO_INTER":"VEHICULAR, PEATONAL","INFRA_CICL":"SIN","OPERACION":"OBRAS"}},{"type":"Feature","id":118,"geometry":{"type":"Point","coordinates":[-74.1126635859999,4.72234887784501]},"properties":{"FID":118,"OBJECTID":118,"COD_ID_INT":1506,"DIRECCION":"KR 111A X DG 86","LOCALIDAD":"ENGATIVA","TIPO_INTER":"VEHICULAR, PEATONAL","INFRA_CICL":"CICLORUTA","OPERACION":"NORMAL"}},{"type":"Feature","id":119,"geometry":{"type":"Point","coordinates":[-74.0650683699999,4.64023651984766]},"properties":{"FID":119,"OBJECTID":119,"COD_ID_INT":267,"DIRECCION":"KR 13 X AV PABLO VI (AC 53)","LOCALIDAD":"CHAPINERO","TIPO_INTER":"VEHICULAR, PEATONAL","INFRA_CICL":"CICLORUTA","OPERACION":"NORMAL"}},{"type":"Feature","id":120,"geometry":{"type":"Point","coordinates":[-74.08428766,4.60773280984877]},"properties":{"FID":120,"OBJECTID":120,"COD_ID_INT":1261,"DIRECCION":"KR 19 X AV COLON (AC 13)","LOCALIDAD":"LOS MARTIRES","TIPO_INTER":"VEHICULAR, PEATONAL","INFRA_CICL":"CICLORUTA","OPERACION":"NORMAL"}},{"type":"Feature","id":121,"geometry":{"type":"Point","coordinates":[-74.1304474199999,4.66611614984685]},"properties":{"FID":121,"OBJECTID":121,"COD_ID_INT":800,"DIRECCION":"AV CIUDAD DE CALI (AK 86) X AV FERROCARRIL DE OCCIDENTE (AC 22)","LOCALIDAD":"FONTIBON","TIPO_INTER":"VEHICULAR, PEATONAL","INFRA_CICL":"CICLORUTA","OPERACION":"NORMAL"}},{"type":"Feature","id":122,"geometry":{"type":"Point","coordinates":[-74.0982449099999,4.67433333984655]},"properties":{"FID":122,"OBJECTID":122,"COD_ID_INT":657,"DIRECCION":"AV DE LA CONSTITUCION (AK 70) X AC 64C","LOCALIDAD":"ENGATIVA","TIPO_INTER":"VEHICULAR","INFRA_CICL":"SIN","OPERACION":"NORMAL"}},{"type":"Feature","id":123,"geometry":{"type":"Point","coordinates":[-74.07460417,4.60371160984888]},"properties":{"FID":123,"OBJECTID":123,"COD_ID_INT":1359,"DIRECCION":"KR 9 X CL 16","LOCALIDAD":"SANTA FE","TIPO_INTER":"EXCLUSIVA PEATONAL","INFRA_CICL":"SIN","OPERACION":"NORMAL"}},{"type":"Feature","id":124,"geometry":{"type":"Point","coordinates":[-74.061045381,4.66584717584686]},"properties":{"FID":124,"OBJECTID":124,"COD_ID_INT":205,"DIRECCION":"AV PASEO DE LOS LIBERTADORES (AK 20) X AV MEDELLIN (AC 80)","LOCALIDAD":"BARRIOS UNIDOS","TIPO_INTER":"VEHICULAR, PEATONAL","INFRA_CICL":"SIN","OPERACION":"NORMAL"}},{"type":"Feature","id":125,"geometry":{"type":"Point","coordinates":[-74.07550722,4.66944193984675]},"properties":{"FID":125,"OBJECTID":125,"COD_ID_INT":493,"DIRECCION":"KR 53 X AV CHILE (AC 72)","LOCALIDAD":"BARRIOS UNIDOS","TIPO_INTER":"VEHICULAR, PEATONAL","INFRA_CICL":"SIN","OPERACION":"NORMAL"}},{"type":"Feature","id":126,"geometry":{"type":"Point","coordinates":[-74.06985264,4.64932778984737]},"properties":{"FID":126,"OBJECTID":126,"COD_ID_INT":363,"DIRECCION":"KR 20 X DG 61B","LOCALIDAD":"TEUSAQUILLO","TIPO_INTER":"VEHICULAR","INFRA_CICL":"SIN","OPERACION":"NORMAL"}},{"type":"Feature","id":127,"geometry":{"type":"Point","coordinates":[-74.07094962,4.60264772984892]},"properties":{"FID":127,"OBJECTID":127,"COD_ID_INT":390,"DIRECCION":"KR 5 X CL 17","LOCALIDAD":"SANTA FE","TIPO_INTER":"VEHICULAR, PEATONAL","INFRA_CICL":"SIN","OPERACION":"NORMAL"}},{"type":"Feature","id":128,"geometry":{"type":"Point","coordinates":[-74.107375627,4.67485452584656]},"properties":{"FID":128,"OBJECTID":128,"COD_ID_INT":1568,"DIRECCION":"KR 73A X AV JOSE CELESTINO MUTIS (AC 63)","LOCALIDAD":"ENGATIVA","TIPO_INTER":"VEHICULAR, PEATONAL","INFRA_CICL":"CICLORUTA","OPERACION":"OBRAS"}},{"type":"Feature","id":129,"geometry":{"type":"Point","coordinates":[-74.07847868,4.66674171984683]},"properties":{"FID":129,"OBJECTID":129,"COD_ID_INT":523,"DIRECCION":"KR 54 X AV GABRIEL ANDRADE (AC 68)","LOCALIDAD":"BARRIOS UNIDOS","TIPO_INTER":"VEHICULAR, PEATONAL","INFRA_CICL":"SIN","OPERACION":"NORMAL"}},{"type":"Feature","id":130,"geometry":{"type":"Point","coordinates":[-74.07404227,4.60466478984886]},"properties":{"FID":130,"OBJECTID":130,"COD_ID_INT":465,"DIRECCION":"KR 9 X CL 17","LOCALIDAD":"SANTA FE","TIPO_INTER":"VEHICULAR, PEATONAL","INFRA_CICL":"SIN","OPERACION":"NORMAL"}},{"type":"Feature","id":131,"geometry":{"type":"Point","coordinates":[-74.179421851,4.60328274984889]},"properties":{"FID":131,"OBJECTID":131,"COD_ID_INT":926,"DIRECCION":"KR 78C X AV BOSA (CL 59 SUR)","LOCALIDAD":"BOSA","TIPO_INTER":"VEHICULAR, PEATONAL","INFRA_CICL":"CICLORUTA","OPERACION":"NORMAL"}},{"type":"Feature","id":132,"geometry":{"type":"Point","coordinates":[-74.12492736,4.71064977984539]},"properties":{"FID":132,"OBJECTID":132,"COD_ID_INT":1216,"DIRECCION":"AV GONZALO ARIZA (KR 110) X AV CHILE (AC 72)","LOCALIDAD":"ENGATIVA","TIPO_INTER":"VEHICULAR, PEATONAL","INFRA_CICL":"SIN","OPERACION":"NORMAL"}},{"type":"Feature","id":133,"geometry":{"type":"Point","coordinates":[-74.0429506999999,4.75059089984405]},"properties":{"FID":133,"OBJECTID":133,"COD_ID_INT":44,"DIRECCION":"KR 20 X AV SAN JUAN BOSCO (AC 170)","LOCALIDAD":"USAQUEN","TIPO_INTER":"VEHICULAR, PEATONAL, BICIUSUARIOS","INFRA_CICL":"CICLORUTA","OPERACION":"NORMAL"}},{"type":"Feature","id":134,"geometry":{"type":"Point","coordinates":[-74.0263322819999,4.76036388084376]},"properties":{"FID":134,"OBJECTID":134,"COD_ID_INT":1336,"DIRECCION":"AV ALBERTO LLERAS CAMARGO (AK 7) X AV SAN ANTONIO (AC 183)","LOCALIDAD":"USAQUEN","TIPO_INTER":"VEHICULAR, PEATONAL","INFRA_CICL":"CICLORUTA","OPERACION":"NORMAL"}},{"type":"Feature","id":135,"geometry":{"type":"Point","coordinates":[-74.0783115,4.61844155984842]},"properties":{"FID":135,"OBJECTID":135,"COD_ID_INT":522,"DIRECCION":"KR 19B X CL 24","LOCALIDAD":"LOS MARTIRES","TIPO_INTER":"VEHICULAR, PEATONAL, BICIUSUARIOS","INFRA_CICL":"CICLORUTA EN CALZADA","OPERACION":"NORMAL"}},{"type":"Feature","id":136,"geometry":{"type":"Point","coordinates":[-74.14683116,4.68959512984607]},"properties":{"FID":136,"OBJECTID":136,"COD_ID_INT":1305,"DIRECCION":"AV VERSALLES (AK 116) X CL 23B","LOCALIDAD":"FONTIBON","TIPO_INTER":"VEHICULAR, PEATONAL","INFRA_CICL":"SIN","OPERACION":"NORMAL"}},{"type":"Feature","id":137,"geometry":{"type":"Point","coordinates":[-74.1376138109999,4.63689949884778]},"properties":{"FID":137,"OBJECTID":137,"COD_ID_INT":1625,"DIRECCION":"\nKR 72C  X AVENIDA CASTILLA (AC 8)","LOCALIDAD":"KENNEDY","TIPO_INTER":"VEHICULAR, PEATONAL","INFRA_CICL":"SIN","OPERACION":"NORMAL"}},{"type":"Feature","id":138,"geometry":{"type":"Point","coordinates":[-74.0798245299999,4.67279119984664]},"properties":{"FID":138,"OBJECTID":138,"COD_ID_INT":534,"DIRECCION":"KR 60 X AV CHILE (AC 72)","LOCALIDAD":"BARRIOS UNIDOS","TIPO_INTER":"VEHICULAR","INFRA_CICL":"SIN","OPERACION":"NORMAL"}},{"type":"Feature","id":139,"geometry":{"type":"Point","coordinates":[-74.07216364,4.71113387984537]},"properties":{"FID":139,"OBJECTID":139,"COD_ID_INT":416,"DIRECCION":"AV ALFREDO D BATERMAN (TV 60) X AV RODRIGO LARA BONILLA (AC 127)","LOCALIDAD":"SUBA","TIPO_INTER":"VEHICULAR, PEATONAL, BICIUSUARIOS","INFRA_CICL":"CICLORUTA","OPERACION":"NORMAL"}},{"type":"Feature","id":140,"geometry":{"type":"Point","coordinates":[-74.07437964,4.65142710984731]},"properties":{"FID":140,"OBJECTID":140,"COD_ID_INT":473,"DIRECCION":"KR 27 X AV JOSE CELESTINO MUTIS (AC 63)","LOCALIDAD":"BARRIOS UNIDOS","TIPO_INTER":"VEHICULAR","INFRA_CICL":"SIN","OPERACION":"NORMAL"}},{"type":"Feature","id":141,"geometry":{"type":"Point","coordinates":[-74.07257817,4.60913201984871]},"properties":{"FID":141,"OBJECTID":141,"COD_ID_INT":429,"DIRECCION":"AV FERNANDO MAZUERA (AK 10) X CL 22","LOCALIDAD":"SANTA FE","TIPO_INTER":"VEHICULAR, PEATONAL","INFRA_CICL":"SIN","OPERACION":"NORMAL"}},{"type":"Feature","id":142,"geometry":{"type":"Point","coordinates":[-74.0889111,4.59729790984909]},"properties":{"FID":142,"OBJECTID":142,"COD_ID_INT":1188,"DIRECCION":"AV MARISCAL SUCRE (AK 18) X DG 4A","LOCALIDAD":"LOS MARTIRES","TIPO_INTER":"VEHICULAR, PEATONAL","INFRA_CICL":"SIN","OPERACION":"NORMAL"}},{"type":"Feature","id":143,"geometry":{"type":"Point","coordinates":[-74.04366263,4.74650739984421]},"properties":{"FID":143,"OBJECTID":143,"COD_ID_INT":1420,"DIRECCION":"KR 20 X CL 166","LOCALIDAD":"USAQUEN","TIPO_INTER":"VEHICULAR, PEATONAL","INFRA_CICL":"SIN","OPERACION":"NORMAL"}},{"type":"Feature","id":144,"geometry":{"type":"Point","coordinates":[-74.0447487599999,4.68005697984641]},"properties":{"FID":144,"OBJECTID":144,"COD_ID_INT":1419,"DIRECCION":"AV GERMAN ARCINIEGAS (AK 11) X CL 97","LOCALIDAD":"CHAPINERO","TIPO_INTER":"EXCLUSIVA PEATONAL","INFRA_CICL":"CICLORUTA EN CALZADA","OPERACION":"NORMAL"}},{"type":"Feature","id":145,"geometry":{"type":"Point","coordinates":[-74.042841376,4.70226456384569]},"properties":{"FID":145,"OBJECTID":145,"COD_ID_INT":45,"DIRECCION":"AV PASEO DEL COUNTRY (AK 15) X CL 124","LOCALIDAD":"USAQUEN","TIPO_INTER":"EXCLUSIVA PEATONAL","INFRA_CICL":"SIN","OPERACION":"NORMAL"}},{"type":"Feature","id":146,"geometry":{"type":"Point","coordinates":[-74.0321992899999,4.73125194984473]},"properties":{"FID":146,"OBJECTID":146,"COD_ID_INT":1148,"DIRECCION":"AV LAUREANO GOMEZ (AK 9) X AV DE LA SIRENA (AC 153)","LOCALIDAD":"USAQUEN","TIPO_INTER":"VEHICULAR","INFRA_CICL":"SIN","OPERACION":"NORMAL"}},{"type":"Feature","id":147,"geometry":{"type":"Point","coordinates":[-74.11343121,4.71139417984538]},"properties":{"FID":147,"OBJECTID":147,"COD_ID_INT":748,"DIRECCION":"KR 102 X AV MEDELLIN (AC 80)","LOCALIDAD":"ENGATIVA","TIPO_INTER":"VEHICULAR, PEATONAL","INFRA_CICL":"CICLORUTA","OPERACION":"NORMAL"}},{"type":"Feature","id":148,"geometry":{"type":"Point","coordinates":[-74.10902218,4.67926388984643]},"properties":{"FID":148,"OBJECTID":148,"COD_ID_INT":721,"DIRECCION":"KR 77A X AV JOSE CELESTINO MUTIS (AC 63)","LOCALIDAD":"ENGATIVA","TIPO_INTER":"VEHICULAR, PEATONAL","INFRA_CICL":"CICLORUTA","OPERACION":"NORMAL"}},{"type":"Feature","id":149,"geometry":{"type":"Point","coordinates":[-74.09793402,4.70658809984551]},"properties":{"FID":149,"OBJECTID":149,"COD_ID_INT":654,"DIRECCION":"AV CIUDAD DE CALI (AK 86) X DG 85","LOCALIDAD":"ENGATIVA","TIPO_INTER":"EXCLUSIVA PEATONAL","INFRA_CICL":"CICLORUTA","OPERACION":"NORMAL"}},{"type":"Feature","id":150,"geometry":{"type":"Point","coordinates":[-74.1151181399999,4.71328180984531]},"properties":{"FID":150,"OBJECTID":150,"COD_ID_INT":752,"DIRECCION":"AV BOLIVIA (AK 104) X AV MEDELLIN (AC 80)","LOCALIDAD":"ENGATIVA","TIPO_INTER":"VEHICULAR, PEATONAL","INFRA_CICL":"CICLORUTA","OPERACION":"NORMAL"}},{"type":"Feature","id":151,"geometry":{"type":"Point","coordinates":[-74.149078016,4.57073870584994]},"properties":{"FID":151,"OBJECTID":151,"COD_ID_INT":1114,"DIRECCION":"KR 32 X AV CIUDAD DE VILLAVICENCIO (AC 61 SUR)","LOCALIDAD":"CIUDAD BOLIVAR","TIPO_INTER":"EXCLUSIVA PEATONAL","INFRA_CICL":"CICLORUTA","OPERACION":"NORMAL"}},{"type":"Feature","id":152,"geometry":{"type":"Point","coordinates":[-74.1417259199999,4.63824204984773]},"properties":{"FID":152,"OBJECTID":152,"COD_ID_INT":836,"DIRECCION":"KR 78 X AV CASTILLA (AC 8)","LOCALIDAD":"KENNEDY","TIPO_INTER":"VEHICULAR, PEATONAL","INFRA_CICL":"SIN","OPERACION":"NORMAL"}},{"type":"Feature","id":153,"geometry":{"type":"Point","coordinates":[-74.160740441,4.63674720784778]},"properties":{"FID":153,"OBJECTID":153,"COD_ID_INT":894,"DIRECCION":"AV CIUDAD DE CALI (AK 86) X CL 33BIS SUR","LOCALIDAD":"KENNEDY","TIPO_INTER":"EXCLUSIVA PEATONAL","INFRA_CICL":"CICLORUTA","OPERACION":"NORMAL"}},{"type":"Feature","id":154,"geometry":{"type":"Point","coordinates":[-74.0944911399999,4.58580526984945]},"properties":{"FID":154,"OBJECTID":154,"COD_ID_INT":982,"DIRECCION":"AV CARACAS (AK 14) X AV FUCHA (AC 11 S)","LOCALIDAD":"ANTONIO NARINO","TIPO_INTER":"VEHICULAR, PEATONAL","INFRA_CICL":"CICLORUTA","OPERACION":"NORMAL"}},{"type":"Feature","id":155,"geometry":{"type":"Point","coordinates":[-74.06843279,4.65390335984725]},"properties":{"FID":155,"OBJECTID":155,"COD_ID_INT":328,"DIRECCION":"KR 19 X CL 64","LOCALIDAD":"BARRIOS UNIDOS","TIPO_INTER":"VEHICULAR, PEATONAL, BICIUSUARIOS","INFRA_CICL":"CICLORUTA EN CALZADA","OPERACION":"NORMAL"}},{"type":"Feature","id":156,"geometry":{"type":"Point","coordinates":[-74.155430542,4.58085886784964]},"properties":{"FID":156,"OBJECTID":156,"COD_ID_INT":1573,"DIRECCION":"AV JORGE GAITAN CORTES (AK 51) X CL 59C SUR","LOCALIDAD":"CIUDAD BOLIVAR","TIPO_INTER":"VEHICULAR, PEATONAL","INFRA_CICL":"CICLORUTA","OPERACION":"NORMAL"}},{"type":"Feature","id":157,"geometry":{"type":"Point","coordinates":[-74.0408783029999,4.7040325698456]},"properties":{"FID":157,"OBJECTID":157,"COD_ID_INT":35,"DIRECCION":"KR 14 X AV CALLEJAS (AC 127)","LOCALIDAD":"USAQUEN","TIPO_INTER":"VEHICULAR, PEATONAL","INFRA_CICL":"SIN","OPERACION":"NORMAL"}},{"type":"Feature","id":158,"geometry":{"type":"Point","coordinates":[-74.08492853,4.58936946984935]},"properties":{"FID":158,"OBJECTID":158,"COD_ID_INT":956,"DIRECCION":"AV FERNANDO MAZUERA (AK 10) X AV DE LA HORTUA (CL 1)","LOCALIDAD":"SANTA FE","TIPO_INTER":"VEHICULAR, PEATONAL","INFRA_CICL":"CICLORUTA","OPERACION":"NORMAL"}},{"type":"Feature","id":159,"geometry":{"type":"Point","coordinates":[-74.0978123799999,4.60147455984893]},"properties":{"FID":159,"OBJECTID":159,"COD_ID_INT":653,"DIRECCION":"AV GENERAL SANTANDER (AK 27) X CL 3","LOCALIDAD":"LOS MARTIRES","TIPO_INTER":"VEHICULAR, PEATONAL","INFRA_CICL":"SIN","OPERACION":"NORMAL"}},{"type":"Feature","id":160,"geometry":{"type":"Point","coordinates":[-74.05679458,4.64283520984758]},"properties":{"FID":160,"OBJECTID":160,"COD_ID_INT":164,"DIRECCION":"TV 1 X AV PATRICIO SAMPER GENECCO (CL 60BIS)","LOCALIDAD":"CHAPINERO","TIPO_INTER":"VEHICULAR, PEATONAL","INFRA_CICL":"SIN","OPERACION":"NORMAL"}},{"type":"Feature","id":161,"geometry":{"type":"Point","coordinates":[-74.08378221,4.6745292298466]},"properties":{"FID":161,"OBJECTID":161,"COD_ID_INT":559,"DIRECCION":"KR 65 X AV GABRIEL ANDRADE (AC 68)","LOCALIDAD":"BARRIOS UNIDOS","TIPO_INTER":"VEHICULAR","INFRA_CICL":"SIN","OPERACION":"NORMAL"}},{"type":"Feature","id":162,"geometry":{"type":"Point","coordinates":[-74.08206365,4.63079285984798]},"properties":{"FID":162,"OBJECTID":162,"COD_ID_INT":1325,"DIRECCION":"KR 33 X CL 27A","LOCALIDAD":"TEUSAQUILLO","TIPO_INTER":"VEHICULAR, PEATONAL","INFRA_CICL":"SIN","OPERACION":"NORMAL"}},{"type":"Feature","id":163,"geometry":{"type":"Point","coordinates":[-74.195030107,4.61326105384853]},"properties":{"FID":163,"OBJECTID":163,"COD_ID_INT":1552,"DIRECCION":"AV CIUDAD DE CALI (AK 82B) X CALLE 71A SUR","LOCALIDAD":"BOSA","TIPO_INTER":"VEHICULAR, PEATONAL","INFRA_CICL":"SIN","OPERACION":"NORMAL"}},{"type":"Feature","id":164,"geometry":{"type":"Point","coordinates":[-74.145960913,4.56861959185001]},"properties":{"FID":164,"OBJECTID":164,"COD_ID_INT":1494,"DIRECCION":"KR 22G X AV CIUDAD DE VILLAVICENCIO (AC 61 SUR)","LOCALIDAD":"CIUDAD BOLIVAR","TIPO_INTER":"VEHICULAR, PEATONAL","INFRA_CICL":"SIN","OPERACION":"NORMAL"}},{"type":"Feature","id":165,"geometry":{"type":"Point","coordinates":[-74.07479989,4.60518489384882]},"properties":{"FID":165,"OBJECTID":165,"COD_ID_INT":479,"DIRECCION":"AV FERNANDO MAZUERA (AK 10) X CL 17","LOCALIDAD":"SANTA FE","TIPO_INTER":"VEHICULAR, PEATONAL","INFRA_CICL":"SIN","OPERACION":"NORMAL"}},{"type":"Feature","id":166,"geometry":{"type":"Point","coordinates":[-74.133935061,4.66959752984672]},"properties":{"FID":166,"OBJECTID":166,"COD_ID_INT":1653,"DIRECCION":"KR 93 X AVENIDA FERROCARRIL DEL OCCIDENTE (AC 22)","LOCALIDAD":"FONTIBON","TIPO_INTER":"VEHICULAR, PEATONAL","INFRA_CICL":"SIN","OPERACION":"NORMAL"}},{"type":"Feature","id":167,"geometry":{"type":"Point","coordinates":[-74.0470177079999,4.66206424184697]},"properties":{"FID":167,"OBJECTID":167,"COD_ID_INT":78,"DIRECCION":"AV PATRICIO SAMPER GNECCO (AK 1) X CL 83","LOCALIDAD":"CHAPINERO","TIPO_INTER":"VEHICULAR, PEATONAL","INFRA_CICL":"SIN","OPERACION":"NORMAL"}},{"type":"Feature","id":168,"geometry":{"type":"Point","coordinates":[-74.12411739,4.62435905984822]},"properties":{"FID":168,"OBJECTID":168,"COD_ID_INT":788,"DIRECCION":"AV DEL CONGRESO EUCARISTICO (AK 68)  X AV CIUDAD MONTES (AC 3)","LOCALIDAD":"KENNEDY","TIPO_INTER":"VEHICULAR, PEATONAL","INFRA_CICL":"SIN","OPERACION":"NORMAL"}},{"type":"Feature","id":169,"geometry":{"type":"Point","coordinates":[-74.1243993209999,4.68454794284622]},"properties":{"FID":169,"OBJECTID":169,"COD_ID_INT":1328,"DIRECCION":"TV 93 X AV JORGE ELIECER GAITAN (AC 26)","LOCALIDAD":"FONTIBON","TIPO_INTER":"VEHICULAR, BICIUSUARIOS","INFRA_CICL":"CICLORUTA","OPERACION":"NORMAL"}},{"type":"Feature","id":170,"geometry":{"type":"Point","coordinates":[-74.10842024,4.63240383984793]},"properties":{"FID":170,"OBJECTID":170,"COD_ID_INT":1312,"DIRECCION":"KR 56 X AV PUENTE ARANDA (AC 17)","LOCALIDAD":"PUENTE ARANDA","TIPO_INTER":"VEHICULAR, PEATONAL","INFRA_CICL":"SIN","OPERACION":"NORMAL"}},{"type":"Feature","id":171,"geometry":{"type":"Point","coordinates":[-74.07246831,4.64529127984752]},"properties":{"FID":171,"OBJECTID":171,"COD_ID_INT":426,"DIRECCION":"AV COLOMBIA (TV 24) X AV GILBERTO ALZATE AVENDANO (AC 57)","LOCALIDAD":"TEUSAQUILLO","TIPO_INTER":"VEHICULAR, PEATONAL","INFRA_CICL":"SIN","OPERACION":"NORMAL"}},{"type":"Feature","id":172,"geometry":{"type":"Point","coordinates":[-74.11230234,4.61336397984854]},"properties":{"FID":172,"OBJECTID":172,"COD_ID_INT":1152,"DIRECCION":"KR 41 X AV CIUDAD MONTES (AC 3)","LOCALIDAD":"PUENTE ARANDA","TIPO_INTER":"EXCLUSIVA PEATONAL","INFRA_CICL":"SIN","OPERACION":"NORMAL"}},{"type":"Feature","id":173,"geometry":{"type":"Point","coordinates":[-74.067838179,4.60618653784877]},"properties":{"FID":173,"OBJECTID":173,"COD_ID_INT":1521,"DIRECCION":"KR 4 X CL 22","LOCALIDAD":"SANTA FE","TIPO_INTER":"VEHICULAR, PEATONAL","INFRA_CICL":"SIN","OPERACION":"NORMAL"}},{"type":"Feature","id":174,"geometry":{"type":"Point","coordinates":[-74.07416939,4.64075637984766]},"properties":{"FID":174,"OBJECTID":174,"COD_ID_INT":467,"DIRECCION":"AV COLOMBIA (AK 24) X CL 52","LOCALIDAD":"TEUSAQUILLO","TIPO_INTER":"VEHICULAR","INFRA_CICL":"SIN","OPERACION":"NORMAL"}},{"type":"Feature","id":175,"geometry":{"type":"Point","coordinates":[-74.090234991,4.68920168484611]},"properties":{"FID":175,"OBJECTID":175,"COD_ID_INT":600,"DIRECCION":"KR 70F X CL 75","LOCALIDAD":"ENGATIVA","TIPO_INTER":"VEHICULAR, PEATONAL","INFRA_CICL":"SIN","OPERACION":"NORMAL"}},{"type":"Feature","id":176,"geometry":{"type":"Point","coordinates":[-74.167306319,4.58966510984933]},"properties":{"FID":176,"OBJECTID":176,"COD_ID_INT":1376,"DIRECCION":"AV FEDERICO LLERAS (KR 72) X CL 62D SUR","LOCALIDAD":"CIUDAD BOLIVAR","TIPO_INTER":"VEHICULAR, PEATONAL","INFRA_CICL":"SIN","OPERACION":"NORMAL"}},{"type":"Feature","id":177,"geometry":{"type":"Point","coordinates":[-74.08290864,4.6701381098467]},"properties":{"FID":177,"OBJECTID":177,"COD_ID_INT":1310,"DIRECCION":"AV DE LA ESMERALDA (AK 60) X CL 67B","LOCALIDAD":"BARRIOS UNIDOS","TIPO_INTER":"VEHICULAR, PEATONAL","INFRA_CICL":"SIN","OPERACION":"NORMAL"}},{"type":"Feature","id":178,"geometry":{"type":"Point","coordinates":[-74.0759166,4.6421652898476]},"properties":{"FID":178,"OBJECTID":178,"COD_ID_INT":496,"DIRECCION":"KR 27 X AV PABLO VI (AC 53)","LOCALIDAD":"TEUSAQUILLO","TIPO_INTER":"VEHICULAR","INFRA_CICL":"SIN","OPERACION":"NORMAL"}},{"type":"Feature","id":179,"geometry":{"type":"Point","coordinates":[-74.08630013,4.55150747985057]},"properties":{"FID":179,"OBJECTID":179,"COD_ID_INT":959,"DIRECCION":"AV DE LOS CERROS (KR 9 E) X AV CIUDAD DE VILLAVICENCIO (CL 36L S)","LOCALIDAD":"SAN CRISTOBAL","TIPO_INTER":"VEHICULAR, PEATONAL","INFRA_CICL":"SIN","OPERACION":"NORMAL"}},{"type":"Feature","id":180,"geometry":{"type":"Point","coordinates":[-74.07285916,4.66137462984703]},"properties":{"FID":180,"OBJECTID":180,"COD_ID_INT":434,"DIRECCION":"KR 28 X AV GABRIEL ANDRADE (AC 68)","LOCALIDAD":"BARRIOS UNIDOS","TIPO_INTER":"VEHICULAR, PEATONAL","INFRA_CICL":"SIN","OPERACION":"NORMAL"}},{"type":"Feature","id":181,"geometry":{"type":"Point","coordinates":[-74.064788874,4.7472180578442]},"properties":{"FID":181,"OBJECTID":181,"COD_ID_INT":266,"DIRECCION":"AV BOYACA (AK 72) X CL 163","LOCALIDAD":"SUBA","TIPO_INTER":"EXCLUSIVA PEATONAL","INFRA_CICL":"CICLORUTA","OPERACION":"NORMAL"}},{"type":"Feature","id":182,"geometry":{"type":"Point","coordinates":[-74.06464368,4.66137872984695]},"properties":{"FID":182,"OBJECTID":182,"COD_ID_INT":263,"DIRECCION":"KR 20C X AV CHILE (AC 72)","LOCALIDAD":"BARRIOS UNIDOS","TIPO_INTER":"VEHICULAR, PEATONAL, BICIUSUARIOS","INFRA_CICL":"SIN","OPERACION":"NORMAL"}},{"type":"Feature","id":183,"geometry":{"type":"Point","coordinates":[-74.0608158599999,4.65407398984722]},"properties":{"FID":183,"OBJECTID":183,"COD_ID_INT":203,"DIRECCION":"AV GERMAN ARCINIEGAS (AK 11) X CL 69","LOCALIDAD":"CHAPINERO","TIPO_INTER":"VEHICULAR","INFRA_CICL":"CICLORUTA","OPERACION":"NORMAL"}},{"type":"Feature","id":184,"geometry":{"type":"Point","coordinates":[-74.0676076,4.65019751984737]},"properties":{"FID":184,"OBJECTID":184,"COD_ID_INT":318,"DIRECCION":"KR 17 X AV JOSE CELESTINO MUTIS (AC 63)","LOCALIDAD":"BARRIOS UNIDOS","TIPO_INTER":"VEHICULAR, PEATONAL","INFRA_CICL":"SIN","OPERACION":"NORMAL"}},{"type":"Feature","id":185,"geometry":{"type":"Point","coordinates":[-74.138827519,4.62116336284832]},"properties":{"FID":185,"OBJECTID":185,"COD_ID_INT":874,"DIRECCION":"AV BOYACA (AK 72) X CL 2A SUR","LOCALIDAD":"KENNEDY","TIPO_INTER":"VEHICULAR, PEATONAL","INFRA_CICL":"CICLORUTA","OPERACION":"NORMAL"}},{"type":"Feature","id":186,"geometry":{"type":"Point","coordinates":[-74.10786329,4.70627107984551]},"properties":{"FID":186,"OBJECTID":186,"COD_ID_INT":717,"DIRECCION":"TV 94 X AV MEDELLIN (AC 80)","LOCALIDAD":"ENGATIVA","TIPO_INTER":"VEHICULAR, PEATONAL","INFRA_CICL":"CICLORUTA","OPERACION":"NORMAL"}},{"type":"Feature","id":187,"geometry":{"type":"Point","coordinates":[-74.07368365,4.62375176984824]},"properties":{"FID":187,"OBJECTID":187,"COD_ID_INT":451,"DIRECCION":"AV MARISCAL SUCRE (AK 19) X AV TEUSAQUILLO (AC 34)","LOCALIDAD":"TEUSAQUILLO","TIPO_INTER":"VEHICULAR, PEATONAL","INFRA_CICL":"SIN","OPERACION":"NORMAL"}},{"type":"Feature","id":188,"geometry":{"type":"Point","coordinates":[-74.0914047699999,4.65085102984736]},"properties":{"FID":188,"OBJECTID":188,"COD_ID_INT":599,"DIRECCION":"KR 58 X AV PABLO VI (AC 53)","LOCALIDAD":"TEUSAQUILLO","TIPO_INTER":"VEHICULAR, PEATONAL","INFRA_CICL":"CICLORUTA","OPERACION":"NORMAL"}},{"type":"Feature","id":189,"geometry":{"type":"Point","coordinates":[-74.1432858599999,4.67389987984655]},"properties":{"FID":189,"OBJECTID":189,"COD_ID_INT":1237,"DIRECCION":"KR 99 X CL 19","LOCALIDAD":"FONTIBON","TIPO_INTER":"VEHICULAR, PEATONAL","INFRA_CICL":"SIN","OPERACION":"NORMAL"}},{"type":"Feature","id":190,"geometry":{"type":"Point","coordinates":[-74.06362957,4.6362056598478]},"properties":{"FID":190,"OBJECTID":190,"COD_ID_INT":248,"DIRECCION":"AV ALBERTO LLERAS CAMARGO (AK 7) X CL 49","LOCALIDAD":"CHAPINERO","TIPO_INTER":"VEHICULAR, PEATONAL","INFRA_CICL":"SIN","OPERACION":"NORMAL"}},{"type":"Feature","id":191,"geometry":{"type":"Point","coordinates":[-74.07000017,4.63700100984779]},"properties":{"FID":191,"OBJECTID":191,"COD_ID_INT":368,"DIRECCION":"KR 17 X CL 49","LOCALIDAD":"TEUSAQUILLO","TIPO_INTER":"VEHICULAR, PEATONAL","INFRA_CICL":"SIN","OPERACION":"NORMAL"}},{"type":"Feature","id":192,"geometry":{"type":"Point","coordinates":[-74.05644137,4.7493865098441]},"properties":{"FID":192,"OBJECTID":192,"COD_ID_INT":160,"DIRECCION":"KR 55A X CL 167","LOCALIDAD":"SUBA","TIPO_INTER":"VEHICULAR, PEATONAL","INFRA_CICL":"SIN","OPERACION":"NORMAL"}},{"type":"Feature","id":193,"geometry":{"type":"Point","coordinates":[-74.05390109,4.66430814984691]},"properties":{"FID":193,"OBJECTID":193,"COD_ID_INT":1361,"DIRECCION":"AV GERMAN ARCINIEGAS (AK 11) X CL 80","LOCALIDAD":"CHAPINERO","TIPO_INTER":"VEHICULAR, PEATONAL","INFRA_CICL":"CICLORUTA","OPERACION":"NORMAL"}},{"type":"Feature","id":194,"geometry":{"type":"Point","coordinates":[-74.11538668,4.59248793984925]},"properties":{"FID":194,"OBJECTID":194,"COD_ID_INT":1043,"DIRECCION":"AV JORGE GAITAN CORTES (KR 30) X CL 30 SUR","LOCALIDAD":"ANTONIO NARINO","TIPO_INTER":"VEHICULAR, PEATONAL","INFRA_CICL":"SIN","OPERACION":"NORMAL"}},{"type":"Feature","id":195,"geometry":{"type":"Point","coordinates":[-74.046650412,4.72047873884507]},"properties":{"FID":195,"OBJECTID":195,"COD_ID_INT":71,"DIRECCION":"AV SANTA BARBARA (AK 19) X CL 136","LOCALIDAD":"USAQUEN","TIPO_INTER":"VEHICULAR","INFRA_CICL":"CICLORUTA","OPERACION":"NORMAL"}},{"type":"Feature","id":196,"geometry":{"type":"Point","coordinates":[-74.0907370799999,4.57703807984971]},"properties":{"FID":196,"OBJECTID":196,"COD_ID_INT":970,"DIRECCION":"KR 8 X CL 17 S","LOCALIDAD":"SAN CRISTOBAL","TIPO_INTER":"VEHICULAR, PEATONAL","INFRA_CICL":"SIN","OPERACION":"NORMAL"}},{"type":"Feature","id":197,"geometry":{"type":"Point","coordinates":[-74.0468466,4.66524176984684]},"properties":{"FID":197,"OBJECTID":197,"COD_ID_INT":73,"DIRECCION":"AV ALBERTO LLERAS CAMARGO (AK 7) X AV CALLE 85 (AC 85)","LOCALIDAD":"CHAPINERO","TIPO_INTER":"VEHICULAR, PEATONAL","INFRA_CICL":"SIN","OPERACION":"NORMAL"}},{"type":"Feature","id":198,"geometry":{"type":"Point","coordinates":[-74.041649473,4.67438732084657]},"properties":{"FID":198,"OBJECTID":198,"COD_ID_INT":40,"DIRECCION":"AV ALBERTO LLERAS CAMARGO (AK 7) X CL 94","LOCALIDAD":"CHAPINERO","TIPO_INTER":"VEHICULAR, PEATONAL","INFRA_CICL":"SIN","OPERACION":"NORMAL"}},{"type":"Feature","id":199,"geometry":{"type":"Point","coordinates":[-74.1424377399999,4.58040683984958]},"properties":{"FID":199,"OBJECTID":199,"COD_ID_INT":1109,"DIRECCION":"AV JORGE GAITAN CORTES (KR 33) X AV BOYACA (CL 56A S)","LOCALIDAD":"TUNJUELITO","TIPO_INTER":"VEHICULAR, PEATONAL","INFRA_CICL":"CICLORUTA","OPERACION":"NORMAL"}},{"type":"Feature","id":200,"geometry":{"type":"Point","coordinates":[-74.1152234959999,4.63088173184798]},"properties":{"FID":200,"OBJECTID":200,"COD_ID_INT":1485,"DIRECCION":"KR 62 X CL 11","LOCALIDAD":"PUENTE ARANDA","TIPO_INTER":"VEHICULAR, PEATONAL","INFRA_CICL":"SIN","OPERACION":"NORMAL"}},{"type":"Feature","id":201,"geometry":{"type":"Point","coordinates":[-74.15272449,4.62478814984816]},"properties":{"FID":201,"OBJECTID":201,"COD_ID_INT":871,"DIRECCION":"KR 78K X CL 36 SUR","LOCALIDAD":"KENNEDY","TIPO_INTER":"VEHICULAR, PEATONAL, BICIUSUARIOS","INFRA_CICL":"CICLORUTA EN CALZADA","OPERACION":"NORMAL"}},{"type":"Feature","id":202,"geometry":{"type":"Point","coordinates":[-74.10802265,4.57878448984966]},"properties":{"FID":202,"OBJECTID":202,"COD_ID_INT":1027,"DIRECCION":"AV CARACAS (AK 14) X CL 28 SUR","LOCALIDAD":"RAFAEL URIBE","TIPO_INTER":"VEHICULAR, PEATONAL","INFRA_CICL":"SIN","OPERACION":"NORMAL"}},{"type":"Feature","id":203,"geometry":{"type":"Point","coordinates":[-74.10064576,4.58545801984945]},"properties":{"FID":203,"OBJECTID":203,"COD_ID_INT":1006,"DIRECCION":"KR 18 X CL 17 SUR","LOCALIDAD":"ANTONIO NARINO","TIPO_INTER":"VEHICULAR, PEATONAL","INFRA_CICL":"SIN","OPERACION":"NORMAL"}},{"type":"Feature","id":204,"geometry":{"type":"Point","coordinates":[-74.080106329,4.75517398284392]},"properties":{"FID":204,"OBJECTID":204,"COD_ID_INT":1449,"DIRECCION":"KR 92 X CL 158","LOCALIDAD":"SUBA","TIPO_INTER":"VEHICULAR, PEATONAL","INFRA_CICL":"SIN","OPERACION":"NORMAL"}},{"type":"Feature","id":205,"geometry":{"type":"Point","coordinates":[-74.07064317,4.64497151984754]},"properties":{"FID":205,"OBJECTID":205,"COD_ID_INT":381,"DIRECCION":"KR 20 X AV GILBERTO ALZATE AVENDANO (AC 57)","LOCALIDAD":"TEUSAQUILLO","TIPO_INTER":"VEHICULAR","INFRA_CICL":"SIN","OPERACION":"NORMAL"}},{"type":"Feature","id":206,"geometry":{"type":"Point","coordinates":[-74.1452678799999,4.62677658984809]},"properties":{"FID":206,"OBJECTID":206,"COD_ID_INT":849,"DIRECCION":"KR 78 X CL 3","LOCALIDAD":"KENNEDY","TIPO_INTER":"VEHICULAR, PEATONAL","INFRA_CICL":"SIN","OPERACION":"NORMAL"}},{"type":"Feature","id":207,"geometry":{"type":"Point","coordinates":[-74.06955298,4.61973807984836]},"properties":{"FID":207,"OBJECTID":207,"COD_ID_INT":1180,"DIRECCION":"KR 13A X CL 32","LOCALIDAD":"SANTA FE","TIPO_INTER":"VEHICULAR, PEATONAL","INFRA_CICL":"SIN","OPERACION":"NORMAL"}},{"type":"Feature","id":208,"geometry":{"type":"Point","coordinates":[-74.0465763299999,4.66456025984687]},"properties":{"FID":208,"OBJECTID":208,"COD_ID_INT":75,"DIRECCION":"AV PATRICIO SAMPER GNECCO (AK 1) X CL 85","LOCALIDAD":"CHAPINERO","TIPO_INTER":"VEHICULAR","INFRA_CICL":"SIN","OPERACION":"NORMAL"}},{"type":"Feature","id":209,"geometry":{"type":"Point","coordinates":[-74.15627389,4.64363274984759]},"properties":{"FID":209,"OBJECTID":209,"COD_ID_INT":1296,"DIRECCION":"KR 87A X CL 6A","LOCALIDAD":"KENNEDY","TIPO_INTER":"VEHICULAR, PEATONAL","INFRA_CICL":"CICLORUTA","OPERACION":"NORMAL"}},{"type":"Feature","id":210,"geometry":{"type":"Point","coordinates":[-74.06275936,4.691875869846]},"properties":{"FID":210,"OBJECTID":210,"COD_ID_INT":233,"DIRECCION":"KR 53 X TV 54","LOCALIDAD":"SUBA","TIPO_INTER":"VEHICULAR, PEATONAL","INFRA_CICL":"SIN","OPERACION":"NORMAL"}},{"type":"Feature","id":211,"geometry":{"type":"Point","coordinates":[-74.1720765699999,4.63788411984774]},"properties":{"FID":211,"OBJECTID":211,"COD_ID_INT":1424,"DIRECCION":"KR 89C X CL 42A SUR","LOCALIDAD":"KENNEDY","TIPO_INTER":"VEHICULAR, PEATONAL, BICIUSUARIOS","INFRA_CICL":"CICLORUTA EN CALZADA","OPERACION":"NORMAL"}},{"type":"Feature","id":212,"geometry":{"type":"Point","coordinates":[-74.10702434,4.59848982984905]},"properties":{"FID":212,"OBJECTID":212,"COD_ID_INT":713,"DIRECCION":"AV CIUDAD DE QUITO (AK 30) X AV FUCHA (AC 8 S)","LOCALIDAD":"PUENTE ARANDA","TIPO_INTER":"VEHICULAR, PEATONAL","INFRA_CICL":"CICLORUTA","OPERACION":"NORMAL"}},{"type":"Feature","id":213,"geometry":{"type":"Point","coordinates":[-74.06145212,4.75009295984413]},"properties":{"FID":213,"OBJECTID":213,"COD_ID_INT":211,"DIRECCION":"KR 62 X CL 167","LOCALIDAD":"SUBA","TIPO_INTER":"VEHICULAR, PEATONAL","INFRA_CICL":"SIN","OPERACION":"NORMAL"}},{"type":"Feature","id":214,"geometry":{"type":"Point","coordinates":[-74.0943096399999,4.57976444984962]},"properties":{"FID":214,"OBJECTID":214,"COD_ID_INT":980,"DIRECCION":"KR 11 X CL 17 SUR","LOCALIDAD":"ANTONIO NARINO","TIPO_INTER":"VEHICULAR, PEATONAL","INFRA_CICL":"SIN","OPERACION":"NORMAL"}},{"type":"Feature","id":215,"geometry":{"type":"Point","coordinates":[-74.072324,4.63942877984771]},"properties":{"FID":215,"OBJECTID":215,"COD_ID_INT":420,"DIRECCION":"KR 21 X CL 51","LOCALIDAD":"TEUSAQUILLO","TIPO_INTER":"VEHICULAR, PEATONAL","INFRA_CICL":"SIN","OPERACION":"NORMAL"}},{"type":"Feature","id":216,"geometry":{"type":"Point","coordinates":[-74.1940862399999,4.62909425984802]},"properties":{"FID":216,"OBJECTID":216,"COD_ID_INT":1129,"DIRECCION":"AK 89B X CL 61A SUR","LOCALIDAD":"BOSA","TIPO_INTER":"VEHICULAR, PEATONAL","INFRA_CICL":"SIN","OPERACION":"NORMAL"}},{"type":"Feature","id":217,"geometry":{"type":"Point","coordinates":[-74.1630710599999,4.63464199984786]},"properties":{"FID":217,"OBJECTID":217,"COD_ID_INT":902,"DIRECCION":"AV CIUDAD DE CALI (AK 86) X AV DE LOS MUISCAS (CL 38 S) Y (DG 38 S)","LOCALIDAD":"KENNEDY","TIPO_INTER":"VEHICULAR, PEATONAL","INFRA_CICL":"CICLORUTA","OPERACION":"NORMAL"}},{"type":"Feature","id":218,"geometry":{"type":"Point","coordinates":[-74.133033371,4.62000905384833]},"properties":{"FID":218,"OBJECTID":218,"COD_ID_INT":908,"DIRECCION":"KR 70B X CL 3 SUR","LOCALIDAD":"KENNEDY","TIPO_INTER":"VEHICULAR, PEATONAL","INFRA_CICL":"SIN","OPERACION":"NORMAL"}},{"type":"Feature","id":219,"geometry":{"type":"Point","coordinates":[-74.088878171,4.66113120384703]},"properties":{"FID":219,"OBJECTID":219,"COD_ID_INT":1491,"DIRECCION":"AK 60 (AVENIDA DE LA ESMERALDA) X AC 63 (AVENIDA JOSE CELESTINO MUTIS) (MUSEO DE LOS NIÑOS)","LOCALIDAD":"BARRIOS UNIDOS","TIPO_INTER":"VEHICULAR, PEATONAL","INFRA_CICL":"SIN","OPERACION":"NORMAL"}},{"type":"Feature","id":220,"geometry":{"type":"Point","coordinates":[-74.1065935999999,4.50663198485205]},"properties":{"FID":220,"OBJECTID":220,"COD_ID_INT":1459,"DIRECCION":"KR 4E X AUTOPISTA AL LLANO (CL 84 S)","LOCALIDAD":"USME","TIPO_INTER":"EXCLUSIVA PEATONAL","INFRA_CICL":"SIN","OPERACION":"NORMAL"}},{"type":"Feature","id":221,"geometry":{"type":"Point","coordinates":[-74.132471676,4.61142422984866]},"properties":{"FID":221,"OBJECTID":221,"COD_ID_INT":1630,"DIRECCION":"KR 68H X AV PRIMERO DE MAYO (AC 26 SUR)","LOCALIDAD":"KENNEDY","TIPO_INTER":"VEHICULAR, PEATONAL","INFRA_CICL":"SIN","OPERACION":"NORMAL"}},{"type":"Feature","id":222,"geometry":{"type":"Point","coordinates":[-74.13311676,4.68226338984632]},"properties":{"FID":222,"OBJECTID":222,"COD_ID_INT":809,"DIRECCION":"KR 100 X DG 24C","LOCALIDAD":"FONTIBON","TIPO_INTER":"VEHICULAR, PEATONAL","INFRA_CICL":"SIN","OPERACION":"NORMAL"}},{"type":"Feature","id":223,"geometry":{"type":"Point","coordinates":[-74.0717346499999,4.61760422984842]},"properties":{"FID":223,"OBJECTID":223,"COD_ID_INT":405,"DIRECCION":"AV CARACAS (AK 14) X DG 30","LOCALIDAD":"SANTA FE","TIPO_INTER":"VEHICULAR, PEATONAL","INFRA_CICL":"SIN","OPERACION":"NORMAL"}},{"type":"Feature","id":224,"geometry":{"type":"Point","coordinates":[-74.0906786799999,4.62067162984832]},"properties":{"FID":224,"OBJECTID":224,"COD_ID_INT":1357,"DIRECCION":"KR 33 X AV CIUDAD DE LIMA (AC 19)","LOCALIDAD":"PUENTE ARANDA","TIPO_INTER":"VEHICULAR, PEATONAL","INFRA_CICL":"SIN","OPERACION":"NORMAL"}},{"type":"Feature","id":225,"geometry":{"type":"Point","coordinates":[-74.13142458,4.70012166984571]},"properties":{"FID":225,"OBJECTID":225,"COD_ID_INT":804,"DIRECCION":"KR 110BIS X AV JOSE CELESTINO MUTIS (AC 63)","LOCALIDAD":"ENGATIVA","TIPO_INTER":"VEHICULAR, PEATONAL","INFRA_CICL":"CICLORUTA","OPERACION":"NORMAL"}},{"type":"Feature","id":226,"geometry":{"type":"Point","coordinates":[-74.08403784,4.66858168984677]},"properties":{"FID":226,"OBJECTID":226,"COD_ID_INT":1309,"DIRECCION":"AV DE LA ESMERALDA (AK 60) X CL 66C","LOCALIDAD":"BARRIOS UNIDOS","TIPO_INTER":"VEHICULAR, PEATONAL","INFRA_CICL":"SIN","OPERACION":"NORMAL"}},{"type":"Feature","id":227,"geometry":{"type":"Point","coordinates":[-74.1774965069999,4.59695404384907]},"properties":{"FID":227,"OBJECTID":227,"COD_ID_INT":924,"DIRECCION":"AV DEL SUR (KR 77G) X AV BOSA (CL 59 SUR)","LOCALIDAD":"BOSA","TIPO_INTER":"VEHICULAR, PEATONAL","INFRA_CICL":"CICLORUTA","OPERACION":"NORMAL"}},{"type":"Feature","id":228,"geometry":{"type":"Point","coordinates":[-74.1707251839999,4.62841960984805]},"properties":{"FID":228,"OBJECTID":228,"COD_ID_INT":916,"DIRECCION":"AV CIUDAD DE CALI (AK 86) X AV CIUDAD DE VILLAVICENCIO (AC 43 S)","LOCALIDAD":"KENNEDY","TIPO_INTER":"VEHICULAR, PEATONAL","INFRA_CICL":"CICLORUTA","OPERACION":"NORMAL"}},{"type":"Feature","id":229,"geometry":{"type":"Point","coordinates":[-74.0613764399999,4.68414853984624]},"properties":{"FID":229,"OBJECTID":229,"COD_ID_INT":209,"DIRECCION":"KR 49 X CL 95","LOCALIDAD":"BARRIOS UNIDOS","TIPO_INTER":"VEHICULAR, PEATONAL","INFRA_CICL":"SIN","OPERACION":"NORMAL"}},{"type":"Feature","id":230,"geometry":{"type":"Point","coordinates":[-74.07744308,4.59452259984919]},"properties":{"FID":230,"OBJECTID":230,"COD_ID_INT":947,"DIRECCION":"KR 7 X CL 7","LOCALIDAD":"CANDELARIA","TIPO_INTER":"VEHICULAR, PEATONAL","INFRA_CICL":"SIN","OPERACION":"NORMAL"}},{"type":"Feature","id":231,"geometry":{"type":"Point","coordinates":[-74.0929968899999,4.60752732984872]},"properties":{"FID":231,"OBJECTID":231,"COD_ID_INT":619,"DIRECCION":"AV GENERAL SANTANDER (AK 27) X CL 9","LOCALIDAD":"LOS MARTIRES","TIPO_INTER":"VEHICULAR, PEATONAL","INFRA_CICL":"SIN","OPERACION":"NORMAL"}},{"type":"Feature","id":232,"geometry":{"type":"Point","coordinates":[-74.150862391,4.6033792428489]},"properties":{"FID":232,"OBJECTID":232,"COD_ID_INT":867,"DIRECCION":"KR 72J X CL 45 SUR","LOCALIDAD":"KENNEDY","TIPO_INTER":"VEHICULAR","INFRA_CICL":"SIN","OPERACION":"NORMAL"}},{"type":"Feature","id":233,"geometry":{"type":"Point","coordinates":[-74.09276235,4.57834136984968]},"properties":{"FID":233,"OBJECTID":233,"COD_ID_INT":974,"DIRECCION":"AV FERNANDO MAZUERA (AK 10) X CL 17 S","LOCALIDAD":"ANTONIO NARINO","TIPO_INTER":"VEHICULAR, PEATONAL","INFRA_CICL":"CICLORUTA","OPERACION":"NORMAL"}},{"type":"Feature","id":234,"geometry":{"type":"Point","coordinates":[-74.18913601,4.62299625984823]},"properties":{"FID":234,"OBJECTID":234,"COD_ID_INT":938,"DIRECCION":"KR 87C Y TV 87C X CL 59C SUR","LOCALIDAD":"BOSA","TIPO_INTER":"VEHICULAR, PEATONAL","INFRA_CICL":"SIN","OPERACION":"NORMAL"}},{"type":"Feature","id":235,"geometry":{"type":"Point","coordinates":[-74.1168409759999,4.63189984484792]},"properties":{"FID":235,"OBJECTID":235,"COD_ID_INT":1486,"DIRECCION":"KR 65 X CL 11","LOCALIDAD":"PUENTE ARANDA","TIPO_INTER":"VEHICULAR, PEATONAL","INFRA_CICL":"SIN","OPERACION":"NORMAL"}},{"type":"Feature","id":236,"geometry":{"type":"Point","coordinates":[-74.14773967,4.62544221984814]},"properties":{"FID":236,"OBJECTID":236,"COD_ID_INT":858,"DIRECCION":"AV POPORO QUIMBAYA (KR 78B) X CL 26 S","LOCALIDAD":"KENNEDY","TIPO_INTER":"VEHICULAR, PEATONAL","INFRA_CICL":"CICLORUTA EN CALZADA","OPERACION":"NORMAL"}},{"type":"Feature","id":237,"geometry":{"type":"Point","coordinates":[-74.09898115,4.71430972984524]},"properties":{"FID":237,"OBJECTID":237,"COD_ID_INT":662,"DIRECCION":"KR 94G X AV MORISCA (AC 90)","LOCALIDAD":"ENGATIVA","TIPO_INTER":"VEHICULAR, PEATONAL","INFRA_CICL":"SIN","OPERACION":"NORMAL"}},{"type":"Feature","id":238,"geometry":{"type":"Point","coordinates":[-74.07566704,4.59972299984899]},"properties":{"FID":238,"OBJECTID":238,"COD_ID_INT":1417,"DIRECCION":"KR 8 X CL 12","LOCALIDAD":"CANDELARIA","TIPO_INTER":"VEHICULAR, PEATONAL","INFRA_CICL":"SIN","OPERACION":"NORMAL"}},{"type":"Feature","id":239,"geometry":{"type":"Point","coordinates":[-74.0515105699999,4.66788529984674]},"properties":{"FID":239,"OBJECTID":239,"COD_ID_INT":113,"DIRECCION":"AV GERMAN ARCINIEGAS (AK 11) X AV CALLE 85 (AC 85)","LOCALIDAD":"CHAPINERO","TIPO_INTER":"VEHICULAR, PEATONAL, BICIUSUARIOS","INFRA_CICL":"CICLORUTA EN CALZADA","OPERACION":"NORMAL"}},{"type":"Feature","id":240,"geometry":{"type":"Point","coordinates":[-74.182117744,4.61111707484864]},"properties":{"FID":240,"OBJECTID":240,"COD_ID_INT":1080,"DIRECCION":"KR 80H X AVENIDA BOSA (CL 59 SUR)","LOCALIDAD":"BOSA","TIPO_INTER":"VEHICULAR, PEATONAL","INFRA_CICL":"SIN","OPERACION":"NORMAL"}},{"type":"Feature","id":241,"geometry":{"type":"Point","coordinates":[-74.06867504,4.63877879984776]},"properties":{"FID":241,"OBJECTID":241,"COD_ID_INT":336,"DIRECCION":"KR 16 X CL 51","LOCALIDAD":"TEUSAQUILLO","TIPO_INTER":"VEHICULAR, PEATONAL","INFRA_CICL":"SIN","OPERACION":"NORMAL"}},{"type":"Feature","id":242,"geometry":{"type":"Point","coordinates":[-74.07508139,4.71057679384542]},"properties":{"FID":242,"OBJECTID":242,"COD_ID_INT":503,"DIRECCION":"KR 70G X AV RODRIGO LARA BONILLA (AC 127)","LOCALIDAD":"SUBA","TIPO_INTER":"VEHICULAR, PEATONAL, BICIUSUARIOS","INFRA_CICL":"CICLORUTA","OPERACION":"NORMAL"}},{"type":"Feature","id":243,"geometry":{"type":"Point","coordinates":[-74.072498294,4.71303880184529]},"properties":{"FID":243,"OBJECTID":243,"COD_ID_INT":428,"DIRECCION":"AV ALFREDO D BATERMAN (TV 60) X CL 127D","LOCALIDAD":"SUBA","TIPO_INTER":"EXCLUSIVA PEATONAL","INFRA_CICL":"CICLORUTA","OPERACION":"NORMAL"}},{"type":"Feature","id":244,"geometry":{"type":"Point","coordinates":[-74.10795189,4.60696128984879]},"properties":{"FID":244,"OBJECTID":244,"COD_ID_INT":716,"DIRECCION":"AV CUNDINAMARCA (AK 36) X CL 2B","LOCALIDAD":"PUENTE ARANDA","TIPO_INTER":"VEHICULAR, PEATONAL","INFRA_CICL":"SIN","OPERACION":"NORMAL"}},{"type":"Feature","id":245,"geometry":{"type":"Point","coordinates":[-74.11255246,4.65613250984714]},"properties":{"FID":245,"OBJECTID":245,"COD_ID_INT":740,"DIRECCION":"KR 69B X AV LUIS CARLOS GALAN (AC 24)","LOCALIDAD":"FONTIBON","TIPO_INTER":"VEHICULAR, PEATONAL","INFRA_CICL":"SIN","OPERACION":"NORMAL"}},{"type":"Feature","id":246,"geometry":{"type":"Point","coordinates":[-74.06671697,4.65826541984706]},"properties":{"FID":246,"OBJECTID":246,"COD_ID_INT":297,"DIRECCION":"KR 20 X CL 69","LOCALIDAD":"BARRIOS UNIDOS","TIPO_INTER":"VEHICULAR, PEATONAL","INFRA_CICL":"SIN","OPERACION":"NORMAL"}},{"type":"Feature","id":247,"geometry":{"type":"Point","coordinates":[-74.0690775099999,4.66658883984681]},"properties":{"FID":247,"OBJECTID":247,"COD_ID_INT":1348,"DIRECCION":"KR 28 X CL 74","LOCALIDAD":"BARRIOS UNIDOS","TIPO_INTER":"VEHICULAR, PEATONAL","INFRA_CICL":"SIN","OPERACION":"NORMAL"}},{"type":"Feature","id":248,"geometry":{"type":"Point","coordinates":[-74.05061962,4.69518678984588]},"properties":{"FID":248,"OBJECTID":248,"COD_ID_INT":107,"DIRECCION":"AV SANTA BARBARA (AK 19) X CL 109","LOCALIDAD":"USAQUEN","TIPO_INTER":"VEHICULAR","INFRA_CICL":"CICLORUTA","OPERACION":"NORMAL"}},{"type":"Feature","id":249,"geometry":{"type":"Point","coordinates":[-74.07192345,4.60438991984888]},"properties":{"FID":249,"OBJECTID":249,"COD_ID_INT":411,"DIRECCION":"KR 7 X CL 18","LOCALIDAD":"SANTA FE","TIPO_INTER":"VEHICULAR, PEATONAL","INFRA_CICL":"CICLORUTA EN CALZADA","OPERACION":"NORMAL"}},{"type":"Feature","id":250,"geometry":{"type":"Point","coordinates":[-74.0926539499999,4.58403272984951]},"properties":{"FID":250,"OBJECTID":250,"COD_ID_INT":1321,"DIRECCION":"KR 12 X AV FUCHA (AC 11 S)","LOCALIDAD":"ANTONIO NARINO","TIPO_INTER":"VEHICULAR, PEATONAL","INFRA_CICL":"SIN","OPERACION":"NORMAL"}},{"type":"Feature","id":251,"geometry":{"type":"Point","coordinates":[-74.09997221,4.60849724984871]},"properties":{"FID":251,"OBJECTID":251,"COD_ID_INT":660,"DIRECCION":"KR 32 X AV DE LOS COMUNEROS (AC 6)","LOCALIDAD":"PUENTE ARANDA","TIPO_INTER":"VEHICULAR, PEATONAL","INFRA_CICL":"CICLORUTA","OPERACION":"NORMAL"}},{"type":"Feature","id":252,"geometry":{"type":"Point","coordinates":[-74.07440923,4.62388273984822]},"properties":{"FID":252,"OBJECTID":252,"COD_ID_INT":471,"DIRECCION":"KR 20 X AV TEUSAQUILLO (AC 34)","LOCALIDAD":"TEUSAQUILLO","TIPO_INTER":"VEHICULAR, PEATONAL","INFRA_CICL":"SIN","OPERACION":"NORMAL"}},{"type":"Feature","id":253,"geometry":{"type":"Point","coordinates":[-74.104417599,4.67188061284665]},"properties":{"FID":253,"OBJECTID":253,"COD_ID_INT":1570,"DIRECCION":"KR 71B X CLL 55","LOCALIDAD":"ENGATIVA","TIPO_INTER":"VEHICULAR, PEATONAL","INFRA_CICL":"SIN","OPERACION":"OBRAS"}},{"type":"Feature","id":254,"geometry":{"type":"Point","coordinates":[-74.11826812,4.68860937984612]},"properties":{"FID":254,"OBJECTID":254,"COD_ID_INT":765,"DIRECCION":"TV 93 X AV JOSE CELESTINO MUTIS (AC 63)","LOCALIDAD":"ENGATIVA","TIPO_INTER":"VEHICULAR, PEATONAL","INFRA_CICL":"CICLORUTA","OPERACION":"NORMAL"}},{"type":"Feature","id":255,"geometry":{"type":"Point","coordinates":[-74.05954042,4.74030650684444]},"properties":{"FID":255,"OBJECTID":255,"COD_ID_INT":1392,"DIRECCION":"KR 56 X AV DE LA SIRENA (AC 153)","LOCALIDAD":"SUBA","TIPO_INTER":"VEHICULAR, PEATONAL","INFRA_CICL":"CICLORUTA","OPERACION":"NORMAL"}},{"type":"Feature","id":256,"geometry":{"type":"Point","coordinates":[-74.14597273,4.67296404984665]},"properties":{"FID":256,"OBJECTID":256,"COD_ID_INT":853,"DIRECCION":"KR 100 X CL17","LOCALIDAD":"FONTIBON","TIPO_INTER":"VEHICULAR","INFRA_CICL":"SIN","OPERACION":"NORMAL"}},{"type":"Feature","id":257,"geometry":{"type":"Point","coordinates":[-74.10510526,4.5844956998495]},"properties":{"FID":257,"OBJECTID":257,"COD_ID_INT":1022,"DIRECCION":"AV MARISCAL SUCRE (TV 21A) X AV PRIMERO DE MAYO (CL 22 S)","LOCALIDAD":"ANTONIO NARINO","TIPO_INTER":"VEHICULAR, PEATONAL","INFRA_CICL":"SIN","OPERACION":"NORMAL"}},{"type":"Feature","id":258,"geometry":{"type":"Point","coordinates":[-74.0602268499999,4.66953276984673]},"properties":{"FID":258,"OBJECTID":258,"COD_ID_INT":192,"DIRECCION":"AV PASEO DE LOS LIBERTADORES (AK 20) X CL 82","LOCALIDAD":"BARRIOS UNIDOS","TIPO_INTER":"VEHICULAR","INFRA_CICL":"SIN","OPERACION":"NORMAL"}},{"type":"Feature","id":259,"geometry":{"type":"Point","coordinates":[-74.1524786429999,4.63196860684794]},"properties":{"FID":259,"OBJECTID":259,"COD_ID_INT":869,"DIRECCION":"AV DE LAS AMERICAS (DG 2) X KR 79C BIS","LOCALIDAD":"KENNEDY","TIPO_INTER":"VEHICULAR, PEATONAL","INFRA_CICL":"CICLORUTA","OPERACION":"NORMAL"}},{"type":"Feature","id":260,"geometry":{"type":"Point","coordinates":[-74.14428205,4.62224242984824]},"properties":{"FID":260,"OBJECTID":260,"COD_ID_INT":843,"DIRECCION":"KR 73B BIS X CL 26 SUR","LOCALIDAD":"KENNEDY","TIPO_INTER":"VEHICULAR, PEATONAL","INFRA_CICL":"CICLORUTA EN CALZADA","OPERACION":"NORMAL"}},{"type":"Feature","id":261,"geometry":{"type":"Point","coordinates":[-74.05227987,4.65555866984719]},"properties":{"FID":261,"OBJECTID":261,"COD_ID_INT":119,"DIRECCION":"KR 4 X CL 74","LOCALIDAD":"CHAPINERO","TIPO_INTER":"VEHICULAR, PEATONAL","INFRA_CICL":"SIN","OPERACION":"NORMAL"}},{"type":"Feature","id":262,"geometry":{"type":"Point","coordinates":[-74.04980068,4.68091206984635]},"properties":{"FID":262,"OBJECTID":262,"COD_ID_INT":98,"DIRECCION":"AV PASEO DEL COUNTRY (AK 15) X AV ENRIQUE GRAU ARAUJO (CL 95)","LOCALIDAD":"CHAPINERO","TIPO_INTER":"VEHICULAR, PEATONAL","INFRA_CICL":"SIN","OPERACION":"NORMAL"}},{"type":"Feature","id":263,"geometry":{"type":"Point","coordinates":[-74.0715187549999,4.61077092484863]},"properties":{"FID":263,"OBJECTID":263,"COD_ID_INT":400,"DIRECCION":"AV FERNANDO MAZUERA (AK 10) X CL 24","LOCALIDAD":"SANTA FE","TIPO_INTER":"VEHICULAR, PEATONAL","INFRA_CICL":"SIN","OPERACION":"NORMAL"}},{"type":"Feature","id":264,"geometry":{"type":"Point","coordinates":[-74.10187311,4.58537250984948]},"properties":{"FID":264,"OBJECTID":264,"COD_ID_INT":1010,"DIRECCION":"KR 19 X CL 18 SUR","LOCALIDAD":"ANTONIO NARINO","TIPO_INTER":"VEHICULAR, PEATONAL","INFRA_CICL":"SIN","OPERACION":"NORMAL"}},{"type":"Feature","id":265,"geometry":{"type":"Point","coordinates":[-74.09473614,4.56929034985]},"properties":{"FID":265,"OBJECTID":265,"COD_ID_INT":978,"DIRECCION":"KR 6 X AV JOSE ASUNCION SILVA (CL 27 SUR)","LOCALIDAD":"SAN CRISTOBAL","TIPO_INTER":"EXCLUSIVA PEATONAL","INFRA_CICL":"SIN","OPERACION":"NORMAL"}},{"type":"Feature","id":266,"geometry":{"type":"Point","coordinates":[-74.099465148,4.58420899784952]},"properties":{"FID":266,"OBJECTID":266,"COD_ID_INT":1478,"DIRECCION":"KR 16 X CL 17 SUR","LOCALIDAD":"ANTONIO NARINO","TIPO_INTER":"VEHICULAR, PEATONAL","INFRA_CICL":"SIN","OPERACION":"NORMAL"}},{"type":"Feature","id":267,"geometry":{"type":"Point","coordinates":[-74.0737960399999,4.60983323984868]},"properties":{"FID":267,"OBJECTID":267,"COD_ID_INT":455,"DIRECCION":"KR 13 X CL 22","LOCALIDAD":"SANTA FE","TIPO_INTER":"VEHICULAR, PEATONAL","INFRA_CICL":"SIN","OPERACION":"NORMAL"}},{"type":"Feature","id":268,"geometry":{"type":"Point","coordinates":[-74.0614283,4.6527491998473]},"properties":{"FID":268,"OBJECTID":268,"COD_ID_INT":213,"DIRECCION":"AV GERMAN ARCINIEGAS (AK 11) X CL 67","LOCALIDAD":"CHAPINERO","TIPO_INTER":"VEHICULAR, PEATONAL","INFRA_CICL":"CICLORUTA","OPERACION":"NORMAL"}},{"type":"Feature","id":269,"geometry":{"type":"Point","coordinates":[-74.04750856,4.7655972598436]},"properties":{"FID":269,"OBJECTID":269,"COD_ID_INT":1283,"DIRECCION":"KR 54D X CL 187","LOCALIDAD":"SUBA","TIPO_INTER":"VEHICULAR, PEATONAL","INFRA_CICL":"SIN","OPERACION":"NORMAL"}},{"type":"Feature","id":270,"geometry":{"type":"Point","coordinates":[-74.15796979,4.62761658984809]},"properties":{"FID":270,"OBJECTID":270,"COD_ID_INT":1169,"DIRECCION":"AV AGOBERTO MEJIA CIFUENTES (AK 80) X PUERTA 5 CORABASTOS (CL 38 S)","LOCALIDAD":"KENNEDY","TIPO_INTER":"VEHICULAR, PEATONAL","INFRA_CICL":"CICLORUTA","OPERACION":"NORMAL"}},{"type":"Feature","id":271,"geometry":{"type":"Point","coordinates":[-74.16601144,4.63211263984796]},"properties":{"FID":271,"OBJECTID":271,"COD_ID_INT":909,"DIRECCION":"AV CIUDAD DE CALI (AK 86) X CL 40B SUR","LOCALIDAD":"KENNEDY","TIPO_INTER":"EXCLUSIVA PEATONAL","INFRA_CICL":"CICLORUTA","OPERACION":"NORMAL"}},{"type":"Feature","id":272,"geometry":{"type":"Point","coordinates":[-74.05331749,4.661456308847]},"properties":{"FID":272,"OBJECTID":272,"COD_ID_INT":132,"DIRECCION":"KR 9 X CL 78","LOCALIDAD":"CHAPINERO","TIPO_INTER":"VEHICULAR","INFRA_CICL":"SIN","OPERACION":"NORMAL"}},{"type":"Feature","id":273,"geometry":{"type":"Point","coordinates":[-74.10360127,4.58262399984959]},"properties":{"FID":273,"OBJECTID":273,"COD_ID_INT":1016,"DIRECCION":"KR 18 X AV PRIMERO DE MAYO (CL 22 S)","LOCALIDAD":"ANTONIO NARINO","TIPO_INTER":"VEHICULAR","INFRA_CICL":"SIN","OPERACION":"NORMAL"}},{"type":"Feature","id":274,"geometry":{"type":"Point","coordinates":[-74.12846917,4.66406571984691]},"properties":{"FID":274,"OBJECTID":274,"COD_ID_INT":1360,"DIRECCION":"KR 82 X AV FERROCARRIL DE OCCIDENTE (AC 22)","LOCALIDAD":"FONTIBON","TIPO_INTER":"VEHICULAR, PEATONAL","INFRA_CICL":"SIN","OPERACION":"NORMAL"}},{"type":"Feature","id":275,"geometry":{"type":"Point","coordinates":[-74.130276145,4.6463138078475]},"properties":{"FID":275,"OBJECTID":275,"COD_ID_INT":1649,"DIRECCION":" (AK 72) X CL 12B","LOCALIDAD":"KENNEDY","TIPO_INTER":"VEHICULAR, PEATONAL","INFRA_CICL":"SIN","OPERACION":"NORMAL"}},{"type":"Feature","id":276,"geometry":{"type":"Point","coordinates":[-74.07022979,4.59206895984927]},"properties":{"FID":276,"OBJECTID":276,"COD_ID_INT":942,"DIRECCION":"AV PATRICIO SAMPER GNECCO (KR 3 ESTE) X CL 9","LOCALIDAD":"CANDELARIA","TIPO_INTER":"VEHICULAR, PEATONAL","INFRA_CICL":"SIN","OPERACION":"NORMAL"}},{"type":"Feature","id":277,"geometry":{"type":"Point","coordinates":[-74.061408802,4.60293233084889]},"properties":{"FID":277,"OBJECTID":277,"COD_ID_INT":210,"DIRECCION":"AV JIMENEZ (CL 22) X FUNICULAR","LOCALIDAD":"CANDELARIA","TIPO_INTER":"VEHICULAR, PEATONAL","INFRA_CICL":"SIN","OPERACION":"NORMAL"}},{"type":"Feature","id":278,"geometry":{"type":"Point","coordinates":[-74.05971601,4.66195576984694]},"properties":{"FID":278,"OBJECTID":278,"COD_ID_INT":186,"DIRECCION":"AV PASEO DEL COUNTRY (AK 15) X CL 75","LOCALIDAD":"CHAPINERO","TIPO_INTER":"VEHICULAR, PEATONAL","INFRA_CICL":"SIN","OPERACION":"NORMAL"}},{"type":"Feature","id":279,"geometry":{"type":"Point","coordinates":[-74.05792006,4.65459464984719]},"properties":{"FID":279,"OBJECTID":279,"COD_ID_INT":170,"DIRECCION":"KR 9 X CL 70A","LOCALIDAD":"CHAPINERO","TIPO_INTER":"VEHICULAR","INFRA_CICL":"SIN","OPERACION":"NORMAL"}},{"type":"Feature","id":280,"geometry":{"type":"Point","coordinates":[-74.1420991799999,4.58927082984933]},"properties":{"FID":280,"OBJECTID":280,"COD_ID_INT":1108,"DIRECCION":"KR 54 X DG 52 SUR","LOCALIDAD":"TUNJUELITO","TIPO_INTER":"VEHICULAR, PEATONAL","INFRA_CICL":"SIN","OPERACION":"NORMAL"}},{"type":"Feature","id":281,"geometry":{"type":"Point","coordinates":[-74.05693859,4.65605003984715]},"properties":{"FID":281,"OBJECTID":281,"COD_ID_INT":165,"DIRECCION":"KR 9 X AV CHILE (AC 72)","LOCALIDAD":"CHAPINERO","TIPO_INTER":"VEHICULAR, PEATONAL","INFRA_CICL":"SIN","OPERACION":"NORMAL"}},{"type":"Feature","id":282,"geometry":{"type":"Point","coordinates":[-74.138716421,4.65671102184712]},"properties":{"FID":282,"OBJECTID":282,"COD_ID_INT":1464,"DIRECCION":"AV CIUDAD DE CALI (AK 86) X CL 15A","LOCALIDAD":"KENNEDY","TIPO_INTER":"VEHICULAR, PEATONAL","INFRA_CICL":"CICLORUTA","OPERACION":"NORMAL"}},{"type":"Feature","id":283,"geometry":{"type":"Point","coordinates":[-74.0694715499999,4.63993727984768]},"properties":{"FID":283,"OBJECTID":283,"COD_ID_INT":355,"DIRECCION":"KR 17 X CL 52","LOCALIDAD":"TEUSAQUILLO","TIPO_INTER":"VEHICULAR, PEATONAL","INFRA_CICL":"SIN","OPERACION":"NORMAL"}},{"type":"Feature","id":284,"geometry":{"type":"Point","coordinates":[-74.1253437399999,4.67216183984664]},"properties":{"FID":284,"OBJECTID":284,"COD_ID_INT":791,"DIRECCION":"AV CIUDAD DE CALI (AK 86) X AV LUIS CARLOS GALAN (AC 24)","LOCALIDAD":"FONTIBON","TIPO_INTER":"VEHICULAR, PEATONAL","INFRA_CICL":"CICLORUTA","OPERACION":"NORMAL"}},{"type":"Feature","id":285,"geometry":{"type":"Point","coordinates":[-74.0598137599999,4.65569203984721]},"properties":{"FID":285,"OBJECTID":285,"COD_ID_INT":189,"DIRECCION":"AV GERMAN ARCINIEGAS (AK 11) X CL 70A","LOCALIDAD":"CHAPINERO","TIPO_INTER":"VEHICULAR","INFRA_CICL":"CICLORUTA","OPERACION":"NORMAL"}},{"type":"Feature","id":286,"geometry":{"type":"Point","coordinates":[-74.0726856699999,4.62079685984829]},"properties":{"FID":286,"OBJECTID":286,"COD_ID_INT":432,"DIRECCION":"KR 17 X AC 32","LOCALIDAD":"TEUSAQUILLO","TIPO_INTER":"VEHICULAR, PEATONAL","INFRA_CICL":"SIN","OPERACION":"NORMAL"}},{"type":"Feature","id":287,"geometry":{"type":"Point","coordinates":[-74.06428221,4.68125259984634]},"properties":{"FID":287,"OBJECTID":287,"COD_ID_INT":255,"DIRECCION":"AV ALFREDO D BATERMAN (AK 50) X CL 93","LOCALIDAD":"BARRIOS UNIDOS","TIPO_INTER":"VEHICULAR, PEATONAL","INFRA_CICL":"CICLORUTA","OPERACION":"NORMAL"}},{"type":"Feature","id":288,"geometry":{"type":"Point","coordinates":[-74.118017181,4.63775756084778]},"properties":{"FID":288,"OBJECTID":288,"COD_ID_INT":763,"DIRECCION":"AV DEL CONGRESO EUCARISTICO (AK 68) X CL 13","LOCALIDAD":"PUENTE ARANDA","TIPO_INTER":"EXCLUSIVA PEATONAL","INFRA_CICL":"SIN","OPERACION":"NORMAL"}},{"type":"Feature","id":289,"geometry":{"type":"Point","coordinates":[-74.07526218,4.59415304984919]},"properties":{"FID":289,"OBJECTID":289,"COD_ID_INT":945,"DIRECCION":"KR 5 X CL 7","LOCALIDAD":"CANDELARIA","TIPO_INTER":"VEHICULAR, PEATONAL","INFRA_CICL":"SIN","OPERACION":"NORMAL"}},{"type":"Feature","id":290,"geometry":{"type":"Point","coordinates":[-74.078622201,4.59033379084929]},"properties":{"FID":290,"OBJECTID":290,"COD_ID_INT":1182,"DIRECCION":"KR 6 X AV DE LOS COMUNEROS (CL 6)","LOCALIDAD":"SANTA FE","TIPO_INTER":"VEHICULAR, PEATONAL","INFRA_CICL":"SIN","OPERACION":"NORMAL"}},{"type":"Feature","id":291,"geometry":{"type":"Point","coordinates":[-74.08937516,4.59604396984913]},"properties":{"FID":291,"OBJECTID":291,"COD_ID_INT":1189,"DIRECCION":"KR 18 X CL 3","LOCALIDAD":"LOS MARTIRES","TIPO_INTER":"VEHICULAR, PEATONAL","INFRA_CICL":"SIN","OPERACION":"NORMAL"}},{"type":"Feature","id":292,"geometry":{"type":"Point","coordinates":[-74.114349632,4.50959698085196]},"properties":{"FID":292,"OBJECTID":292,"COD_ID_INT":1480,"DIRECCION":"AV CARACAS (AK 14) X CL 81 SUR","LOCALIDAD":"USME","TIPO_INTER":"VEHICULAR, PEATONAL","INFRA_CICL":"SIN","OPERACION":"NORMAL"}},{"type":"Feature","id":293,"geometry":{"type":"Point","coordinates":[-74.13263943,4.6800754598464]},"properties":{"FID":293,"OBJECTID":293,"COD_ID_INT":807,"DIRECCION":"AV FONTIBON (AK 97) X AV LUIS CARLOS GALAN (AC 24)","LOCALIDAD":"FONTIBON","TIPO_INTER":"VEHICULAR, PEATONAL","INFRA_CICL":"SIN","OPERACION":"NORMAL"}},{"type":"Feature","id":294,"geometry":{"type":"Point","coordinates":[-74.12620952,4.60659213984875]},"properties":{"FID":294,"OBJECTID":294,"COD_ID_INT":793,"DIRECCION":"KR 52A X AV PRIMERO DE MAYO (AC 26 S)","LOCALIDAD":"PUENTE ARANDA","TIPO_INTER":"VEHICULAR, PEATONAL","INFRA_CICL":"SIN","OPERACION":"NORMAL"}},{"type":"Feature","id":295,"geometry":{"type":"Point","coordinates":[-74.059761064,4.6516955668473]},"properties":{"FID":295,"OBJECTID":295,"COD_ID_INT":1340,"DIRECCION":"KR 9 X CL 67","LOCALIDAD":"CHAPINERO","TIPO_INTER":"VEHICULAR, PEATONAL","INFRA_CICL":"SIN","OPERACION":"NORMAL"}},{"type":"Feature","id":296,"geometry":{"type":"Point","coordinates":[-74.0651408099999,4.64713513984746]},"properties":{"FID":296,"OBJECTID":296,"COD_ID_INT":270,"DIRECCION":"AV CARACAS (AK 14) X CL 60","LOCALIDAD":"TEUSAQUILLO","TIPO_INTER":"VEHICULAR, PEATONAL","INFRA_CICL":"SIN","OPERACION":"NORMAL"}},{"type":"Feature","id":297,"geometry":{"type":"Point","coordinates":[-74.06871053,4.64776266984741]},"properties":{"FID":297,"OBJECTID":297,"COD_ID_INT":337,"DIRECCION":"KR 18 X CL 60","LOCALIDAD":"TEUSAQUILLO","TIPO_INTER":"VEHICULAR, PEATONAL","INFRA_CICL":"SIN","OPERACION":"NORMAL"}},{"type":"Feature","id":298,"geometry":{"type":"Point","coordinates":[-74.02439852,4.75385691484396]},"properties":{"FID":298,"OBJECTID":298,"COD_ID_INT":5,"DIRECCION":"AV ALBERTO LLERAS CAMARGO (AK 7) X CL 175","LOCALIDAD":"USAQUEN","TIPO_INTER":"VEHICULAR, PEATONAL","INFRA_CICL":"SIN","OPERACION":"NORMAL"}},{"type":"Feature","id":299,"geometry":{"type":"Point","coordinates":[-74.0723059599999,4.63142597984799]},"properties":{"FID":299,"OBJECTID":299,"COD_ID_INT":418,"DIRECCION":"AV MARISCAL SUCRE (AK 19) X DG 42A","LOCALIDAD":"TEUSAQUILLO","TIPO_INTER":"VEHICULAR, PEATONAL, BICIUSUARIOS","INFRA_CICL":"CICLORUTA","OPERACION":"NORMAL"}},{"type":"Feature","id":300,"geometry":{"type":"Point","coordinates":[-74.088675945,4.68806466684612]},"properties":{"FID":300,"OBJECTID":300,"COD_ID_INT":591,"DIRECCION":"AV DE LA CONSTITUCION (AK 70) X CL 75","LOCALIDAD":"ENGATIVA","TIPO_INTER":"VEHICULAR","INFRA_CICL":"SIN","OPERACION":"NORMAL"}},{"type":"Feature","id":301,"geometry":{"type":"Point","coordinates":[-74.0499959699999,4.69874770984576]},"properties":{"FID":301,"OBJECTID":301,"COD_ID_INT":101,"DIRECCION":"AV SANTA BARBARA (AK 19) X AV PEPE SIERRA (AC 116)","LOCALIDAD":"USAQUEN","TIPO_INTER":"VEHICULAR, PEATONAL, BICIUSUARIOS","INFRA_CICL":"CICLORUTA","OPERACION":"NORMAL"}},{"type":"Feature","id":302,"geometry":{"type":"Point","coordinates":[-74.09458252,4.57587800984978]},"properties":{"FID":302,"OBJECTID":302,"COD_ID_INT":981,"DIRECCION":"AV FERNANDO MAZUERA (AK 10) X AV PRIMERO DE MAYO (AC 22 S)","LOCALIDAD":"ANTONIO NARINO","TIPO_INTER":"VEHICULAR, PEATONAL","INFRA_CICL":"CICLORUTA","OPERACION":"NORMAL"}},{"type":"Feature","id":303,"geometry":{"type":"Point","coordinates":[-74.07083017,4.67176597984663]},"properties":{"FID":303,"OBJECTID":303,"COD_ID_INT":387,"DIRECCION":"KR 50 X DG 76BIS","LOCALIDAD":"BARRIOS UNIDOS","TIPO_INTER":"VEHICULAR, PEATONAL","INFRA_CICL":"SIN","OPERACION":"NORMAL"}},{"type":"Feature","id":304,"geometry":{"type":"Point","coordinates":[-74.15533901,4.66956006984673]},"properties":{"FID":304,"OBJECTID":304,"COD_ID_INT":1381,"DIRECCION":"KR 104 X DG 15A","LOCALIDAD":"FONTIBON","TIPO_INTER":"VEHICULAR, PEATONAL, BICIUSUARIOS","INFRA_CICL":"SIN","OPERACION":"NORMAL"}},{"type":"Feature","id":305,"geometry":{"type":"Point","coordinates":[-74.0751830999999,4.63147376984798]},"properties":{"FID":305,"OBJECTID":305,"COD_ID_INT":482,"DIRECCION":"AK 24 X CL 41","LOCALIDAD":"TEUSAQUILLO","TIPO_INTER":"VEHICULAR","INFRA_CICL":"CICLORUTA EN CALZADA","OPERACION":"NORMAL"}},{"type":"Feature","id":306,"geometry":{"type":"Point","coordinates":[-74.05169649,4.66390951984692]},"properties":{"FID":306,"OBJECTID":306,"COD_ID_INT":114,"DIRECCION":"KR 9 X CL 81","LOCALIDAD":"CHAPINERO","TIPO_INTER":"VEHICULAR","INFRA_CICL":"SIN","OPERACION":"NORMAL"}},{"type":"Feature","id":307,"geometry":{"type":"Point","coordinates":[-74.06516019,4.75082061984411]},"properties":{"FID":307,"OBJECTID":307,"COD_ID_INT":268,"DIRECCION":"AV BOYACA (AK 72) X CL 167","LOCALIDAD":"SUBA","TIPO_INTER":"VEHICULAR, PEATONAL","INFRA_CICL":"CICLORUTA","OPERACION":"NORMAL"}},{"type":"Feature","id":308,"geometry":{"type":"Point","coordinates":[-74.16893254,4.69435425984595]},"properties":{"FID":308,"OBJECTID":308,"COD_ID_INT":913,"DIRECCION":"KR 135 X AV CENTENARIO (AC 17)","LOCALIDAD":"FONTIBON","TIPO_INTER":"VEHICULAR, PEATONAL","INFRA_CICL":"SIN","OPERACION":"NORMAL"}},{"type":"Feature","id":309,"geometry":{"type":"Point","coordinates":[-74.124156289,4.56076340885028]},"properties":{"FID":309,"OBJECTID":309,"COD_ID_INT":1062,"DIRECCION":"KR 12 X AV CARACAS (AC 51 SUR)","LOCALIDAD":"TUNJUELITO","TIPO_INTER":"EXCLUSIVA PEATONAL","INFRA_CICL":"SIN","OPERACION":"NORMAL"}},{"type":"Feature","id":310,"geometry":{"type":"Point","coordinates":[-74.1358652,4.68313480984631]},"properties":{"FID":310,"OBJECTID":310,"COD_ID_INT":820,"DIRECCION":"AK 103 X AV LUIS CARLOS GALAN (AC 24)","LOCALIDAD":"FONTIBON","TIPO_INTER":"VEHICULAR, PEATONAL","INFRA_CICL":"CICLORUTA","OPERACION":"NORMAL"}},{"type":"Feature","id":311,"geometry":{"type":"Point","coordinates":[-74.044561,4.73287705984464]},"properties":{"FID":311,"OBJECTID":311,"COD_ID_INT":60,"DIRECCION":"AV SANTA BARBARA (AK 19) X CL 151","LOCALIDAD":"USAQUEN","TIPO_INTER":"VEHICULAR, PEATONAL","INFRA_CICL":"CICLORUTA","OPERACION":"NORMAL"}},{"type":"Feature","id":312,"geometry":{"type":"Point","coordinates":[-74.04339441,4.73860580984446]},"properties":{"FID":312,"OBJECTID":312,"COD_ID_INT":51,"DIRECCION":"AV SANTA BARBARA (AK 19) X CL 159","LOCALIDAD":"USAQUEN","TIPO_INTER":"VEHICULAR","INFRA_CICL":"CICLORUTA","OPERACION":"OBRAS"}},{"type":"Feature","id":313,"geometry":{"type":"Point","coordinates":[-74.067847993,4.61976708184838]},"properties":{"FID":313,"OBJECTID":313,"COD_ID_INT":1295,"DIRECCION":"AV ALBERTO LLERAS CAMARGO (AK 7) X CL 33","LOCALIDAD":"SANTA FE","TIPO_INTER":"EXCLUSIVA PEATONAL","INFRA_CICL":"SIN","OPERACION":"NORMAL"}},{"type":"Feature","id":314,"geometry":{"type":"Point","coordinates":[-74.07992827,4.63178956984793]},"properties":{"FID":314,"OBJECTID":314,"COD_ID_INT":1327,"DIRECCION":"KR 33 X AV CIUDAD DE QUITO (AK 30)","LOCALIDAD":"TEUSAQUILLO","TIPO_INTER":"VEHICULAR, PEATONAL","INFRA_CICL":"SIN","OPERACION":"NORMAL"}},{"type":"Feature","id":315,"geometry":{"type":"Point","coordinates":[-74.140304149,4.56709202885005]},"properties":{"FID":315,"OBJECTID":315,"COD_ID_INT":1104,"DIRECCION":"AV CIUDAD DE VILLAVICENCIO (KR 19C) X ENTRADA PORTAL TUNAL","LOCALIDAD":"TUNJUELITO","TIPO_INTER":"VEHICULAR, PEATONAL","INFRA_CICL":"CICLORUTA","OPERACION":"NORMAL"}},{"type":"Feature","id":316,"geometry":{"type":"Point","coordinates":[-74.128038891,4.59085268584929]},"properties":{"FID":316,"OBJECTID":316,"COD_ID_INT":1384,"DIRECCION":"AV BATALLON CALDAS (KR 50) X DG 40B SUR","LOCALIDAD":"TUNJUELITO","TIPO_INTER":"EXCLUSIVA PEATONAL","INFRA_CICL":"CICLORUTA","OPERACION":"NORMAL"}},{"type":"Feature","id":317,"geometry":{"type":"Point","coordinates":[-74.06833031,4.6953749098459]},"properties":{"FID":317,"OBJECTID":317,"COD_ID_INT":330,"DIRECCION":"AV ALFREDO D BATERMAN (TV 60) X CL 113","LOCALIDAD":"SUBA","TIPO_INTER":"VEHICULAR, PEATONAL","INFRA_CICL":"CICLORUTA","OPERACION":"NORMAL"}},{"type":"Feature","id":318,"geometry":{"type":"Point","coordinates":[-74.06568566,4.65638529984718]},"properties":{"FID":318,"OBJECTID":318,"COD_ID_INT":276,"DIRECCION":"KR 17 X AV GABRIEL ANDRADE (AC 68)","LOCALIDAD":"BARRIOS UNIDOS","TIPO_INTER":"VEHICULAR","INFRA_CICL":"SIN","OPERACION":"NORMAL"}},{"type":"Feature","id":319,"geometry":{"type":"Point","coordinates":[-74.07824177,4.6025133498489]},"properties":{"FID":319,"OBJECTID":319,"COD_ID_INT":521,"DIRECCION":"KR 12 X AV JIMENEZ (CL 13)","LOCALIDAD":"SANTA FE","TIPO_INTER":"EXCLUSIVA PEATONAL","INFRA_CICL":"CICLORUTA","OPERACION":"NORMAL"}},{"type":"Feature","id":320,"geometry":{"type":"Point","coordinates":[-74.11502075,4.57671589984976]},"properties":{"FID":320,"OBJECTID":320,"COD_ID_INT":1042,"DIRECCION":"AV CARACAS (AK 14) X CL 33 SUR","LOCALIDAD":"RAFAEL URIBE","TIPO_INTER":"VEHICULAR, PEATONAL","INFRA_CICL":"SIN","OPERACION":"NORMAL"}},{"type":"Feature","id":321,"geometry":{"type":"Point","coordinates":[-74.07902591,4.61071557984863]},"properties":{"FID":321,"OBJECTID":321,"COD_ID_INT":532,"DIRECCION":"KR 17 X AV CIUDAD DE LIMA (AC 19)","LOCALIDAD":"LOS MARTIRES","TIPO_INTER":"VEHICULAR","INFRA_CICL":"SIN","OPERACION":"NORMAL"}},{"type":"Feature","id":322,"geometry":{"type":"Point","coordinates":[-74.06207267,4.66220407984696]},"properties":{"FID":322,"OBJECTID":322,"COD_ID_INT":220,"DIRECCION":"KR 20A X CL 74","LOCALIDAD":"BARRIOS UNIDOS","TIPO_INTER":"VEHICULAR","INFRA_CICL":"SIN","OPERACION":"NORMAL"}},{"type":"Feature","id":323,"geometry":{"type":"Point","coordinates":[-74.07072769,4.6080505498487]},"properties":{"FID":323,"OBJECTID":323,"COD_ID_INT":385,"DIRECCION":"KR 7 X CL 22","LOCALIDAD":"SANTA FE","TIPO_INTER":"VEHICULAR, PEATONAL","INFRA_CICL":"CICLORUTA EN CALZADA","OPERACION":"NORMAL"}},{"type":"Feature","id":324,"geometry":{"type":"Point","coordinates":[-74.0883921399999,4.68060979984638]},"properties":{"FID":324,"OBJECTID":324,"COD_ID_INT":589,"DIRECCION":"KR 68H X AV CHILE (AC 72)","LOCALIDAD":"ENGATIVA","TIPO_INTER":"VEHICULAR, PEATONAL","INFRA_CICL":"SIN","OPERACION":"NORMAL"}},{"type":"Feature","id":325,"geometry":{"type":"Point","coordinates":[-74.068824919,4.62583929784816]},"properties":{"FID":325,"OBJECTID":325,"COD_ID_INT":343,"DIRECCION":"AV CARACAS (AK 14) X CL 37","LOCALIDAD":"SANTA FE","TIPO_INTER":"EXCLUSIVA PEATONAL","INFRA_CICL":"SIN","OPERACION":"NORMAL"}},{"type":"Feature","id":326,"geometry":{"type":"Point","coordinates":[-74.173568051,4.6153240478485]},"properties":{"FID":326,"OBJECTID":326,"COD_ID_INT":1468,"DIRECCION":"AV AGOBERTO MEJIA CIFUENTES (AK 80) X CL 54 SUR","LOCALIDAD":"KENNEDY","TIPO_INTER":"VEHICULAR, PEATONAL","INFRA_CICL":"CICLORUTA","OPERACION":"NORMAL"}},{"type":"Feature","id":327,"geometry":{"type":"Point","coordinates":[-74.15235017,4.68012794984637]},"properties":{"FID":327,"OBJECTID":327,"COD_ID_INT":878,"DIRECCION":"KR 112 X CL 17","LOCALIDAD":"FONTIBON","TIPO_INTER":"VEHICULAR, PEATONAL","INFRA_CICL":"SIN","OPERACION":"NORMAL"}},{"type":"Feature","id":328,"geometry":{"type":"Point","coordinates":[-74.097583619,4.59216303784923]},"properties":{"FID":328,"OBJECTID":328,"COD_ID_INT":1497,"DIRECCION":"AVENIDA MARISCAL SUCRE (KR 24) X CL 6 SUR","LOCALIDAD":"ANTONIO NARINO","TIPO_INTER":"VEHICULAR, PEATONAL","INFRA_CICL":"SIN","OPERACION":"NORMAL"}},{"type":"Feature","id":329,"geometry":{"type":"Point","coordinates":[-74.09297247,4.57434367984983]},"properties":{"FID":329,"OBJECTID":329,"COD_ID_INT":975,"DIRECCION":"KR 8 X AV PRIMERO DE MAYO (AC 22 S)","LOCALIDAD":"SAN CRISTOBAL","TIPO_INTER":"VEHICULAR, PEATONAL","INFRA_CICL":"SIN","OPERACION":"NORMAL"}},{"type":"Feature","id":330,"geometry":{"type":"Point","coordinates":[-74.1188628799999,4.61909372984834]},"properties":{"FID":330,"OBJECTID":330,"COD_ID_INT":1127,"DIRECCION":"KR 54 X AV CIUDAD MONTES (AC 3)","LOCALIDAD":"PUENTE ARANDA","TIPO_INTER":"VEHICULAR, PEATONAL","INFRA_CICL":"SIN","OPERACION":"NORMAL"}},{"type":"Feature","id":331,"geometry":{"type":"Point","coordinates":[-74.05621819,4.65709077984712]},"properties":{"FID":331,"OBJECTID":331,"COD_ID_INT":157,"DIRECCION":"KR 9 X CL 73","LOCALIDAD":"CHAPINERO","TIPO_INTER":"VEHICULAR, PEATONAL","INFRA_CICL":"SIN","OPERACION":"NORMAL"}},{"type":"Feature","id":332,"geometry":{"type":"Point","coordinates":[-74.0657276599999,4.63623776984781]},"properties":{"FID":332,"OBJECTID":332,"COD_ID_INT":279,"DIRECCION":"KR 13 X CL 49","LOCALIDAD":"CHAPINERO","TIPO_INTER":"VEHICULAR, PEATONAL","INFRA_CICL":"CICLORUTA","OPERACION":"NORMAL"}},{"type":"Feature","id":333,"geometry":{"type":"Point","coordinates":[-74.0492397099999,4.67679445984649]},"properties":{"FID":333,"OBJECTID":333,"COD_ID_INT":94,"DIRECCION":"KR 13 X CL 93A","LOCALIDAD":"CHAPINERO","TIPO_INTER":"VEHICULAR, PEATONAL","INFRA_CICL":"SIN","OPERACION":"NORMAL"}},{"type":"Feature","id":334,"geometry":{"type":"Point","coordinates":[-74.11088903,4.68439624984621]},"properties":{"FID":334,"OBJECTID":334,"COD_ID_INT":1144,"DIRECCION":"TV 85 X CL 64BBIS","LOCALIDAD":"ENGATIVA","TIPO_INTER":"VEHICULAR, PEATONAL","INFRA_CICL":"SIN","OPERACION":"NORMAL"}},{"type":"Feature","id":335,"geometry":{"type":"Point","coordinates":[-74.0803317199999,4.68053445984638]},"properties":{"FID":335,"OBJECTID":335,"COD_ID_INT":537,"DIRECCION":"KR 66 X CL 79","LOCALIDAD":"BARRIOS UNIDOS","TIPO_INTER":"VEHICULAR, PEATONAL","INFRA_CICL":"SIN","OPERACION":"NORMAL"}},{"type":"Feature","id":336,"geometry":{"type":"Point","coordinates":[-74.15125868,4.57226166784992]},"properties":{"FID":336,"OBJECTID":336,"COD_ID_INT":1115,"DIRECCION":"KR 38 X AV CIUDAD DE VILLAVICENCIO (AC 61 SUR)","LOCALIDAD":"CIUDAD BOLIVAR","TIPO_INTER":"VEHICULAR","INFRA_CICL":"CICLORUTA","OPERACION":"NORMAL"}},{"type":"Feature","id":337,"geometry":{"type":"Point","coordinates":[-74.10157996,4.69251966984596]},"properties":{"FID":337,"OBJECTID":337,"COD_ID_INT":682,"DIRECCION":"KR 80 X AV CHILE (AC 72)","LOCALIDAD":"ENGATIVA","TIPO_INTER":"VEHICULAR, PEATONAL","INFRA_CICL":"SIN","OPERACION":"NORMAL"}},{"type":"Feature","id":338,"geometry":{"type":"Point","coordinates":[-74.1197698,4.64305058984757]},"properties":{"FID":338,"OBJECTID":338,"COD_ID_INT":773,"DIRECCION":"AV DE LA CONSTITUCION (AK 68D) X AV PUENTE ARANDA (AC 17)","LOCALIDAD":"FONTIBON","TIPO_INTER":"VEHICULAR, PEATONAL","INFRA_CICL":"SIN","OPERACION":"NORMAL"}},{"type":"Feature","id":339,"geometry":{"type":"Point","coordinates":[-74.11564636,4.58264851984953]},"properties":{"FID":339,"OBJECTID":339,"COD_ID_INT":1287,"DIRECCION":"AV MARISCAL SUCRE (KR 24) X CL 32 SUR","LOCALIDAD":"RAFAEL URIBE","TIPO_INTER":"EXCLUSIVA PEATONAL","INFRA_CICL":"SIN","OPERACION":"NORMAL"}},{"type":"Feature","id":340,"geometry":{"type":"Point","coordinates":[-74.0915424999999,4.68407334984627]},"properties":{"FID":340,"OBJECTID":340,"COD_ID_INT":610,"DIRECCION":"AV DE LA CONSTITUCION (AK 70) X AV CHILE (AC 72)","LOCALIDAD":"ENGATIVA","TIPO_INTER":"VEHICULAR, PEATONAL","INFRA_CICL":"SIN","OPERACION":"NORMAL"}},{"type":"Feature","id":341,"geometry":{"type":"Point","coordinates":[-74.04586403,4.72677228984486]},"properties":{"FID":341,"OBJECTID":341,"COD_ID_INT":1354,"DIRECCION":"AV SANTA BARBARA (AK 19) X CL 145","LOCALIDAD":"USAQUEN","TIPO_INTER":"VEHICULAR, PEATONAL, BICIUSUARIOS","INFRA_CICL":"CICLORUTA","OPERACION":"NORMAL"}},{"type":"Feature","id":342,"geometry":{"type":"Point","coordinates":[-74.15420189,4.67776348984647]},"properties":{"FID":342,"OBJECTID":342,"COD_ID_INT":883,"DIRECCION":"KR 111A X AV CENTENARIO (DG 16)","LOCALIDAD":"FONTIBON","TIPO_INTER":"VEHICULAR, PEATONAL","INFRA_CICL":"SIN","OPERACION":"NORMAL"}},{"type":"Feature","id":343,"geometry":{"type":"Point","coordinates":[-74.106569324,4.74469187684427]},"properties":{"FID":343,"OBJECTID":343,"COD_ID_INT":1529,"DIRECCION":"KR 118_(W) X CL 139","LOCALIDAD":"SUBA","TIPO_INTER":"VEHICULAR, PEATONAL","INFRA_CICL":"SIN","OPERACION":"NORMAL"}},{"type":"Feature","id":344,"geometry":{"type":"Point","coordinates":[-74.1070207499999,4.65437324984723]},"properties":{"FID":344,"OBJECTID":344,"COD_ID_INT":1266,"DIRECCION":"KR 68B X CL 25","LOCALIDAD":"FONTIBON","TIPO_INTER":"VEHICULAR, PEATONAL, BICIUSUARIOS","INFRA_CICL":"CICLORUTA EN CALZADA","OPERACION":"NORMAL"}},{"type":"Feature","id":345,"geometry":{"type":"Point","coordinates":[-74.11957682,4.61974916984833]},"properties":{"FID":345,"OBJECTID":345,"COD_ID_INT":772,"DIRECCION":"KR 56 X AV CIUDAD MONTES (AC 3)","LOCALIDAD":"PUENTE ARANDA","TIPO_INTER":"VEHICULAR, PEATONAL","INFRA_CICL":"SIN","OPERACION":"NORMAL"}},{"type":"Feature","id":346,"geometry":{"type":"Point","coordinates":[-74.0700261599999,4.64002244984771]},"properties":{"FID":346,"OBJECTID":346,"COD_ID_INT":369,"DIRECCION":"KR 18 X CL 52","LOCALIDAD":"TEUSAQUILLO","TIPO_INTER":"VEHICULAR, PEATONAL","INFRA_CICL":"SIN","OPERACION":"NORMAL"}},{"type":"Feature","id":347,"geometry":{"type":"Point","coordinates":[-74.1042747779999,4.50471614385208]},"properties":{"FID":347,"OBJECTID":347,"COD_ID_INT":1176,"DIRECCION":"AUTOPISTA AL LLANO (KR 1) X CL 87C SUR","LOCALIDAD":"USME","TIPO_INTER":"VEHICULAR, PEATONAL","INFRA_CICL":"SIN","OPERACION":"NORMAL"}},{"type":"Feature","id":348,"geometry":{"type":"Point","coordinates":[-74.10631824,4.7007533198457]},"properties":{"FID":348,"OBJECTID":348,"COD_ID_INT":1445,"DIRECCION":"KR 89A X CL 75","LOCALIDAD":"ENGATIVA","TIPO_INTER":"VEHICULAR, PEATONAL","INFRA_CICL":"SIN","OPERACION":"NORMAL"}},{"type":"Feature","id":349,"geometry":{"type":"Point","coordinates":[-74.1862951099999,4.6116228398486]},"properties":{"FID":349,"OBJECTID":349,"COD_ID_INT":1311,"DIRECCION":"KR 81B X CL 63 SUR","LOCALIDAD":"BOSA","TIPO_INTER":"EXCLUSIVA PEATONAL","INFRA_CICL":"SIN","OPERACION":"NORMAL"}},{"type":"Feature","id":350,"geometry":{"type":"Point","coordinates":[-74.0686512899999,4.60801721984871]},"properties":{"FID":350,"OBJECTID":350,"COD_ID_INT":338,"DIRECCION":"KR 5 X CL 23","LOCALIDAD":"SANTA FE","TIPO_INTER":"VEHICULAR, PEATONAL","INFRA_CICL":"CICLORUTA","OPERACION":"NORMAL"}},{"type":"Feature","id":351,"geometry":{"type":"Point","coordinates":[-74.0952819999999,4.60466284984887]},"properties":{"FID":351,"OBJECTID":351,"COD_ID_INT":637,"DIRECCION":"AV GENERAL SANTANDER (AK 27) X AV DE LOS COMUNEROS (AC 6)","LOCALIDAD":"LOS MARTIRES","TIPO_INTER":"VEHICULAR, PEATONAL","INFRA_CICL":"CICLORUTA","OPERACION":"NORMAL"}},{"type":"Feature","id":352,"geometry":{"type":"Point","coordinates":[-74.15459743,4.62274703984824]},"properties":{"FID":352,"OBJECTID":352,"COD_ID_INT":881,"DIRECCION":"KR 78K X CL 38C SUR","LOCALIDAD":"KENNEDY","TIPO_INTER":"VEHICULAR, PEATONAL, BICIUSUARIOS","INFRA_CICL":"CICLORUTA EN CALZADA","OPERACION":"NORMAL"}},{"type":"Feature","id":353,"geometry":{"type":"Point","coordinates":[-74.11010027,4.63043535984799]},"properties":{"FID":353,"OBJECTID":353,"COD_ID_INT":1371,"DIRECCION":"KR 56 X AV CENTENARIO (AC 13)","LOCALIDAD":"PUENTE ARANDA","TIPO_INTER":"VEHICULAR, PEATONAL","INFRA_CICL":"SIN","OPERACION":"NORMAL"}},{"type":"Feature","id":354,"geometry":{"type":"Point","coordinates":[-74.1354388,4.61415035984855]},"properties":{"FID":354,"OBJECTID":354,"COD_ID_INT":818,"DIRECCION":"KR 69B X AV PRIMERO DE MAYO (AC 26 S)","LOCALIDAD":"KENNEDY","TIPO_INTER":"VEHICULAR, PEATONAL","INFRA_CICL":"SIN","OPERACION":"NORMAL"}},{"type":"Feature","id":355,"geometry":{"type":"Point","coordinates":[-74.09748633,4.692221769846]},"properties":{"FID":355,"OBJECTID":355,"COD_ID_INT":1302,"DIRECCION":"KR 76 X CL 74","LOCALIDAD":"ENGATIVA","TIPO_INTER":"VEHICULAR, PEATONAL","INFRA_CICL":"SIN","OPERACION":"NORMAL"}},{"type":"Feature","id":356,"geometry":{"type":"Point","coordinates":[-74.0731257699999,4.64758657984743]},"properties":{"FID":356,"OBJECTID":356,"COD_ID_INT":439,"DIRECCION":"AV COLOMBIA (TV 24) X DG 61B","LOCALIDAD":"TEUSAQUILLO","TIPO_INTER":"VEHICULAR","INFRA_CICL":"SIN","OPERACION":"NORMAL"}},{"type":"Feature","id":357,"geometry":{"type":"Point","coordinates":[-74.1178140499999,4.62833916984808]},"properties":{"FID":357,"OBJECTID":357,"COD_ID_INT":758,"DIRECCION":"KR 63 X AV DE LAS AMERICAS (AC 9)","LOCALIDAD":"PUENTE ARANDA","TIPO_INTER":"VEHICULAR","INFRA_CICL":"CICLORUTA","OPERACION":"NORMAL"}},{"type":"Feature","id":358,"geometry":{"type":"Point","coordinates":[-74.08465498,4.59716898984909]},"properties":{"FID":358,"OBJECTID":358,"COD_ID_INT":563,"DIRECCION":"AV CARACAS (AK 14) X AV DE LOS COMUNEROS (AC 6)","LOCALIDAD":"SANTA FE","TIPO_INTER":"VEHICULAR, PEATONAL","INFRA_CICL":"CICLORUTA","OPERACION":"NORMAL"}},{"type":"Feature","id":359,"geometry":{"type":"Point","coordinates":[-74.1862344899999,4.61810596784841]},"properties":{"FID":359,"OBJECTID":359,"COD_ID_INT":1537,"DIRECCION":"KR 84A X AVENIDA BOSA (CL 59 SUR)","LOCALIDAD":"BOSA","TIPO_INTER":"EXCLUSIVA PEATONAL","INFRA_CICL":"SIN","OPERACION":"NORMAL"}},{"type":"Feature","id":360,"geometry":{"type":"Point","coordinates":[-74.11277724,4.61919330984837]},"properties":{"FID":360,"OBJECTID":360,"COD_ID_INT":742,"DIRECCION":"AV BATALLON CALDAS (AK 50) X CL 4F","LOCALIDAD":"PUENTE ARANDA","TIPO_INTER":"VEHICULAR, PEATONAL","INFRA_CICL":"SIN","OPERACION":"NORMAL"}},{"type":"Feature","id":361,"geometry":{"type":"Point","coordinates":[-74.1364015299999,4.62833466984809]},"properties":{"FID":361,"OBJECTID":361,"COD_ID_INT":1352,"DIRECCION":"KR 71D X CL 5A","LOCALIDAD":"KENNEDY","TIPO_INTER":"VEHICULAR, PEATONAL, BICIUSUARIOS","INFRA_CICL":"CICLORUTA","OPERACION":"NORMAL"}},{"type":"Feature","id":362,"geometry":{"type":"Point","coordinates":[-74.101433092,4.73653946684457]},"properties":{"FID":362,"OBJECTID":362,"COD_ID_INT":1467,"DIRECCION":"AV EL TABOR (KR 106) X CL 132","LOCALIDAD":"SUBA","TIPO_INTER":"VEHICULAR, PEATONAL","INFRA_CICL":"SIN","OPERACION":"NORMAL"}},{"type":"Feature","id":363,"geometry":{"type":"Point","coordinates":[-74.0762564,4.5945050498492]},"properties":{"FID":363,"OBJECTID":363,"COD_ID_INT":946,"DIRECCION":"KR 6 X CL 7","LOCALIDAD":"CANDELARIA","TIPO_INTER":"VEHICULAR","INFRA_CICL":"SIN","OPERACION":"NORMAL"}},{"type":"Feature","id":364,"geometry":{"type":"Point","coordinates":[-74.0494570449999,4.67096384384666]},"properties":{"FID":364,"OBJECTID":364,"COD_ID_INT":1421,"DIRECCION":"AV GERMAN ARCINIEGAS (AK 11) X CL 88","LOCALIDAD":"CHAPINERO","TIPO_INTER":"EXCLUSIVA PEATONAL","INFRA_CICL":"CICLORUTA EN CALZADA","OPERACION":"NORMAL"}},{"type":"Feature","id":365,"geometry":{"type":"Point","coordinates":[-74.07194763,4.63335996984793]},"properties":{"FID":365,"OBJECTID":365,"COD_ID_INT":407,"DIRECCION":"KR 19 X AV FRANCISCO MIRANDA (AC 45)","LOCALIDAD":"TEUSAQUILLO","TIPO_INTER":"VEHICULAR, PEATONAL","INFRA_CICL":"SIN","OPERACION":"NORMAL"}},{"type":"Feature","id":366,"geometry":{"type":"Point","coordinates":[-74.06807156,4.64765964984744]},"properties":{"FID":366,"OBJECTID":366,"COD_ID_INT":323,"DIRECCION":"KR 17 X CL 60","LOCALIDAD":"TEUSAQUILLO","TIPO_INTER":"VEHICULAR, PEATONAL","INFRA_CICL":"SIN","OPERACION":"NORMAL"}},{"type":"Feature","id":367,"geometry":{"type":"Point","coordinates":[-74.10527632,4.62972601984799]},"properties":{"FID":367,"OBJECTID":367,"COD_ID_INT":705,"DIRECCION":"AV BATALLON CALDAS (AK 50) X AV PUENTE ARANDA (AC 17)","LOCALIDAD":"PUENTE ARANDA","TIPO_INTER":"VEHICULAR, PEATONAL, BICIUSUARIOS","INFRA_CICL":"CICLORUTA EN CALZADA","OPERACION":"NORMAL"}},{"type":"Feature","id":368,"geometry":{"type":"Point","coordinates":[-74.07019472,4.61002896984864]},"properties":{"FID":368,"OBJECTID":368,"COD_ID_INT":373,"DIRECCION":"KR 7 X CL 24","LOCALIDAD":"SANTA FE","TIPO_INTER":"VEHICULAR, PEATONAL","INFRA_CICL":"CICLORUTA EN CALZADA","OPERACION":"NORMAL"}},{"type":"Feature","id":369,"geometry":{"type":"Point","coordinates":[-74.1008845699999,4.72998963984476]},"properties":{"FID":369,"OBJECTID":369,"COD_ID_INT":676,"DIRECCION":"AV CIUDAD DE CALI (AK 104) X CL 129","LOCALIDAD":"SUBA","TIPO_INTER":"VEHICULAR, PEATONAL","INFRA_CICL":"CICLORUTA","OPERACION":"NORMAL"}},{"type":"Feature","id":370,"geometry":{"type":"Point","coordinates":[-74.1095880399999,4.71575350984524]},"properties":{"FID":370,"OBJECTID":370,"COD_ID_INT":1377,"DIRECCION":"KR 102 X CL 82","LOCALIDAD":"ENGATIVA","TIPO_INTER":"VEHICULAR, PEATONAL","INFRA_CICL":"SIN","OPERACION":"NORMAL"}},{"type":"Feature","id":371,"geometry":{"type":"Point","coordinates":[-74.07134717,4.64509444984751]},"properties":{"FID":371,"OBJECTID":371,"COD_ID_INT":395,"DIRECCION":"KR 21 X AV GILBERTO ALZATE AVENDANO (AC 57)","LOCALIDAD":"TEUSAQUILLO","TIPO_INTER":"VEHICULAR","INFRA_CICL":"SIN","OPERACION":"NORMAL"}},{"type":"Feature","id":372,"geometry":{"type":"Point","coordinates":[-74.0688289,4.61794624984841]},"properties":{"FID":372,"OBJECTID":372,"COD_ID_INT":344,"DIRECCION":"AV ALBERTO LLERAS CAMARGO (AK 7) Y KR 13 X CL 32","LOCALIDAD":"SANTA FE","TIPO_INTER":"VEHICULAR, PEATONAL","INFRA_CICL":"CICLORUTA","OPERACION":"NORMAL"}},{"type":"Feature","id":373,"geometry":{"type":"Point","coordinates":[-74.069249,4.64472133984756]},"properties":{"FID":373,"OBJECTID":373,"COD_ID_INT":350,"DIRECCION":"KR 18 X AV GILBERTO ALZATE AVENDANO (AC 57)","LOCALIDAD":"TEUSAQUILLO","TIPO_INTER":"VEHICULAR","INFRA_CICL":"SIN","OPERACION":"NORMAL"}},{"type":"Feature","id":374,"geometry":{"type":"Point","coordinates":[-74.1334934179999,4.54026132685093]},"properties":{"FID":374,"OBJECTID":374,"COD_ID_INT":1454,"DIRECCION":"KR 15 X AV BOYACA (AC 71B S)","LOCALIDAD":"CIUDAD BOLIVAR","TIPO_INTER":"VEHICULAR, PEATONAL","INFRA_CICL":"SIN","OPERACION":"NORMAL"}},{"type":"Feature","id":375,"geometry":{"type":"Point","coordinates":[-74.04127568,4.72944849984477]},"properties":{"FID":375,"OBJECTID":375,"COD_ID_INT":36,"DIRECCION":"AV JORGE URIBE BOTERO (AK 15) X AV CEDRITOS (AC 147)","LOCALIDAD":"USAQUEN","TIPO_INTER":"VEHICULAR, PEATONAL","INFRA_CICL":"SIN","OPERACION":"NORMAL"}},{"type":"Feature","id":376,"geometry":{"type":"Point","coordinates":[-74.04547404,4.67864768984644]},"properties":{"FID":376,"OBJECTID":376,"COD_ID_INT":62,"DIRECCION":"AV GERMAN ARCINIEGAS (AK 11) X AV ENRIQUE GRAU ARAUJO (CL 95)","LOCALIDAD":"CHAPINERO","TIPO_INTER":"VEHICULAR, PEATONAL","INFRA_CICL":"CICLORUTA EN CALZADA","OPERACION":"NORMAL"}},{"type":"Feature","id":377,"geometry":{"type":"Point","coordinates":[-74.0960026399999,4.59587571984911]},"properties":{"FID":377,"OBJECTID":377,"COD_ID_INT":986,"DIRECCION":"KR 24 X CL 1F","LOCALIDAD":"LOS MARTIRES","TIPO_INTER":"VEHICULAR","INFRA_CICL":"SIN","OPERACION":"NORMAL"}},{"type":"Feature","id":378,"geometry":{"type":"Point","coordinates":[-74.05100251,4.69277305984596]},"properties":{"FID":378,"OBJECTID":378,"COD_ID_INT":110,"DIRECCION":"AV SANTA BARBARA (AK 19) X CL 106","LOCALIDAD":"USAQUEN","TIPO_INTER":"VEHICULAR","INFRA_CICL":"CICLORUTA","OPERACION":"NORMAL"}},{"type":"Feature","id":379,"geometry":{"type":"Point","coordinates":[-74.03199725,4.74295622984437]},"properties":{"FID":379,"OBJECTID":379,"COD_ID_INT":1276,"DIRECCION":"AV LAUREANO GOMEZ (AK 9) X CL 165","LOCALIDAD":"USAQUEN","TIPO_INTER":"VEHICULAR, PEATONAL","INFRA_CICL":"SIN","OPERACION":"NORMAL"}},{"type":"Feature","id":380,"geometry":{"type":"Point","coordinates":[-74.09784813,4.60709475984874]},"properties":{"FID":380,"OBJECTID":380,"COD_ID_INT":1294,"DIRECCION":"AV CIUDAD DE QUITO (AK 30) X AV DE LOS COMUNEROS (AC 6)","LOCALIDAD":"PUENTE ARANDA","TIPO_INTER":"VEHICULAR, PEATONAL","INFRA_CICL":"SIN","OPERACION":"NORMAL"}},{"type":"Feature","id":381,"geometry":{"type":"Point","coordinates":[-74.08719278,4.6119381098486]},"properties":{"FID":381,"OBJECTID":381,"COD_ID_INT":580,"DIRECCION":"KR 25 X CL 15","LOCALIDAD":"LOS MARTIRES","TIPO_INTER":"VEHICULAR, PEATONAL","INFRA_CICL":"SIN","OPERACION":"NORMAL"}},{"type":"Feature","id":382,"geometry":{"type":"Point","coordinates":[-74.15882928,4.62669838984813]},"properties":{"FID":382,"OBJECTID":382,"COD_ID_INT":1168,"DIRECCION":"AV AGOBERTO MEJIA CIFUENTES (AK 80) X CL 38C SUR","LOCALIDAD":"KENNEDY","TIPO_INTER":"VEHICULAR, PEATONAL","INFRA_CICL":"CICLORUTA","OPERACION":"NORMAL"}},{"type":"Feature","id":383,"geometry":{"type":"Point","coordinates":[-74.08555498,4.56953130984998]},"properties":{"FID":383,"OBJECTID":383,"COD_ID_INT":957,"DIRECCION":"AV LA VICTORIA (KR 3 ESTE) X AV PRIMERO DE MAYO (AC 22 S)","LOCALIDAD":"SAN CRISTOBAL","TIPO_INTER":"VEHICULAR, PEATONAL","INFRA_CICL":"SIN","OPERACION":"NORMAL"}},{"type":"Feature","id":384,"geometry":{"type":"Point","coordinates":[-74.09449183,4.62116856984831]},"properties":{"FID":384,"OBJECTID":384,"COD_ID_INT":630,"DIRECCION":"AV CUNDINAMARCA (AK 36) X CL 17A","LOCALIDAD":"PUENTE ARANDA","TIPO_INTER":"VEHICULAR, PEATONAL","INFRA_CICL":"SIN","OPERACION":"NORMAL"}},{"type":"Feature","id":385,"geometry":{"type":"Point","coordinates":[-74.0696726099999,4.65908003984707]},"properties":{"FID":385,"OBJECTID":385,"COD_ID_INT":359,"DIRECCION":"AV COLOMBIA (AK 24) X AV GABRIEL ANDRADE (AC 68)","LOCALIDAD":"BARRIOS UNIDOS","TIPO_INTER":"VEHICULAR, PEATONAL","INFRA_CICL":"SIN","OPERACION":"NORMAL"}},{"type":"Feature","id":386,"geometry":{"type":"Point","coordinates":[-74.0978645,4.722893569845]},"properties":{"FID":386,"OBJECTID":386,"COD_ID_INT":658,"DIRECCION":"KR 95A X AV CIUDAD DE CALI (CL 127)","LOCALIDAD":"SUBA","TIPO_INTER":"VEHICULAR, PEATONAL","INFRA_CICL":"CICLORUTA","OPERACION":"NORMAL"}},{"type":"Feature","id":387,"geometry":{"type":"Point","coordinates":[-74.106272576,4.50046717085221]},"properties":{"FID":387,"OBJECTID":387,"COD_ID_INT":1150,"DIRECCION":"AUTOPISTA AL LLANO (KR 1) X CL 90 SUR","LOCALIDAD":"USME","TIPO_INTER":"VEHICULAR, PEATONAL","INFRA_CICL":"SIN","OPERACION":"NORMAL"}},{"type":"Feature","id":388,"geometry":{"type":"Point","coordinates":[-74.079527067,4.59080335484928]},"properties":{"FID":388,"OBJECTID":388,"COD_ID_INT":1183,"DIRECCION":"KR 7 X AV DE LOS COMUNEROS (CL 6)","LOCALIDAD":"SANTA FE","TIPO_INTER":"VEHICULAR, PEATONAL","INFRA_CICL":"SIN","OPERACION":"NORMAL"}},{"type":"Feature","id":389,"geometry":{"type":"Point","coordinates":[-74.03497021,4.68785871984617]},"properties":{"FID":389,"OBJECTID":389,"COD_ID_INT":21,"DIRECCION":"AV ALBERTO LLERAS CAMARGO (AK 7) X CL 109","LOCALIDAD":"USAQUEN","TIPO_INTER":"VEHICULAR, PEATONAL","INFRA_CICL":"SIN","OPERACION":"NORMAL"}},{"type":"Feature","id":390,"geometry":{"type":"Point","coordinates":[-74.0710918899999,4.7060251598455]},"properties":{"FID":390,"OBJECTID":390,"COD_ID_INT":392,"DIRECCION":"AV ALFREDO D BATERMAN (TV 60) X CL 120","LOCALIDAD":"SUBA","TIPO_INTER":"VEHICULAR, PEATONAL","INFRA_CICL":"CICLORUTA","OPERACION":"NORMAL"}},{"type":"Feature","id":391,"geometry":{"type":"Point","coordinates":[-74.04591964,4.69057225984606]},"properties":{"FID":391,"OBJECTID":391,"COD_ID_INT":65,"DIRECCION":"AV PASEO DEL COUNTRY (AK 15) X CL 106","LOCALIDAD":"USAQUEN","TIPO_INTER":"VEHICULAR","INFRA_CICL":"SIN","OPERACION":"NORMAL"}},{"type":"Feature","id":392,"geometry":{"type":"Point","coordinates":[-74.037570611,4.76456097684362]},"properties":{"FID":392,"OBJECTID":392,"COD_ID_INT":1345,"DIRECCION":"KR 16 X CL 187","LOCALIDAD":"USAQUEN","TIPO_INTER":"VEHICULAR, PEATONAL","INFRA_CICL":"SIN","OPERACION":"NORMAL"}},{"type":"Feature","id":393,"geometry":{"type":"Point","coordinates":[-74.0979561299999,4.58666186984943]},"properties":{"FID":393,"OBJECTID":393,"COD_ID_INT":995,"DIRECCION":"TV 18BIS X CL 13A SUR","LOCALIDAD":"ANTONIO NARINO","TIPO_INTER":"VEHICULAR","INFRA_CICL":"SIN","OPERACION":"NORMAL"}},{"type":"Feature","id":394,"geometry":{"type":"Point","coordinates":[-74.17637243,4.61308615984853]},"properties":{"FID":394,"OBJECTID":394,"COD_ID_INT":923,"DIRECCION":"AV AGOBERTO MEJIA CIFUENTES (AK 80) X CL 57A SUR","LOCALIDAD":"KENNEDY","TIPO_INTER":"VEHICULAR, PEATONAL","INFRA_CICL":"CICLORUTA","OPERACION":"NORMAL"}},{"type":"Feature","id":395,"geometry":{"type":"Point","coordinates":[-74.08827475,4.62996363984801]},"properties":{"FID":395,"OBJECTID":395,"COD_ID_INT":588,"DIRECCION":"KR 37 X CL 25","LOCALIDAD":"TEUSAQUILLO","TIPO_INTER":"VEHICULAR, PEATONAL","INFRA_CICL":"SIN","OPERACION":"NORMAL"}},{"type":"Feature","id":396,"geometry":{"type":"Point","coordinates":[-74.0999738,4.73590753984455]},"properties":{"FID":396,"OBJECTID":396,"COD_ID_INT":671,"DIRECCION":"AV CIUDAD DE CALI (AK 104) X AV EL TABOR (AC 132)","LOCALIDAD":"SUBA","TIPO_INTER":"VEHICULAR, PEATONAL","INFRA_CICL":"CICLORUTA","OPERACION":"NORMAL"}},{"type":"Feature","id":397,"geometry":{"type":"Point","coordinates":[-74.07626577,4.60881166984867]},"properties":{"FID":397,"OBJECTID":397,"COD_ID_INT":501,"DIRECCION":"AV CARACAS (AK 14) X AV CIUDAD DE LIMA (AC 19)","LOCALIDAD":"SANTA FE","TIPO_INTER":"VEHICULAR, PEATONAL","INFRA_CICL":"SIN","OPERACION":"NORMAL"}},{"type":"Feature","id":398,"geometry":{"type":"Point","coordinates":[-74.0539758,4.66867499984677]},"properties":{"FID":398,"OBJECTID":398,"COD_ID_INT":143,"DIRECCION":"KR 13 X AC 82","LOCALIDAD":"CHAPINERO","TIPO_INTER":"VEHICULAR","INFRA_CICL":"SIN","OPERACION":"NORMAL"}},{"type":"Feature","id":399,"geometry":{"type":"Point","coordinates":[-74.09230586,4.59765239984909]},"properties":{"FID":399,"OBJECTID":399,"COD_ID_INT":1306,"DIRECCION":"AV MARISCAL SUCRE (TV 20) X CL 3","LOCALIDAD":"LOS MARTIRES","TIPO_INTER":"VEHICULAR, PEATONAL","INFRA_CICL":"SIN","OPERACION":"NORMAL"}},{"type":"Feature","id":400,"geometry":{"type":"Point","coordinates":[-74.09320325,4.59665759984912]},"properties":{"FID":400,"OBJECTID":400,"COD_ID_INT":1304,"DIRECCION":"AV MARISCAL SUCRE (TV 20) X CL 2","LOCALIDAD":"LOS MARTIRES","TIPO_INTER":"VEHICULAR, PEATONAL","INFRA_CICL":"CICLORUTA","OPERACION":"NORMAL"}},{"type":"Feature","id":401,"geometry":{"type":"Point","coordinates":[-74.165705391,4.59569209484914]},"properties":{"FID":401,"OBJECTID":401,"COD_ID_INT":1153,"DIRECCION":"KR 71 X AV DEL SUR (CL 57R SUR)","LOCALIDAD":"BOSA","TIPO_INTER":"VEHICULAR","INFRA_CICL":"CICLORUTA","OPERACION":"NORMAL"}},{"type":"Feature","id":402,"geometry":{"type":"Point","coordinates":[-74.07373904,4.64310841984757]},"properties":{"FID":402,"OBJECTID":402,"COD_ID_INT":453,"DIRECCION":"AV COLOMBIA (TV 24) X CL 53B","LOCALIDAD":"TEUSAQUILLO","TIPO_INTER":"VEHICULAR, PEATONAL","INFRA_CICL":"CICLORUTA EN CALZADA","OPERACION":"NORMAL"}},{"type":"Feature","id":403,"geometry":{"type":"Point","coordinates":[-74.0591414899999,4.65130418984734]},"properties":{"FID":403,"OBJECTID":403,"COD_ID_INT":1341,"DIRECCION":"KR 8 X CL 67","LOCALIDAD":"CHAPINERO","TIPO_INTER":"VEHICULAR, PEATONAL","INFRA_CICL":"SIN","OPERACION":"NORMAL"}},{"type":"Feature","id":404,"geometry":{"type":"Point","coordinates":[-74.1600343699999,4.62065097984831]},"properties":{"FID":404,"OBJECTID":404,"COD_ID_INT":893,"DIRECCION":"KR 79 X CL 41D SUR","LOCALIDAD":"KENNEDY","TIPO_INTER":"VEHICULAR, PEATONAL","INFRA_CICL":"SIN","OPERACION":"NORMAL"}},{"type":"Feature","id":405,"geometry":{"type":"Point","coordinates":[-74.1366746099999,4.62566840984815]},"properties":{"FID":405,"OBJECTID":405,"COD_ID_INT":825,"DIRECCION":"KR 71D X VIA G (AC 3)","LOCALIDAD":"KENNEDY","TIPO_INTER":"VEHICULAR, PEATONAL, BICIUSUARIOS","INFRA_CICL":"CICLORUTA EN CALZADA","OPERACION":"NORMAL"}},{"type":"Feature","id":406,"geometry":{"type":"Point","coordinates":[-74.066076343,4.64189625084763]},"properties":{"FID":406,"OBJECTID":406,"COD_ID_INT":284,"DIRECCION":"AV CARACAS (AK 14) X CL 54A","LOCALIDAD":"TEUSAQUILLO","TIPO_INTER":"EXCLUSIVA PEATONAL","INFRA_CICL":"SIN","OPERACION":"NORMAL"}},{"type":"Feature","id":407,"geometry":{"type":"Point","coordinates":[-74.0709943699999,4.62494447984819]},"properties":{"FID":407,"OBJECTID":407,"COD_ID_INT":389,"DIRECCION":"KR 16 X CL 36","LOCALIDAD":"TEUSAQUILLO","TIPO_INTER":"VEHICULAR, PEATONAL, BICIUSUARIOS","INFRA_CICL":"CICLORUTA EN CALZADA","OPERACION":"NORMAL"}},{"type":"Feature","id":408,"geometry":{"type":"Point","coordinates":[-74.06177486,4.65199455984729]},"properties":{"FID":408,"OBJECTID":408,"COD_ID_INT":1172,"DIRECCION":"AV GERMAN ARCINIEGAS (AK 11) X CL 66","LOCALIDAD":"CHAPINERO","TIPO_INTER":"VEHICULAR, PEATONAL","INFRA_CICL":"CICLORUTA","OPERACION":"NORMAL"}},{"type":"Feature","id":409,"geometry":{"type":"Point","coordinates":[-74.10345265,4.60524030984882]},"properties":{"FID":409,"OBJECTID":409,"COD_ID_INT":691,"DIRECCION":"KR 31D X AV CIUDAD MONTES (AC 3)","LOCALIDAD":"PUENTE ARANDA","TIPO_INTER":"VEHICULAR, PEATONAL","INFRA_CICL":"SIN","OPERACION":"NORMAL"}},{"type":"Feature","id":410,"geometry":{"type":"Point","coordinates":[-74.02756972,4.76425922984365]},"properties":{"FID":410,"OBJECTID":410,"COD_ID_INT":1242,"DIRECCION":"AV ALBERTO LLERAS CAMARGO (AK 7) X CL 187C","LOCALIDAD":"USAQUEN","TIPO_INTER":"VEHICULAR, PEATONAL","INFRA_CICL":"SIN","OPERACION":"NORMAL"}},{"type":"Feature","id":411,"geometry":{"type":"Point","coordinates":[-74.134416551,4.56872963685]},"properties":{"FID":411,"OBJECTID":411,"COD_ID_INT":1092,"DIRECCION":"AV CIUDAD DE VILLAVICENCIO (KR 19C) X CL 55 SUR","LOCALIDAD":"TUNJUELITO","TIPO_INTER":"VEHICULAR, PEATONAL","INFRA_CICL":"SIN","OPERACION":"NORMAL"}},{"type":"Feature","id":412,"geometry":{"type":"Point","coordinates":[-74.108164906,4.62812031384809]},"properties":{"FID":412,"OBJECTID":412,"COD_ID_INT":1284,"DIRECCION":"KR 52 X AV CENTENARIO (AC 13)","LOCALIDAD":"PUENTE ARANDA","TIPO_INTER":"EXCLUSIVA PEATONAL","INFRA_CICL":"CICLORUTA","OPERACION":"NORMAL"}},{"type":"Feature","id":413,"geometry":{"type":"Point","coordinates":[-74.06675839,4.65455427384719]},"properties":{"FID":413,"OBJECTID":413,"COD_ID_INT":300,"DIRECCION":"KR 17 X CL 66","LOCALIDAD":"BARRIOS UNIDOS","TIPO_INTER":"VEHICULAR, PEATONAL","INFRA_CICL":"SIN","OPERACION":"NORMAL"}},{"type":"Feature","id":414,"geometry":{"type":"Point","coordinates":[-74.09683596,4.59804303984906]},"properties":{"FID":414,"OBJECTID":414,"COD_ID_INT":647,"DIRECCION":"KR 25 X CL 2","LOCALIDAD":"LOS MARTIRES","TIPO_INTER":"VEHICULAR, PEATONAL","INFRA_CICL":"SIN","OPERACION":"NORMAL"}},{"type":"Feature","id":415,"geometry":{"type":"Point","coordinates":[-74.08812438,4.58079695984962]},"properties":{"FID":415,"OBJECTID":415,"COD_ID_INT":963,"DIRECCION":"KR 8 X AV FUCHA (AC 11 S)","LOCALIDAD":"SAN CRISTOBAL","TIPO_INTER":"VEHICULAR","INFRA_CICL":"SIN","OPERACION":"NORMAL"}},{"type":"Feature","id":416,"geometry":{"type":"Point","coordinates":[-74.06192829,4.65951386984706]},"properties":{"FID":416,"OBJECTID":416,"COD_ID_INT":219,"DIRECCION":"AV CARACAS (AK 20) X AV CHILE (AC 72)","LOCALIDAD":"BARRIOS UNIDOS","TIPO_INTER":"VEHICULAR, PEATONAL","INFRA_CICL":"SIN","OPERACION":"NORMAL"}},{"type":"Feature","id":417,"geometry":{"type":"Point","coordinates":[-74.039223012,4.76029249684374]},"properties":{"FID":417,"OBJECTID":417,"COD_ID_INT":1562,"DIRECCION":"KR 18A X AVENIDA SAN ANTONIO (AV 183)","LOCALIDAD":"USAQUEN","TIPO_INTER":"VEHICULAR, PEATONAL","INFRA_CICL":"SIN","OPERACION":"NORMAL"}},{"type":"Feature","id":418,"geometry":{"type":"Point","coordinates":[-74.13179295,4.57968378984966]},"properties":{"FID":418,"OBJECTID":418,"COD_ID_INT":1088,"DIRECCION":"KR 25 X DG 51A SUR","LOCALIDAD":"TUNJUELITO","TIPO_INTER":"VEHICULAR","INFRA_CICL":"SIN","OPERACION":"NORMAL"}},{"type":"Feature","id":419,"geometry":{"type":"Point","coordinates":[-74.07419218,4.5939610398492]},"properties":{"FID":419,"OBJECTID":419,"COD_ID_INT":944,"DIRECCION":"KR 4 X CL 7","LOCALIDAD":"CANDELARIA","TIPO_INTER":"VEHICULAR, PEATONAL","INFRA_CICL":"SIN","OPERACION":"NORMAL"}},{"type":"Feature","id":420,"geometry":{"type":"Point","coordinates":[-74.0603798499999,4.65843286984711]},"properties":{"FID":420,"OBJECTID":420,"COD_ID_INT":197,"DIRECCION":"KR 13 X AV CHILE (AC 72)","LOCALIDAD":"CHAPINERO","TIPO_INTER":"VEHICULAR, PEATONAL","INFRA_CICL":"SIN","OPERACION":"NORMAL"}},{"type":"Feature","id":421,"geometry":{"type":"Point","coordinates":[-74.07637776,4.61332152984856]},"properties":{"FID":421,"OBJECTID":421,"COD_ID_INT":504,"DIRECCION":"KR 17 X CL 23","LOCALIDAD":"LOS MARTIRES","TIPO_INTER":"VEHICULAR, PEATONAL","INFRA_CICL":"SIN","OPERACION":"NORMAL"}},{"type":"Feature","id":422,"geometry":{"type":"Point","coordinates":[-74.031387867,4.7603082358438]},"properties":{"FID":422,"OBJECTID":422,"COD_ID_INT":1375,"DIRECCION":"AVENIDA LAUREANO GOMEZ (KR 9) X AV SAN ANTONIO (AC 183)","LOCALIDAD":"USAQUEN","TIPO_INTER":"VEHICULAR, PEATONAL","INFRA_CICL":"SIN","OPERACION":"OBRAS"}},{"type":"Feature","id":423,"geometry":{"type":"Point","coordinates":[-74.08041423,4.59153154984929]},"properties":{"FID":423,"OBJECTID":423,"COD_ID_INT":1184,"DIRECCION":"KR 8 X AV DE LOS COMUNEROS (CL 6)","LOCALIDAD":"SANTA FE","TIPO_INTER":"VEHICULAR, PEATONAL","INFRA_CICL":"SIN","OPERACION":"NORMAL"}},{"type":"Feature","id":424,"geometry":{"type":"Point","coordinates":[-74.06425057,4.63146899984797]},"properties":{"FID":424,"OBJECTID":424,"COD_ID_INT":256,"DIRECCION":"AV ALBERTO LLERAS CAMARGO (AK 7) X AV FRANCISCO MIRANDA (AC 45)","LOCALIDAD":"CHAPINERO","TIPO_INTER":"VEHICULAR, PEATONAL","INFRA_CICL":"SIN","OPERACION":"NORMAL"}},{"type":"Feature","id":425,"geometry":{"type":"Point","coordinates":[-74.04157679,4.72149614984505]},"properties":{"FID":425,"OBJECTID":425,"COD_ID_INT":38,"DIRECCION":"AV JORGE URIBE BOTERO (AK 15) X CL 140","LOCALIDAD":"USAQUEN","TIPO_INTER":"VEHICULAR","INFRA_CICL":"SIN","OPERACION":"NORMAL"}},{"type":"Feature","id":426,"geometry":{"type":"Point","coordinates":[-74.0246496199999,4.72776292984482]},"properties":{"FID":426,"OBJECTID":426,"COD_ID_INT":6,"DIRECCION":"AV ALBERTO LLERAS CAMARGO (AK 7) X AV DE LA SIRENA (AC 153)","LOCALIDAD":"USAQUEN","TIPO_INTER":"VEHICULAR, PEATONAL","INFRA_CICL":"SIN","OPERACION":"NORMAL"}},{"type":"Feature","id":427,"geometry":{"type":"Point","coordinates":[-74.1840411709999,4.59631725584908]},"properties":{"FID":427,"OBJECTID":427,"COD_ID_INT":1407,"DIRECCION":"AV DEL SUR (KR 77G) X CL 65F SUR","LOCALIDAD":"BOSA","TIPO_INTER":"VEHICULAR","INFRA_CICL":"SIN","OPERACION":"NORMAL"}},{"type":"Feature","id":428,"geometry":{"type":"Point","coordinates":[-74.0346118799999,4.7208044698451]},"properties":{"FID":428,"OBJECTID":428,"COD_ID_INT":20,"DIRECCION":"KR 11 X CL 142","LOCALIDAD":"USAQUEN","TIPO_INTER":"VEHICULAR, PEATONAL","INFRA_CICL":"SIN","OPERACION":"NORMAL"}},{"type":"Feature","id":429,"geometry":{"type":"Point","coordinates":[-74.0554323599999,4.71918114984511]},"properties":{"FID":429,"OBJECTID":429,"COD_ID_INT":151,"DIRECCION":"KR 49 X AV IBERIA (AC 134)","LOCALIDAD":"SUBA","TIPO_INTER":"VEHICULAR, PEATONAL","INFRA_CICL":"CICLORUTA","OPERACION":"NORMAL"}},{"type":"Feature","id":430,"geometry":{"type":"Point","coordinates":[-74.1560158889999,4.58369994384953]},"properties":{"FID":430,"OBJECTID":430,"COD_ID_INT":1619,"DIRECCION":"TV 64 X CL 59C SUR","LOCALIDAD":"CIUDAD BOLIVAR","TIPO_INTER":"VEHICULAR, PEATONAL","INFRA_CICL":"SIN","OPERACION":"NORMAL"}},{"type":"Feature","id":431,"geometry":{"type":"Point","coordinates":[-74.129090553,4.67653821884653]},"properties":{"FID":431,"OBJECTID":431,"COD_ID_INT":1451,"DIRECCION":"TV 95A X AV LUIS CARLOS GALAN (AC 24)","LOCALIDAD":"FONTIBON","TIPO_INTER":"EXCLUSIVA PEATONAL","INFRA_CICL":"SIN","OPERACION":"NORMAL"}},{"type":"Feature","id":432,"geometry":{"type":"Point","coordinates":[-74.0615870399999,4.66687833984682]},"properties":{"FID":432,"OBJECTID":432,"COD_ID_INT":212,"DIRECCION":"KR 21 X AV MEDELLIN (AC 80)","LOCALIDAD":"BARRIOS UNIDOS","TIPO_INTER":"VEHICULAR","INFRA_CICL":"SIN","OPERACION":"NORMAL"}},{"type":"Feature","id":433,"geometry":{"type":"Point","coordinates":[-74.05389242,4.66059548984701]},"properties":{"FID":433,"OBJECTID":433,"COD_ID_INT":141,"DIRECCION":"KR 9 X CL 77","LOCALIDAD":"CHAPINERO","TIPO_INTER":"VEHICULAR","INFRA_CICL":"SIN","OPERACION":"NORMAL"}},{"type":"Feature","id":434,"geometry":{"type":"Point","coordinates":[-74.12996592,4.60291589984886]},"properties":{"FID":434,"OBJECTID":434,"COD_ID_INT":798,"DIRECCION":"KR 52A X CL 37 SUR","LOCALIDAD":"PUENTE ARANDA","TIPO_INTER":"VEHICULAR","INFRA_CICL":"CICLORUTA EN CALZADA","OPERACION":"NORMAL"}},{"type":"Feature","id":435,"geometry":{"type":"Point","coordinates":[-74.0753709099999,4.64578702984753]},"properties":{"FID":435,"OBJECTID":435,"COD_ID_INT":491,"DIRECCION":"TV 28 X AV GILBERTO ALZATE AVENDANO (AC 57)","LOCALIDAD":"TEUSAQUILLO","TIPO_INTER":"VEHICULAR, PEATONAL, BICIUSUARIOS","INFRA_CICL":"SIN","OPERACION":"NORMAL"}},{"type":"Feature","id":436,"geometry":{"type":"Point","coordinates":[-74.1020893099999,4.62344913984822]},"properties":{"FID":436,"OBJECTID":436,"COD_ID_INT":684,"DIRECCION":"KR 43 X AV COLON (AC 13)","LOCALIDAD":"PUENTE ARANDA","TIPO_INTER":"VEHICULAR, PEATONAL","INFRA_CICL":"CICLORUTA","OPERACION":"NORMAL"}},{"type":"Feature","id":437,"geometry":{"type":"Point","coordinates":[-74.031583837,4.74819164884417]},"properties":{"FID":437,"OBJECTID":437,"COD_ID_INT":13,"DIRECCION":"AV LAUREANO GOMEZ (AK 9) X AV SAN JUAN BOSCO (AC 170)","LOCALIDAD":"USAQUEN","TIPO_INTER":"VEHICULAR, PEATONAL","INFRA_CICL":"CICLORUTA","OPERACION":"NORMAL"}},{"type":"Feature","id":438,"geometry":{"type":"Point","coordinates":[-74.125874715,4.56510698385013]},"properties":{"FID":438,"OBJECTID":438,"COD_ID_INT":1074,"DIRECCION":"KR 13C X AV CARACAS (AC 51 SUR)","LOCALIDAD":"TUNJUELITO","TIPO_INTER":"VEHICULAR","INFRA_CICL":"SIN","OPERACION":"NORMAL"}},{"type":"Feature","id":439,"geometry":{"type":"Point","coordinates":[-74.087104686,4.73069302584473]},"properties":{"FID":439,"OBJECTID":439,"COD_ID_INT":581,"DIRECCION":"AV EL RINCON (AK 91) X AV EL TABOR (AC 132)","LOCALIDAD":"SUBA","TIPO_INTER":"VEHICULAR, PEATONAL","INFRA_CICL":"SIN","OPERACION":"NORMAL"}},{"type":"Feature","id":440,"geometry":{"type":"Point","coordinates":[-74.097593214,4.73501593284461]},"properties":{"FID":440,"OBJECTID":440,"COD_ID_INT":1543,"DIRECCION":"KR 102A X AV EL TABOR (AC 132)","LOCALIDAD":"SUBA","TIPO_INTER":"VEHICULAR, PEATONAL","INFRA_CICL":"SIN","OPERACION":"NORMAL"}},{"type":"Feature","id":441,"geometry":{"type":"Point","coordinates":[-74.17092078,4.61361415984855]},"properties":{"FID":441,"OBJECTID":441,"COD_ID_INT":917,"DIRECCION":"AV PRIMERO DE MAYO (TV 78N) X CL 53 SUR","LOCALIDAD":"KENNEDY","TIPO_INTER":"VEHICULAR","INFRA_CICL":"CICLORUTA","OPERACION":"NORMAL"}},{"type":"Feature","id":442,"geometry":{"type":"Point","coordinates":[-74.1396225989999,4.58283487084954]},"properties":{"FID":442,"OBJECTID":442,"COD_ID_INT":1450,"DIRECCION":"AV JORGE GAITAN CORTES (KR 33) X CL 53A SUR","LOCALIDAD":"TUNJUELITO","TIPO_INTER":"VEHICULAR, PEATONAL","INFRA_CICL":"SIN","OPERACION":"NORMAL"}},{"type":"Feature","id":443,"geometry":{"type":"Point","coordinates":[-74.0717016899999,4.6209777198483]},"properties":{"FID":443,"OBJECTID":443,"COD_ID_INT":404,"DIRECCION":"KR 16 X AC 32","LOCALIDAD":"TEUSAQUILLO","TIPO_INTER":"VEHICULAR","INFRA_CICL":"SIN","OPERACION":"NORMAL"}},{"type":"Feature","id":444,"geometry":{"type":"Point","coordinates":[-74.187834513,4.63791278084778]},"properties":{"FID":444,"OBJECTID":444,"COD_ID_INT":1546,"DIRECCION":"KR 95A X AC 54 SUR","LOCALIDAD":"BOSA","TIPO_INTER":"VEHICULAR, BICIUSUARIOS","INFRA_CICL":"CICLORUTA EN CALZADA","OPERACION":"NORMAL"}},{"type":"Feature","id":445,"geometry":{"type":"Point","coordinates":[-74.114402229,4.50609243885204]},"properties":{"FID":445,"OBJECTID":445,"COD_ID_INT":1040,"DIRECCION":"AV CARACAS (AK 14) X CL 91 SUR","LOCALIDAD":"USME","TIPO_INTER":"VEHICULAR, PEATONAL","INFRA_CICL":"SIN","OPERACION":"NORMAL"}},{"type":"Feature","id":446,"geometry":{"type":"Point","coordinates":[-74.055316976,4.66625545984685]},"properties":{"FID":446,"OBJECTID":446,"COD_ID_INT":1481,"DIRECCION":"KR 13 X CL 81","LOCALIDAD":"CHAPINERO","TIPO_INTER":"VEHICULAR, PEATONAL","INFRA_CICL":"SIN","OPERACION":"NORMAL"}},{"type":"Feature","id":447,"geometry":{"type":"Point","coordinates":[-74.1103087,4.69908731984577]},"properties":{"FID":447,"OBJECTID":447,"COD_ID_INT":749,"DIRECCION":"KR 91A X AV CHILE (AC 72)","LOCALIDAD":"ENGATIVA","TIPO_INTER":"VEHICULAR, PEATONAL","INFRA_CICL":"SIN","OPERACION":"NORMAL"}},{"type":"Feature","id":448,"geometry":{"type":"Point","coordinates":[-74.1058248799999,4.69593367984587]},"properties":{"FID":448,"OBJECTID":448,"COD_ID_INT":707,"DIRECCION":"AV CIUDAD DE CALI (AK 86) X AV CHILE (AC 72)","LOCALIDAD":"ENGATIVA","TIPO_INTER":"VEHICULAR","INFRA_CICL":"CICLORUTA","OPERACION":"NORMAL"}},{"type":"Feature","id":449,"geometry":{"type":"Point","coordinates":[-74.0680286699999,4.63663637984776]},"properties":{"FID":449,"OBJECTID":449,"COD_ID_INT":322,"DIRECCION":"KR 15 X CL 49","LOCALIDAD":"TEUSAQUILLO","TIPO_INTER":"VEHICULAR, PEATONAL","INFRA_CICL":"SIN","OPERACION":"NORMAL"}},{"type":"Feature","id":450,"geometry":{"type":"Point","coordinates":[-74.07208164,4.69955859984576]},"properties":{"FID":450,"OBJECTID":450,"COD_ID_INT":412,"DIRECCION":"KR 70C X AV PEPE SIERRA (AC 116)","LOCALIDAD":"SUBA","TIPO_INTER":"VEHICULAR, PEATONAL","INFRA_CICL":"SIN","OPERACION":"NORMAL"}},{"type":"Feature","id":451,"geometry":{"type":"Point","coordinates":[-74.082529742,4.6883416398461]},"properties":{"FID":451,"OBJECTID":451,"COD_ID_INT":550,"DIRECCION":"KR 69H X AV MEDELLIN (AC 80)","LOCALIDAD":"ENGATIVA","TIPO_INTER":"VEHICULAR, PEATONAL","INFRA_CICL":"CICLORUTA","OPERACION":"NORMAL"}},{"type":"Feature","id":452,"geometry":{"type":"Point","coordinates":[-74.09381931,4.57025740984998]},"properties":{"FID":452,"OBJECTID":452,"COD_ID_INT":977,"DIRECCION":"KR 6 X CL 25 SUR","LOCALIDAD":"SAN CRISTOBAL","TIPO_INTER":"VEHICULAR, PEATONAL","INFRA_CICL":"SIN","OPERACION":"NORMAL"}},{"type":"Feature","id":453,"geometry":{"type":"Point","coordinates":[-74.10821514,4.74533927984427]},"properties":{"FID":453,"OBJECTID":453,"COD_ID_INT":718,"DIRECCION":"TV 127 X CL 139","LOCALIDAD":"SUBA","TIPO_INTER":"VEHICULAR, PEATONAL","INFRA_CICL":"SIN","OPERACION":"NORMAL"}},{"type":"Feature","id":454,"geometry":{"type":"Point","coordinates":[-74.0822546799999,4.61602078984847]},"properties":{"FID":454,"OBJECTID":454,"COD_ID_INT":548,"DIRECCION":"KR 22 X AV FERROCARRIL DE OCCIDENTE (AC 22)","LOCALIDAD":"LOS MARTIRES","TIPO_INTER":"VEHICULAR","INFRA_CICL":"SIN","OPERACION":"NORMAL"}},{"type":"Feature","id":455,"geometry":{"type":"Point","coordinates":[-74.0911910999999,4.60606468984879]},"properties":{"FID":455,"OBJECTID":455,"COD_ID_INT":609,"DIRECCION":"KR 24 X CL 9","LOCALIDAD":"LOS MARTIRES","TIPO_INTER":"VEHICULAR, PEATONAL","INFRA_CICL":"SIN","OPERACION":"NORMAL"}},{"type":"Feature","id":456,"geometry":{"type":"Point","coordinates":[-74.0702329499999,4.62941591984802]},"properties":{"FID":456,"OBJECTID":456,"COD_ID_INT":372,"DIRECCION":"KR 16 X DG 40A","LOCALIDAD":"TEUSAQUILLO","TIPO_INTER":"VEHICULAR, PEATONAL, BICIUSUARIOS","INFRA_CICL":"CICLORUTA EN CALZADA","OPERACION":"NORMAL"}},{"type":"Feature","id":457,"geometry":{"type":"Point","coordinates":[-74.10200126,4.58417137984951]},"properties":{"FID":457,"OBJECTID":457,"COD_ID_INT":1011,"DIRECCION":"KR 18 X CL 19 SUR","LOCALIDAD":"ANTONIO NARINO","TIPO_INTER":"VEHICULAR, PEATONAL","INFRA_CICL":"SIN","OPERACION":"NORMAL"}},{"type":"Feature","id":458,"geometry":{"type":"Point","coordinates":[-74.05636448,4.67806334984646]},"properties":{"FID":458,"OBJECTID":458,"COD_ID_INT":161,"DIRECCION":"KR 19B X AV ALEJANDRO OBREGON (AC 92)","LOCALIDAD":"CHAPINERO","TIPO_INTER":"VEHICULAR, PEATONAL","INFRA_CICL":"CICLORUTA","OPERACION":"NORMAL"}},{"type":"Feature","id":459,"geometry":{"type":"Point","coordinates":[-74.12450934,4.5717149198499]},"properties":{"FID":459,"OBJECTID":459,"COD_ID_INT":1063,"DIRECCION":"AV CARACAS (AK 14) X DG 45B SUR","LOCALIDAD":"RAFAEL URIBE","TIPO_INTER":"VEHICULAR, PEATONAL","INFRA_CICL":"SIN","OPERACION":"NORMAL"}},{"type":"Feature","id":460,"geometry":{"type":"Point","coordinates":[-74.07685857,4.64453024984756]},"properties":{"FID":460,"OBJECTID":460,"COD_ID_INT":509,"DIRECCION":"TV 28 X CL 53B BIS","LOCALIDAD":"TEUSAQUILLO","TIPO_INTER":"VEHICULAR, PEATONAL, BICIUSUARIOS","INFRA_CICL":"SIN","OPERACION":"NORMAL"}},{"type":"Feature","id":461,"geometry":{"type":"Point","coordinates":[-74.0979562799999,4.598962719849]},"properties":{"FID":461,"OBJECTID":461,"COD_ID_INT":655,"DIRECCION":"KR 26 X CL 2","LOCALIDAD":"LOS MARTIRES","TIPO_INTER":"VEHICULAR, PEATONAL","INFRA_CICL":"SIN","OPERACION":"NORMAL"}},{"type":"Feature","id":462,"geometry":{"type":"Point","coordinates":[-74.102746274,4.4859159348527]},"properties":{"FID":462,"OBJECTID":462,"COD_ID_INT":1208,"DIRECCION":"TV 7 ESTE X AUTOPISTA AL LLANO (AC 110 S)","LOCALIDAD":"USME","TIPO_INTER":"VEHICULAR, PEATONAL","INFRA_CICL":"SIN","OPERACION":"NORMAL"}},{"type":"Feature","id":463,"geometry":{"type":"Point","coordinates":[-74.06526918,4.68915876984609]},"properties":{"FID":463,"OBJECTID":463,"COD_ID_INT":273,"DIRECCION":"AV ALFREDO D BATERMAN (TV 60) X AV ESPANA (AC 100)","LOCALIDAD":"SUBA","TIPO_INTER":"VEHICULAR, PEATONAL","INFRA_CICL":"CICLORUTA","OPERACION":"NORMAL"}},{"type":"Feature","id":464,"geometry":{"type":"Point","coordinates":[-74.14825782,4.62974397984804]},"properties":{"FID":464,"OBJECTID":464,"COD_ID_INT":859,"DIRECCION":"KR 78K X CL 3","LOCALIDAD":"KENNEDY","TIPO_INTER":"VEHICULAR, PEATONAL","INFRA_CICL":"CICLORUTA","OPERACION":"NORMAL"}},{"type":"Feature","id":465,"geometry":{"type":"Point","coordinates":[-74.07324668,4.62620568984816]},"properties":{"FID":465,"OBJECTID":465,"COD_ID_INT":441,"DIRECCION":"AV MARISCAL SUCRE (AK 19) X CL 37","LOCALIDAD":"TEUSAQUILLO","TIPO_INTER":"VEHICULAR","INFRA_CICL":"SIN","OPERACION":"NORMAL"}},{"type":"Feature","id":466,"geometry":{"type":"Point","coordinates":[-74.05872508,4.65727861984713]},"properties":{"FID":466,"OBJECTID":466,"COD_ID_INT":178,"DIRECCION":"AV GERMAN ARCINIEGAS (AK 11) X AV CHILE (AC 72)","LOCALIDAD":"CHAPINERO","TIPO_INTER":"VEHICULAR, PEATONAL","INFRA_CICL":"CICLORUTA","OPERACION":"NORMAL"}},{"type":"Feature","id":467,"geometry":{"type":"Point","coordinates":[-74.14523203,4.67224368984667]},"properties":{"FID":467,"OBJECTID":467,"COD_ID_INT":848,"DIRECCION":"KR 99 X CL 17","LOCALIDAD":"FONTIBON","TIPO_INTER":"VEHICULAR","INFRA_CICL":"SIN","OPERACION":"NORMAL"}},{"type":"Feature","id":468,"geometry":{"type":"Point","coordinates":[-74.07653707,4.60633030984877]},"properties":{"FID":468,"OBJECTID":468,"COD_ID_INT":506,"DIRECCION":"KR 13 X CL 17","LOCALIDAD":"SANTA FE","TIPO_INTER":"VEHICULAR, PEATONAL","INFRA_CICL":"SIN","OPERACION":"NORMAL"}},{"type":"Feature","id":469,"geometry":{"type":"Point","coordinates":[-74.06644901,4.6233657698482]},"properties":{"FID":469,"OBJECTID":469,"COD_ID_INT":292,"DIRECCION":"AV ALBERTO LLERAS CAMARGO (AK 7) X CL 36","LOCALIDAD":"SANTA FE","TIPO_INTER":"VEHICULAR, PEATONAL","INFRA_CICL":"SIN","OPERACION":"NORMAL"}},{"type":"Feature","id":470,"geometry":{"type":"Point","coordinates":[-74.0998504199999,4.691111769846]},"properties":{"FID":470,"OBJECTID":470,"COD_ID_INT":670,"DIRECCION":"KR 77A X AV CHILE (AC 72)","LOCALIDAD":"ENGATIVA","TIPO_INTER":"VEHICULAR, PEATONAL","INFRA_CICL":"SIN","OPERACION":"NORMAL"}},{"type":"Feature","id":471,"geometry":{"type":"Point","coordinates":[-74.0984941,4.61683732984847]},"properties":{"FID":471,"OBJECTID":471,"COD_ID_INT":659,"DIRECCION":"AV CUNDINAMARCA (AK 36) X CL 12","LOCALIDAD":"PUENTE ARANDA","TIPO_INTER":"VEHICULAR","INFRA_CICL":"SIN","OPERACION":"NORMAL"}},{"type":"Feature","id":472,"geometry":{"type":"Point","coordinates":[-74.03327562,4.69368980984592]},"properties":{"FID":472,"OBJECTID":472,"COD_ID_INT":18,"DIRECCION":"AV ALBERTO LLERAS CAMARGO (AK 7) X AV PEPE SIERRA (AC 116)","LOCALIDAD":"USAQUEN","TIPO_INTER":"VEHICULAR, PEATONAL","INFRA_CICL":"SIN","OPERACION":"NORMAL"}},{"type":"Feature","id":473,"geometry":{"type":"Point","coordinates":[-74.1114238609999,4.5574320588504]},"properties":{"FID":473,"OBJECTID":473,"COD_ID_INT":1457,"DIRECCION":"AV DARIO ECHANDIA (KR 5L) X CL 48J SUR","LOCALIDAD":"RAFAEL URIBE","TIPO_INTER":"VEHICULAR, PEATONAL","INFRA_CICL":"SIN","OPERACION":"NORMAL"}},{"type":"Feature","id":474,"geometry":{"type":"Point","coordinates":[-74.10257788,4.63321999984789]},"properties":{"FID":474,"OBJECTID":474,"COD_ID_INT":688,"DIRECCION":"AV BATALLON CALDAS (AK 50) X CL 19","LOCALIDAD":"PUENTE ARANDA","TIPO_INTER":"VEHICULAR, PEATONAL, BICIUSUARIOS","INFRA_CICL":"CICLORUTA EN CALZADA","OPERACION":"NORMAL"}},{"type":"Feature","id":475,"geometry":{"type":"Point","coordinates":[-74.10683217,4.60788472984872]},"properties":{"FID":475,"OBJECTID":475,"COD_ID_INT":712,"DIRECCION":"AV CUNDINAMARCA (AK 36) X AV CIUDAD MONTES (AC 3)","LOCALIDAD":"PUENTE ARANDA","TIPO_INTER":"VEHICULAR, PEATONAL","INFRA_CICL":"SIN","OPERACION":"NORMAL"}},{"type":"Feature","id":476,"geometry":{"type":"Point","coordinates":[-74.07448539,4.6387859098477]},"properties":{"FID":476,"OBJECTID":476,"COD_ID_INT":476,"DIRECCION":"AV COLOMBIA (AK 24) X CL 50","LOCALIDAD":"TEUSAQUILLO","TIPO_INTER":"VEHICULAR, PEATONAL","INFRA_CICL":"SIN","OPERACION":"NORMAL"}},{"type":"Feature","id":477,"geometry":{"type":"Point","coordinates":[-74.0530538899999,4.65596317984719]},"properties":{"FID":477,"OBJECTID":477,"COD_ID_INT":129,"DIRECCION":"KR 5 X CL 74","LOCALIDAD":"CHAPINERO","TIPO_INTER":"VEHICULAR, PEATONAL","INFRA_CICL":"SIN","OPERACION":"NORMAL"}},{"type":"Feature","id":478,"geometry":{"type":"Point","coordinates":[-74.122744376,4.55844501585034]},"properties":{"FID":478,"OBJECTID":478,"COD_ID_INT":1058,"DIRECCION":"KR 10 X AV CARACAS (AC 51 SUR)","LOCALIDAD":"TUNJUELITO","TIPO_INTER":"VEHICULAR","INFRA_CICL":"SIN","OPERACION":"NORMAL"}},{"type":"Feature","id":479,"geometry":{"type":"Point","coordinates":[-74.182613739,4.6090819678487]},"properties":{"FID":479,"OBJECTID":479,"COD_ID_INT":1557,"DIRECCION":"AV AGOBERTO MEJIA CIFUENTES KR 80B X DIAGONAL 60 SUR","LOCALIDAD":"BOSA","TIPO_INTER":"VEHICULAR, PEATONAL","INFRA_CICL":"SIN","OPERACION":"NORMAL"}},{"type":"Feature","id":480,"geometry":{"type":"Point","coordinates":[-74.086893897,4.6859036398462]},"properties":{"FID":480,"OBJECTID":480,"COD_ID_INT":579,"DIRECCION":"KR 69K X CL 75","LOCALIDAD":"ENGATIVA","TIPO_INTER":"VEHICULAR, PEATONAL","INFRA_CICL":"SIN","OPERACION":"NORMAL"}},{"type":"Feature","id":481,"geometry":{"type":"Point","coordinates":[-74.10029287,4.74881878984413]},"properties":{"FID":481,"OBJECTID":481,"COD_ID_INT":673,"DIRECCION":"KR 111 X AV TRANSVERSAL DE SUBA (AC 145)","LOCALIDAD":"SUBA","TIPO_INTER":"EXCLUSIVA PEATONAL","INFRA_CICL":"SIN","OPERACION":"NORMAL"}},{"type":"Feature","id":482,"geometry":{"type":"Point","coordinates":[-74.11482498,4.59777652984904]},"properties":{"FID":482,"OBJECTID":482,"COD_ID_INT":751,"DIRECCION":"KR 36 X AV PRIMERO DE MAYO (AC 26 SUR)","LOCALIDAD":"PUENTE ARANDA","TIPO_INTER":"VEHICULAR, PEATONAL","INFRA_CICL":"SIN","OPERACION":"NORMAL"}},{"type":"Feature","id":483,"geometry":{"type":"Point","coordinates":[-74.10798828,4.59808280984906]},"properties":{"FID":483,"OBJECTID":483,"COD_ID_INT":715,"DIRECCION":"AV JORGE GAITAN CORTES (KR 30) X AV CIUDAD DE QUITO (TV 31)","LOCALIDAD":"ANTONIO NARINO","TIPO_INTER":"VEHICULAR","INFRA_CICL":"CICLORUTA","OPERACION":"NORMAL"}},{"type":"Feature","id":484,"geometry":{"type":"Point","coordinates":[-74.198608221,4.61316825484857]},"properties":{"FID":484,"OBJECTID":484,"COD_ID_INT":1551,"DIRECCION":"AV CIUDAD DE CALI (AK 82A) X CALLE 73 D SUR","LOCALIDAD":"BOSA","TIPO_INTER":"VEHICULAR, PEATONAL","INFRA_CICL":"SIN","OPERACION":"NORMAL"}},{"type":"Feature","id":485,"geometry":{"type":"Point","coordinates":[-74.118189485,4.52405098885145]},"properties":{"FID":485,"OBJECTID":485,"COD_ID_INT":1461,"DIRECCION":"AV CARACAS (KR 14) X CL 69G SUR","LOCALIDAD":"USME","TIPO_INTER":"VEHICULAR, PEATONAL","INFRA_CICL":"SIN","OPERACION":"NORMAL"}},{"type":"Feature","id":486,"geometry":{"type":"Point","coordinates":[-74.0899020799999,4.6078908998487]},"properties":{"FID":486,"OBJECTID":486,"COD_ID_INT":597,"DIRECCION":"KR 24 X CL 11","LOCALIDAD":"LOS MARTIRES","TIPO_INTER":"VEHICULAR, PEATONAL","INFRA_CICL":"SIN","OPERACION":"NORMAL"}},{"type":"Feature","id":487,"geometry":{"type":"Point","coordinates":[-74.1431702899999,4.67524236984652]},"properties":{"FID":487,"OBJECTID":487,"COD_ID_INT":1238,"DIRECCION":"KR 100 X CL 20","LOCALIDAD":"FONTIBON","TIPO_INTER":"VEHICULAR, PEATONAL","INFRA_CICL":"SIN","OPERACION":"NORMAL"}},{"type":"Feature","id":488,"geometry":{"type":"Point","coordinates":[-74.07352579,4.64806280984744]},"properties":{"FID":488,"OBJECTID":488,"COD_ID_INT":449,"DIRECCION":"AV COLOMBIA (AK 24) X DG 61D","LOCALIDAD":"TEUSAQUILLO","TIPO_INTER":"VEHICULAR","INFRA_CICL":"SIN","OPERACION":"NORMAL"}},{"type":"Feature","id":489,"geometry":{"type":"Point","coordinates":[-74.07011162,4.60084684984896]},"properties":{"FID":489,"OBJECTID":489,"COD_ID_INT":370,"DIRECCION":"KR 4 X AV JIMENEZ (CL 13)","LOCALIDAD":"CANDELARIA","TIPO_INTER":"VEHICULAR, PEATONAL","INFRA_CICL":"SIN","OPERACION":"NORMAL"}},{"type":"Feature","id":490,"geometry":{"type":"Point","coordinates":[-74.07095256,4.66598869984686]},"properties":{"FID":490,"OBJECTID":490,"COD_ID_INT":391,"DIRECCION":"KR 28B X AV CHILE (AC 72)","LOCALIDAD":"BARRIOS UNIDOS","TIPO_INTER":"VEHICULAR, PEATONAL","INFRA_CICL":"SIN","OPERACION":"NORMAL"}},{"type":"Feature","id":491,"geometry":{"type":"Point","coordinates":[-74.04816539,4.66599699984685]},"properties":{"FID":491,"OBJECTID":491,"COD_ID_INT":84,"DIRECCION":"KR 8 X AV CALLE 85 (AC 85)","LOCALIDAD":"CHAPINERO","TIPO_INTER":"VEHICULAR, PEATONAL","INFRA_CICL":"SIN","OPERACION":"NORMAL"}},{"type":"Feature","id":492,"geometry":{"type":"Point","coordinates":[-74.09541544,4.57180150984992]},"properties":{"FID":492,"OBJECTID":492,"COD_ID_INT":983,"DIRECCION":"KR 8 X CL 25 SUR","LOCALIDAD":"SAN CRISTOBAL","TIPO_INTER":"VEHICULAR","INFRA_CICL":"SIN","OPERACION":"NORMAL"}},{"type":"Feature","id":493,"geometry":{"type":"Point","coordinates":[-74.1545963899999,4.64502886984751]},"properties":{"FID":493,"OBJECTID":493,"COD_ID_INT":1230,"DIRECCION":"KR 87A X CL 6D","LOCALIDAD":"KENNEDY","TIPO_INTER":"VEHICULAR, PEATONAL","INFRA_CICL":"CICLORUTA","OPERACION":"NORMAL"}},{"type":"Feature","id":494,"geometry":{"type":"Point","coordinates":[-74.16094929,4.68804255984613]},"properties":{"FID":494,"OBJECTID":494,"COD_ID_INT":898,"DIRECCION":"KR 124 X AV CENTENARIO (AC 17)","LOCALIDAD":"FONTIBON","TIPO_INTER":"VEHICULAR, PEATONAL","INFRA_CICL":"SIN","OPERACION":"NORMAL"}},{"type":"Feature","id":495,"geometry":{"type":"Point","coordinates":[-74.06389424,4.63375330984788]},"properties":{"FID":495,"OBJECTID":495,"COD_ID_INT":250,"DIRECCION":"AV ALBERTO LLERAS CAMARGO (AK 7) X CL 47","LOCALIDAD":"CHAPINERO","TIPO_INTER":"VEHICULAR, PEATONAL","INFRA_CICL":"SIN","OPERACION":"NORMAL"}},{"type":"Feature","id":496,"geometry":{"type":"Point","coordinates":[-74.06688461,4.6055604598488]},"properties":{"FID":496,"OBJECTID":496,"COD_ID_INT":302,"DIRECCION":"KR 3 X CL 22","LOCALIDAD":"SANTA FE","TIPO_INTER":"VEHICULAR, PEATONAL","INFRA_CICL":"CICLORUTA","OPERACION":"NORMAL"}},{"type":"Feature","id":497,"geometry":{"type":"Point","coordinates":[-74.1124907399999,4.59459688984918]},"properties":{"FID":497,"OBJECTID":497,"COD_ID_INT":1035,"DIRECCION":"AV JORGE GAITAN CORTES (KR 30) X AV PRIMERO DE MAYO (CL 22 S)","LOCALIDAD":"ANTONIO NARINO","TIPO_INTER":"VEHICULAR","INFRA_CICL":"SIN","OPERACION":"NORMAL"}},{"type":"Feature","id":498,"geometry":{"type":"Point","coordinates":[-74.09900606,4.5894837798493]},"properties":{"FID":498,"OBJECTID":498,"COD_ID_INT":1247,"DIRECCION":"AV FUCHA (AC 11 S) X CL 10B SUR","LOCALIDAD":"ANTONIO NARINO","TIPO_INTER":"VEHICULAR, PEATONAL","INFRA_CICL":"SIN","OPERACION":"NORMAL"}},{"type":"Feature","id":499,"geometry":{"type":"Point","coordinates":[-74.043235,4.71621795984522]},"properties":{"FID":499,"OBJECTID":499,"COD_ID_INT":49,"DIRECCION":"AV JORGE URIBE BOTERO (AK 15) X AV CONTADOR (AC 134)","LOCALIDAD":"USAQUEN","TIPO_INTER":"VEHICULAR","INFRA_CICL":"SIN","OPERACION":"NORMAL"}},{"type":"Feature","id":500,"geometry":{"type":"Point","coordinates":[-74.07402698,4.65964239984704]},"properties":{"FID":500,"OBJECTID":500,"COD_ID_INT":460,"DIRECCION":"KR 28 X CL 66","LOCALIDAD":"BARRIOS UNIDOS","TIPO_INTER":"VEHICULAR","INFRA_CICL":"SIN","OPERACION":"NORMAL"}},{"type":"Feature","id":501,"geometry":{"type":"Point","coordinates":[-74.07372471,4.6275513598481]},"properties":{"FID":501,"OBJECTID":501,"COD_ID_INT":452,"DIRECCION":"KR 20 X CL 39","LOCALIDAD":"TEUSAQUILLO","TIPO_INTER":"VEHICULAR","INFRA_CICL":"SIN","OPERACION":"NORMAL"}},{"type":"Feature","id":502,"geometry":{"type":"Point","coordinates":[-74.129010637,4.57067176884995]},"properties":{"FID":502,"OBJECTID":502,"COD_ID_INT":1082,"DIRECCION":"AV CIUDAD DE VILLAVICENCIO (KR 19C) X CL 48C  Y DG 48 SUR","LOCALIDAD":"TUNJUELITO","TIPO_INTER":"VEHICULAR, PEATONAL","INFRA_CICL":"SIN","OPERACION":"NORMAL"}},{"type":"Feature","id":503,"geometry":{"type":"Point","coordinates":[-74.06607633,4.66480617984687]},"properties":{"FID":503,"OBJECTID":503,"COD_ID_INT":285,"DIRECCION":"AV COLOMBIA (AK 24) X CL 74","LOCALIDAD":"BARRIOS UNIDOS","TIPO_INTER":"VEHICULAR","INFRA_CICL":"SIN","OPERACION":"NORMAL"}},{"type":"Feature","id":504,"geometry":{"type":"Point","coordinates":[-74.06272852,4.69473364984591]},"properties":{"FID":504,"OBJECTID":504,"COD_ID_INT":232,"DIRECCION":"KR 53 X CL 106","LOCALIDAD":"SUBA","TIPO_INTER":"VEHICULAR","INFRA_CICL":"SIN","OPERACION":"NORMAL"}},{"type":"Feature","id":505,"geometry":{"type":"Point","coordinates":[-74.1608662799999,4.62460886984816]},"properties":{"FID":505,"OBJECTID":505,"COD_ID_INT":896,"DIRECCION":"AV AGOBERTO MEJIA CIFUENTES (AK 80) X CL 40C S","LOCALIDAD":"KENNEDY","TIPO_INTER":"VEHICULAR, PEATONAL","INFRA_CICL":"CICLORUTA","OPERACION":"NORMAL"}},{"type":"Feature","id":506,"geometry":{"type":"Point","coordinates":[-74.0462532399999,4.72415897984492]},"properties":{"FID":506,"OBJECTID":506,"COD_ID_INT":68,"DIRECCION":"AV SANTA BARBARA (AK 19) X CL 142","LOCALIDAD":"USAQUEN","TIPO_INTER":"VEHICULAR","INFRA_CICL":"CICLORUTA","OPERACION":"NORMAL"}},{"type":"Feature","id":507,"geometry":{"type":"Point","coordinates":[-74.10231198,4.56728365985005]},"properties":{"FID":507,"OBJECTID":507,"COD_ID_INT":1012,"DIRECCION":"AV FERNANDO MAZUERA (AK 10) X CL 34 SUR","LOCALIDAD":"SAN CRISTOBAL","TIPO_INTER":"VEHICULAR, PEATONAL","INFRA_CICL":"SIN","OPERACION":"NORMAL"}},{"type":"Feature","id":508,"geometry":{"type":"Point","coordinates":[-74.10083336,4.61417297984849]},"properties":{"FID":508,"OBJECTID":508,"COD_ID_INT":1331,"DIRECCION":"AV CUNDINAMARCA (AK 36) X CL 9","LOCALIDAD":"PUENTE ARANDA","TIPO_INTER":"VEHICULAR, PEATONAL","INFRA_CICL":"SIN","OPERACION":"NORMAL"}},{"type":"Feature","id":509,"geometry":{"type":"Point","coordinates":[-74.08026876,4.6089590898487]},"properties":{"FID":509,"OBJECTID":509,"COD_ID_INT":538,"DIRECCION":"KR 17 X CL 17","LOCALIDAD":"LOS MARTIRES","TIPO_INTER":"VEHICULAR","INFRA_CICL":"SIN","OPERACION":"NORMAL"}},{"type":"Feature","id":510,"geometry":{"type":"Point","coordinates":[-74.05966793,4.65946613984707]},"properties":{"FID":510,"OBJECTID":510,"COD_ID_INT":185,"DIRECCION":"KR 13 X CL 73","LOCALIDAD":"CHAPINERO","TIPO_INTER":"VEHICULAR","INFRA_CICL":"SIN","OPERACION":"NORMAL"}},{"type":"Feature","id":511,"geometry":{"type":"Point","coordinates":[-74.15635026,4.61881164984839]},"properties":{"FID":511,"OBJECTID":511,"COD_ID_INT":886,"DIRECCION":"TV 78B X CL 41 SUR","LOCALIDAD":"KENNEDY","TIPO_INTER":"VEHICULAR, PEATONAL","INFRA_CICL":"SIN","OPERACION":"NORMAL"}},{"type":"Feature","id":512,"geometry":{"type":"Point","coordinates":[-74.0556043,4.72498319984493]},"properties":{"FID":512,"OBJECTID":512,"COD_ID_INT":154,"DIRECCION":"KR 52 X AV CAMINO DEL PRADO (AC 138)","LOCALIDAD":"SUBA","TIPO_INTER":"VEHICULAR, PEATONAL","INFRA_CICL":"SIN","OPERACION":"NORMAL"}},{"type":"Feature","id":513,"geometry":{"type":"Point","coordinates":[-74.11330808,4.70115009984571]},"properties":{"FID":513,"OBJECTID":513,"COD_ID_INT":745,"DIRECCION":"AK 96 X AV CHILE (AC 72)","LOCALIDAD":"ENGATIVA","TIPO_INTER":"VEHICULAR, PEATONAL","INFRA_CICL":"SIN","OPERACION":"NORMAL"}},{"type":"Feature","id":514,"geometry":{"type":"Point","coordinates":[-74.0741605169999,4.67841351384644]},"properties":{"FID":514,"OBJECTID":514,"COD_ID_INT":466,"DIRECCION":"KR 58 X AV MEDELLIN (AC 80)","LOCALIDAD":"BARRIOS UNIDOS","TIPO_INTER":"VEHICULAR, PEATONAL","INFRA_CICL":"CICLORUTA","OPERACION":"NORMAL"}},{"type":"Feature","id":515,"geometry":{"type":"Point","coordinates":[-74.09635467,4.57081688984994]},"properties":{"FID":515,"OBJECTID":515,"COD_ID_INT":988,"DIRECCION":"KR 8 X AV JOSE ASUNCION SILVA (CL 27 S)","LOCALIDAD":"SAN CRISTOBAL","TIPO_INTER":"VEHICULAR, PEATONAL","INFRA_CICL":"SIN","OPERACION":"NORMAL"}},{"type":"Feature","id":516,"geometry":{"type":"Point","coordinates":[-74.1915992899999,4.62596933984814]},"properties":{"FID":516,"OBJECTID":516,"COD_ID_INT":940,"DIRECCION":"KR 88C X CL 59C SUR","LOCALIDAD":"BOSA","TIPO_INTER":"VEHICULAR, PEATONAL","INFRA_CICL":"SIN","OPERACION":"NORMAL"}},{"type":"Feature","id":517,"geometry":{"type":"Point","coordinates":[-74.08172064,4.68172947984635]},"properties":{"FID":517,"OBJECTID":517,"COD_ID_INT":546,"DIRECCION":"AV DEL CONGRESO EUCARISTICO (AK 68) X CL 78","LOCALIDAD":"ENGATIVA","TIPO_INTER":"VEHICULAR","INFRA_CICL":"CICLORUTA","OPERACION":"NORMAL"}},{"type":"Feature","id":518,"geometry":{"type":"Point","coordinates":[-74.10033228,4.73269781984469]},"properties":{"FID":518,"OBJECTID":518,"COD_ID_INT":1122,"DIRECCION":"AV CIUDAD DE CALI (AK 104) X CL 130C","LOCALIDAD":"SUBA","TIPO_INTER":"VEHICULAR, PEATONAL","INFRA_CICL":"CICLORUTA","OPERACION":"NORMAL"}},{"type":"Feature","id":519,"geometry":{"type":"Point","coordinates":[-74.06912478,4.61514290984847]},"properties":{"FID":519,"OBJECTID":519,"COD_ID_INT":352,"DIRECCION":"AV ALBERTO LLERAS CAMARGO (AK 7) X CL 28","LOCALIDAD":"SANTA FE","TIPO_INTER":"VEHICULAR, PEATONAL","INFRA_CICL":"SIN","OPERACION":"NORMAL"}},{"type":"Feature","id":520,"geometry":{"type":"Point","coordinates":[-74.0721125809999,4.60991432984866]},"properties":{"FID":520,"OBJECTID":520,"COD_ID_INT":413,"DIRECCION":"AV FERNANDO MAZUERA (AK 10) X CL 23","LOCALIDAD":"SANTA FE","TIPO_INTER":"VEHICULAR, PEATONAL","INFRA_CICL":"CICLORUTA","OPERACION":"NORMAL"}},{"type":"Feature","id":521,"geometry":{"type":"Point","coordinates":[-74.131170246,4.69992544284572]},"properties":{"FID":521,"OBJECTID":521,"COD_ID_INT":802,"DIRECCION":"AV GONZALO ARIZA (KR 110) X AV JOSE CELESTINO MUTIS (AC 63)","LOCALIDAD":"ENGATIVA","TIPO_INTER":"VEHICULAR, PEATONAL","INFRA_CICL":"CICLORUTA","OPERACION":"NORMAL"}},{"type":"Feature","id":522,"geometry":{"type":"Point","coordinates":[-74.0783528859999,4.61628213884842]},"properties":{"FID":522,"OBJECTID":522,"COD_ID_INT":1174,"DIRECCION":"AV MARISCAL SUCRE (AK 19) X DG 23BIS Y CL 23","LOCALIDAD":"LOS MARTIRES","TIPO_INTER":"VEHICULAR","INFRA_CICL":"SIN","OPERACION":"NORMAL"}},{"type":"Feature","id":523,"geometry":{"type":"Point","coordinates":[-74.06263367,4.65573379984719]},"properties":{"FID":523,"OBJECTID":523,"COD_ID_INT":228,"DIRECCION":"AV CARACAS (AK 14) X CL 69","LOCALIDAD":"BARRIOS UNIDOS","TIPO_INTER":"VEHICULAR, PEATONAL","INFRA_CICL":"SIN","OPERACION":"NORMAL"}},{"type":"Feature","id":524,"geometry":{"type":"Point","coordinates":[-74.09909133,4.59986433984901]},"properties":{"FID":524,"OBJECTID":524,"COD_ID_INT":664,"DIRECCION":"AV GENERAL SANTANDER (AK 27) X CL 2","LOCALIDAD":"LOS MARTIRES","TIPO_INTER":"VEHICULAR, PEATONAL","INFRA_CICL":"SIN","OPERACION":"NORMAL"}},{"type":"Feature","id":525,"geometry":{"type":"Point","coordinates":[-74.14592806,4.62738019984812]},"properties":{"FID":525,"OBJECTID":525,"COD_ID_INT":852,"DIRECCION":"AV POPORO QUIMBAYA (KR 78B) X CL 3","LOCALIDAD":"KENNEDY","TIPO_INTER":"VEHICULAR, PEATONAL","INFRA_CICL":"SIN","OPERACION":"NORMAL"}},{"type":"Feature","id":526,"geometry":{"type":"Point","coordinates":[-74.0649895999999,4.61276828984861]},"properties":{"FID":526,"OBJECTID":526,"COD_ID_INT":1396,"DIRECCION":"AV PATRICIO SAMPER GNECCO (KR 3) X CL 26C","LOCALIDAD":"SANTA FE","TIPO_INTER":"EXCLUSIVA PEATONAL","INFRA_CICL":"SIN","OPERACION":"NORMAL"}},{"type":"Feature","id":527,"geometry":{"type":"Point","coordinates":[-74.08516385,4.61240362984859]},"properties":{"FID":527,"OBJECTID":527,"COD_ID_INT":565,"DIRECCION":"KR 22 X CL 17","LOCALIDAD":"LOS MARTIRES","TIPO_INTER":"VEHICULAR","INFRA_CICL":"SIN","OPERACION":"NORMAL"}},{"type":"Feature","id":528,"geometry":{"type":"Point","coordinates":[-74.094411398,4.73415201284461]},"properties":{"FID":528,"OBJECTID":528,"COD_ID_INT":1635,"DIRECCION":"KR 99 X AV EL TABOR (AC 132)","LOCALIDAD":"SUBA","TIPO_INTER":"EXCLUSIVA PEATONAL","INFRA_CICL":"CICLORUTA","OPERACION":"NORMAL"}},{"type":"Feature","id":529,"geometry":{"type":"Point","coordinates":[-74.06702963,4.63646714984779]},"properties":{"FID":529,"OBJECTID":529,"COD_ID_INT":305,"DIRECCION":"AV CARACAS (AK 14) X CL 49","LOCALIDAD":"TEUSAQUILLO","TIPO_INTER":"VEHICULAR, PEATONAL","INFRA_CICL":"SIN","OPERACION":"NORMAL"}},{"type":"Feature","id":530,"geometry":{"type":"Point","coordinates":[-74.1038218859999,4.67475336084657]},"properties":{"FID":530,"OBJECTID":530,"COD_ID_INT":695,"DIRECCION":"AV BOYACA (AK 72) X AV JOSE CELESTINO MUTIS (AC 63)","LOCALIDAD":"ENGATIVA","TIPO_INTER":"VEHICULAR, PEATONAL","INFRA_CICL":"CICLORUTA","OPERACION":"NORMAL"}},{"type":"Feature","id":531,"geometry":{"type":"Point","coordinates":[-74.06651435,4.65690366984718]},"properties":{"FID":531,"OBJECTID":531,"COD_ID_INT":294,"DIRECCION":"KR 19 X AV GABRIEL ANDRADE (AC 68)","LOCALIDAD":"BARRIOS UNIDOS","TIPO_INTER":"VEHICULAR","INFRA_CICL":"SIN","OPERACION":"NORMAL"}},{"type":"Feature","id":532,"geometry":{"type":"Point","coordinates":[-74.06051937,4.64911414984741]},"properties":{"FID":532,"OBJECTID":532,"COD_ID_INT":200,"DIRECCION":"KR 8 X CL 64","LOCALIDAD":"CHAPINERO","TIPO_INTER":"VEHICULAR, PEATONAL","INFRA_CICL":"SIN","OPERACION":"NORMAL"}},{"type":"Feature","id":533,"geometry":{"type":"Point","coordinates":[-74.0908217699999,4.61026846984867]},"properties":{"FID":533,"OBJECTID":533,"COD_ID_INT":605,"DIRECCION":"AV GENERAL SANTANDER (AK 27) X CL 12","LOCALIDAD":"LOS MARTIRES","TIPO_INTER":"VEHICULAR, PEATONAL","INFRA_CICL":"SIN","OPERACION":"NORMAL"}},{"type":"Feature","id":534,"geometry":{"type":"Point","coordinates":[-74.07243801,4.63561488984783]},"properties":{"FID":534,"OBJECTID":534,"COD_ID_INT":422,"DIRECCION":"TV 20 X DG 45D","LOCALIDAD":"TEUSAQUILLO","TIPO_INTER":"VEHICULAR, PEATONAL","INFRA_CICL":"SIN","OPERACION":"NORMAL"}},{"type":"Feature","id":535,"geometry":{"type":"Point","coordinates":[-74.0706617499999,4.63711668984776]},"properties":{"FID":535,"OBJECTID":535,"COD_ID_INT":382,"DIRECCION":"KR 18 X CL 49","LOCALIDAD":"TEUSAQUILLO","TIPO_INTER":"VEHICULAR, PEATONAL","INFRA_CICL":"SIN","OPERACION":"NORMAL"}},{"type":"Feature","id":536,"geometry":{"type":"Point","coordinates":[-74.06972453,4.63212955984798]},"properties":{"FID":536,"OBJECTID":536,"COD_ID_INT":362,"DIRECCION":"KR 16 X DG 44BIS","LOCALIDAD":"TEUSAQUILLO","TIPO_INTER":"VEHICULAR, PEATONAL, BICIUSUARIOS","INFRA_CICL":"SIN","OPERACION":"NORMAL"}},{"type":"Feature","id":537,"geometry":{"type":"Point","coordinates":[-74.06671777,4.65003242984737]},"properties":{"FID":537,"OBJECTID":537,"COD_ID_INT":298,"DIRECCION":"KR 16 X AV JOSE CELESTINO MUTIS (AC 63)","LOCALIDAD":"BARRIOS UNIDOS","TIPO_INTER":"VEHICULAR, PEATONAL","INFRA_CICL":"SIN","OPERACION":"NORMAL"}},{"type":"Feature","id":538,"geometry":{"type":"Point","coordinates":[-74.05752043,4.65903862984707]},"properties":{"FID":538,"OBJECTID":538,"COD_ID_INT":166,"DIRECCION":"AV GERMAN ARCINIEGAS (AK 11) X CL 74","LOCALIDAD":"CHAPINERO","TIPO_INTER":"VEHICULAR","INFRA_CICL":"CICLORUTA","OPERACION":"NORMAL"}},{"type":"Feature","id":539,"geometry":{"type":"Point","coordinates":[-74.0981144199999,4.55773950985034]},"properties":{"FID":539,"OBJECTID":539,"COD_ID_INT":1165,"DIRECCION":"KR 2G X AV CIUDAD DE VILLAVICENCIO (CL 37A SUR)","LOCALIDAD":"SAN CRISTOBAL","TIPO_INTER":"VEHICULAR, PEATONAL","INFRA_CICL":"SIN","OPERACION":"NORMAL"}},{"type":"Feature","id":540,"geometry":{"type":"Point","coordinates":[-74.1799343499999,4.6345868498479]},"properties":{"FID":540,"OBJECTID":540,"COD_ID_INT":1154,"DIRECCION":"AV TINTAL (AK 89B) X CL 49 SUR","LOCALIDAD":"BOSA","TIPO_INTER":"VEHICULAR, PEATONAL","INFRA_CICL":"CICLORUTA","OPERACION":"NORMAL"}},{"type":"Feature","id":541,"geometry":{"type":"Point","coordinates":[-74.1826469759999,4.63365828184792]},"properties":{"FID":541,"OBJECTID":541,"COD_ID_INT":1157,"DIRECCION":"AK 89B X CL 51 SUR","LOCALIDAD":"BOSA","TIPO_INTER":"VEHICULAR, PEATONAL","INFRA_CICL":"CICLORUTA","OPERACION":"NORMAL"}},{"type":"Feature","id":542,"geometry":{"type":"Point","coordinates":[-74.05911673,4.66286251984693]},"properties":{"FID":542,"OBJECTID":542,"COD_ID_INT":180,"DIRECCION":"AV PASEO DEL COUNTRY (AK 15) X CL 76","LOCALIDAD":"CHAPINERO","TIPO_INTER":"VEHICULAR, PEATONAL","INFRA_CICL":"SIN","OPERACION":"NORMAL"}},{"type":"Feature","id":543,"geometry":{"type":"Point","coordinates":[-74.0496568299999,4.65465919184721]},"properties":{"FID":543,"OBJECTID":543,"COD_ID_INT":97,"DIRECCION":"AV PATRICIO SAMPER GNECCO (AK 1) X DG 76","LOCALIDAD":"CHAPINERO","TIPO_INTER":"VEHICULAR, PEATONAL","INFRA_CICL":"SIN","OPERACION":"NORMAL"}},{"type":"Feature","id":544,"geometry":{"type":"Point","coordinates":[-74.0707508199999,4.65741271984709]},"properties":{"FID":544,"OBJECTID":544,"COD_ID_INT":384,"DIRECCION":"AV COLOMBIA (AK 24) X CL 66","LOCALIDAD":"BARRIOS UNIDOS","TIPO_INTER":"VEHICULAR, PEATONAL","INFRA_CICL":"SIN","OPERACION":"NORMAL"}},{"type":"Feature","id":545,"geometry":{"type":"Point","coordinates":[-74.06504861,4.67126856984667]},"properties":{"FID":545,"OBJECTID":545,"COD_ID_INT":269,"DIRECCION":"KR 28 X AV MEDELLIN (AC 80)","LOCALIDAD":"BARRIOS UNIDOS","TIPO_INTER":"VEHICULAR, PEATONAL","INFRA_CICL":"SIN","OPERACION":"NORMAL"}},{"type":"Feature","id":546,"geometry":{"type":"Point","coordinates":[-74.1340508599999,4.6815335298463]},"properties":{"FID":546,"OBJECTID":546,"COD_ID_INT":813,"DIRECCION":"KR 100 X AV LUIS CARLOS GALAN (AC 24)","LOCALIDAD":"FONTIBON","TIPO_INTER":"VEHICULAR, PEATONAL","INFRA_CICL":"SIN","OPERACION":"NORMAL"}},{"type":"Feature","id":547,"geometry":{"type":"Point","coordinates":[-74.161258319,4.58952038684933]},"properties":{"FID":547,"OBJECTID":547,"COD_ID_INT":1121,"DIRECCION":"AV CIUDAD DE VILLAVICENCIO (AK 70C) X CL 63 SUR","LOCALIDAD":"CIUDAD BOLIVAR","TIPO_INTER":"VEHICULAR, PEATONAL","INFRA_CICL":"CICLORUTA","OPERACION":"NORMAL"}},{"type":"Feature","id":548,"geometry":{"type":"Point","coordinates":[-74.06171631,4.66450035984687]},"properties":{"FID":548,"OBJECTID":548,"COD_ID_INT":217,"DIRECCION":"KR 20B X CL 76","LOCALIDAD":"BARRIOS UNIDOS","TIPO_INTER":"VEHICULAR","INFRA_CICL":"SIN","OPERACION":"NORMAL"}},{"type":"Feature","id":549,"geometry":{"type":"Point","coordinates":[-74.0898865729999,4.59137748684927]},"properties":{"FID":549,"OBJECTID":549,"COD_ID_INT":966,"DIRECCION":"AV CARACAS (AK 14) X DG 1BIS SUR","LOCALIDAD":"ANTONIO NARINO","TIPO_INTER":"EXCLUSIVA PEATONAL","INFRA_CICL":"SIN","OPERACION":"NORMAL"}},{"type":"Feature","id":550,"geometry":{"type":"Point","coordinates":[-74.0995534899999,4.67247292984662]},"properties":{"FID":550,"OBJECTID":550,"COD_ID_INT":1363,"DIRECCION":"AK DE LA CONSTITUCION (AK 70) X CL 63C","LOCALIDAD":"ENGATIVA","TIPO_INTER":"VEHICULAR, PEATONAL","INFRA_CICL":"SIN","OPERACION":"NORMAL"}},{"type":"Feature","id":551,"geometry":{"type":"Point","coordinates":[-74.093600462,4.56820597285]},"properties":{"FID":551,"OBJECTID":551,"COD_ID_INT":1565,"DIRECCION":"Kr 3 x Cl 27 sur","LOCALIDAD":"SAN CRISTOBAL","TIPO_INTER":"VEHICULAR, PEATONAL","INFRA_CICL":"SIN","OPERACION":"NORMAL"}},{"type":"Feature","id":552,"geometry":{"type":"Point","coordinates":[-74.0716085999999,4.65551039984717]},"properties":{"FID":552,"OBJECTID":552,"COD_ID_INT":403,"DIRECCION":"AV COLOMBIA (AK 24) X CL 63F","LOCALIDAD":"BARRIOS UNIDOS","TIPO_INTER":"VEHICULAR, PEATONAL","INFRA_CICL":"SIN","OPERACION":"NORMAL"}},{"type":"Feature","id":553,"geometry":{"type":"Point","coordinates":[-74.0750315,4.62915801984803]},"properties":{"FID":553,"OBJECTID":553,"COD_ID_INT":486,"DIRECCION":"AK 24 X CL 39A","LOCALIDAD":"TEUSAQUILLO","TIPO_INTER":"VEHICULAR, PEATONAL","INFRA_CICL":"CICLORUTA EN CALZADA","OPERACION":"NORMAL"}},{"type":"Feature","id":554,"geometry":{"type":"Point","coordinates":[-74.03203232,4.74060270984445]},"properties":{"FID":554,"OBJECTID":554,"COD_ID_INT":1252,"DIRECCION":"AV LAUREANO GOMEZ (AK 9) X CL 163A","LOCALIDAD":"USAQUEN","TIPO_INTER":"VEHICULAR, PEATONAL","INFRA_CICL":"SIN","OPERACION":"NORMAL"}},{"type":"Feature","id":555,"geometry":{"type":"Point","coordinates":[-74.103480351,4.7042438788456]},"properties":{"FID":555,"OBJECTID":555,"COD_ID_INT":694,"DIRECCION":"KR 89A X AV MEDELLIN (AC 80)","LOCALIDAD":"ENGATIVA","TIPO_INTER":"VEHICULAR, PEATONAL","INFRA_CICL":"CICLORUTA","OPERACION":"NORMAL"}},{"type":"Feature","id":556,"geometry":{"type":"Point","coordinates":[-74.05296297,4.66568688984687]},"properties":{"FID":556,"OBJECTID":556,"COD_ID_INT":128,"DIRECCION":"AV GERMAN ARCINIEGAS (AK 11) X CL 82","LOCALIDAD":"CHAPINERO","TIPO_INTER":"VEHICULAR, PEATONAL, BICIUSUARIOS","INFRA_CICL":"CICLORUTA EN CALZADA","OPERACION":"NORMAL"}},{"type":"Feature","id":557,"geometry":{"type":"Point","coordinates":[-74.07517086,4.60056398984899]},"properties":{"FID":557,"OBJECTID":557,"COD_ID_INT":1428,"DIRECCION":"KR 8 X CL 12B","LOCALIDAD":"CANDELARIA","TIPO_INTER":"VEHICULAR, PEATONAL","INFRA_CICL":"SIN","OPERACION":"NORMAL"}},{"type":"Feature","id":558,"geometry":{"type":"Point","coordinates":[-74.022663607,4.74709515284417]},"properties":{"FID":558,"OBJECTID":558,"COD_ID_INT":2,"DIRECCION":"AV ALBERTO LLERAS CAMARGO (AK 7) X AV SAN JUAN BOSCO (AC 170)","LOCALIDAD":"USAQUEN","TIPO_INTER":"VEHICULAR, PEATONAL","INFRA_CICL":"CICLORUTA","OPERACION":"NORMAL"}},{"type":"Feature","id":559,"geometry":{"type":"Point","coordinates":[-74.0655794099999,4.63721435984776]},"properties":{"FID":559,"OBJECTID":559,"COD_ID_INT":274,"DIRECCION":"KR 13 X CL 50","LOCALIDAD":"CHAPINERO","TIPO_INTER":"VEHICULAR, PEATONAL","INFRA_CICL":"CICLORUTA","OPERACION":"NORMAL"}},{"type":"Feature","id":560,"geometry":{"type":"Point","coordinates":[-74.06022025,4.65508195984722]},"properties":{"FID":560,"OBJECTID":560,"COD_ID_INT":193,"DIRECCION":"AV GERMAN ARCINIEGAS (AK 11) X CL 70","LOCALIDAD":"CHAPINERO","TIPO_INTER":"VEHICULAR","INFRA_CICL":"CICLORUTA","OPERACION":"NORMAL"}},{"type":"Feature","id":561,"geometry":{"type":"Point","coordinates":[-74.0615230499999,4.661845619847]},"properties":{"FID":561,"OBJECTID":561,"COD_ID_INT":214,"DIRECCION":"AV CARACAS (AK 20) X CL 74","LOCALIDAD":"BARRIOS UNIDOS","TIPO_INTER":"VEHICULAR, PEATONAL","INFRA_CICL":"SIN","OPERACION":"NORMAL"}},{"type":"Feature","id":562,"geometry":{"type":"Point","coordinates":[-74.1569344,4.62875014984803]},"properties":{"FID":562,"OBJECTID":562,"COD_ID_INT":1170,"DIRECCION":"AV AGOBERTO MEJIA CIFUENTES (AK 80) X PUERTA 4 CORABASTOS (CL 36 S)","LOCALIDAD":"KENNEDY","TIPO_INTER":"VEHICULAR, PEATONAL","INFRA_CICL":"CICLORUTA","OPERACION":"NORMAL"}},{"type":"Feature","id":563,"geometry":{"type":"Point","coordinates":[-74.188528,4.60449029984887]},"properties":{"FID":563,"OBJECTID":563,"COD_ID_INT":936,"DIRECCION":"TV 78L X CL 68 SUR","LOCALIDAD":"BOSA","TIPO_INTER":"VEHICULAR, PEATONAL","INFRA_CICL":"SIN","OPERACION":"NORMAL"}},{"type":"Feature","id":564,"geometry":{"type":"Point","coordinates":[-74.153295484,4.64342288684757]},"properties":{"FID":564,"OBJECTID":564,"COD_ID_INT":1270,"DIRECCION":"AV CIUDAD DE CALI (AK 86) X CL 6D","LOCALIDAD":"KENNEDY","TIPO_INTER":"VEHICULAR, PEATONAL","INFRA_CICL":"CICLORUTA","OPERACION":"NORMAL"}},{"type":"Feature","id":565,"geometry":{"type":"Point","coordinates":[-74.1211784499999,4.58080948984961]},"properties":{"FID":565,"OBJECTID":565,"COD_ID_INT":1055,"DIRECCION":"AV MARISCAL SUCRE (KR 24) X CL 40 SUR","LOCALIDAD":"RAFAEL URIBE","TIPO_INTER":"VEHICULAR, PEATONAL","INFRA_CICL":"SIN","OPERACION":"NORMAL"}},{"type":"Feature","id":566,"geometry":{"type":"Point","coordinates":[-74.1009469799999,4.56880767984997]},"properties":{"FID":566,"OBJECTID":566,"COD_ID_INT":1007,"DIRECCION":"AV FERNANDO MAZUERA (AK 10) X CL 31 SUR","LOCALIDAD":"SAN CRISTOBAL","TIPO_INTER":"VEHICULAR, PEATONAL","INFRA_CICL":"CICLORUTA","OPERACION":"NORMAL"}},{"type":"Feature","id":567,"geometry":{"type":"Point","coordinates":[-74.0754055099999,4.60232632984891]},"properties":{"FID":567,"OBJECTID":567,"COD_ID_INT":494,"DIRECCION":"KR 9 X AV JIMENEZ (CL 13)","LOCALIDAD":"CANDELARIA","TIPO_INTER":"VEHICULAR, PEATONAL","INFRA_CICL":"SIN","OPERACION":"NORMAL"}},{"type":"Feature","id":568,"geometry":{"type":"Point","coordinates":[-74.119810915,4.58312201184954]},"properties":{"FID":568,"OBJECTID":568,"COD_ID_INT":1475,"DIRECCION":"KR 25 X AV QUIROGA (CL 36 SUR)","LOCALIDAD":"RAFAEL URIBE","TIPO_INTER":"VEHICULAR, PEATONAL","INFRA_CICL":"SIN","OPERACION":"NORMAL"}},{"type":"Feature","id":569,"geometry":{"type":"Point","coordinates":[-74.08927728,4.60035542984896]},"properties":{"FID":569,"OBJECTID":569,"COD_ID_INT":1249,"DIRECCION":"KR 19 X AV DE LOS COMUNEROS (AC 6)","LOCALIDAD":"LOS MARTIRES","TIPO_INTER":"VEHICULAR, PEATONAL, BICIUSUARIOS","INFRA_CICL":"CICLORUTA","OPERACION":"NORMAL"}},{"type":"Feature","id":570,"geometry":{"type":"Point","coordinates":[-74.1052273079999,4.74411723684432]},"properties":{"FID":570,"OBJECTID":570,"COD_ID_INT":1531,"DIRECCION":"KR 118_(E) X CL 139","LOCALIDAD":"SUBA","TIPO_INTER":"VEHICULAR, PEATONAL","INFRA_CICL":"SIN","OPERACION":"NORMAL"}},{"type":"Feature","id":571,"geometry":{"type":"Point","coordinates":[-74.09757467,4.65515765984719]},"properties":{"FID":571,"OBJECTID":571,"COD_ID_INT":651,"DIRECCION":"KR 66A X AV PABLO VI (AC 53)","LOCALIDAD":"TEUSAQUILLO","TIPO_INTER":"VEHICULAR, PEATONAL, BICIUSUARIOS","INFRA_CICL":"CICLORUTA EN CALZADA","OPERACION":"NORMAL"}},{"type":"Feature","id":572,"geometry":{"type":"Point","coordinates":[-74.02926139,4.71173658984535]},"properties":{"FID":572,"OBJECTID":572,"COD_ID_INT":11,"DIRECCION":"AV ALBERTO LLERAS CAMARGO (AK 7) X AV CONTADOR (AC 134)","LOCALIDAD":"USAQUEN","TIPO_INTER":"VEHICULAR, PEATONAL","INFRA_CICL":"SIN","OPERACION":"NORMAL"}},{"type":"Feature","id":573,"geometry":{"type":"Point","coordinates":[-74.1488482199999,4.66699345984683]},"properties":{"FID":573,"OBJECTID":573,"COD_ID_INT":860,"DIRECCION":"AK 97 X AV CENTENARIO (DG 16)","LOCALIDAD":"FONTIBON","TIPO_INTER":"VEHICULAR, PEATONAL","INFRA_CICL":"SIN","OPERACION":"NORMAL"}},{"type":"Feature","id":574,"geometry":{"type":"Point","coordinates":[-74.1528464099999,4.67403338984657]},"properties":{"FID":574,"OBJECTID":574,"COD_ID_INT":873,"DIRECCION":"AK 106 X AV CENTENARIO (DG 16)","LOCALIDAD":"FONTIBON","TIPO_INTER":"VEHICULAR, PEATONAL","INFRA_CICL":"SIN","OPERACION":"NORMAL"}},{"type":"Feature","id":575,"geometry":{"type":"Point","coordinates":[-74.0608630199999,4.660291279847]},"properties":{"FID":575,"OBJECTID":575,"COD_ID_INT":204,"DIRECCION":"AV PASEO DEL COUNTRY (AK 15) X CL 73","LOCALIDAD":"CHAPINERO","TIPO_INTER":"VEHICULAR, PEATONAL","INFRA_CICL":"SIN","OPERACION":"NORMAL"}},{"type":"Feature","id":576,"geometry":{"type":"Point","coordinates":[-74.02885585,4.7161863498452]},"properties":{"FID":576,"OBJECTID":576,"COD_ID_INT":10,"DIRECCION":"AV ALBERTO LLERAS CAMARGO (AK 7) X CL 140","LOCALIDAD":"USAQUEN","TIPO_INTER":"VEHICULAR, PEATONAL","INFRA_CICL":"SIN","OPERACION":"NORMAL"}},{"type":"Feature","id":577,"geometry":{"type":"Point","coordinates":[-74.0463585799999,4.72340032984499]},"properties":{"FID":577,"OBJECTID":577,"COD_ID_INT":70,"DIRECCION":"AV SANTA BARBARA (AK 19) X CL 140","LOCALIDAD":"USAQUEN","TIPO_INTER":"VEHICULAR","INFRA_CICL":"CICLORUTA","OPERACION":"NORMAL"}},{"type":"Feature","id":578,"geometry":{"type":"Point","coordinates":[-74.07186338,4.60868496984872]},"properties":{"FID":578,"OBJECTID":578,"COD_ID_INT":408,"DIRECCION":"KR 9 X CL 22","LOCALIDAD":"SANTA FE","TIPO_INTER":"VEHICULAR, PEATONAL","INFRA_CICL":"SIN","OPERACION":"NORMAL"}},{"type":"Feature","id":579,"geometry":{"type":"Point","coordinates":[-74.0470069899999,4.68888657984608]},"properties":{"FID":579,"OBJECTID":579,"COD_ID_INT":74,"DIRECCION":"AV PASEO DEL COUNTRY (AK 15) X CL 104","LOCALIDAD":"USAQUEN","TIPO_INTER":"VEHICULAR, PEATONAL","INFRA_CICL":"SIN","OPERACION":"NORMAL"}},{"type":"Feature","id":580,"geometry":{"type":"Point","coordinates":[-74.13637596,4.58502314984945]},"properties":{"FID":580,"OBJECTID":580,"COD_ID_INT":1095,"DIRECCION":"AV JORGE GAITAN CORTES (KR 33) X AV CONGRESO EUCARISTICO (CL 51 SUR)","LOCALIDAD":"TUNJUELITO","TIPO_INTER":"VEHICULAR","INFRA_CICL":"SIN","OPERACION":"NORMAL"}},{"type":"Feature","id":581,"geometry":{"type":"Point","coordinates":[-74.0639732399999,4.65312630984727]},"properties":{"FID":581,"OBJECTID":581,"COD_ID_INT":254,"DIRECCION":"AV CARACAS (AK 14) X CL 66","LOCALIDAD":"BARRIOS UNIDOS","TIPO_INTER":"VEHICULAR, PEATONAL","INFRA_CICL":"SIN","OPERACION":"NORMAL"}},{"type":"Feature","id":582,"geometry":{"type":"Point","coordinates":[-74.1104246199999,4.67739129984649]},"properties":{"FID":582,"OBJECTID":582,"COD_ID_INT":730,"DIRECCION":"KR 77A X AV PABLO VI (AC 53)","LOCALIDAD":"ENGATIVA","TIPO_INTER":"VEHICULAR","INFRA_CICL":"SIN","OPERACION":"NORMAL"}},{"type":"Feature","id":583,"geometry":{"type":"Point","coordinates":[-74.09057319,4.60697009984878]},"properties":{"FID":583,"OBJECTID":583,"COD_ID_INT":604,"DIRECCION":"KR 24 X CL 10","LOCALIDAD":"LOS MARTIRES","TIPO_INTER":"VEHICULAR, PEATONAL","INFRA_CICL":"SIN","OPERACION":"NORMAL"}},{"type":"Feature","id":584,"geometry":{"type":"Point","coordinates":[-74.07744759,4.60696018984878]},"properties":{"FID":584,"OBJECTID":584,"COD_ID_INT":518,"DIRECCION":"AV CARACAS (AK 14) X CL 17","LOCALIDAD":"SANTA FE","TIPO_INTER":"VEHICULAR, PEATONAL","INFRA_CICL":"SIN","OPERACION":"NORMAL"}},{"type":"Feature","id":585,"geometry":{"type":"Point","coordinates":[-74.06330339,4.65080082984734]},"properties":{"FID":585,"OBJECTID":585,"COD_ID_INT":241,"DIRECCION":"KR 13 X CL 64","LOCALIDAD":"CHAPINERO","TIPO_INTER":"VEHICULAR, PEATONAL","INFRA_CICL":"SIN","OPERACION":"NORMAL"}},{"type":"Feature","id":586,"geometry":{"type":"Point","coordinates":[-74.0578908799999,4.75399423984399]},"properties":{"FID":586,"OBJECTID":586,"COD_ID_INT":167,"DIRECCION":"AV LAS VILLAS (AK 58) X  CL 169B","LOCALIDAD":"SUBA","TIPO_INTER":"VEHICULAR, PEATONAL","INFRA_CICL":"CICLORUTA","OPERACION":"NORMAL"}},{"type":"Feature","id":587,"geometry":{"type":"Point","coordinates":[-74.15061779,4.64564545984748]},"properties":{"FID":587,"OBJECTID":587,"COD_ID_INT":865,"DIRECCION":"AV CIUDAD DE CALI (AK 86) X AV CASTILLA (AC 8)","LOCALIDAD":"KENNEDY","TIPO_INTER":"VEHICULAR, PEATONAL","INFRA_CICL":"CICLORUTA","OPERACION":"NORMAL"}},{"type":"Feature","id":588,"geometry":{"type":"Point","coordinates":[-74.07320306,4.60408784984885]},"properties":{"FID":588,"OBJECTID":588,"COD_ID_INT":443,"DIRECCION":"KR 8 X CL 17","LOCALIDAD":"SANTA FE","TIPO_INTER":"VEHICULAR, PEATONAL","INFRA_CICL":"SIN","OPERACION":"NORMAL"}},{"type":"Feature","id":589,"geometry":{"type":"Point","coordinates":[-74.1095365799999,4.65215199984731]},"properties":{"FID":589,"OBJECTID":589,"COD_ID_INT":726,"DIRECCION":"KR 68B X AV LUIS CARLOS GALAN (AC 24)","LOCALIDAD":"FONTIBON","TIPO_INTER":"VEHICULAR, PEATONAL","INFRA_CICL":"CICLORUTA","OPERACION":"NORMAL"}},{"type":"Feature","id":590,"geometry":{"type":"Point","coordinates":[-74.06712914,4.62138991984831]},"properties":{"FID":590,"OBJECTID":590,"COD_ID_INT":307,"DIRECCION":"AV ALBERTO LLERAS CAMARGO (AK 7) X AV TEUSAQUILLO (CL 34)","LOCALIDAD":"SANTA FE","TIPO_INTER":"VEHICULAR, PEATONAL","INFRA_CICL":"SIN","OPERACION":"NORMAL"}},{"type":"Feature","id":591,"geometry":{"type":"Point","coordinates":[-74.10768648,4.74512731784428]},"properties":{"FID":591,"OBJECTID":591,"COD_ID_INT":1532,"DIRECCION":"KR 126A X CL 139","LOCALIDAD":"SUBA","TIPO_INTER":"VEHICULAR, PEATONAL, BICIUSUARIOS","INFRA_CICL":"SIN","OPERACION":"NORMAL"}},{"type":"Feature","id":592,"geometry":{"type":"Point","coordinates":[-74.10413435,4.58452748984948]},"properties":{"FID":592,"OBJECTID":592,"COD_ID_INT":1018,"DIRECCION":"AV MARISCAL SUCRE (TV 21A) X DG 21A S","LOCALIDAD":"ANTONIO NARINO","TIPO_INTER":"VEHICULAR, PEATONAL","INFRA_CICL":"SIN","OPERACION":"NORMAL"}},{"type":"Feature","id":593,"geometry":{"type":"Point","coordinates":[-74.04001362,4.74010159984444]},"properties":{"FID":593,"OBJECTID":593,"COD_ID_INT":33,"DIRECCION":"KR 16C X AV DE LAS ORQUIDEAS (AC 161)","LOCALIDAD":"USAQUEN","TIPO_INTER":"VEHICULAR, PEATONAL","INFRA_CICL":"CICLORUTA","OPERACION":"NORMAL"}},{"type":"Feature","id":594,"geometry":{"type":"Point","coordinates":[-74.07155088,4.63447959984783]},"properties":{"FID":594,"OBJECTID":594,"COD_ID_INT":402,"DIRECCION":"KR 19 X DG 45D","LOCALIDAD":"TEUSAQUILLO","TIPO_INTER":"VEHICULAR","INFRA_CICL":"SIN","OPERACION":"NORMAL"}},{"type":"Feature","id":595,"geometry":{"type":"Point","coordinates":[-74.16793769,4.61984892984834]},"properties":{"FID":595,"OBJECTID":595,"COD_ID_INT":912,"DIRECCION":"AV AGOBERTO MEJIA CIFUENTES (AK 80) X CL 46 SUR","LOCALIDAD":"KENNEDY","TIPO_INTER":"VEHICULAR, PEATONAL","INFRA_CICL":"CICLORUTA","OPERACION":"NORMAL"}},{"type":"Feature","id":596,"geometry":{"type":"Point","coordinates":[-74.203221615,4.60982030884866]},"properties":{"FID":596,"OBJECTID":596,"COD_ID_INT":1549,"DIRECCION":"AV SAN BERNARDINO (KR 80J) X AV CIUDAD DE CALI (AC 75 SUR)","LOCALIDAD":"BOSA","TIPO_INTER":"VEHICULAR, PEATONAL","INFRA_CICL":"SIN","OPERACION":"NORMAL"}},{"type":"Feature","id":597,"geometry":{"type":"Point","coordinates":[-74.16042741,4.58008792184967]},"properties":{"FID":597,"OBJECTID":597,"COD_ID_INT":1534,"DIRECCION":"AV JORGE GAITAN CORTES (AK 51) X CL 68F SUR","LOCALIDAD":"ENGATIVA","TIPO_INTER":"VEHICULAR, PEATONAL","INFRA_CICL":"SIN","OPERACION":"NORMAL"}},{"type":"Feature","id":598,"geometry":{"type":"Point","coordinates":[-74.0513982799999,4.69043190984602]},"properties":{"FID":598,"OBJECTID":598,"COD_ID_INT":112,"DIRECCION":"AV SANTA BARBARA (AK 19) X CL 104","LOCALIDAD":"USAQUEN","TIPO_INTER":"VEHICULAR","INFRA_CICL":"CICLORUTA","OPERACION":"NORMAL"}},{"type":"Feature","id":599,"geometry":{"type":"Point","coordinates":[-74.10453541,4.75099996984409]},"properties":{"FID":599,"OBJECTID":599,"COD_ID_INT":1235,"DIRECCION":"KR 115 X AV TRANSVERSAL DE SUBA (AC 145)","LOCALIDAD":"SUBA","TIPO_INTER":"VEHICULAR, PEATONAL","INFRA_CICL":"SIN","OPERACION":"NORMAL"}},{"type":"Feature","id":600,"geometry":{"type":"Point","coordinates":[-74.03273073,4.71292746984532]},"properties":{"FID":600,"OBJECTID":600,"COD_ID_INT":17,"DIRECCION":"AV LAUREANO GOMEZ (AK 9) X AV CONTADOR (AC 134)","LOCALIDAD":"USAQUEN","TIPO_INTER":"VEHICULAR","INFRA_CICL":"SIN","OPERACION":"NORMAL"}},{"type":"Feature","id":601,"geometry":{"type":"Point","coordinates":[-74.0672333799999,4.6273177198481]},"properties":{"FID":601,"OBJECTID":601,"COD_ID_INT":310,"DIRECCION":"KR 13 X DG 40A","LOCALIDAD":"SANTA FE","TIPO_INTER":"VEHICULAR, PEATONAL","INFRA_CICL":"CICLORUTA, CICLORUTA EN CALZADA","OPERACION":"NORMAL"}},{"type":"Feature","id":602,"geometry":{"type":"Point","coordinates":[-74.11029489,4.72101689984505]},"properties":{"FID":602,"OBJECTID":602,"COD_ID_INT":1372,"DIRECCION":"AV BOLIVIA (AK 104) X DG 86A","LOCALIDAD":"ENGATIVA","TIPO_INTER":"VEHICULAR, PEATONAL","INFRA_CICL":"SIN","OPERACION":"NORMAL"}},{"type":"Feature","id":603,"geometry":{"type":"Point","coordinates":[-74.0740916399999,4.68804441984612]},"properties":{"FID":603,"OBJECTID":603,"COD_ID_INT":461,"DIRECCION":"AV DEL CONGRESO EUCARISTICO (AK 68) X CL 98","LOCALIDAD":"SUBA","TIPO_INTER":"VEHICULAR, PEATONAL","INFRA_CICL":"CICLORUTA","OPERACION":"NORMAL"}},{"type":"Feature","id":604,"geometry":{"type":"Point","coordinates":[-74.1373981199999,4.61752317984839]},"properties":{"FID":604,"OBJECTID":604,"COD_ID_INT":830,"DIRECCION":"KR 71D X CL 8 SUR","LOCALIDAD":"KENNEDY","TIPO_INTER":"VEHICULAR, PEATONAL","INFRA_CICL":"SIN","OPERACION":"NORMAL"}},{"type":"Feature","id":605,"geometry":{"type":"Point","coordinates":[-74.18657804,4.62801113984809]},"properties":{"FID":605,"OBJECTID":605,"COD_ID_INT":935,"DIRECCION":"KR 88C X CL 56 SUR","LOCALIDAD":"BOSA","TIPO_INTER":"VEHICULAR, PEATONAL","INFRA_CICL":"SIN","OPERACION":"NORMAL"}},{"type":"Feature","id":606,"geometry":{"type":"Point","coordinates":[-74.0675974,4.62509839984819]},"properties":{"FID":606,"OBJECTID":606,"COD_ID_INT":317,"DIRECCION":"KR 13 X CL 37","LOCALIDAD":"SANTA FE","TIPO_INTER":"VEHICULAR, PEATONAL","INFRA_CICL":"CICLORUTA","OPERACION":"NORMAL"}},{"type":"Feature","id":607,"geometry":{"type":"Point","coordinates":[-74.105915099,4.67643676384653]},"properties":{"FID":607,"OBJECTID":607,"COD_ID_INT":1569,"DIRECCION":"KR 73A X CL 55","LOCALIDAD":"ENGATIVA","TIPO_INTER":"VEHICULAR, PEATONAL","INFRA_CICL":"SIN","OPERACION":"OBRAS"}},{"type":"Feature","id":608,"geometry":{"type":"Point","coordinates":[-74.10275904,4.58456814984948]},"properties":{"FID":608,"OBJECTID":608,"COD_ID_INT":1013,"DIRECCION":"KR 19 X TV 21A","LOCALIDAD":"ANTONIO NARINO","TIPO_INTER":"VEHICULAR, PEATONAL","INFRA_CICL":"SIN","OPERACION":"NORMAL"}},{"type":"Feature","id":609,"geometry":{"type":"Point","coordinates":[-74.0996632,4.64085703984768]},"properties":{"FID":609,"OBJECTID":609,"COD_ID_INT":1220,"DIRECCION":"KR 54 X AV LUIS CARLOS GALAN (AC 24)","LOCALIDAD":"TEUSAQUILLO","TIPO_INTER":"VEHICULAR, PEATONAL","INFRA_CICL":"CICLORUTA","OPERACION":"NORMAL"}},{"type":"Feature","id":610,"geometry":{"type":"Point","coordinates":[-74.1513819899999,4.66914772984672]},"properties":{"FID":610,"OBJECTID":610,"COD_ID_INT":1380,"DIRECCION":"KR 100 X AV CENTENARIO (DG 16)","LOCALIDAD":"FONTIBON","TIPO_INTER":"VEHICULAR, PEATONAL","INFRA_CICL":"SIN","OPERACION":"NORMAL"}},{"type":"Feature","id":611,"geometry":{"type":"Point","coordinates":[-74.1359112499999,4.58511009984949]},"properties":{"FID":611,"OBJECTID":611,"COD_ID_INT":1094,"DIRECCION":"AV JORGE GAITAN CORTES (KR 33) X CL 50B SUR","LOCALIDAD":"TUNJUELITO","TIPO_INTER":"VEHICULAR","INFRA_CICL":"SIN","OPERACION":"NORMAL"}},{"type":"Feature","id":612,"geometry":{"type":"Point","coordinates":[-74.10409737,4.58325059984952]},"properties":{"FID":612,"OBJECTID":612,"COD_ID_INT":1017,"DIRECCION":"KR 19 X AV PRIMERO DE MAYO (CL 22 S)","LOCALIDAD":"ANTONIO NARINO","TIPO_INTER":"VEHICULAR, PEATONAL","INFRA_CICL":"SIN","OPERACION":"NORMAL"}},{"type":"Feature","id":613,"geometry":{"type":"Point","coordinates":[-74.12630039,4.59556011984917]},"properties":{"FID":613,"OBJECTID":613,"COD_ID_INT":1073,"DIRECCION":"AV BATALLON CALDAS (AK 50) X CL 39A SUR","LOCALIDAD":"PUENTE ARANDA","TIPO_INTER":"VEHICULAR, PEATONAL","INFRA_CICL":"SIN","OPERACION":"NORMAL"}},{"type":"Feature","id":614,"geometry":{"type":"Point","coordinates":[-74.05788266,4.66205556984698]},"properties":{"FID":614,"OBJECTID":614,"COD_ID_INT":169,"DIRECCION":"KR 13 X CL 76","LOCALIDAD":"CHAPINERO","TIPO_INTER":"VEHICULAR","INFRA_CICL":"SIN","OPERACION":"NORMAL"}},{"type":"Feature","id":615,"geometry":{"type":"Point","coordinates":[-74.13861945,4.67854148984641]},"properties":{"FID":615,"OBJECTID":615,"COD_ID_INT":832,"DIRECCION":"KR 100 X CL 22K","LOCALIDAD":"FONTIBON","TIPO_INTER":"VEHICULAR, PEATONAL","INFRA_CICL":"SIN","OPERACION":"NORMAL"}},{"type":"Feature","id":616,"geometry":{"type":"Point","coordinates":[-74.19311702,4.61469348884852]},"properties":{"FID":616,"OBJECTID":616,"COD_ID_INT":1553,"DIRECCION":"AV CIUDAD DE CALI (AK 84) x CALLE 69 SUR","LOCALIDAD":"BOSA","TIPO_INTER":"VEHICULAR, PEATONAL","INFRA_CICL":"SIN","OPERACION":"NORMAL"}},{"type":"Feature","id":617,"geometry":{"type":"Point","coordinates":[-74.0937784119999,4.62597916184812]},"properties":{"FID":617,"OBJECTID":617,"COD_ID_INT":627,"DIRECCION":"TV 39BISA X AV DE LAS AMERICAS (AC 20)","LOCALIDAD":"PUENTE ARANDA","TIPO_INTER":"VEHICULAR, PEATONAL","INFRA_CICL":"SIN","OPERACION":"NORMAL"}},{"type":"Feature","id":618,"geometry":{"type":"Point","coordinates":[-74.10790567,4.63196435984794]},"properties":{"FID":618,"OBJECTID":618,"COD_ID_INT":1171,"DIRECCION":"KR 55 X AV PUENTE ARANDA (AC 17)","LOCALIDAD":"PUENTE ARANDA","TIPO_INTER":"VEHICULAR, PEATONAL","INFRA_CICL":"SIN","OPERACION":"NORMAL"}},{"type":"Feature","id":619,"geometry":{"type":"Point","coordinates":[-74.09240613,4.60826733984872]},"properties":{"FID":619,"OBJECTID":619,"COD_ID_INT":615,"DIRECCION":"AV GENERAL SANTANDER (AK 27) X CL 10","LOCALIDAD":"LOS MARTIRES","TIPO_INTER":"VEHICULAR, PEATONAL","INFRA_CICL":"SIN","OPERACION":"NORMAL"}},{"type":"Feature","id":620,"geometry":{"type":"Point","coordinates":[-74.07983847,4.60375665984886]},"properties":{"FID":620,"OBJECTID":620,"COD_ID_INT":535,"DIRECCION":"AV CARACAS (AK 14) X AV COLON (AC 13)","LOCALIDAD":"SANTA FE","TIPO_INTER":"VEHICULAR, PEATONAL","INFRA_CICL":"CICLORUTA","OPERACION":"NORMAL"}},{"type":"Feature","id":621,"geometry":{"type":"Point","coordinates":[-74.02623219,4.72279392984497]},"properties":{"FID":621,"OBJECTID":621,"COD_ID_INT":7,"DIRECCION":"AV ALBERTO LLERAS CAMARGO (AK 7) X AV CEDRITOS (AC 147)","LOCALIDAD":"USAQUEN","TIPO_INTER":"VEHICULAR, PEATONAL","INFRA_CICL":"SIN","OPERACION":"NORMAL"}},{"type":"Feature","id":622,"geometry":{"type":"Point","coordinates":[-74.10254667,4.74310402984432]},"properties":{"FID":622,"OBJECTID":622,"COD_ID_INT":686,"DIRECCION":"KR 111BIS X CL 139","LOCALIDAD":"SUBA","TIPO_INTER":"EXCLUSIVA PEATONAL, BICIUSUARIOS","INFRA_CICL":"CICLORUTA EN CALZADA","OPERACION":"NORMAL"}},{"type":"Feature","id":623,"geometry":{"type":"Point","coordinates":[-74.06054683,4.65219218984729]},"properties":{"FID":623,"OBJECTID":623,"COD_ID_INT":199,"DIRECCION":"KR 10 X CL 67","LOCALIDAD":"CHAPINERO","TIPO_INTER":"VEHICULAR, PEATONAL","INFRA_CICL":"SIN","OPERACION":"NORMAL"}},{"type":"Feature","id":624,"geometry":{"type":"Point","coordinates":[-74.06087099,4.66671104984684]},"properties":{"FID":624,"OBJECTID":624,"COD_ID_INT":202,"DIRECCION":"AV PASEO DE LOS LIBERTADORES (AK 20) X CL 80BIS","LOCALIDAD":"BARRIOS UNIDOS","TIPO_INTER":"VEHICULAR, PEATONAL","INFRA_CICL":"SIN","OPERACION":"NORMAL"}},{"type":"Feature","id":625,"geometry":{"type":"Point","coordinates":[-74.0722002099999,4.6234889598482]},"properties":{"FID":625,"OBJECTID":625,"COD_ID_INT":417,"DIRECCION":"KR 17 X AV TEUSAQUILLO (AC 34)","LOCALIDAD":"TEUSAQUILLO","TIPO_INTER":"VEHICULAR, PEATONAL","INFRA_CICL":"SIN","OPERACION":"NORMAL"}},{"type":"Feature","id":626,"geometry":{"type":"Point","coordinates":[-74.1175730099999,4.57636196984975]},"properties":{"FID":626,"OBJECTID":626,"COD_ID_INT":1048,"DIRECCION":"AV CARACAS (AK 14) X AV QUIROGA (CL 36 SUR)","LOCALIDAD":"RAFAEL URIBE","TIPO_INTER":"VEHICULAR","INFRA_CICL":"SIN","OPERACION":"NORMAL"}},{"type":"Feature","id":627,"geometry":{"type":"Point","coordinates":[-74.1639251999999,4.63582620984783]},"properties":{"FID":627,"OBJECTID":627,"COD_ID_INT":905,"DIRECCION":"KR 86F X AV DE LOS MUISCAS (CL 38 SUR)","LOCALIDAD":"KENNEDY","TIPO_INTER":"VEHICULAR, PEATONAL","INFRA_CICL":"SIN","OPERACION":"NORMAL"}},{"type":"Feature","id":628,"geometry":{"type":"Point","coordinates":[-74.10049069,4.58665880984943]},"properties":{"FID":628,"OBJECTID":628,"COD_ID_INT":1005,"DIRECCION":"KR 19 Y TV 18BIS X CL 16 SUR","LOCALIDAD":"ANTONIO NARINO","TIPO_INTER":"VEHICULAR, PEATONAL","INFRA_CICL":"SIN","OPERACION":"NORMAL"}},{"type":"Feature","id":629,"geometry":{"type":"Point","coordinates":[-74.030085882,4.76029249684374]},"properties":{"FID":629,"OBJECTID":629,"COD_ID_INT":1563,"DIRECCION":"KR 8C x Av San Antonio (AC 183)","LOCALIDAD":"USAQUEN","TIPO_INTER":"VEHICULAR, PEATONAL","INFRA_CICL":"SIN","OPERACION":"NORMAL"}},{"type":"Feature","id":630,"geometry":{"type":"Point","coordinates":[-74.14710323,4.67426269984658]},"properties":{"FID":630,"OBJECTID":630,"COD_ID_INT":857,"DIRECCION":"KR 103A X CL 17","LOCALIDAD":"FONTIBON","TIPO_INTER":"VEHICULAR, PEATONAL","INFRA_CICL":"CICLORUTA","OPERACION":"NORMAL"}},{"type":"Feature","id":631,"geometry":{"type":"Point","coordinates":[-74.1157322299999,4.62418383984822]},"properties":{"FID":631,"OBJECTID":631,"COD_ID_INT":753,"DIRECCION":"KR 56 X CL 5A","LOCALIDAD":"PUENTE ARANDA","TIPO_INTER":"VEHICULAR","INFRA_CICL":"SIN","OPERACION":"NORMAL"}},{"type":"Feature","id":632,"geometry":{"type":"Point","coordinates":[-74.07256975,4.63003154984802]},"properties":{"FID":632,"OBJECTID":632,"COD_ID_INT":423,"DIRECCION":"AV MARISCAL SUCRE (AK 19) X CL 40","LOCALIDAD":"TEUSAQUILLO","TIPO_INTER":"VEHICULAR, PEATONAL","INFRA_CICL":"SIN","OPERACION":"NORMAL"}},{"type":"Feature","id":633,"geometry":{"type":"Point","coordinates":[-74.1559277489999,4.61656106784848]},"properties":{"FID":633,"OBJECTID":633,"COD_ID_INT":1490,"DIRECCION":"AV PRIMERO DE MAYO (TV 78H) X CL 41 SUR","LOCALIDAD":"KENNEDY","TIPO_INTER":"VEHICULAR, PEATONAL","INFRA_CICL":"CICLORUTA","OPERACION":"NORMAL"}},{"type":"Feature","id":634,"geometry":{"type":"Point","coordinates":[-74.07813497,4.59333856684921]},"properties":{"FID":634,"OBJECTID":634,"COD_ID_INT":1483,"DIRECCION":"KR 7 X CL 6C","LOCALIDAD":"CANDELARIA","TIPO_INTER":"EXCLUSIVA PEATONAL","INFRA_CICL":"SIN","OPERACION":"NORMAL"}},{"type":"Feature","id":635,"geometry":{"type":"Point","coordinates":[-74.05895278,4.72615738984487]},"properties":{"FID":635,"OBJECTID":635,"COD_ID_INT":1373,"DIRECCION":"KR 54D X AV CAMINO DEL PRADO (AC 138)","LOCALIDAD":"SUBA","TIPO_INTER":"VEHICULAR, PEATONAL","INFRA_CICL":"SIN","OPERACION":"NORMAL"}},{"type":"Feature","id":636,"geometry":{"type":"Point","coordinates":[-74.10590044,4.61980201984838]},"properties":{"FID":636,"OBJECTID":636,"COD_ID_INT":1138,"DIRECCION":"KR 43 X AV DE LOS COMUNEROS (AC 6)","LOCALIDAD":"PUENTE ARANDA","TIPO_INTER":"VEHICULAR, PEATONAL","INFRA_CICL":"CICLORUTA","OPERACION":"NORMAL"}},{"type":"Feature","id":637,"geometry":{"type":"Point","coordinates":[-74.077385153,4.69267473184598]},"properties":{"FID":637,"OBJECTID":637,"COD_ID_INT":1515,"DIRECCION":"AVENIDA DE LA CONSTITUCION (AK 70) X CL 98","LOCALIDAD":"SUBA","TIPO_INTER":"VEHICULAR, PEATONAL","INFRA_CICL":"SIN","OPERACION":"NORMAL"}},{"type":"Feature","id":638,"geometry":{"type":"Point","coordinates":[-74.05407915,4.72442106984495]},"properties":{"FID":638,"OBJECTID":638,"COD_ID_INT":144,"DIRECCION":"KR 49 X AV CAMINO DEL PRADO (AC 138)","LOCALIDAD":"SUBA","TIPO_INTER":"VEHICULAR, PEATONAL","INFRA_CICL":"SIN","OPERACION":"NORMAL"}},{"type":"Feature","id":639,"geometry":{"type":"Point","coordinates":[-74.06714564,4.66309502984691]},"properties":{"FID":639,"OBJECTID":639,"COD_ID_INT":308,"DIRECCION":"AV COLOMBIA (AK 24) X AV CHILE (AC 72)","LOCALIDAD":"BARRIOS UNIDOS","TIPO_INTER":"VEHICULAR","INFRA_CICL":"SIN","OPERACION":"NORMAL"}},{"type":"Feature","id":640,"geometry":{"type":"Point","coordinates":[-74.06965194,4.63895417984772]},"properties":{"FID":640,"OBJECTID":640,"COD_ID_INT":360,"DIRECCION":"KR 17 X CL 51","LOCALIDAD":"TEUSAQUILLO","TIPO_INTER":"VEHICULAR, PEATONAL","INFRA_CICL":"SIN","OPERACION":"NORMAL"}},{"type":"Feature","id":641,"geometry":{"type":"Point","coordinates":[-74.119002969,4.53169000585124]},"properties":{"FID":641,"OBJECTID":641,"COD_ID_INT":1245,"DIRECCION":"KR 13 X CL 67A S","LOCALIDAD":"USME","TIPO_INTER":"EXCLUSIVA PEATONAL","INFRA_CICL":"SIN","OPERACION":"NORMAL"}},{"type":"Feature","id":642,"geometry":{"type":"Point","coordinates":[-74.0590851589999,4.64926164084741]},"properties":{"FID":642,"OBJECTID":642,"COD_ID_INT":1479,"DIRECCION":"AV ALBERTO LLERAS CAMARGO (AK 7) X CL 65","LOCALIDAD":"CHAPINERO","TIPO_INTER":"VEHICULAR, PEATONAL","INFRA_CICL":"SIN","OPERACION":"NORMAL"}},{"type":"Feature","id":643,"geometry":{"type":"Point","coordinates":[-74.0772055899999,4.6269260098481]},"properties":{"FID":643,"OBJECTID":643,"COD_ID_INT":512,"DIRECCION":"AK 28 X CL 37","LOCALIDAD":"TEUSAQUILLO","TIPO_INTER":"VEHICULAR, PEATONAL, BICIUSUARIOS","INFRA_CICL":"SIN","OPERACION":"NORMAL"}},{"type":"Feature","id":644,"geometry":{"type":"Point","coordinates":[-74.06362283,4.65968922984703]},"properties":{"FID":644,"OBJECTID":644,"COD_ID_INT":247,"DIRECCION":"KR 17 X CL 71A","LOCALIDAD":"BARRIOS UNIDOS","TIPO_INTER":"VEHICULAR, PEATONAL","INFRA_CICL":"SIN","OPERACION":"NORMAL"}},{"type":"Feature","id":645,"geometry":{"type":"Point","coordinates":[-74.09568352,4.62855579984808]},"properties":{"FID":645,"OBJECTID":645,"COD_ID_INT":628,"DIRECCION":"AV PEDRO LEON TRABUCHY (AK 40) X CL 21","LOCALIDAD":"PUENTE ARANDA","TIPO_INTER":"VEHICULAR, PEATONAL","INFRA_CICL":"SIN","OPERACION":"NORMAL"}},{"type":"Feature","id":646,"geometry":{"type":"Point","coordinates":[-74.15366213,4.59634358984912]},"properties":{"FID":646,"OBJECTID":646,"COD_ID_INT":876,"DIRECCION":"KR 63 X AV DEL SUR (AC 57R SUR)","LOCALIDAD":"CIUDAD BOLIVAR","TIPO_INTER":"VEHICULAR, PEATONAL","INFRA_CICL":"CICLORUTA","OPERACION":"NORMAL"}},{"type":"Feature","id":647,"geometry":{"type":"Point","coordinates":[-74.06364639,4.7166691698452]},"properties":{"FID":647,"OBJECTID":647,"COD_ID_INT":245,"DIRECCION":"AV CORDOBA (AK 55) X CL 129","LOCALIDAD":"SUBA","TIPO_INTER":"VEHICULAR, PEATONAL","INFRA_CICL":"SIN","OPERACION":"NORMAL"}},{"type":"Feature","id":648,"geometry":{"type":"Point","coordinates":[-74.071012319,4.6141851448485]},"properties":{"FID":648,"OBJECTID":648,"COD_ID_INT":383,"DIRECCION":"KR 13 X CL 26A","LOCALIDAD":"SANTA FE","TIPO_INTER":"EXCLUSIVA PEATONAL","INFRA_CICL":"SIN","OPERACION":"NORMAL"}},{"type":"Feature","id":649,"geometry":{"type":"Point","coordinates":[-74.08151104,4.73572963984458]},"properties":{"FID":649,"OBJECTID":649,"COD_ID_INT":1124,"DIRECCION":"AV TRANSVERSAL DE SUBA (AC 145) X CL 137","LOCALIDAD":"SUBA","TIPO_INTER":"VEHICULAR","INFRA_CICL":"SIN","OPERACION":"NORMAL"}},{"type":"Feature","id":650,"geometry":{"type":"Point","coordinates":[-74.0694913999999,4.62278208984824]},"properties":{"FID":650,"OBJECTID":650,"COD_ID_INT":356,"DIRECCION":"AV CARACAS (AK 14) X AV TEUSAQUILLO (AC 34)","LOCALIDAD":"SANTA FE","TIPO_INTER":"VEHICULAR, PEATONAL","INFRA_CICL":"SIN","OPERACION":"NORMAL"}},{"type":"Feature","id":651,"geometry":{"type":"Point","coordinates":[-74.153473322,4.63575353284786]},"properties":{"FID":651,"OBJECTID":651,"COD_ID_INT":879,"DIRECCION":"AV AGOBERTO MEJIA CIFUENTES (AK 80G) X AV MANUEL CEPEDA VARGAS (DG 3)","LOCALIDAD":"KENNEDY","TIPO_INTER":"VEHICULAR, PEATONAL","INFRA_CICL":"CICLORUTA","OPERACION":"NORMAL"}},{"type":"Feature","id":652,"geometry":{"type":"Point","coordinates":[-74.13068764,4.57681064984971]},"properties":{"FID":652,"OBJECTID":652,"COD_ID_INT":1087,"DIRECCION":"AV MARISCAL SUCRE (KR 24) X CL 48C SUR","LOCALIDAD":"TUNJUELITO","TIPO_INTER":"VEHICULAR, PEATONAL","INFRA_CICL":"CICLORUTA","OPERACION":"NORMAL"}},{"type":"Feature","id":653,"geometry":{"type":"Point","coordinates":[-74.1453886899999,4.59093609984926]},"properties":{"FID":653,"OBJECTID":653,"COD_ID_INT":1113,"DIRECCION":"AV BOYACA (TV 60) X DG 51 SUR","LOCALIDAD":"TUNJUELITO","TIPO_INTER":"VEHICULAR, PEATONAL","INFRA_CICL":"CICLORUTA","OPERACION":"NORMAL"}},{"type":"Feature","id":654,"geometry":{"type":"Point","coordinates":[-74.0885286499999,4.61305876984859]},"properties":{"FID":654,"OBJECTID":654,"COD_ID_INT":590,"DIRECCION":"AV GENERAL SANTANDER (AK 27) X CL 15","LOCALIDAD":"LOS MARTIRES","TIPO_INTER":"VEHICULAR","INFRA_CICL":"SIN","OPERACION":"NORMAL"}},{"type":"Feature","id":655,"geometry":{"type":"Point","coordinates":[-74.15835853,4.68573784984621]},"properties":{"FID":655,"OBJECTID":655,"COD_ID_INT":889,"DIRECCION":"KR 120 X AV CENTENARIO (DG 16)","LOCALIDAD":"FONTIBON","TIPO_INTER":"VEHICULAR","INFRA_CICL":"SIN","OPERACION":"NORMAL"}},{"type":"Feature","id":656,"geometry":{"type":"Point","coordinates":[-74.1164821899999,4.69423337984593]},"properties":{"FID":656,"OBJECTID":656,"COD_ID_INT":756,"DIRECCION":"KR 95 X AV DEL SALITRE (CL 66A)","LOCALIDAD":"ENGATIVA","TIPO_INTER":"VEHICULAR, PEATONAL, BICIUSUARIOS","INFRA_CICL":"CICLORUTA","OPERACION":"NORMAL"}},{"type":"Feature","id":657,"geometry":{"type":"Point","coordinates":[-74.07013711,4.60447925984886]},"properties":{"FID":657,"OBJECTID":657,"COD_ID_INT":375,"DIRECCION":"KR 5 X AV CIUDAD DE LIMA (AC 19)","LOCALIDAD":"SANTA FE","TIPO_INTER":"VEHICULAR, PEATONAL","INFRA_CICL":"SIN","OPERACION":"NORMAL"}},{"type":"Feature","id":658,"geometry":{"type":"Point","coordinates":[-74.07845487,4.61634961984848]},"properties":{"FID":658,"OBJECTID":658,"COD_ID_INT":524,"DIRECCION":"AV MARISCAL SUCRE (AK 19) X CL 23","LOCALIDAD":"LOS MARTIRES","TIPO_INTER":"VEHICULAR","INFRA_CICL":"SIN","OPERACION":"NORMAL"}},{"type":"Feature","id":659,"geometry":{"type":"Point","coordinates":[-74.07295074,4.60934607984865]},"properties":{"FID":659,"OBJECTID":659,"COD_ID_INT":438,"DIRECCION":"KR 12 X CL 22","LOCALIDAD":"SANTA FE","TIPO_INTER":"VEHICULAR, PEATONAL","INFRA_CICL":"CICLORUTA","OPERACION":"NORMAL"}},{"type":"Feature","id":660,"geometry":{"type":"Point","coordinates":[-74.129217721,4.57169674484991]},"properties":{"FID":660,"OBJECTID":660,"COD_ID_INT":1498,"DIRECCION":"KR 20BIS X CL 48C SUR","LOCALIDAD":"TUNJUELITO","TIPO_INTER":"VEHICULAR, PEATONAL","INFRA_CICL":"CICLORUTA","OPERACION":"NORMAL"}},{"type":"Feature","id":661,"geometry":{"type":"Point","coordinates":[-74.098952729,4.72521300284488]},"properties":{"FID":661,"OBJECTID":661,"COD_ID_INT":669,"DIRECCION":"KR 98 X AV CIUDAD DE CALI (CL 127)","LOCALIDAD":"SUBA","TIPO_INTER":"VEHICULAR, PEATONAL","INFRA_CICL":"CICLORUTA","OPERACION":"NORMAL"}},{"type":"Feature","id":662,"geometry":{"type":"Point","coordinates":[-74.15812983,4.63884373984771]},"properties":{"FID":662,"OBJECTID":662,"COD_ID_INT":890,"DIRECCION":"AV CIUDAD DE CALI (AK 86) X CL 1B","LOCALIDAD":"KENNEDY","TIPO_INTER":"EXCLUSIVA PEATONAL","INFRA_CICL":"CICLORUTA","OPERACION":"NORMAL"}},{"type":"Feature","id":663,"geometry":{"type":"Point","coordinates":[-74.0682939599999,4.68975483984606]},"properties":{"FID":663,"OBJECTID":663,"COD_ID_INT":329,"DIRECCION":"KR 64 X AV ESPANA (AC 100)","LOCALIDAD":"SUBA","TIPO_INTER":"VEHICULAR","INFRA_CICL":"CICLORUTA","OPERACION":"NORMAL"}},{"type":"Feature","id":664,"geometry":{"type":"Point","coordinates":[-74.10066875,4.60347462984887]},"properties":{"FID":664,"OBJECTID":664,"COD_ID_INT":677,"DIRECCION":"AV CIUDAD DE QUITO (AK 30) X AV CIUDAD MONTES (AC 3)","LOCALIDAD":"PUENTE ARANDA","TIPO_INTER":"VEHICULAR, PEATONAL","INFRA_CICL":"CICLORUTA","OPERACION":"NORMAL"}},{"type":"Feature","id":665,"geometry":{"type":"Point","coordinates":[-74.0454988499999,4.7284910248448]},"properties":{"FID":665,"OBJECTID":665,"COD_ID_INT":1622,"DIRECCION":"AV SANTA BARBARA  (AK 19) X AC 146","LOCALIDAD":"USAQUEN","TIPO_INTER":"VEHICULAR, PEATONAL, BICIUSUARIOS","INFRA_CICL":"CICLORUTA","OPERACION":"NORMAL"}},{"type":"Feature","id":666,"geometry":{"type":"Point","coordinates":[-74.0639376999999,4.66089631984701]},"properties":{"FID":666,"OBJECTID":666,"COD_ID_INT":253,"DIRECCION":"KR 20B X AV CHILE (AC 72)","LOCALIDAD":"BARRIOS UNIDOS","TIPO_INTER":"VEHICULAR","INFRA_CICL":"SIN","OPERACION":"NORMAL"}},{"type":"Feature","id":667,"geometry":{"type":"Point","coordinates":[-74.1231895299999,4.57482655984984]},"properties":{"FID":667,"OBJECTID":667,"COD_ID_INT":1137,"DIRECCION":"AV CARACAS (AK 14) X CL 43 SUR","LOCALIDAD":"RAFAEL URIBE","TIPO_INTER":"VEHICULAR, PEATONAL","INFRA_CICL":"SIN","OPERACION":"NORMAL"}},{"type":"Feature","id":668,"geometry":{"type":"Point","coordinates":[-74.162606599,4.61520250984852]},"properties":{"FID":668,"OBJECTID":668,"COD_ID_INT":901,"DIRECCION":"AV PRIMERO DE MAYO (TV 78H) X AV CIUDAD DE VILLAVICENCIO (AC 43 S)","LOCALIDAD":"KENNEDY","TIPO_INTER":"VEHICULAR, PEATONAL","INFRA_CICL":"CICLORUTA","OPERACION":"NORMAL"}},{"type":"Feature","id":669,"geometry":{"type":"Point","coordinates":[-74.1177961399999,4.69501369984589]},"properties":{"FID":669,"OBJECTID":669,"COD_ID_INT":762,"DIRECCION":"AK 96 X AV DEL SALITRE (CL 66A)","LOCALIDAD":"ENGATIVA","TIPO_INTER":"VEHICULAR, PEATONAL, BICIUSUARIOS","INFRA_CICL":"CICLORUTA","OPERACION":"NORMAL"}},{"type":"Feature","id":670,"geometry":{"type":"Point","coordinates":[-74.0420718199999,4.68854520984609]},"properties":{"FID":670,"OBJECTID":670,"COD_ID_INT":41,"DIRECCION":"AV LAUREANO GOMEZ (AK 9) X CL 106","LOCALIDAD":"USAQUEN","TIPO_INTER":"VEHICULAR","INFRA_CICL":"SIN","OPERACION":"NORMAL"}},{"type":"Feature","id":671,"geometry":{"type":"Point","coordinates":[-74.03238729,4.72557128984491]},"properties":{"FID":671,"OBJECTID":671,"COD_ID_INT":15,"DIRECCION":"AV LAUREANO GOMEZ (AK 9) X AV CEDRITOS (AC 147)","LOCALIDAD":"USAQUEN","TIPO_INTER":"VEHICULAR","INFRA_CICL":"SIN","OPERACION":"NORMAL"}},{"type":"Feature","id":672,"geometry":{"type":"Point","coordinates":[-74.12514334,4.57867897984968]},"properties":{"FID":672,"OBJECTID":672,"COD_ID_INT":1066,"DIRECCION":"KR 23B X AV SANTA LUCIA (AC 44 SUR)","LOCALIDAD":"RAFAEL URIBE","TIPO_INTER":"VEHICULAR, PEATONAL","INFRA_CICL":"SIN","OPERACION":"NORMAL"}},{"type":"Feature","id":673,"geometry":{"type":"Point","coordinates":[-74.105566381,4.74428855784429]},"properties":{"FID":673,"OBJECTID":673,"COD_ID_INT":1530,"DIRECCION":"KR 118 X CL 139","LOCALIDAD":"SUBA","TIPO_INTER":"VEHICULAR, PEATONAL","INFRA_CICL":"SIN","OPERACION":"NORMAL"}},{"type":"Feature","id":674,"geometry":{"type":"Point","coordinates":[-74.0639500899999,4.63266049984792]},"properties":{"FID":674,"OBJECTID":674,"COD_ID_INT":251,"DIRECCION":"AV ALBERTO LLERAS CAMARGO (AK 7) X CL 46","LOCALIDAD":"CHAPINERO","TIPO_INTER":"VEHICULAR, PEATONAL","INFRA_CICL":"SIN","OPERACION":"NORMAL"}},{"type":"Feature","id":675,"geometry":{"type":"Point","coordinates":[-74.17934697,4.59695110984905]},"properties":{"FID":675,"OBJECTID":675,"COD_ID_INT":927,"DIRECCION":"AV DEL SUR (KR 77G) X CL 63 SUR","LOCALIDAD":"BOSA","TIPO_INTER":"VEHICULAR, PEATONAL","INFRA_CICL":"CICLORUTA","OPERACION":"NORMAL"}},{"type":"Feature","id":676,"geometry":{"type":"Point","coordinates":[-74.07910737,4.61947815984833]},"properties":{"FID":676,"OBJECTID":676,"COD_ID_INT":531,"DIRECCION":"KR 24 X CL 24","LOCALIDAD":"LOS MARTIRES","TIPO_INTER":"VEHICULAR, PEATONAL","INFRA_CICL":"CICLORUTA","OPERACION":"NORMAL"}},{"type":"Feature","id":677,"geometry":{"type":"Point","coordinates":[-74.10541001,4.59964647984899]},"properties":{"FID":677,"OBJECTID":677,"COD_ID_INT":706,"DIRECCION":"AV CIUDAD DE QUITO (AK 30) X CL 1B","LOCALIDAD":"PUENTE ARANDA","TIPO_INTER":"VEHICULAR, PEATONAL","INFRA_CICL":"CICLORUTA","OPERACION":"NORMAL"}},{"type":"Feature","id":678,"geometry":{"type":"Point","coordinates":[-74.04619729,4.67725118984648]},"properties":{"FID":678,"OBJECTID":678,"COD_ID_INT":67,"DIRECCION":"AV GERMAN ARCINIEGAS (AK 11) X CL 94","LOCALIDAD":"CHAPINERO","TIPO_INTER":"VEHICULAR, PEATONAL","INFRA_CICL":"CICLORUTA EN CALZADA","OPERACION":"NORMAL"}},{"type":"Feature","id":679,"geometry":{"type":"Point","coordinates":[-74.10763787,4.69284205984596]},"properties":{"FID":679,"OBJECTID":679,"COD_ID_INT":714,"DIRECCION":"AV CIUDAD DE CALI (AK 86) X CL 69B","LOCALIDAD":"ENGATIVA","TIPO_INTER":"EXCLUSIVA PEATONAL","INFRA_CICL":"CICLORUTA","OPERACION":"NORMAL"}},{"type":"Feature","id":680,"geometry":{"type":"Point","coordinates":[-74.04732474,4.66436414984689]},"properties":{"FID":680,"OBJECTID":680,"COD_ID_INT":81,"DIRECCION":"AV ALBERTO LLERAS CAMARGO (AK 7) X CL 85","LOCALIDAD":"CHAPINERO","TIPO_INTER":"VEHICULAR","INFRA_CICL":"SIN","OPERACION":"NORMAL"}},{"type":"Feature","id":681,"geometry":{"type":"Point","coordinates":[-74.09582792,4.67774934984648]},"properties":{"FID":681,"OBJECTID":681,"COD_ID_INT":641,"DIRECCION":"AV DE LA CONSTITUCION (AK 70) X AV DEL SALITRE (AC 66) Y CL 66B","LOCALIDAD":"ENGATIVA","TIPO_INTER":"VEHICULAR","INFRA_CICL":"SIN","OPERACION":"NORMAL"}},{"type":"Feature","id":682,"geometry":{"type":"Point","coordinates":[-74.12530548,4.59775206984909]},"properties":{"FID":682,"OBJECTID":682,"COD_ID_INT":790,"DIRECCION":"AV BATALLON CALDAS (AK 50) X CL 37A SUR","LOCALIDAD":"PUENTE ARANDA","TIPO_INTER":"VEHICULAR, PEATONAL","INFRA_CICL":"SIN","OPERACION":"NORMAL"}},{"type":"Feature","id":683,"geometry":{"type":"Point","coordinates":[-74.05680699,4.7160116398452]},"properties":{"FID":683,"OBJECTID":683,"COD_ID_INT":163,"DIRECCION":"KR 50 X CL 129","LOCALIDAD":"SUBA","TIPO_INTER":"VEHICULAR, PEATONAL","INFRA_CICL":"SIN","OPERACION":"NORMAL"}},{"type":"Feature","id":684,"geometry":{"type":"Point","coordinates":[-74.1853943259999,4.61703031384841]},"properties":{"FID":684,"OBJECTID":684,"COD_ID_INT":1539,"DIRECCION":"KR 82G BIS X AVENIDA BOSA (CL 59 SUR)","LOCALIDAD":"BOSA","TIPO_INTER":"VEHICULAR, PEATONAL","INFRA_CICL":"CICLORUTA","OPERACION":"NORMAL"}},{"type":"Feature","id":685,"geometry":{"type":"Point","coordinates":[-74.05619168,4.66097332984701]},"properties":{"FID":685,"OBJECTID":685,"COD_ID_INT":156,"DIRECCION":"AV GERMAN ARCINIEGAS (AK 11) X CL 76","LOCALIDAD":"CHAPINERO","TIPO_INTER":"VEHICULAR","INFRA_CICL":"CICLORUTA","OPERACION":"NORMAL"}},{"type":"Feature","id":686,"geometry":{"type":"Point","coordinates":[-74.1202366099999,4.64847515984741]},"properties":{"FID":686,"OBJECTID":686,"COD_ID_INT":781,"DIRECCION":"KR 69B X AV INDUSTRIAL (CL 19)","LOCALIDAD":"FONTIBON","TIPO_INTER":"VEHICULAR, PEATONAL","INFRA_CICL":"SIN","OPERACION":"NORMAL"}},{"type":"Feature","id":687,"geometry":{"type":"Point","coordinates":[-74.0698338299999,4.64105474984762]},"properties":{"FID":687,"OBJECTID":687,"COD_ID_INT":364,"DIRECCION":"KR 18 X AV PABLO VI (AC 53)","LOCALIDAD":"TEUSAQUILLO","TIPO_INTER":"VEHICULAR, PEATONAL","INFRA_CICL":"CICLORUTA","OPERACION":"NORMAL"}},{"type":"Feature","id":688,"geometry":{"type":"Point","coordinates":[-74.0408942299999,4.68784798984611]},"properties":{"FID":688,"OBJECTID":688,"COD_ID_INT":1324,"DIRECCION":"AV GERMAN ARCINIEGAS (AK 11) X CL 106","LOCALIDAD":"USAQUEN","TIPO_INTER":"VEHICULAR, PEATONAL","INFRA_CICL":"CICLORUTA","OPERACION":"NORMAL"}},{"type":"Feature","id":689,"geometry":{"type":"Point","coordinates":[-74.161860896,4.60352055484886]},"properties":{"FID":689,"OBJECTID":689,"COD_ID_INT":899,"DIRECCION":"AV CIUDAD DE VILLAVICENCIO (AK 71B) X CL 53C BIS SUR","LOCALIDAD":"BOSA","TIPO_INTER":"EXCLUSIVA PEATONAL","INFRA_CICL":"CICLORUTA","OPERACION":"NORMAL"}},{"type":"Feature","id":690,"geometry":{"type":"Point","coordinates":[-74.1007890499999,4.63553724984781]},"properties":{"FID":690,"OBJECTID":690,"COD_ID_INT":678,"DIRECCION":"AV BATALLON CALDAS (AK 50) X AV FERROCARRIL DE OCCIDENTE (AC 22)","LOCALIDAD":"PUENTE ARANDA","TIPO_INTER":"VEHICULAR, PEATONAL, BICIUSUARIOS","INFRA_CICL":"CICLORUTA EN CALZADA","OPERACION":"NORMAL"}},{"type":"Feature","id":691,"geometry":{"type":"Point","coordinates":[-74.07630331,4.64010066984767]},"properties":{"FID":691,"OBJECTID":691,"COD_ID_INT":502,"DIRECCION":"KR 27 X CL 51","LOCALIDAD":"TEUSAQUILLO","TIPO_INTER":"VEHICULAR, PEATONAL","INFRA_CICL":"SIN","OPERACION":"NORMAL"}},{"type":"Feature","id":692,"geometry":{"type":"Point","coordinates":[-74.067146436,4.64748721584747]},"properties":{"FID":692,"OBJECTID":692,"COD_ID_INT":311,"DIRECCION":"KR 16 X CL 60","LOCALIDAD":"TEUSAQUILLO","TIPO_INTER":"VEHICULAR","INFRA_CICL":"SIN","OPERACION":"NORMAL"}},{"type":"Feature","id":693,"geometry":{"type":"Point","coordinates":[-74.11302519,4.58874335984933]},"properties":{"FID":693,"OBJECTID":693,"COD_ID_INT":1044,"DIRECCION":"AV GENERAL SANTANDER (KR 27) X CL 29 SUR","LOCALIDAD":"RAFAEL URIBE","TIPO_INTER":"VEHICULAR, PEATONAL","INFRA_CICL":"SIN","OPERACION":"NORMAL"}},{"type":"Feature","id":694,"geometry":{"type":"Point","coordinates":[-74.105894069,4.6703852698467]},"properties":{"FID":694,"OBJECTID":694,"COD_ID_INT":1571,"DIRECCION":"CARRERA 71 B  X AV PABLO VI (AC 53)","LOCALIDAD":"ENGATIVA","TIPO_INTER":"VEHICULAR, PEATONAL","INFRA_CICL":"CICLORUTA","OPERACION":"NORMAL"}},{"type":"Feature","id":695,"geometry":{"type":"Point","coordinates":[-74.07121526,4.72619743984486]},"properties":{"FID":695,"OBJECTID":695,"COD_ID_INT":393,"DIRECCION":"AV BOYACA (AK 72) X AV IBERIA (AC 134)","LOCALIDAD":"SUBA","TIPO_INTER":"VEHICULAR, PEATONAL","INFRA_CICL":"CICLORUTA","OPERACION":"NORMAL"}},{"type":"Feature","id":696,"geometry":{"type":"Point","coordinates":[-74.10991963,4.59642253984911]},"properties":{"FID":696,"OBJECTID":696,"COD_ID_INT":727,"DIRECCION":"AV JORGE GAITAN CORTES (KR 30) X CL 17 SUR","LOCALIDAD":"ANTONIO NARINO","TIPO_INTER":"VEHICULAR","INFRA_CICL":"SIN","OPERACION":"NORMAL"}},{"type":"Feature","id":697,"geometry":{"type":"Point","coordinates":[-74.09987761,4.57959734984963]},"properties":{"FID":697,"OBJECTID":697,"COD_ID_INT":999,"DIRECCION":"KR 12D X AV PRIMERO DE MAYO (CL 22 S)","LOCALIDAD":"ANTONIO NARINO","TIPO_INTER":"VEHICULAR","INFRA_CICL":"SIN","OPERACION":"NORMAL"}},{"type":"Feature","id":698,"geometry":{"type":"Point","coordinates":[-74.09733082,4.59450183984915]},"properties":{"FID":698,"OBJECTID":698,"COD_ID_INT":992,"DIRECCION":"KR 24B X AV DE LA HORTUA (CL 1)","LOCALIDAD":"LOS MARTIRES","TIPO_INTER":"VEHICULAR","INFRA_CICL":"SIN","OPERACION":"NORMAL"}},{"type":"Feature","id":699,"geometry":{"type":"Point","coordinates":[-74.1131095,4.68541947984622]},"properties":{"FID":699,"OBJECTID":699,"COD_ID_INT":744,"DIRECCION":"AV CIUDAD DE CALI (AK 86) X CL 64BBIS","LOCALIDAD":"ENGATIVA","TIPO_INTER":"VEHICULAR, PEATONAL","INFRA_CICL":"CICLORUTA","OPERACION":"NORMAL"}},{"type":"Feature","id":700,"geometry":{"type":"Point","coordinates":[-74.1062997399999,4.62025639984837]},"properties":{"FID":700,"OBJECTID":700,"COD_ID_INT":709,"DIRECCION":"TV 43B X AV DE LOS COMUNEROS (AC 6)","LOCALIDAD":"PUENTE ARANDA","TIPO_INTER":"VEHICULAR, PEATONAL","INFRA_CICL":"CICLORUTA","OPERACION":"NORMAL"}},{"type":"Feature","id":701,"geometry":{"type":"Point","coordinates":[-74.04538145,4.72977459984476]},"properties":{"FID":701,"OBJECTID":701,"COD_ID_INT":61,"DIRECCION":"AV SANTA BARBARA (AK 19) X AV CEDRITOS (AC 147)","LOCALIDAD":"USAQUEN","TIPO_INTER":"VEHICULAR, PEATONAL, BICIUSUARIOS","INFRA_CICL":"CICLORUTA","OPERACION":"NORMAL"}},{"type":"Feature","id":702,"geometry":{"type":"Point","coordinates":[-74.0846769899999,4.74273957984433]},"properties":{"FID":702,"OBJECTID":702,"COD_ID_INT":564,"DIRECCION":"KR 92 X CL 147B BIS","LOCALIDAD":"SUBA","TIPO_INTER":"VEHICULAR, PEATONAL","INFRA_CICL":"SIN","OPERACION":"NORMAL"}},{"type":"Feature","id":703,"geometry":{"type":"Point","coordinates":[-74.12551087,4.57191055984991]},"properties":{"FID":703,"OBJECTID":703,"COD_ID_INT":1068,"DIRECCION":"KR 20 X CL 46 S Y DG 45B SUR","LOCALIDAD":"RAFAEL URIBE","TIPO_INTER":"VEHICULAR","INFRA_CICL":"SIN","OPERACION":"NORMAL"}},{"type":"Feature","id":704,"geometry":{"type":"Point","coordinates":[-74.1613827899999,4.60952708784868]},"properties":{"FID":704,"OBJECTID":704,"COD_ID_INT":1469,"DIRECCION":"AV VILLAVICENCIO (DG 44 S) X KR 77V BIS","LOCALIDAD":"KENNEDY","TIPO_INTER":"EXCLUSIVA PEATONAL","INFRA_CICL":"CICLORUTA","OPERACION":"NORMAL"}},{"type":"Feature","id":705,"geometry":{"type":"Point","coordinates":[-74.18351215,4.61936794984834]},"properties":{"FID":705,"OBJECTID":705,"COD_ID_INT":928,"DIRECCION":"TV 85 X CL 57B SUR","LOCALIDAD":"KENNEDY","TIPO_INTER":"VEHICULAR, PEATONAL","INFRA_CICL":"CICLORUTA","OPERACION":"NORMAL"}},{"type":"Feature","id":706,"geometry":{"type":"Point","coordinates":[-74.04702759,4.67565106984655]},"properties":{"FID":706,"OBJECTID":706,"COD_ID_INT":77,"DIRECCION":"AV GERMAN ARCINIEGAS (AK 11) X CL 93A","LOCALIDAD":"CHAPINERO","TIPO_INTER":"VEHICULAR, PEATONAL","INFRA_CICL":"CICLORUTA EN CALZADA","OPERACION":"NORMAL"}},{"type":"Feature","id":707,"geometry":{"type":"Point","coordinates":[-74.1246586349999,4.58148593084958]},"properties":{"FID":707,"OBJECTID":707,"COD_ID_INT":1064,"DIRECCION":"KR 25A X CL 42 S Y DG 41A SUR","LOCALIDAD":"RAFAEL URIBE","TIPO_INTER":"VEHICULAR","INFRA_CICL":"SIN","OPERACION":"NORMAL"}},{"type":"Feature","id":708,"geometry":{"type":"Point","coordinates":[-74.0700851299999,4.66531229984686]},"properties":{"FID":708,"OBJECTID":708,"COD_ID_INT":367,"DIRECCION":"KR 28 X AV CHILE (AC 72)","LOCALIDAD":"BARRIOS UNIDOS","TIPO_INTER":"VEHICULAR","INFRA_CICL":"SIN","OPERACION":"NORMAL"}},{"type":"Feature","id":709,"geometry":{"type":"Point","coordinates":[-74.15248702,4.62971939984804]},"properties":{"FID":709,"OBJECTID":709,"COD_ID_INT":1289,"DIRECCION":"KR 79A X CL 26 SUR","LOCALIDAD":"KENNEDY","TIPO_INTER":"VEHICULAR, PEATONAL, BICIUSUARIOS","INFRA_CICL":"CICLORUTA EN CALZADA","OPERACION":"NORMAL"}},{"type":"Feature","id":710,"geometry":{"type":"Point","coordinates":[-74.0488553599999,4.70564722984557]},"properties":{"FID":710,"OBJECTID":710,"COD_ID_INT":87,"DIRECCION":"AV SANTA BARBARA (AK 19) X AV CALLEJAS (AC 127)","LOCALIDAD":"USAQUEN","TIPO_INTER":"VEHICULAR, PEATONAL, BICIUSUARIOS","INFRA_CICL":"CICLORUTA","OPERACION":"NORMAL"}},{"type":"Feature","id":711,"geometry":{"type":"Point","coordinates":[-74.10448029,4.71079214984537]},"properties":{"FID":711,"OBJECTID":711,"COD_ID_INT":1322,"DIRECCION":"TV 94L X CL 83","LOCALIDAD":"ENGATIVA","TIPO_INTER":"VEHICULAR, PEATONAL","INFRA_CICL":"SIN","OPERACION":"NORMAL"}},{"type":"Feature","id":712,"geometry":{"type":"Point","coordinates":[-74.077326913,4.59011939784932]},"properties":{"FID":712,"OBJECTID":712,"COD_ID_INT":1181,"DIRECCION":"KR 5 X AV DE LOS COMUNEROS (CL 6)","LOCALIDAD":"SANTA FE","TIPO_INTER":"VEHICULAR, PEATONAL","INFRA_CICL":"SIN","OPERACION":"NORMAL"}},{"type":"Feature","id":713,"geometry":{"type":"Point","coordinates":[-74.068237088,4.6088370228487]},"properties":{"FID":713,"OBJECTID":713,"COD_ID_INT":327,"DIRECCION":"KR 5 X CL 24","LOCALIDAD":"SANTA FE","TIPO_INTER":"VEHICULAR, PEATONAL","INFRA_CICL":"SIN","OPERACION":"NORMAL"}},{"type":"Feature","id":714,"geometry":{"type":"Point","coordinates":[-74.11874247,4.58165615984957]},"properties":{"FID":714,"OBJECTID":714,"COD_ID_INT":1049,"DIRECCION":"AV MARISCAL SUCRE (KR 24) X AV QUIROGA (CL 36 S)","LOCALIDAD":"RAFAEL URIBE","TIPO_INTER":"VEHICULAR","INFRA_CICL":"SIN","OPERACION":"NORMAL"}},{"type":"Feature","id":715,"geometry":{"type":"Point","coordinates":[-74.11880088,4.51023920585191]},"properties":{"FID":715,"OBJECTID":715,"COD_ID_INT":1456,"DIRECCION":"KR 14F X AUTOPISTA AL LLANO (CL 84 S)","LOCALIDAD":"USME","TIPO_INTER":"EXCLUSIVA PEATONAL","INFRA_CICL":"SIN","OPERACION":"NORMAL"}},{"type":"Feature","id":716,"geometry":{"type":"Point","coordinates":[-74.07391876,4.63371630984792]},"properties":{"FID":716,"OBJECTID":716,"COD_ID_INT":458,"DIRECCION":"KR 22 X AV FRANCISCO MIRANDA (AC 45)","LOCALIDAD":"TEUSAQUILLO","TIPO_INTER":"VEHICULAR, PEATONAL","INFRA_CICL":"SIN","OPERACION":"NORMAL"}},{"type":"Feature","id":717,"geometry":{"type":"Point","coordinates":[-74.17699077,4.62594873984817]},"properties":{"FID":717,"OBJECTID":717,"COD_ID_INT":1339,"DIRECCION":"AV CIUDAD DE CALI (AK 86) X DG 49 SUR","LOCALIDAD":"KENNEDY","TIPO_INTER":"VEHICULAR, PEATONAL","INFRA_CICL":"CICLORUTA","OPERACION":"NORMAL"}},{"type":"Feature","id":718,"geometry":{"type":"Point","coordinates":[-74.066732021,4.73488035184462]},"properties":{"FID":718,"OBJECTID":718,"COD_ID_INT":1522,"DIRECCION":"AVENIDA BOYACA (AK 72) X AC 147","LOCALIDAD":"SUBA","TIPO_INTER":"EXCLUSIVA PEATONAL","INFRA_CICL":"CICLORUTA","OPERACION":"NORMAL"}},{"type":"Feature","id":719,"geometry":{"type":"Point","coordinates":[-74.0430294399999,4.67736179984644]},"properties":{"FID":719,"OBJECTID":719,"COD_ID_INT":47,"DIRECCION":"KR 9 X AV ENRIQUE GRAU ARAUJO (CL 95)","LOCALIDAD":"CHAPINERO","TIPO_INTER":"VEHICULAR, PEATONAL","INFRA_CICL":"SIN","OPERACION":"NORMAL"}},{"type":"Feature","id":720,"geometry":{"type":"Point","coordinates":[-74.1547319699999,4.63150334984798]},"properties":{"FID":720,"OBJECTID":720,"COD_ID_INT":884,"DIRECCION":"AV AGOBERTO MEJIA CIFUENTES (AK 80) X CL 26 SUR","LOCALIDAD":"KENNEDY","TIPO_INTER":"VEHICULAR, PEATONAL","INFRA_CICL":"CICLORUTA","OPERACION":"NORMAL"}},{"type":"Feature","id":721,"geometry":{"type":"Point","coordinates":[-74.0540295,4.6891671498461]},"properties":{"FID":721,"OBJECTID":721,"COD_ID_INT":139,"DIRECCION":"KR 21 X CL 103","LOCALIDAD":"USAQUEN","TIPO_INTER":"VEHICULAR, PEATONAL","INFRA_CICL":"SIN","OPERACION":"NORMAL"}},{"type":"Feature","id":722,"geometry":{"type":"Point","coordinates":[-74.05060402,4.70482896984558]},"properties":{"FID":722,"OBJECTID":722,"COD_ID_INT":108,"DIRECCION":"KR 20 X CL 125","LOCALIDAD":"USAQUEN","TIPO_INTER":"VEHICULAR, PEATONAL","INFRA_CICL":"SIN","OPERACION":"NORMAL"}},{"type":"Feature","id":723,"geometry":{"type":"Point","coordinates":[-74.0874360999999,4.61013338984865]},"properties":{"FID":723,"OBJECTID":723,"COD_ID_INT":583,"DIRECCION":"KR 23 X AV COLON (AC 13)","LOCALIDAD":"LOS MARTIRES","TIPO_INTER":"EXCLUSIVA PEATONAL","INFRA_CICL":"CICLORUTA","OPERACION":"NORMAL"}},{"type":"Feature","id":724,"geometry":{"type":"Point","coordinates":[-74.14164614,4.71398120284528]},"properties":{"FID":724,"OBJECTID":724,"COD_ID_INT":1167,"DIRECCION":"KR 121 X CL 64","LOCALIDAD":"ENGATIVA","TIPO_INTER":"VEHICULAR, PEATONAL","INFRA_CICL":"SIN","OPERACION":"NORMAL"}},{"type":"Feature","id":725,"geometry":{"type":"Point","coordinates":[-74.05433716,4.71576531984524]},"properties":{"FID":725,"OBJECTID":725,"COD_ID_INT":145,"DIRECCION":"KR 46 X CL 129","LOCALIDAD":"SUBA","TIPO_INTER":"VEHICULAR","INFRA_CICL":"SIN","OPERACION":"NORMAL"}},{"type":"Feature","id":726,"geometry":{"type":"Point","coordinates":[-74.13180306,4.64528837984754]},"properties":{"FID":726,"OBJECTID":726,"COD_ID_INT":805,"DIRECCION":"AV BOYACA (AK 72) X AV ALSACIA (AC 12)","LOCALIDAD":"KENNEDY","TIPO_INTER":"VEHICULAR, PEATONAL","INFRA_CICL":"CICLORUTA","OPERACION":"NORMAL"}},{"type":"Feature","id":727,"geometry":{"type":"Point","coordinates":[-74.06344118,4.66916843984671]},"properties":{"FID":727,"OBJECTID":727,"COD_ID_INT":242,"DIRECCION":"AV COLOMBIA (AK 24) X AV MEDELLIN (AC 80)","LOCALIDAD":"BARRIOS UNIDOS","TIPO_INTER":"VEHICULAR, PEATONAL, BICIUSUARIOS","INFRA_CICL":"CICLORUTA","OPERACION":"NORMAL"}},{"type":"Feature","id":728,"geometry":{"type":"Point","coordinates":[-74.15761603,4.61632388984846]},"properties":{"FID":728,"OBJECTID":728,"COD_ID_INT":888,"DIRECCION":"AV PRIMERO DE MAYO (TV 78H) X CL 41B SUR","LOCALIDAD":"KENNEDY","TIPO_INTER":"VEHICULAR, PEATONAL","INFRA_CICL":"CICLORUTA","OPERACION":"NORMAL"}},{"type":"Feature","id":729,"geometry":{"type":"Point","coordinates":[-74.07795807,4.62906403984806]},"properties":{"FID":729,"OBJECTID":729,"COD_ID_INT":520,"DIRECCION":"AK 28 X CL 39A","LOCALIDAD":"TEUSAQUILLO","TIPO_INTER":"VEHICULAR, PEATONAL","INFRA_CICL":"SIN","OPERACION":"NORMAL"}},{"type":"Feature","id":730,"geometry":{"type":"Point","coordinates":[-74.05185485,4.70655013984553]},"properties":{"FID":730,"OBJECTID":730,"COD_ID_INT":1143,"DIRECCION":"KR 21 X AV CALLEJAS (AC 127)","LOCALIDAD":"USAQUEN","TIPO_INTER":"EXCLUSIVA PEATONAL","INFRA_CICL":"SIN","OPERACION":"NORMAL"}},{"type":"Feature","id":731,"geometry":{"type":"Point","coordinates":[-74.06843022,4.62017869984833]},"properties":{"FID":731,"OBJECTID":731,"COD_ID_INT":332,"DIRECCION":"KR 13 X CL 33","LOCALIDAD":"SANTA FE","TIPO_INTER":"VEHICULAR, PEATONAL","INFRA_CICL":"CICLORUTA","OPERACION":"NORMAL"}},{"type":"Feature","id":732,"geometry":{"type":"Point","coordinates":[-74.0643442699999,4.65142750984734]},"properties":{"FID":732,"OBJECTID":732,"COD_ID_INT":257,"DIRECCION":"AV CARACAS (AK 14) X CL 64","LOCALIDAD":"BARRIOS UNIDOS","TIPO_INTER":"VEHICULAR, PEATONAL","INFRA_CICL":"SIN","OPERACION":"NORMAL"}},{"type":"Feature","id":733,"geometry":{"type":"Point","coordinates":[-74.026745735,4.74743457684419]},"properties":{"FID":733,"OBJECTID":733,"COD_ID_INT":1300,"DIRECCION":"KR 8 X AV SAN JUAN BOSCO (AC 170)","LOCALIDAD":"USAQUEN","TIPO_INTER":"EXCLUSIVA PEATONAL","INFRA_CICL":"CICLORUTA","OPERACION":"NORMAL"}},{"type":"Feature","id":734,"geometry":{"type":"Point","coordinates":[-74.09015257,4.74184067984437]},"properties":{"FID":734,"OBJECTID":734,"COD_ID_INT":598,"DIRECCION":"KR 98B X AV TRANSVERSAL DE SUBA (AC 145)","LOCALIDAD":"SUBA","TIPO_INTER":"VEHICULAR, PEATONAL","INFRA_CICL":"CICLORUTA","OPERACION":"NORMAL"}},{"type":"Feature","id":735,"geometry":{"type":"Point","coordinates":[-74.0989769999999,4.65324050984726]},"properties":{"FID":735,"OBJECTID":735,"COD_ID_INT":1142,"DIRECCION":"KR 66A X CL 44","LOCALIDAD":"TEUSAQUILLO","TIPO_INTER":"VEHICULAR, PEATONAL, BICIUSUARIOS","INFRA_CICL":"CICLORUTA EN CALZADA","OPERACION":"NORMAL"}},{"type":"Feature","id":736,"geometry":{"type":"Point","coordinates":[-74.1140619399999,4.58325383984954]},"properties":{"FID":736,"OBJECTID":736,"COD_ID_INT":1037,"DIRECCION":"AV MARISCAL SUCRE (KR 24) X CL 31B SUR","LOCALIDAD":"RAFAEL URIBE","TIPO_INTER":"VEHICULAR, PEATONAL","INFRA_CICL":"SIN","OPERACION":"NORMAL"}},{"type":"Feature","id":737,"geometry":{"type":"Point","coordinates":[-74.03401364,4.69074075984602]},"properties":{"FID":737,"OBJECTID":737,"COD_ID_INT":19,"DIRECCION":"AV ALBERTO LLERAS CAMARGO (AK 7) X CL 112","LOCALIDAD":"USAQUEN","TIPO_INTER":"VEHICULAR, PEATONAL","INFRA_CICL":"SIN","OPERACION":"NORMAL"}},{"type":"Feature","id":738,"geometry":{"type":"Point","coordinates":[-74.130395903,4.64272106684759]},"properties":{"FID":738,"OBJECTID":738,"COD_ID_INT":1648,"DIRECCION":"KR 71D X CL 12D ","LOCALIDAD":"KENNEDY","TIPO_INTER":"VEHICULAR, PEATONAL","INFRA_CICL":"SIN","OPERACION":"NORMAL"}},{"type":"Feature","id":739,"geometry":{"type":"Point","coordinates":[-74.081498133,4.58970449384933]},"properties":{"FID":739,"OBJECTID":739,"COD_ID_INT":1446,"DIRECCION":"KR 8 X CL 2","LOCALIDAD":"SANTA FE","TIPO_INTER":"VEHICULAR, PEATONAL","INFRA_CICL":"SIN","OPERACION":"NORMAL"}},{"type":"Feature","id":740,"geometry":{"type":"Point","coordinates":[-74.188574766,4.61766656584839]},"properties":{"FID":740,"OBJECTID":740,"COD_ID_INT":1268,"DIRECCION":"KR 84B X CL 62 SUR","LOCALIDAD":"BOSA","TIPO_INTER":"VEHICULAR, PEATONAL","INFRA_CICL":"SIN","OPERACION":"NORMAL"}},{"type":"Feature","id":741,"geometry":{"type":"Point","coordinates":[-74.161298473,4.58993733884934]},"properties":{"FID":741,"OBJECTID":741,"COD_ID_INT":1120,"DIRECCION":"AV CIUDAD DE VILLAVICENCIO (AK 70C) X CL 62B SUR","LOCALIDAD":"CIUDAD BOLIVAR","TIPO_INTER":"VEHICULAR, PEATONAL","INFRA_CICL":"CICLORUTA","OPERACION":"NORMAL"}},{"type":"Feature","id":742,"geometry":{"type":"Point","coordinates":[-74.117280959,4.58862191484934]},"properties":{"FID":742,"OBJECTID":742,"COD_ID_INT":1465,"DIRECCION":"AV GENERAL SANTANDER (AK 27) X CL 32 SUR","LOCALIDAD":"ANTONIO NARINO","TIPO_INTER":"VEHICULAR, PEATONAL","INFRA_CICL":"SIN","OPERACION":"NORMAL"}},{"type":"Feature","id":743,"geometry":{"type":"Point","coordinates":[-74.1155308199999,4.61333237984854]},"properties":{"FID":743,"OBJECTID":743,"COD_ID_INT":1316,"DIRECCION":"AV BATALLON CALDAS (AK 50) X CL 2C","LOCALIDAD":"PUENTE ARANDA","TIPO_INTER":"VEHICULAR, PEATONAL","INFRA_CICL":"SIN","OPERACION":"NORMAL"}},{"type":"Feature","id":744,"geometry":{"type":"Point","coordinates":[-74.0596949599999,4.7079259598455]},"properties":{"FID":744,"OBJECTID":744,"COD_ID_INT":190,"DIRECCION":"KR 51A X AV RODRIGO LARA BONILLA (AC 127)","LOCALIDAD":"SUBA","TIPO_INTER":"VEHICULAR, PEATONAL","INFRA_CICL":"CICLORUTA","OPERACION":"NORMAL"}},{"type":"Feature","id":745,"geometry":{"type":"Point","coordinates":[-74.054373359,4.6635735868469]},"properties":{"FID":745,"OBJECTID":745,"COD_ID_INT":1642,"DIRECCION":"AV GERMAN ARCINIEGAS (AK 11) X CL 79","LOCALIDAD":"CHAPINERO","TIPO_INTER":"VEHICULAR, PEATONAL","INFRA_CICL":"0","OPERACION":"NORMAL"}},{"type":"Feature","id":746,"geometry":{"type":"Point","coordinates":[-74.09664782,4.60064707984897]},"properties":{"FID":746,"OBJECTID":746,"COD_ID_INT":645,"DIRECCION":"KR 26 X CL 3","LOCALIDAD":"LOS MARTIRES","TIPO_INTER":"VEHICULAR, PEATONAL","INFRA_CICL":"SIN","OPERACION":"NORMAL"}},{"type":"Feature","id":747,"geometry":{"type":"Point","coordinates":[-74.0724891199999,4.63844902984774]},"properties":{"FID":747,"OBJECTID":747,"COD_ID_INT":425,"DIRECCION":"KR 21 X CL 50","LOCALIDAD":"TEUSAQUILLO","TIPO_INTER":"VEHICULAR, PEATONAL","INFRA_CICL":"SIN","OPERACION":"NORMAL"}},{"type":"Feature","id":748,"geometry":{"type":"Point","coordinates":[-74.0947988999999,4.71987769984509]},"properties":{"FID":748,"OBJECTID":748,"COD_ID_INT":633,"DIRECCION":"KR 93 X AV CIUDAD DE CALI (CL 127)","LOCALIDAD":"SUBA","TIPO_INTER":"VEHICULAR, PEATONAL","INFRA_CICL":"CICLORUTA","OPERACION":"NORMAL"}},{"type":"Feature","id":749,"geometry":{"type":"Point","coordinates":[-74.04694955,4.66836070984677]},"properties":{"FID":749,"OBJECTID":749,"COD_ID_INT":76,"DIRECCION":"KR 8 X CL 87","LOCALIDAD":"CHAPINERO","TIPO_INTER":"VEHICULAR, PEATONAL","INFRA_CICL":"SIN","OPERACION":"NORMAL"}},{"type":"Feature","id":750,"geometry":{"type":"Point","coordinates":[-74.19267139,4.629687279848]},"properties":{"FID":750,"OBJECTID":750,"COD_ID_INT":1141,"DIRECCION":"AK 89B X CL 59C SUR","LOCALIDAD":"BOSA","TIPO_INTER":"VEHICULAR, PEATONAL","INFRA_CICL":"SIN","OPERACION":"NORMAL"}},{"type":"Feature","id":751,"geometry":{"type":"Point","coordinates":[-74.10041405,4.61856611984837]},"properties":{"FID":751,"OBJECTID":751,"COD_ID_INT":674,"DIRECCION":"KR 38 X CL 12","LOCALIDAD":"PUENTE ARANDA","TIPO_INTER":"VEHICULAR, PEATONAL","INFRA_CICL":"SIN","OPERACION":"NORMAL"}},{"type":"Feature","id":752,"geometry":{"type":"Point","coordinates":[-74.14634699,4.62413676984822]},"properties":{"FID":752,"OBJECTID":752,"COD_ID_INT":854,"DIRECCION":"KR 75 X CL 26 SUR","LOCALIDAD":"KENNEDY","TIPO_INTER":"VEHICULAR, PEATONAL","INFRA_CICL":"CICLORUTA EN CALZADA","OPERACION":"NORMAL"}},{"type":"Feature","id":753,"geometry":{"type":"Point","coordinates":[-74.06607904,4.63421332984785]},"properties":{"FID":753,"OBJECTID":753,"COD_ID_INT":286,"DIRECCION":"KR 13 X CL 47","LOCALIDAD":"CHAPINERO","TIPO_INTER":"VEHICULAR, PEATONAL","INFRA_CICL":"CICLORUTA","OPERACION":"NORMAL"}},{"type":"Feature","id":754,"geometry":{"type":"Point","coordinates":[-74.0705122699999,4.66565747984685]},"properties":{"FID":754,"OBJECTID":754,"COD_ID_INT":380,"DIRECCION":"KR 28A X AV CHILE (AC 72)","LOCALIDAD":"BARRIOS UNIDOS","TIPO_INTER":"VEHICULAR","INFRA_CICL":"SIN","OPERACION":"NORMAL"}},{"type":"Feature","id":755,"geometry":{"type":"Point","coordinates":[-74.10861219,4.69775833984583]},"properties":{"FID":755,"OBJECTID":755,"COD_ID_INT":1236,"DIRECCION":"KR 90 X AV CHILE (AC 72)","LOCALIDAD":"ENGATIVA","TIPO_INTER":"VEHICULAR, PEATONAL","INFRA_CICL":"SIN","OPERACION":"OBRAS"}},{"type":"Feature","id":756,"geometry":{"type":"Point","coordinates":[-74.03984838,4.69868030984578]},"properties":{"FID":756,"OBJECTID":756,"COD_ID_INT":31,"DIRECCION":"KR 13 X CL 119","LOCALIDAD":"USAQUEN","TIPO_INTER":"VEHICULAR","INFRA_CICL":"SIN","OPERACION":"NORMAL"}},{"type":"Feature","id":757,"geometry":{"type":"Point","coordinates":[-74.1030837599999,4.6115637098486]},"properties":{"FID":757,"OBJECTID":757,"COD_ID_INT":690,"DIRECCION":"AV CUNDINAMARCA (AK 36) X AV DE LOS COMUNEROS (AC 6)","LOCALIDAD":"PUENTE ARANDA","TIPO_INTER":"VEHICULAR","INFRA_CICL":"CICLORUTA","OPERACION":"NORMAL"}},{"type":"Feature","id":758,"geometry":{"type":"Point","coordinates":[-74.09611962,4.58671867984942]},"properties":{"FID":758,"OBJECTID":758,"COD_ID_INT":987,"DIRECCION":"KR 15 X AV FUCHA (AC 11 SUR)","LOCALIDAD":"ANTONIO NARINO","TIPO_INTER":"VEHICULAR","INFRA_CICL":"SIN","OPERACION":"NORMAL"}},{"type":"Feature","id":759,"geometry":{"type":"Point","coordinates":[-74.13907897,4.66302142984697]},"properties":{"FID":759,"OBJECTID":759,"COD_ID_INT":833,"DIRECCION":"KR 90 X AV CENTENARIO (DG 16)","LOCALIDAD":"FONTIBON","TIPO_INTER":"VEHICULAR","INFRA_CICL":"SIN","OPERACION":"NORMAL"}},{"type":"Feature","id":760,"geometry":{"type":"Point","coordinates":[-74.02349787,4.73694236984455]},"properties":{"FID":760,"OBJECTID":760,"COD_ID_INT":3,"DIRECCION":"AV ALBERTO LLERAS CAMARGO (AK 7) X CL 162","LOCALIDAD":"USAQUEN","TIPO_INTER":"VEHICULAR","INFRA_CICL":"SIN","OPERACION":"NORMAL"}},{"type":"Feature","id":761,"geometry":{"type":"Point","coordinates":[-74.1023141699999,4.68789758984611]},"properties":{"FID":761,"OBJECTID":761,"COD_ID_INT":685,"DIRECCION":"KR 77A X CL 69A","LOCALIDAD":"ENGATIVA","TIPO_INTER":"VEHICULAR, PEATONAL","INFRA_CICL":"SIN","OPERACION":"NORMAL"}},{"type":"Feature","id":762,"geometry":{"type":"Point","coordinates":[-74.05394983,4.67284215184661]},"properties":{"FID":762,"OBJECTID":762,"COD_ID_INT":142,"DIRECCION":"AV PASEO DEL COUNTRY (AK 15) X CL 88","LOCALIDAD":"CHAPINERO","TIPO_INTER":"EXCLUSIVA PEATONAL, BICIUSUARIOS","INFRA_CICL":"CICLORUTA","OPERACION":"NORMAL"}},{"type":"Feature","id":763,"geometry":{"type":"Point","coordinates":[-74.0863026599999,4.59782898984905]},"properties":{"FID":763,"OBJECTID":763,"COD_ID_INT":578,"DIRECCION":"AV DE LOS COMUNEROS (AC 6) X SALIDA PATIO TRANSMILENIO","LOCALIDAD":"LOS MARTIRES","TIPO_INTER":"VEHICULAR, PEATONAL","INFRA_CICL":"CICLORUTA","OPERACION":"NORMAL"}},{"type":"Feature","id":764,"geometry":{"type":"Point","coordinates":[-74.1270827069999,4.58317695684953]},"properties":{"FID":764,"OBJECTID":764,"COD_ID_INT":1078,"DIRECCION":"KR 27 X AV SANTA LUCIA (CL 44 SUR)","LOCALIDAD":"RAFAEL URIBE","TIPO_INTER":"VEHICULAR, PEATONAL","INFRA_CICL":"SIN","OPERACION":"NORMAL"}},{"type":"Feature","id":765,"geometry":{"type":"Point","coordinates":[-74.07143046,4.58987855984932]},"properties":{"FID":765,"OBJECTID":765,"COD_ID_INT":1199,"DIRECCION":"AV PATRICIO SAMPER GNECCO (KR 3 ESTE) X AV DE LOS COMUNEROS (CL 6)","LOCALIDAD":"CANDELARIA","TIPO_INTER":"VEHICULAR, PEATONAL","INFRA_CICL":"SIN","OPERACION":"NORMAL"}},{"type":"Feature","id":766,"geometry":{"type":"Point","coordinates":[-74.09945707,4.68112669984635]},"properties":{"FID":766,"OBJECTID":766,"COD_ID_INT":666,"DIRECCION":"AV BOYACA (AK 72) X AV DEL SALITRE (CL 66A)","LOCALIDAD":"ENGATIVA","TIPO_INTER":"VEHICULAR","INFRA_CICL":"CICLORUTA","OPERACION":"NORMAL"}},{"type":"Feature","id":767,"geometry":{"type":"Point","coordinates":[-74.040261146,4.73198980584471]},"properties":{"FID":767,"OBJECTID":767,"COD_ID_INT":1290,"DIRECCION":"AV JORGE URIBE BOTERO (AK 15) X CL 151","LOCALIDAD":"USAQUEN","TIPO_INTER":"VEHICULAR, PEATONAL","INFRA_CICL":"SIN","OPERACION":"NORMAL"}},{"type":"Feature","id":768,"geometry":{"type":"Point","coordinates":[-74.07047642,4.63307673984789]},"properties":{"FID":768,"OBJECTID":768,"COD_ID_INT":378,"DIRECCION":"AV FRANCISCO MIRANDA (AC 45) X DG 45D","LOCALIDAD":"TEUSAQUILLO","TIPO_INTER":"VEHICULAR","INFRA_CICL":"SIN","OPERACION":"NORMAL"}},{"type":"Feature","id":769,"geometry":{"type":"Point","coordinates":[-74.0396398,4.7497811398441]},"properties":{"FID":769,"OBJECTID":769,"COD_ID_INT":30,"DIRECCION":"KR 17A X AV SAN JUAN BOSCO (AC 170)","LOCALIDAD":"USAQUEN","TIPO_INTER":"VEHICULAR, PEATONAL","INFRA_CICL":"CICLORUTA","OPERACION":"NORMAL"}},{"type":"Feature","id":770,"geometry":{"type":"Point","coordinates":[-74.070368,4.71308724984534]},"properties":{"FID":770,"OBJECTID":770,"COD_ID_INT":376,"DIRECCION":"AV LAS VILLAS (AK 58) X CL 127D","LOCALIDAD":"SUBA","TIPO_INTER":"VEHICULAR","INFRA_CICL":"SIN","OPERACION":"NORMAL"}},{"type":"Feature","id":771,"geometry":{"type":"Point","coordinates":[-74.108383851,4.55076479485055]},"properties":{"FID":771,"OBJECTID":771,"COD_ID_INT":1474,"DIRECCION":"KR 5 X AV DE LA GUACAMAYA (CL 48Q SUR)","LOCALIDAD":"RAFAEL URIBE","TIPO_INTER":"VEHICULAR, PEATONAL","INFRA_CICL":"SIN","OPERACION":"NORMAL"}},{"type":"Feature","id":772,"geometry":{"type":"Point","coordinates":[-74.06737455,4.63449536984784]},"properties":{"FID":772,"OBJECTID":772,"COD_ID_INT":313,"DIRECCION":"AV CARACAS (AK 14) X CL 47","LOCALIDAD":"TEUSAQUILLO","TIPO_INTER":"VEHICULAR, PEATONAL","INFRA_CICL":"SIN","OPERACION":"NORMAL"}},{"type":"Feature","id":773,"geometry":{"type":"Point","coordinates":[-74.08859262,4.64887884984742]},"properties":{"FID":773,"OBJECTID":773,"COD_ID_INT":582,"DIRECCION":"KR 54 X AV PABLO VI (AC 53)","LOCALIDAD":"TEUSAQUILLO","TIPO_INTER":"VEHICULAR, PEATONAL","INFRA_CICL":"CICLORUTA","OPERACION":"NORMAL"}},{"type":"Feature","id":774,"geometry":{"type":"Point","coordinates":[-74.0743220699999,4.6397668298477]},"properties":{"FID":774,"OBJECTID":774,"COD_ID_INT":472,"DIRECCION":"AV COLOMBIA (AK 24) X CL 51","LOCALIDAD":"TEUSAQUILLO","TIPO_INTER":"VEHICULAR","INFRA_CICL":"SIN","OPERACION":"NORMAL"}},{"type":"Feature","id":775,"geometry":{"type":"Point","coordinates":[-74.0691424199999,4.65449204984721]},"properties":{"FID":775,"OBJECTID":775,"COD_ID_INT":347,"DIRECCION":"KR 20 X CL 64","LOCALIDAD":"BARRIOS UNIDOS","TIPO_INTER":"VEHICULAR","INFRA_CICL":"SIN","OPERACION":"NORMAL"}},{"type":"Feature","id":776,"geometry":{"type":"Point","coordinates":[-74.0964551499999,4.57728031984974]},"properties":{"FID":776,"OBJECTID":776,"COD_ID_INT":1125,"DIRECCION":"KR 11 X AV PRIMERO DE MAYO (CL 22 S)","LOCALIDAD":"ANTONIO NARINO","TIPO_INTER":"VEHICULAR, PEATONAL","INFRA_CICL":"SIN","OPERACION":"NORMAL"}},{"type":"Feature","id":777,"geometry":{"type":"Point","coordinates":[-74.07408651,4.64736959984745]},"properties":{"FID":777,"OBJECTID":777,"COD_ID_INT":463,"DIRECCION":"AK 24 X DG 61C","LOCALIDAD":"TEUSAQUILLO","TIPO_INTER":"VEHICULAR","INFRA_CICL":"SIN","OPERACION":"NORMAL"}},{"type":"Feature","id":778,"geometry":{"type":"Point","coordinates":[-74.065897364,4.65412326684722]},"properties":{"FID":778,"OBJECTID":778,"COD_ID_INT":283,"DIRECCION":"KR 16 X CL 66","LOCALIDAD":"BARRIOS UNIDOS","TIPO_INTER":"VEHICULAR, PEATONAL, BICIUSUARIOS","INFRA_CICL":"SIN","OPERACION":"NORMAL"}},{"type":"Feature","id":779,"geometry":{"type":"Point","coordinates":[-74.072115633,4.64038617984767]},"properties":{"FID":779,"OBJECTID":779,"COD_ID_INT":414,"DIRECCION":"KR 21 X CL 52","LOCALIDAD":"TEUSAQUILLO","TIPO_INTER":"VEHICULAR, PEATONAL","INFRA_CICL":"SIN","OPERACION":"NORMAL"}},{"type":"Feature","id":780,"geometry":{"type":"Point","coordinates":[-74.13601099,4.59855860984904]},"properties":{"FID":780,"OBJECTID":780,"COD_ID_INT":821,"DIRECCION":"AV DEL CONGRESO EUCARISTICO (AK 68) X CL 39F SUR","LOCALIDAD":"KENNEDY","TIPO_INTER":"VEHICULAR, PEATONAL","INFRA_CICL":"SIN","OPERACION":"NORMAL"}},{"type":"Feature","id":781,"geometry":{"type":"Point","coordinates":[-74.0744194,4.60739397984875]},"properties":{"FID":781,"OBJECTID":781,"COD_ID_INT":475,"DIRECCION":"KR 12 X AV CIUDAD DE LIMA (AC 19)","LOCALIDAD":"SANTA FE","TIPO_INTER":"VEHICULAR, PEATONAL","INFRA_CICL":"CICLORUTA","OPERACION":"NORMAL"}},{"type":"Feature","id":782,"geometry":{"type":"Point","coordinates":[-74.05371179,4.66915428984674]},"properties":{"FID":782,"OBJECTID":782,"COD_ID_INT":138,"DIRECCION":"KR 13 X AV CALLE 85 (AC 85)","LOCALIDAD":"CHAPINERO","TIPO_INTER":"VEHICULAR, PEATONAL","INFRA_CICL":"SIN","OPERACION":"NORMAL"}},{"type":"Feature","id":783,"geometry":{"type":"Point","coordinates":[-74.10806655,4.56389281985015]},"properties":{"FID":783,"OBJECTID":783,"COD_ID_INT":1379,"DIRECCION":"AV DARIO ECHANDIA (KR 10) X KR 9F","LOCALIDAD":"RAFAEL URIBE","TIPO_INTER":"VEHICULAR, PEATONAL","INFRA_CICL":"SIN","OPERACION":"NORMAL"}},{"type":"Feature","id":784,"geometry":{"type":"Point","coordinates":[-74.13317245,4.59995251984897]},"properties":{"FID":784,"OBJECTID":784,"COD_ID_INT":810,"DIRECCION":"KR 52C X CL 40 SUR","LOCALIDAD":"PUENTE ARANDA","TIPO_INTER":"VEHICULAR, PEATONAL","INFRA_CICL":"SIN","OPERACION":"NORMAL"}},{"type":"Feature","id":785,"geometry":{"type":"Point","coordinates":[-74.06667663,4.72904532984483]},"properties":{"FID":785,"OBJECTID":785,"COD_ID_INT":295,"DIRECCION":"KR 58D X AV CAMINO DEL PRADO (AC 138)","LOCALIDAD":"SUBA","TIPO_INTER":"VEHICULAR, PEATONAL","INFRA_CICL":"SIN","OPERACION":"NORMAL"}},{"type":"Feature","id":786,"geometry":{"type":"Point","coordinates":[-74.0480275899999,4.67372007984661]},"properties":{"FID":786,"OBJECTID":786,"COD_ID_INT":82,"DIRECCION":"AV GERMAN ARCINIEGAS (AK 11) X AV ALEJANDRO OBREGON (AC 92)","LOCALIDAD":"CHAPINERO","TIPO_INTER":"VEHICULAR, PEATONAL","INFRA_CICL":"CICLORUTA EN CALZADA","OPERACION":"NORMAL"}},{"type":"Feature","id":787,"geometry":{"type":"Point","coordinates":[-74.19035206,4.62256071984824]},"properties":{"FID":787,"OBJECTID":787,"COD_ID_INT":939,"DIRECCION":"KR 87C X CL 62 SUR","LOCALIDAD":"BOSA","TIPO_INTER":"VEHICULAR, PEATONAL","INFRA_CICL":"SIN","OPERACION":"NORMAL"}},{"type":"Feature","id":788,"geometry":{"type":"Point","coordinates":[-74.0917821799999,4.70102111984572]},"properties":{"FID":788,"OBJECTID":788,"COD_ID_INT":613,"DIRECCION":"TV 76 X DG 81I","LOCALIDAD":"ENGATIVA","TIPO_INTER":"VEHICULAR","INFRA_CICL":"SIN","OPERACION":"NORMAL"}},{"type":"Feature","id":789,"geometry":{"type":"Point","coordinates":[-74.0529173799999,4.65885011984709]},"properties":{"FID":789,"OBJECTID":789,"COD_ID_INT":126,"DIRECCION":"AV ALBERTO LLERAS CAMARGO (AK 7) X CL 76","LOCALIDAD":"CHAPINERO","TIPO_INTER":"VEHICULAR","INFRA_CICL":"SIN","OPERACION":"NORMAL"}},{"type":"Feature","id":790,"geometry":{"type":"Point","coordinates":[-74.04336255,4.6827479898463]},"properties":{"FID":790,"OBJECTID":790,"COD_ID_INT":52,"DIRECCION":"AV GERMAN ARCINIEGAS (AK 11) X AV CARLOS LLERAS RESTREPO (AC 100)","LOCALIDAD":"CHAPINERO","TIPO_INTER":"VEHICULAR, PEATONAL, BICIUSUARIOS","INFRA_CICL":"CICLORUTA EN CALZADA","OPERACION":"NORMAL"}},{"type":"Feature","id":791,"geometry":{"type":"Point","coordinates":[-74.06949839,4.69839406984581]},"properties":{"FID":791,"OBJECTID":791,"COD_ID_INT":358,"DIRECCION":"AV DE LA CONSTITUCION (AK 70) X AV ALFREDO D BATEMAN (TV 60)","LOCALIDAD":"SUBA","TIPO_INTER":"VEHICULAR, PEATONAL","INFRA_CICL":"CICLORUTA","OPERACION":"NORMAL"}},{"type":"Feature","id":792,"geometry":{"type":"Point","coordinates":[-74.1416227,4.58805916984938]},"properties":{"FID":792,"OBJECTID":792,"COD_ID_INT":1107,"DIRECCION":"TV 44 X KR 54 Y CL 53A SUR","LOCALIDAD":"TUNJUELITO","TIPO_INTER":"VEHICULAR, PEATONAL","INFRA_CICL":"SIN","OPERACION":"NORMAL"}},{"type":"Feature","id":793,"geometry":{"type":"Point","coordinates":[-74.0876659099999,4.58527124984948]},"properties":{"FID":793,"OBJECTID":793,"COD_ID_INT":1269,"DIRECCION":"AV FERNANDO MAZUERA (AK 10) X CL 4 SUR","LOCALIDAD":"ANTONIO NARINO","TIPO_INTER":"EXCLUSIVA PEATONAL","INFRA_CICL":"CICLORUTA","OPERACION":"NORMAL"}},{"type":"Feature","id":794,"geometry":{"type":"Point","coordinates":[-74.128341929,4.58829072684939]},"properties":{"FID":794,"OBJECTID":794,"COD_ID_INT":1385,"DIRECCION":"AV BATALLON CALDAS (KR 50) X DG 42 SUR","LOCALIDAD":"TUNJUELITO","TIPO_INTER":"VEHICULAR, PEATONAL","INFRA_CICL":"CICLORUTA","OPERACION":"NORMAL"}},{"type":"Feature","id":795,"geometry":{"type":"Point","coordinates":[-74.13437268,4.70235699984567]},"properties":{"FID":795,"OBJECTID":795,"COD_ID_INT":814,"DIRECCION":"KR 111C X AV JOSE CELESTINO MUTIS (AC 63)","LOCALIDAD":"ENGATIVA","TIPO_INTER":"VEHICULAR, PEATONAL","INFRA_CICL":"CICLORUTA","OPERACION":"NORMAL"}},{"type":"Feature","id":796,"geometry":{"type":"Point","coordinates":[-74.161260337,4.61183888084861]},"properties":{"FID":796,"OBJECTID":796,"COD_ID_INT":897,"DIRECCION":"KR 78 X AV CIUDAD DE VILLAVICENCIO (AC 43 SUR)","LOCALIDAD":"KENNEDY","TIPO_INTER":"VEHICULAR, PEATONAL","INFRA_CICL":"CICLORUTA","OPERACION":"NORMAL"}},{"type":"Feature","id":797,"geometry":{"type":"Point","coordinates":[-74.08051453,4.58910269984937]},"properties":{"FID":797,"OBJECTID":797,"COD_ID_INT":951,"DIRECCION":"KR 7 X CL 2","LOCALIDAD":"SANTA FE","TIPO_INTER":"VEHICULAR, PEATONAL","INFRA_CICL":"SIN","OPERACION":"NORMAL"}},{"type":"Feature","id":798,"geometry":{"type":"Point","coordinates":[-74.092338083,4.73344224684462]},"properties":{"FID":798,"OBJECTID":798,"COD_ID_INT":1636,"DIRECCION":"KR 96A X AV EL TABOR (AC 132)","LOCALIDAD":"SUBA","TIPO_INTER":"VEHICULAR, PEATONAL","INFRA_CICL":"SIN","OPERACION":"NORMAL"}},{"type":"Feature","id":799,"geometry":{"type":"Point","coordinates":[-74.10938105,4.72000884984509]},"properties":{"FID":799,"OBJECTID":799,"COD_ID_INT":1374,"DIRECCION":"KR 103 D X DG 86A","LOCALIDAD":"ENGATIVA","TIPO_INTER":"VEHICULAR, PEATONAL","INFRA_CICL":"SIN","OPERACION":"NORMAL"}},{"type":"Feature","id":800,"geometry":{"type":"Point","coordinates":[-74.0515893899999,4.6989391808458]},"properties":{"FID":800,"OBJECTID":800,"COD_ID_INT":103,"DIRECCION":"KR 20 X AVENIDA PEPE SIERRA (AC 116)","LOCALIDAD":"USAQUEN","TIPO_INTER":"VEHICULAR, PEATONAL, BICIUSUARIOS","INFRA_CICL":"CICLORUTA","OPERACION":"NORMAL"}},{"type":"Feature","id":801,"geometry":{"type":"Point","coordinates":[-74.12123185,4.64414701984754]},"properties":{"FID":801,"OBJECTID":801,"COD_ID_INT":780,"DIRECCION":"KR 69 X CL 17","LOCALIDAD":"FONTIBON","TIPO_INTER":"VEHICULAR, PEATONAL","INFRA_CICL":"SIN","OPERACION":"NORMAL"}},{"type":"Feature","id":802,"geometry":{"type":"Point","coordinates":[-74.1084253,4.5820694598496]},"properties":{"FID":802,"OBJECTID":802,"COD_ID_INT":1254,"DIRECCION":"KR 21 X CL 27 SUR","LOCALIDAD":"RAFAEL URIBE","TIPO_INTER":"VEHICULAR, PEATONAL","INFRA_CICL":"SIN","OPERACION":"NORMAL"}},{"type":"Feature","id":803,"geometry":{"type":"Point","coordinates":[-74.0774714299999,4.62767734984809]},"properties":{"FID":803,"OBJECTID":803,"COD_ID_INT":517,"DIRECCION":"AK 28 X CL 39","LOCALIDAD":"TEUSAQUILLO","TIPO_INTER":"VEHICULAR, PEATONAL","INFRA_CICL":"SIN","OPERACION":"NORMAL"}},{"type":"Feature","id":804,"geometry":{"type":"Point","coordinates":[-74.07455699,4.66000766984701]},"properties":{"FID":804,"OBJECTID":804,"COD_ID_INT":477,"DIRECCION":"KR 28A X CL 66","LOCALIDAD":"BARRIOS UNIDOS","TIPO_INTER":"VEHICULAR","INFRA_CICL":"SIN","OPERACION":"NORMAL"}},{"type":"Feature","id":805,"geometry":{"type":"Point","coordinates":[-74.11717841,4.6458826798475]},"properties":{"FID":805,"OBJECTID":805,"COD_ID_INT":761,"DIRECCION":"AV DE LA CONSTITUCION (AK 68D) X AV INDUSTRIAL (CL 19)","LOCALIDAD":"FONTIBON","TIPO_INTER":"VEHICULAR","INFRA_CICL":"SIN","OPERACION":"NORMAL"}},{"type":"Feature","id":806,"geometry":{"type":"Point","coordinates":[-74.08056103,4.68025691984636]},"properties":{"FID":806,"OBJECTID":806,"COD_ID_INT":540,"DIRECCION":"KR 66 X CL 78","LOCALIDAD":"BARRIOS UNIDOS","TIPO_INTER":"VEHICULAR, PEATONAL","INFRA_CICL":"SIN","OPERACION":"NORMAL"}},{"type":"Feature","id":807,"geometry":{"type":"Point","coordinates":[-74.0625745299999,4.65036002984736]},"properties":{"FID":807,"OBJECTID":807,"COD_ID_INT":227,"DIRECCION":"AV GERMAN ARCINIEGAS (AK 11) X CL 64","LOCALIDAD":"CHAPINERO","TIPO_INTER":"VEHICULAR, PEATONAL, BICIUSUARIOS","INFRA_CICL":"CICLORUTA","OPERACION":"NORMAL"}},{"type":"Feature","id":808,"geometry":{"type":"Point","coordinates":[-74.0357028,4.68516060984619]},"properties":{"FID":808,"OBJECTID":808,"COD_ID_INT":24,"DIRECCION":"AV ALBERTO LLERAS CAMARGO (AK 7) X CL 106","LOCALIDAD":"USAQUEN","TIPO_INTER":"VEHICULAR, PEATONAL","INFRA_CICL":"SIN","OPERACION":"NORMAL"}},{"type":"Feature","id":809,"geometry":{"type":"Point","coordinates":[-74.05441073,4.65980501984702]},"properties":{"FID":809,"OBJECTID":809,"COD_ID_INT":146,"DIRECCION":"KR 9 X CL 76","LOCALIDAD":"CHAPINERO","TIPO_INTER":"VEHICULAR","INFRA_CICL":"SIN","OPERACION":"NORMAL"}},{"type":"Feature","id":810,"geometry":{"type":"Point","coordinates":[-74.06768592,4.6550826498472]},"properties":{"FID":810,"OBJECTID":810,"COD_ID_INT":320,"DIRECCION":"KR 19 X CL 66","LOCALIDAD":"BARRIOS UNIDOS","TIPO_INTER":"VEHICULAR","INFRA_CICL":"SIN","OPERACION":"NORMAL"}},{"type":"Feature","id":811,"geometry":{"type":"Point","coordinates":[-74.06044321,4.69622377984583]},"properties":{"FID":811,"OBJECTID":811,"COD_ID_INT":198,"DIRECCION":"KR 50 X CL 108","LOCALIDAD":"SUBA","TIPO_INTER":"VEHICULAR, PEATONAL","INFRA_CICL":"SIN","OPERACION":"NORMAL"}},{"type":"Feature","id":812,"geometry":{"type":"Point","coordinates":[-74.0684344699999,4.65813761984711]},"properties":{"FID":812,"OBJECTID":812,"COD_ID_INT":333,"DIRECCION":"KR 22 X AV GABRIEL ANDRADE (AC 68)","LOCALIDAD":"BARRIOS UNIDOS","TIPO_INTER":"VEHICULAR, PEATONAL","INFRA_CICL":"SIN","OPERACION":"NORMAL"}},{"type":"Feature","id":813,"geometry":{"type":"Point","coordinates":[-74.0399817699999,4.69575048984585]},"properties":{"FID":813,"OBJECTID":813,"COD_ID_INT":34,"DIRECCION":"KR 13 X AV PEPE SIERRA (AC 116)","LOCALIDAD":"USAQUEN","TIPO_INTER":"VEHICULAR, PEATONAL, BICIUSUARIOS","INFRA_CICL":"CICLORUTA","OPERACION":"NORMAL"}},{"type":"Feature","id":814,"geometry":{"type":"Point","coordinates":[-74.0984328599999,4.58665920984942]},"properties":{"FID":814,"OBJECTID":814,"COD_ID_INT":996,"DIRECCION":"KR 17 Y TV 18BIS X CL 14 SUR","LOCALIDAD":"ANTONIO NARINO","TIPO_INTER":"VEHICULAR, PEATONAL","INFRA_CICL":"SIN","OPERACION":"NORMAL"}},{"type":"Feature","id":815,"geometry":{"type":"Point","coordinates":[-74.1247390519999,4.72619084284486]},"properties":{"FID":815,"OBJECTID":815,"COD_ID_INT":789,"DIRECCION":"AV LAS QUINTAS (KR 119) X AV MEDELLIN (AC 80)","LOCALIDAD":"ENGATIVA","TIPO_INTER":"EXCLUSIVA PEATONAL","INFRA_CICL":"CICLORUTA","OPERACION":"NORMAL"}},{"type":"Feature","id":816,"geometry":{"type":"Point","coordinates":[-74.1583001719999,4.58212949984959]},"properties":{"FID":816,"OBJECTID":816,"COD_ID_INT":1574,"DIRECCION":"AV CIUDAD DE VILLAVICENCIO (AC 68 SUR) X TV 63","LOCALIDAD":"CIUDAD BOLIVAR","TIPO_INTER":"VEHICULAR, PEATONAL, BICIUSUARIOS","INFRA_CICL":"CICLORUTA","OPERACION":"NORMAL"}},{"type":"Feature","id":817,"geometry":{"type":"Point","coordinates":[-74.1690003419999,4.62502577484817]},"properties":{"FID":817,"OBJECTID":817,"COD_ID_INT":915,"DIRECCION":"KR 81G X AV CIUDAD DE VILLAVICENCIO (AC 43 S)","LOCALIDAD":"KENNEDY","TIPO_INTER":"EXCLUSIVA PEATONAL","INFRA_CICL":"CICLORUTA","OPERACION":"NORMAL"}},{"type":"Feature","id":818,"geometry":{"type":"Point","coordinates":[-74.12392718,4.59942084984902]},"properties":{"FID":818,"OBJECTID":818,"COD_ID_INT":786,"DIRECCION":"AV BATALLON CALDAS (AK 50) X CL 33 SUR","LOCALIDAD":"PUENTE ARANDA","TIPO_INTER":"VEHICULAR","INFRA_CICL":"SIN","OPERACION":"NORMAL"}},{"type":"Feature","id":819,"geometry":{"type":"Point","coordinates":[-74.1727844229999,4.63216786484792]},"properties":{"FID":819,"OBJECTID":819,"COD_ID_INT":1205,"DIRECCION":"KR 87D X AV CIUDAD DE VILLAVICENCIO (AC 43 SUR)","LOCALIDAD":"KENNEDY","TIPO_INTER":"EXCLUSIVA PEATONAL","INFRA_CICL":"CICLORUTA","OPERACION":"NORMAL"}},{"type":"Feature","id":820,"geometry":{"type":"Point","coordinates":[-74.07481847,4.59917981984904]},"properties":{"FID":820,"OBJECTID":820,"COD_ID_INT":480,"DIRECCION":"AK 7 X CL 12","LOCALIDAD":"CANDELARIA","TIPO_INTER":"VEHICULAR, PEATONAL, BICIUSUARIOS","INFRA_CICL":"CICLORUTA EN CALZADA","OPERACION":"NORMAL"}},{"type":"Feature","id":821,"geometry":{"type":"Point","coordinates":[-74.15336966,4.62408764984819]},"properties":{"FID":821,"OBJECTID":821,"COD_ID_INT":875,"DIRECCION":"KR 78K X CL 37 SUR","LOCALIDAD":"KENNEDY","TIPO_INTER":"VEHICULAR, PEATONAL, BICIUSUARIOS","INFRA_CICL":"CICLORUTA EN CALZADA","OPERACION":"NORMAL"}},{"type":"Feature","id":822,"geometry":{"type":"Point","coordinates":[-74.07251034,4.65108001984732]},"properties":{"FID":822,"OBJECTID":822,"COD_ID_INT":424,"DIRECCION":"AV COLOMBIA (AK 24) X AV JOSE CELESTINO MUTIS (AC 63)","LOCALIDAD":"BARRIOS UNIDOS","TIPO_INTER":"VEHICULAR, PEATONAL","INFRA_CICL":"SIN","OPERACION":"NORMAL"}},{"type":"Feature","id":823,"geometry":{"type":"Point","coordinates":[-74.07909384,4.67221140984664]},"properties":{"FID":823,"OBJECTID":823,"COD_ID_INT":533,"DIRECCION":"KR 58 X AV CHILE (AC 72)","LOCALIDAD":"BARRIOS UNIDOS","TIPO_INTER":"VEHICULAR, PEATONAL","INFRA_CICL":"SIN","OPERACION":"NORMAL"}},{"type":"Feature","id":824,"geometry":{"type":"Point","coordinates":[-74.114027159,4.50788191885198]},"properties":{"FID":824,"OBJECTID":824,"COD_ID_INT":1041,"DIRECCION":"AV CARACAS (AK 14) X AUTOPISTA AL LLANO (CL 84 SUR)","LOCALIDAD":"USME","TIPO_INTER":"VEHICULAR, PEATONAL","INFRA_CICL":"SIN","OPERACION":"NORMAL"}},{"type":"Feature","id":825,"geometry":{"type":"Point","coordinates":[-74.05496071,4.66276183984693]},"properties":{"FID":825,"OBJECTID":825,"COD_ID_INT":149,"DIRECCION":"AV GERMAN ARCINIEGAS (AK 11) X CL 78","LOCALIDAD":"CHAPINERO","TIPO_INTER":"VEHICULAR, PEATONAL","INFRA_CICL":"CICLORUTA","OPERACION":"NORMAL"}},{"type":"Feature","id":826,"geometry":{"type":"Point","coordinates":[-74.0864249909999,4.73826529884448]},"properties":{"FID":826,"OBJECTID":826,"COD_ID_INT":1412,"DIRECCION":"KR 94 X AV TRANSVERSAL DE SUBA (AC 145)","LOCALIDAD":"SUBA","TIPO_INTER":"VEHICULAR, PEATONAL","INFRA_CICL":"CICLORUTA","OPERACION":"NORMAL"}},{"type":"Feature","id":827,"geometry":{"type":"Point","coordinates":[-74.086255227,4.61303001484857]},"properties":{"FID":827,"OBJECTID":827,"COD_ID_INT":576,"DIRECCION":"KR 25 X CL 17","LOCALIDAD":"LOS MARTIRES","TIPO_INTER":"VEHICULAR","INFRA_CICL":"SIN","OPERACION":"NORMAL"}},{"type":"Feature","id":828,"geometry":{"type":"Point","coordinates":[-74.05450602,4.67709557984649]},"properties":{"FID":828,"OBJECTID":828,"COD_ID_INT":147,"DIRECCION":"KR 18 X AV ALEJANDRO OBREGON (AC 92)","LOCALIDAD":"CHAPINERO","TIPO_INTER":"VEHICULAR, PEATONAL, BICIUSUARIOS","INFRA_CICL":"CICLORUTA","OPERACION":"NORMAL"}},{"type":"Feature","id":829,"geometry":{"type":"Point","coordinates":[-74.0925580589999,4.69079270984603]},"properties":{"FID":829,"OBJECTID":829,"COD_ID_INT":616,"DIRECCION":"AV BOYACA (AK 72) X CL 75","LOCALIDAD":"ENGATIVA","TIPO_INTER":"VEHICULAR","INFRA_CICL":"CICLORUTA EN CALZADA","OPERACION":"NORMAL"}},{"type":"Feature","id":830,"geometry":{"type":"Point","coordinates":[-74.04812735,4.68512207984621]},"properties":{"FID":830,"OBJECTID":830,"COD_ID_INT":83,"DIRECCION":"AV PASEO DEL COUNTRY (AK 15) X AV CARLOS LLERAS RESTREPO (AC 100)","LOCALIDAD":"CHAPINERO","TIPO_INTER":"VEHICULAR, PEATONAL, BICIUSUARIOS","INFRA_CICL":"CICLORUTA","OPERACION":"NORMAL"}},{"type":"Feature","id":831,"geometry":{"type":"Point","coordinates":[-74.1561358979999,4.57809439584969]},"properties":{"FID":831,"OBJECTID":831,"COD_ID_INT":1117,"DIRECCION":"KR 49 Y TV 49 X AV CIUDAD DE VILLAVICENCIO (AC 68 SUR)","LOCALIDAD":"CIUDAD BOLIVAR","TIPO_INTER":"VEHICULAR, PEATONAL","INFRA_CICL":"CICLORUTA","OPERACION":"NORMAL"}},{"type":"Feature","id":832,"geometry":{"type":"Point","coordinates":[-74.05350845,4.71568133984524]},"properties":{"FID":832,"OBJECTID":832,"COD_ID_INT":136,"DIRECCION":"KR 45A X CL 129","LOCALIDAD":"SUBA","TIPO_INTER":"VEHICULAR","INFRA_CICL":"SIN","OPERACION":"NORMAL"}},{"type":"Feature","id":833,"geometry":{"type":"Point","coordinates":[-74.02398798,4.73161500984469]},"properties":{"FID":833,"OBJECTID":833,"COD_ID_INT":4,"DIRECCION":"AV ALBERTO LLERAS CAMARGO (AK 7) X CL 156","LOCALIDAD":"USAQUEN","TIPO_INTER":"VEHICULAR, PEATONAL","INFRA_CICL":"SIN","OPERACION":"NORMAL"}},{"type":"Feature","id":834,"geometry":{"type":"Point","coordinates":[-74.12111679,4.57563429984979]},"properties":{"FID":834,"OBJECTID":834,"COD_ID_INT":1053,"DIRECCION":"AV CARACAS (AK 14) X CL 41B SUR","LOCALIDAD":"RAFAEL URIBE","TIPO_INTER":"EXCLUSIVA PEATONAL","INFRA_CICL":"SIN","OPERACION":"NORMAL"}},{"type":"Feature","id":835,"geometry":{"type":"Point","coordinates":[-74.0697184599999,4.7161718598452]},"properties":{"FID":835,"OBJECTID":835,"COD_ID_INT":361,"DIRECCION":"AV LAS VILLAS (AK 58) X CL 128B","LOCALIDAD":"SUBA","TIPO_INTER":"VEHICULAR","INFRA_CICL":"SIN","OPERACION":"NORMAL"}},{"type":"Feature","id":836,"geometry":{"type":"Point","coordinates":[-74.0687798,4.61611527984846]},"properties":{"FID":836,"OBJECTID":836,"COD_ID_INT":1333,"DIRECCION":"AV ALBERTO LLERAS CAMARGO (AK 7) X CL 29","LOCALIDAD":"SANTA FE","TIPO_INTER":"EXCLUSIVA PEATONAL","INFRA_CICL":"SIN","OPERACION":"NORMAL"}},{"type":"Feature","id":837,"geometry":{"type":"Point","coordinates":[-74.1068304199999,4.67142048984667]},"properties":{"FID":837,"OBJECTID":837,"COD_ID_INT":711,"DIRECCION":"AV BOYACA (AK 72) X AV PABLO VI (AC 53)","LOCALIDAD":"ENGATIVA","TIPO_INTER":"VEHICULAR, PEATONAL","INFRA_CICL":"CICLORUTA","OPERACION":"NORMAL"}},{"type":"Feature","id":838,"geometry":{"type":"Point","coordinates":[-74.0931826899999,4.65209668984732]},"properties":{"FID":838,"OBJECTID":838,"COD_ID_INT":621,"DIRECCION":"AV DE LA ESMERALDA (AK 60) X AV PABLO VI (AC 53)","LOCALIDAD":"TEUSAQUILLO","TIPO_INTER":"VEHICULAR","INFRA_CICL":"CICLORUTA","OPERACION":"NORMAL"}},{"type":"Feature","id":839,"geometry":{"type":"Point","coordinates":[-74.09604977,4.56738258985001]},"properties":{"FID":839,"OBJECTID":839,"COD_ID_INT":1222,"DIRECCION":"KR 5A X CL 30A SUR","LOCALIDAD":"SAN CRISTOBAL","TIPO_INTER":"VEHICULAR, PEATONAL","INFRA_CICL":"SIN","OPERACION":"NORMAL"}},{"type":"Feature","id":840,"geometry":{"type":"Point","coordinates":[-74.09364926,4.74473677984427]},"properties":{"FID":840,"OBJECTID":840,"COD_ID_INT":639,"DIRECCION":"KR 102B BIS X AV TRANSVERSAL DE SUBA (AC 145)","LOCALIDAD":"SUBA","TIPO_INTER":"VEHICULAR, PEATONAL","INFRA_CICL":"CICLORUTA","OPERACION":"NORMAL"}},{"type":"Feature","id":841,"geometry":{"type":"Point","coordinates":[-74.084444285,4.74413794284431]},"properties":{"FID":841,"OBJECTID":841,"COD_ID_INT":1344,"DIRECCION":"KR 92 X CL 148","LOCALIDAD":"SUBA","TIPO_INTER":"VEHICULAR, PEATONAL","INFRA_CICL":"SIN","OPERACION":"NORMAL"}},{"type":"Feature","id":842,"geometry":{"type":"Point","coordinates":[-74.0962164699999,4.7467651498442]},"properties":{"FID":842,"OBJECTID":842,"COD_ID_INT":643,"DIRECCION":"AV CIUDAD DE CALI (AK 104) X AV TRANSVERSAL DE SUBA (AC 145)","LOCALIDAD":"SUBA","TIPO_INTER":"VEHICULAR, PEATONAL","INFRA_CICL":"CICLORUTA","OPERACION":"NORMAL"}},{"type":"Feature","id":843,"geometry":{"type":"Point","coordinates":[-74.10243924,4.58135197984957]},"properties":{"FID":843,"OBJECTID":843,"COD_ID_INT":1014,"DIRECCION":"AV CARACAS (AK 14) X AV PRIMERO DE MAYO (CL 22 S)","LOCALIDAD":"ANTONIO NARINO","TIPO_INTER":"VEHICULAR, PEATONAL","INFRA_CICL":"SIN","OPERACION":"NORMAL"}},{"type":"Feature","id":844,"geometry":{"type":"Point","coordinates":[-74.0949583999999,4.59940583984898]},"properties":{"FID":844,"OBJECTID":844,"COD_ID_INT":634,"DIRECCION":"KR 24 X CL 3","LOCALIDAD":"LOS MARTIRES","TIPO_INTER":"VEHICULAR","INFRA_CICL":"SIN","OPERACION":"NORMAL"}},{"type":"Feature","id":845,"geometry":{"type":"Point","coordinates":[-74.09553527,4.59743709984905]},"properties":{"FID":845,"OBJECTID":845,"COD_ID_INT":638,"DIRECCION":"KR 24 X CL 2","LOCALIDAD":"LOS MARTIRES","TIPO_INTER":"VEHICULAR, PEATONAL","INFRA_CICL":"SIN","OPERACION":"NORMAL"}},{"type":"Feature","id":846,"geometry":{"type":"Point","coordinates":[-74.0493825899999,4.66241330984693]},"properties":{"FID":846,"OBJECTID":846,"COD_ID_INT":95,"DIRECCION":"AV ALBERTO LLERAS CAMARGO (AK 7) X CL 81","LOCALIDAD":"CHAPINERO","TIPO_INTER":"VEHICULAR","INFRA_CICL":"SIN","OPERACION":"NORMAL"}},{"type":"Feature","id":847,"geometry":{"type":"Point","coordinates":[-74.15981168,4.61593727984845]},"properties":{"FID":847,"OBJECTID":847,"COD_ID_INT":892,"DIRECCION":"AV PRIMERO DE MAYO (TV 78H) X CL 42 SUR","LOCALIDAD":"KENNEDY","TIPO_INTER":"VEHICULAR","INFRA_CICL":"CICLORUTA","OPERACION":"NORMAL"}},{"type":"Feature","id":848,"geometry":{"type":"Point","coordinates":[-74.11674643,4.59524173984915]},"properties":{"FID":848,"OBJECTID":848,"COD_ID_INT":1046,"DIRECCION":"AV CIUDAD DE QUITO (TV 35) X CL 29A S","LOCALIDAD":"PUENTE ARANDA","TIPO_INTER":"VEHICULAR, PEATONAL","INFRA_CICL":"CICLORUTA","OPERACION":"NORMAL"}},{"type":"Feature","id":849,"geometry":{"type":"Point","coordinates":[-74.0727426,4.63743118984775]},"properties":{"FID":849,"OBJECTID":849,"COD_ID_INT":431,"DIRECCION":"KR 21 X CL 49","LOCALIDAD":"TEUSAQUILLO","TIPO_INTER":"VEHICULAR, PEATONAL","INFRA_CICL":"SIN","OPERACION":"NORMAL"}},{"type":"Feature","id":850,"geometry":{"type":"Point","coordinates":[-74.06648806,4.72431200984495]},"properties":{"FID":850,"OBJECTID":850,"COD_ID_INT":288,"DIRECCION":"AV LAS VILLAS (AK 58) X AV IBERIA (AC 134)","LOCALIDAD":"SUBA","TIPO_INTER":"VEHICULAR, PEATONAL","INFRA_CICL":"CICLORUTA","OPERACION":"NORMAL"}},{"type":"Feature","id":851,"geometry":{"type":"Point","coordinates":[-74.164499926,4.61451874884856]},"properties":{"FID":851,"OBJECTID":851,"COD_ID_INT":907,"DIRECCION":"AV PRIMERO DE MAYO (TV 78H) X CL 45 SUR","LOCALIDAD":"KENNEDY","TIPO_INTER":"VEHICULAR, PEATONAL","INFRA_CICL":"CICLORUTA","OPERACION":"NORMAL"}},{"type":"Feature","id":852,"geometry":{"type":"Point","coordinates":[-74.0988261699999,4.55897993985031]},"properties":{"FID":852,"OBJECTID":852,"COD_ID_INT":1164,"DIRECCION":"KR 3B X AV CIUDAD DE VILLAVICENCIO (CL 37A SUR)","LOCALIDAD":"SAN CRISTOBAL","TIPO_INTER":"VEHICULAR, PEATONAL","INFRA_CICL":"SIN","OPERACION":"NORMAL"}},{"type":"Feature","id":853,"geometry":{"type":"Point","coordinates":[-74.11713522,4.70442114984558]},"properties":{"FID":853,"OBJECTID":853,"COD_ID_INT":760,"DIRECCION":"KR 101 X AV CHILE (AC 72)","LOCALIDAD":"ENGATIVA","TIPO_INTER":"VEHICULAR, PEATONAL","INFRA_CICL":"SIN","OPERACION":"NORMAL"}},{"type":"Feature","id":854,"geometry":{"type":"Point","coordinates":[-74.11295806,4.55516807985043]},"properties":{"FID":854,"OBJECTID":854,"COD_ID_INT":1036,"DIRECCION":"KR 5L BIS Y TV 5P X CL 48P SUR","LOCALIDAD":"RAFAEL URIBE","TIPO_INTER":"VEHICULAR","INFRA_CICL":"SIN","OPERACION":"NORMAL"}},{"type":"Feature","id":855,"geometry":{"type":"Point","coordinates":[-74.13587133,4.59193668984929]},"properties":{"FID":855,"OBJECTID":855,"COD_ID_INT":1093,"DIRECCION":"KR 52A X DG 47A SUR","LOCALIDAD":"TUNJUELITO","TIPO_INTER":"VEHICULAR, PEATONAL","INFRA_CICL":"SIN","OPERACION":"NORMAL"}},{"type":"Feature","id":856,"geometry":{"type":"Point","coordinates":[-74.150883388,4.59553865984914]},"properties":{"FID":856,"OBJECTID":856,"COD_ID_INT":1116,"DIRECCION":"KR 62A X AV DEL SUR (CL 45A SUR)","LOCALIDAD":"TUNJUELITO","TIPO_INTER":"EXCLUSIVA PEATONAL","INFRA_CICL":"CICLORUTA","OPERACION":"NORMAL"}},{"type":"Feature","id":857,"geometry":{"type":"Point","coordinates":[-74.0224426,4.74103598984442]},"properties":{"FID":857,"OBJECTID":857,"COD_ID_INT":1,"DIRECCION":"AV ALBERTO LLERAS CAMARGO (AK 7) X CL 165","LOCALIDAD":"USAQUEN","TIPO_INTER":"VEHICULAR, PEATONAL","INFRA_CICL":"SIN","OPERACION":"NORMAL"}},{"type":"Feature","id":858,"geometry":{"type":"Point","coordinates":[-74.1565060299999,4.62450816984822]},"properties":{"FID":858,"OBJECTID":858,"COD_ID_INT":887,"DIRECCION":"KR 79 X CL 38C SUR","LOCALIDAD":"KENNEDY","TIPO_INTER":"VEHICULAR, PEATONAL","INFRA_CICL":"CICLORUTA","OPERACION":"NORMAL"}},{"type":"Feature","id":859,"geometry":{"type":"Point","coordinates":[-74.15436928,4.61687533984843]},"properties":{"FID":859,"OBJECTID":859,"COD_ID_INT":880,"DIRECCION":"AV PRIMERO DE MAYO (TV 74F) X CL 40F SUR","LOCALIDAD":"KENNEDY","TIPO_INTER":"VEHICULAR","INFRA_CICL":"CICLORUTA","OPERACION":"NORMAL"}},{"type":"Feature","id":860,"geometry":{"type":"Point","coordinates":[-74.12062814,4.70737444684551]},"properties":{"FID":860,"OBJECTID":860,"COD_ID_INT":1511,"DIRECCION":"KR 105F X AVENIDA CHILE (AC 72)","LOCALIDAD":"ENGATIVA","TIPO_INTER":"VEHICULAR, PEATONAL","INFRA_CICL":"SIN","OPERACION":"NORMAL"}},{"type":"Feature","id":861,"geometry":{"type":"Point","coordinates":[-74.04374652,4.6759850098465]},"properties":{"FID":861,"OBJECTID":861,"COD_ID_INT":55,"DIRECCION":"KR 9 X CL 94","LOCALIDAD":"CHAPINERO","TIPO_INTER":"VEHICULAR","INFRA_CICL":"SIN","OPERACION":"NORMAL"}},{"type":"Feature","id":862,"geometry":{"type":"Point","coordinates":[-74.14755094,4.63314952984791]},"properties":{"FID":862,"OBJECTID":862,"COD_ID_INT":1280,"DIRECCION":"TV 78C X CL 6B","LOCALIDAD":"KENNEDY","TIPO_INTER":"VEHICULAR, PEATONAL","INFRA_CICL":"SIN","OPERACION":"NORMAL"}},{"type":"Feature","id":863,"geometry":{"type":"Point","coordinates":[-74.0752663,4.60803073984874]},"properties":{"FID":863,"OBJECTID":863,"COD_ID_INT":485,"DIRECCION":"KR 13 X AV CIUDAD DE LIMA (AC 19)","LOCALIDAD":"SANTA FE","TIPO_INTER":"VEHICULAR, PEATONAL","INFRA_CICL":"SIN","OPERACION":"NORMAL"}},{"type":"Feature","id":864,"geometry":{"type":"Point","coordinates":[-74.07871864,4.6181511198484]},"properties":{"FID":864,"OBJECTID":864,"COD_ID_INT":527,"DIRECCION":"KR 19B X DG 23BIS","LOCALIDAD":"LOS MARTIRES","TIPO_INTER":"VEHICULAR","INFRA_CICL":"SIN","OPERACION":"NORMAL"}},{"type":"Feature","id":865,"geometry":{"type":"Point","coordinates":[-74.07464864,4.60880297984871]},"properties":{"FID":865,"OBJECTID":865,"COD_ID_INT":478,"DIRECCION":"KR 13 X CL 20","LOCALIDAD":"SANTA FE","TIPO_INTER":"VEHICULAR, PEATONAL","INFRA_CICL":"SIN","OPERACION":"NORMAL"}},{"type":"Feature","id":866,"geometry":{"type":"Point","coordinates":[-74.0931534699999,4.69772026984581]},"properties":{"FID":866,"OBJECTID":866,"COD_ID_INT":624,"DIRECCION":"KR 76 X AV MEDELLIN (AC 80)","LOCALIDAD":"ENGATIVA","TIPO_INTER":"VEHICULAR, PEATONAL","INFRA_CICL":"CICLORUTA","OPERACION":"NORMAL"}},{"type":"Feature","id":867,"geometry":{"type":"Point","coordinates":[-74.1785936489999,4.63167038184796]},"properties":{"FID":867,"OBJECTID":867,"COD_ID_INT":1460,"DIRECCION":"KR 88C X CL 49 SUR","LOCALIDAD":"BOSA","TIPO_INTER":"VEHICULAR, PEATONAL, BICIUSUARIOS","INFRA_CICL":"CICLORUTA EN CALZADA","OPERACION":"NORMAL"}},{"type":"Feature","id":868,"geometry":{"type":"Point","coordinates":[-74.08049947,4.62411664984824]},"properties":{"FID":868,"OBJECTID":868,"COD_ID_INT":1146,"DIRECCION":"AV TEUSAQUILLO (AC 25) X DG 24BIS","LOCALIDAD":"TEUSAQUILLO","TIPO_INTER":"VEHICULAR, PEATONAL","INFRA_CICL":"SIN","OPERACION":"OBRAS"}},{"type":"Feature","id":869,"geometry":{"type":"Point","coordinates":[-74.10442762,4.59356652984919]},"properties":{"FID":869,"OBJECTID":869,"COD_ID_INT":1021,"DIRECCION":"AV GENERAL SANTANDER (AK 27) X CL 14 SUR","LOCALIDAD":"ANTONIO NARINO","TIPO_INTER":"EXCLUSIVA PEATONAL","INFRA_CICL":"SIN","OPERACION":"NORMAL"}},{"type":"Feature","id":870,"geometry":{"type":"Point","coordinates":[-74.1031034819999,4.56641753285008]},"properties":{"FID":870,"OBJECTID":870,"COD_ID_INT":1556,"DIRECCION":"Kr 10 x Cl 35 sur","LOCALIDAD":"SAN CRISTOBAL","TIPO_INTER":"VEHICULAR, PEATONAL","INFRA_CICL":"SIN","OPERACION":"NORMAL"}},{"type":"Feature","id":871,"geometry":{"type":"Point","coordinates":[-74.091511797,4.73925421384444]},"properties":{"FID":871,"OBJECTID":871,"COD_ID_INT":1528,"DIRECCION":"KR 98B X CL 139","LOCALIDAD":"SUBA","TIPO_INTER":"VEHICULAR, PEATONAL, BICIUSUARIOS","INFRA_CICL":"SIN","OPERACION":"NORMAL"}},{"type":"Feature","id":872,"geometry":{"type":"Point","coordinates":[-74.10666637,4.58647257984939]},"properties":{"FID":872,"OBJECTID":872,"COD_ID_INT":1024,"DIRECCION":"KR 24F X AV PRIMERO DE MAYO (CL 22 S)","LOCALIDAD":"ANTONIO NARINO","TIPO_INTER":"VEHICULAR, PEATONAL","INFRA_CICL":"SIN","OPERACION":"NORMAL"}},{"type":"Feature","id":873,"geometry":{"type":"Point","coordinates":[-74.1346749699999,4.59766129984905]},"properties":{"FID":873,"OBJECTID":873,"COD_ID_INT":816,"DIRECCION":"KR 52C X CL 42 SUR","LOCALIDAD":"PUENTE ARANDA","TIPO_INTER":"VEHICULAR, PEATONAL","INFRA_CICL":"SIN","OPERACION":"NORMAL"}},{"type":"Feature","id":874,"geometry":{"type":"Point","coordinates":[-74.05104191,4.6487868598474]},"properties":{"FID":874,"OBJECTID":874,"COD_ID_INT":91,"DIRECCION":"AV PATRICIO SAMPER GNECCO (AK 2 ESTE) X TV 1 ESTE","LOCALIDAD":"CHAPINERO","TIPO_INTER":"VEHICULAR, PEATONAL","INFRA_CICL":"SIN","OPERACION":"NORMAL"}},{"type":"Feature","id":875,"geometry":{"type":"Point","coordinates":[-74.11174493,4.68160837984635]},"properties":{"FID":875,"OBJECTID":875,"COD_ID_INT":737,"DIRECCION":"TV 85 X AV JOSE CELESTINO MUTIS (AC 63)","LOCALIDAD":"ENGATIVA","TIPO_INTER":"VEHICULAR, PEATONAL","INFRA_CICL":"CICLORUTA","OPERACION":"NORMAL"}},{"type":"Feature","id":876,"geometry":{"type":"Point","coordinates":[-74.11525277,4.60596160984882]},"properties":{"FID":876,"OBJECTID":876,"COD_ID_INT":1278,"DIRECCION":"KR 40 X AV FUCHA (AC 8 S)","LOCALIDAD":"PUENTE ARANDA","TIPO_INTER":"VEHICULAR, PEATONAL","INFRA_CICL":"SIN","OPERACION":"NORMAL"}},{"type":"Feature","id":877,"geometry":{"type":"Point","coordinates":[-74.03526456,4.71885474984514]},"properties":{"FID":877,"OBJECTID":877,"COD_ID_INT":23,"DIRECCION":"KR 11 X CL 140","LOCALIDAD":"USAQUEN","TIPO_INTER":"VEHICULAR","INFRA_CICL":"SIN","OPERACION":"NORMAL"}},{"type":"Feature","id":878,"geometry":{"type":"Point","coordinates":[-74.05774194,4.66534273984684]},"properties":{"FID":878,"OBJECTID":878,"COD_ID_INT":168,"DIRECCION":"AV PASEO DEL COUNTRY (AK 15) X CL 79","LOCALIDAD":"CHAPINERO","TIPO_INTER":"VEHICULAR, PEATONAL","INFRA_CICL":"SIN","OPERACION":"NORMAL"}},{"type":"Feature","id":879,"geometry":{"type":"Point","coordinates":[-74.0738578,4.60695109984879]},"properties":{"FID":879,"OBJECTID":879,"COD_ID_INT":456,"DIRECCION":"AV FERNANDO MAZUERA (AK 10) X AV CIUDAD DE LIMA (AC 19)","LOCALIDAD":"SANTA FE","TIPO_INTER":"VEHICULAR, PEATONAL","INFRA_CICL":"SIN","OPERACION":"NORMAL"}},{"type":"Feature","id":880,"geometry":{"type":"Point","coordinates":[-74.1420843499999,4.60648013984875]},"properties":{"FID":880,"OBJECTID":880,"COD_ID_INT":837,"DIRECCION":"AV BOYACA (AK 72) X CL 39B S Y KR 68L","LOCALIDAD":"KENNEDY","TIPO_INTER":"VEHICULAR, PEATONAL","INFRA_CICL":"CICLORUTA","OPERACION":"NORMAL"}},{"type":"Feature","id":881,"geometry":{"type":"Point","coordinates":[-74.0496708599999,4.6642364698469]},"properties":{"FID":881,"OBJECTID":881,"COD_ID_INT":99,"DIRECCION":"KR 8 X AC 82","LOCALIDAD":"CHAPINERO","TIPO_INTER":"VEHICULAR, PEATONAL","INFRA_CICL":"SIN","OPERACION":"NORMAL"}},{"type":"Feature","id":882,"geometry":{"type":"Point","coordinates":[-74.08111532,4.60211054984889]},"properties":{"FID":882,"OBJECTID":882,"COD_ID_INT":543,"DIRECCION":"AV CARACAS (AK 14) X CL 11","LOCALIDAD":"SANTA FE","TIPO_INTER":"VEHICULAR, PEATONAL","INFRA_CICL":"SIN","OPERACION":"NORMAL"}},{"type":"Feature","id":883,"geometry":{"type":"Point","coordinates":[-74.14071883,4.65532851684719]},"properties":{"FID":883,"OBJECTID":883,"COD_ID_INT":1307,"DIRECCION":"AV CIUDAD DE CALI (AK 86) X CL 13D","LOCALIDAD":"KENNEDY","TIPO_INTER":"VEHICULAR, PEATONAL","INFRA_CICL":"CICLORUTA","OPERACION":"NORMAL"}},{"type":"Feature","id":884,"geometry":{"type":"Point","coordinates":[-74.0850971249999,4.69447162684591]},"properties":{"FID":884,"OBJECTID":884,"COD_ID_INT":1256,"DIRECCION":"KR 70C X CL 86A","LOCALIDAD":"ENGATIVA","TIPO_INTER":"VEHICULAR, PEATONAL","INFRA_CICL":"SIN","OPERACION":"NORMAL"}},{"type":"Feature","id":885,"geometry":{"type":"Point","coordinates":[-74.05246349,4.65731228984713]},"properties":{"FID":885,"OBJECTID":885,"COD_ID_INT":121,"DIRECCION":"KR 5 X CL 75","LOCALIDAD":"CHAPINERO","TIPO_INTER":"VEHICULAR, PEATONAL","INFRA_CICL":"SIN","OPERACION":"NORMAL"}},{"type":"Feature","id":886,"geometry":{"type":"Point","coordinates":[-74.0977056199999,4.71309745984529]},"properties":{"FID":886,"OBJECTID":886,"COD_ID_INT":652,"DIRECCION":"KR 91 X AV MORISCA (AC 90)","LOCALIDAD":"ENGATIVA","TIPO_INTER":"VEHICULAR","INFRA_CICL":"SIN","OPERACION":"NORMAL"}},{"type":"Feature","id":887,"geometry":{"type":"Point","coordinates":[-74.06587997,4.67859907984642]},"properties":{"FID":887,"OBJECTID":887,"COD_ID_INT":281,"DIRECCION":"AV ALFREDO D BATERMAN (AK 50) X CL 87","LOCALIDAD":"BARRIOS UNIDOS","TIPO_INTER":"VEHICULAR, PEATONAL","INFRA_CICL":"CICLORUTA","OPERACION":"NORMAL"}},{"type":"Feature","id":888,"geometry":{"type":"Point","coordinates":[-74.07956667,4.69109639984604]},"properties":{"FID":888,"OBJECTID":888,"COD_ID_INT":1369,"DIRECCION":"AV DE LA CONSTITUCION (AK 70) X CL 95","LOCALIDAD":"SUBA","TIPO_INTER":"VEHICULAR, PEATONAL","INFRA_CICL":"SIN","OPERACION":"NORMAL"}},{"type":"Feature","id":889,"geometry":{"type":"Point","coordinates":[-74.10142064,4.61350374984857]},"properties":{"FID":889,"OBJECTID":889,"COD_ID_INT":1332,"DIRECCION":"AV CUNDINAMARCA (AK 36) X CL 8A","LOCALIDAD":"PUENTE ARANDA","TIPO_INTER":"VEHICULAR, PEATONAL","INFRA_CICL":"SIN","OPERACION":"NORMAL"}},{"type":"Feature","id":890,"geometry":{"type":"Point","coordinates":[-74.0474572799999,4.76124090984374]},"properties":{"FID":890,"OBJECTID":890,"COD_ID_INT":1398,"DIRECCION":"KR 50B X AV SAN ANTONIO (AC 183)","LOCALIDAD":"SUBA","TIPO_INTER":"VEHICULAR, PEATONAL","INFRA_CICL":"CICLORUTA","OPERACION":"NORMAL"}},{"type":"Feature","id":891,"geometry":{"type":"Point","coordinates":[-74.08988062,4.5822253098496]},"properties":{"FID":891,"OBJECTID":891,"COD_ID_INT":967,"DIRECCION":"AV FERNANDO MAZUERA (AK 10) X AV FUCHA (AC 11 S)","LOCALIDAD":"ANTONIO NARINO","TIPO_INTER":"VEHICULAR, PEATONAL","INFRA_CICL":"CICLORUTA","OPERACION":"NORMAL"}},{"type":"Feature","id":892,"geometry":{"type":"Point","coordinates":[-74.104519932,4.60373264984886]},"properties":{"FID":892,"OBJECTID":892,"COD_ID_INT":1330,"DIRECCION":"KR 31D X CL 2","LOCALIDAD":"PUENTE ARANDA","TIPO_INTER":"VEHICULAR, PEATONAL","INFRA_CICL":"SIN","OPERACION":"NORMAL"}},{"type":"Feature","id":893,"geometry":{"type":"Point","coordinates":[-74.15196181,4.67107952984666]},"properties":{"FID":893,"OBJECTID":893,"COD_ID_INT":870,"DIRECCION":"KR 104 X AV CENTENARIO (DG 16)","LOCALIDAD":"FONTIBON","TIPO_INTER":"VEHICULAR, PEATONAL","INFRA_CICL":"SIN","OPERACION":"NORMAL"}},{"type":"Feature","id":894,"geometry":{"type":"Point","coordinates":[-74.08246479,4.62057056984831]},"properties":{"FID":894,"OBJECTID":894,"COD_ID_INT":552,"DIRECCION":"AV GENERAL SANTANDER (AK 27) Y TV 28 X CL 22C","LOCALIDAD":"LOS MARTIRES","TIPO_INTER":"VEHICULAR, PEATONAL","INFRA_CICL":"SIN","OPERACION":"NORMAL"}},{"type":"Feature","id":895,"geometry":{"type":"Point","coordinates":[-74.08581136,4.61625191984844]},"properties":{"FID":895,"OBJECTID":895,"COD_ID_INT":570,"DIRECCION":"AV GENERAL SANTANDER (AK 27) X AV CIUDAD DE LIMA (AC 19)","LOCALIDAD":"LOS MARTIRES","TIPO_INTER":"VEHICULAR, PEATONAL","INFRA_CICL":"SIN","OPERACION":"NORMAL"}},{"type":"Feature","id":896,"geometry":{"type":"Point","coordinates":[-74.09371228,4.63218962984792]},"properties":{"FID":896,"OBJECTID":896,"COD_ID_INT":626,"DIRECCION":"KR 43A X AV DE LA ESPERANZA (AC 24)","LOCALIDAD":"TEUSAQUILLO","TIPO_INTER":"VEHICULAR, PEATONAL","INFRA_CICL":"SIN","OPERACION":"NORMAL"}},{"type":"Feature","id":897,"geometry":{"type":"Point","coordinates":[-74.157423496,4.58050606084965]},"properties":{"FID":897,"OBJECTID":897,"COD_ID_INT":1118,"DIRECCION":"AV JORGE GAITAN CORTES (AK 51) X AV CIUDAD DE VILLAVICENCIO (AC 68 S)","LOCALIDAD":"CIUDAD BOLIVAR","TIPO_INTER":"VEHICULAR, PEATONAL","INFRA_CICL":"CICLORUTA","OPERACION":"NORMAL"}},{"type":"Feature","id":898,"geometry":{"type":"Point","coordinates":[-74.10799052,4.65588496984717]},"properties":{"FID":898,"OBJECTID":898,"COD_ID_INT":720,"DIRECCION":"KR 68D X CL 25","LOCALIDAD":"FONTIBON","TIPO_INTER":"VEHICULAR, PEATONAL, BICIUSUARIOS","INFRA_CICL":"CICLORUTA EN CALZADA","OPERACION":"NORMAL"}},{"type":"Feature","id":899,"geometry":{"type":"Point","coordinates":[-74.05825212,4.65074911984736]},"properties":{"FID":899,"OBJECTID":899,"COD_ID_INT":173,"DIRECCION":"AV ALBERTO LLERAS CAMARGO (AK 7) X CL 67","LOCALIDAD":"CHAPINERO","TIPO_INTER":"VEHICULAR, PEATONAL","INFRA_CICL":"SIN","OPERACION":"NORMAL"}},{"type":"Feature","id":900,"geometry":{"type":"Point","coordinates":[-74.1517638299999,4.58071880984962]},"properties":{"FID":900,"OBJECTID":900,"COD_ID_INT":1156,"DIRECCION":"AV JORGE GAITAN CORTES (AK 51) X CL 58A SUR","LOCALIDAD":"CIUDAD BOLIVAR","TIPO_INTER":"VEHICULAR, PEATONAL","INFRA_CICL":"SIN","OPERACION":"NORMAL"}},{"type":"Feature","id":901,"geometry":{"type":"Point","coordinates":[-74.0736147699999,4.64338986984755]},"properties":{"FID":901,"OBJECTID":901,"COD_ID_INT":450,"DIRECCION":"AV COLOMBIA (TV 24) X DG 53C","LOCALIDAD":"TEUSAQUILLO","TIPO_INTER":"VEHICULAR, PEATONAL","INFRA_CICL":"SIN","OPERACION":"NORMAL"}},{"type":"Feature","id":902,"geometry":{"type":"Point","coordinates":[-74.07391501,4.64709892984743]},"properties":{"FID":902,"OBJECTID":902,"COD_ID_INT":1323,"DIRECCION":"TV 25 X DG 61B","LOCALIDAD":"TEUSAQUILLO","TIPO_INTER":"VEHICULAR","INFRA_CICL":"SIN","OPERACION":"NORMAL"}},{"type":"Feature","id":903,"geometry":{"type":"Point","coordinates":[-74.07869657,4.59921257984899]},"properties":{"FID":903,"OBJECTID":903,"COD_ID_INT":525,"DIRECCION":"AV FERNANDO MAZUERA (AK 10) X CL 10","LOCALIDAD":"CANDELARIA","TIPO_INTER":"EXCLUSIVA PEATONAL","INFRA_CICL":"SIN","OPERACION":"NORMAL"}},{"type":"Feature","id":904,"geometry":{"type":"Point","coordinates":[-74.05915405,4.66021306984705]},"properties":{"FID":904,"OBJECTID":904,"COD_ID_INT":181,"DIRECCION":"KR 13 X CL 74","LOCALIDAD":"CHAPINERO","TIPO_INTER":"VEHICULAR","INFRA_CICL":"SIN","OPERACION":"NORMAL"}},{"type":"Feature","id":905,"geometry":{"type":"Point","coordinates":[-74.0534055099999,4.66502483984688]},"properties":{"FID":905,"OBJECTID":905,"COD_ID_INT":134,"DIRECCION":"AV GERMAN ARCINIEGAS (AK 11) X CL 81","LOCALIDAD":"CHAPINERO","TIPO_INTER":"VEHICULAR, PEATONAL, BICIUSUARIOS","INFRA_CICL":"CICLORUTA","OPERACION":"NORMAL"}},{"type":"Feature","id":906,"geometry":{"type":"Point","coordinates":[-74.09810313,4.61998513984834]},"properties":{"FID":906,"OBJECTID":906,"COD_ID_INT":656,"DIRECCION":"KR 38 X AV COLON (AC 13)","LOCALIDAD":"PUENTE ARANDA","TIPO_INTER":"VEHICULAR, PEATONAL","INFRA_CICL":"CICLORUTA","OPERACION":"NORMAL"}},{"type":"Feature","id":907,"geometry":{"type":"Point","coordinates":[-74.14005205,4.64150984984762]},"properties":{"FID":907,"OBJECTID":907,"COD_ID_INT":834,"DIRECCION":"KR 78 X CL 9","LOCALIDAD":"KENNEDY","TIPO_INTER":"VEHICULAR, PEATONAL","INFRA_CICL":"SIN","OPERACION":"NORMAL"}},{"type":"Feature","id":908,"geometry":{"type":"Point","coordinates":[-74.0843838,4.6053635198488]},"properties":{"FID":908,"OBJECTID":908,"COD_ID_INT":561,"DIRECCION":"AV MARISCAL SUCRE (AK 18) X CL 12","LOCALIDAD":"LOS MARTIRES","TIPO_INTER":"VEHICULAR, PEATONAL","INFRA_CICL":"SIN","OPERACION":"NORMAL"}},{"type":"Feature","id":909,"geometry":{"type":"Point","coordinates":[-74.05527148,4.67008652984672]},"properties":{"FID":909,"OBJECTID":909,"COD_ID_INT":150,"DIRECCION":"AV PASEO DEL COUNTRY (AK 15) X AV CALLE 85 (AC 85)","LOCALIDAD":"CHAPINERO","TIPO_INTER":"VEHICULAR, PEATONAL","INFRA_CICL":"SIN","OPERACION":"NORMAL"}},{"type":"Feature","id":910,"geometry":{"type":"Point","coordinates":[-74.0836992499999,4.59126721984926]},"properties":{"FID":910,"OBJECTID":910,"COD_ID_INT":955,"DIRECCION":"AV FERNANDO MAZUERA (AK 10) X CL 2","LOCALIDAD":"SANTA FE","TIPO_INTER":"VEHICULAR, PEATONAL","INFRA_CICL":"CICLORUTA","OPERACION":"NORMAL"}},{"type":"Feature","id":911,"geometry":{"type":"Point","coordinates":[-74.1727700499999,4.61587645484846]},"properties":{"FID":911,"OBJECTID":911,"COD_ID_INT":919,"DIRECCION":"AV AGOBERTO MEJIA CIFUENTES (AK 80) X CL 53 SUR","LOCALIDAD":"KENNEDY","TIPO_INTER":"VEHICULAR, PEATONAL","INFRA_CICL":"CICLORUTA","OPERACION":"NORMAL"}},{"type":"Feature","id":912,"geometry":{"type":"Point","coordinates":[-74.1096766699999,4.58433018984951]},"properties":{"FID":912,"OBJECTID":912,"COD_ID_INT":1029,"DIRECCION":"AV MARISCAL SUCRE (KR 24) X CL 27 SUR","LOCALIDAD":"RAFAEL URIBE","TIPO_INTER":"VEHICULAR, PEATONAL","INFRA_CICL":"SIN","OPERACION":"NORMAL"}},{"type":"Feature","id":913,"geometry":{"type":"Point","coordinates":[-74.0771941,4.61680689984843]},"properties":{"FID":913,"OBJECTID":913,"COD_ID_INT":513,"DIRECCION":"AV MARISCAL SUCRE (AK 19) X CL 24","LOCALIDAD":"LOS MARTIRES","TIPO_INTER":"VEHICULAR, PEATONAL, BICIUSUARIOS","INFRA_CICL":"CICLORUTA EN CALZADA","OPERACION":"NORMAL"}},{"type":"Feature","id":914,"geometry":{"type":"Point","coordinates":[-74.08789232,4.61055802984865]},"properties":{"FID":914,"OBJECTID":914,"COD_ID_INT":586,"DIRECCION":"KR 24 X AV COLON (AC 13)","LOCALIDAD":"LOS MARTIRES","TIPO_INTER":"VEHICULAR, PEATONAL","INFRA_CICL":"CICLORUTA","OPERACION":"NORMAL"}},{"type":"Feature","id":915,"geometry":{"type":"Point","coordinates":[-74.09305008,4.60303282984891]},"properties":{"FID":915,"OBJECTID":915,"COD_ID_INT":622,"DIRECCION":"AK 24 X AV DE LOS COMUNEROS (AC 6)","LOCALIDAD":"LOS MARTIRES","TIPO_INTER":"VEHICULAR, PEATONAL","INFRA_CICL":"CICLORUTA","OPERACION":"NORMAL"}},{"type":"Feature","id":916,"geometry":{"type":"Point","coordinates":[-74.0822425229999,4.75097316484411]},"properties":{"FID":916,"OBJECTID":916,"COD_ID_INT":1533,"DIRECCION":"KR 92 X CL 154A","LOCALIDAD":"SUBA","TIPO_INTER":"VEHICULAR, PEATONAL","INFRA_CICL":"SIN","OPERACION":"NORMAL"}},{"type":"Feature","id":917,"geometry":{"type":"Point","coordinates":[-74.060529698,4.75657476184392]},"properties":{"FID":917,"OBJECTID":917,"COD_ID_INT":1572,"DIRECCION":"KR 65 X CL 170","LOCALIDAD":"SUBA","TIPO_INTER":"VEHICULAR, PEATONAL","INFRA_CICL":"SIN","OPERACION":"NORMAL"}},{"type":"Feature","id":918,"geometry":{"type":"Point","coordinates":[-74.15356417,4.68465253984624]},"properties":{"FID":918,"OBJECTID":918,"COD_ID_INT":1255,"DIRECCION":"AV VERSALLES (AK 116) X CL 18","LOCALIDAD":"FONTIBON","TIPO_INTER":"VEHICULAR, PEATONAL","INFRA_CICL":"SIN","OPERACION":"NORMAL"}},{"type":"Feature","id":919,"geometry":{"type":"Point","coordinates":[-74.1098809389999,4.65469163684719]},"properties":{"FID":919,"OBJECTID":919,"COD_ID_INT":1500,"DIRECCION":"AVENIDA DE LA CONSTITUCION (AK 68D) X CL 24A","LOCALIDAD":"FONTIBON","TIPO_INTER":"VEHICULAR, PEATONAL","INFRA_CICL":"SIN","OPERACION":"NORMAL"}},{"type":"Feature","id":920,"geometry":{"type":"Point","coordinates":[-74.0682991799999,4.64078152984764]},"properties":{"FID":920,"OBJECTID":920,"COD_ID_INT":326,"DIRECCION":"KR 16 X AV PABLO VI (AC 53)","LOCALIDAD":"TEUSAQUILLO","TIPO_INTER":"VEHICULAR","INFRA_CICL":"CICLORUTA","OPERACION":"NORMAL"}},{"type":"Feature","id":921,"geometry":{"type":"Point","coordinates":[-74.137567824,4.60748379784873]},"properties":{"FID":921,"OBJECTID":921,"COD_ID_INT":1493,"DIRECCION":"KR 68I X CL37B SUR","LOCALIDAD":"KENNEDY","TIPO_INTER":"VEHICULAR, PEATONAL","INFRA_CICL":"SIN","OPERACION":"NORMAL"}},{"type":"Feature","id":922,"geometry":{"type":"Point","coordinates":[-74.10012525,4.56021837985027]},"properties":{"FID":922,"OBJECTID":922,"COD_ID_INT":1187,"DIRECCION":"KR 3C X AV CIUDAD DE VILLAVICENCIO (CL 37A SUR)","LOCALIDAD":"SAN CRISTOBAL","TIPO_INTER":"VEHICULAR, PEATONAL","INFRA_CICL":"SIN","OPERACION":"NORMAL"}},{"type":"Feature","id":923,"geometry":{"type":"Point","coordinates":[-74.0662663799999,4.63315858984792]},"properties":{"FID":923,"OBJECTID":923,"COD_ID_INT":291,"DIRECCION":"KR 13 X CL 46","LOCALIDAD":"CHAPINERO","TIPO_INTER":"VEHICULAR, PEATONAL","INFRA_CICL":"CICLORUTA","OPERACION":"NORMAL"}},{"type":"Feature","id":924,"geometry":{"type":"Point","coordinates":[-74.0623356,4.63566436984781]},"properties":{"FID":924,"OBJECTID":924,"COD_ID_INT":224,"DIRECCION":"TV 3 X CL 49","LOCALIDAD":"CHAPINERO","TIPO_INTER":"VEHICULAR, PEATONAL","INFRA_CICL":"SIN","OPERACION":"NORMAL"}},{"type":"Feature","id":925,"geometry":{"type":"Point","coordinates":[-74.05837769,4.65392145984723]},"properties":{"FID":925,"OBJECTID":925,"COD_ID_INT":174,"DIRECCION":"KR 9 X CL 70","LOCALIDAD":"CHAPINERO","TIPO_INTER":"VEHICULAR","INFRA_CICL":"SIN","OPERACION":"NORMAL"}},{"type":"Feature","id":926,"geometry":{"type":"Point","coordinates":[-74.1441111089999,4.6706771308467]},"properties":{"FID":926,"OBJECTID":926,"COD_ID_INT":1501,"DIRECCION":"AK 97 (AVENIDA FONTIBON) X CL 17","LOCALIDAD":"FONTIBON","TIPO_INTER":"VEHICULAR, PEATONAL","INFRA_CICL":"SIN","OPERACION":"NORMAL"}},{"type":"Feature","id":927,"geometry":{"type":"Point","coordinates":[-74.0462705699999,4.70129316984566]},"properties":{"FID":927,"OBJECTID":927,"COD_ID_INT":69,"DIRECCION":"KR 17A X CL 122","LOCALIDAD":"USAQUEN","TIPO_INTER":"VEHICULAR, PEATONAL","INFRA_CICL":"SIN","OPERACION":"NORMAL"}},{"type":"Feature","id":928,"geometry":{"type":"Point","coordinates":[-74.0693716979999,4.61615672184845]},"properties":{"FID":928,"OBJECTID":928,"COD_ID_INT":1334,"DIRECCION":"KR 13 X CL 29","LOCALIDAD":"SANTA FE","TIPO_INTER":"EXCLUSIVA PEATONAL","INFRA_CICL":"SIN","OPERACION":"NORMAL"}},{"type":"Feature","id":929,"geometry":{"type":"Point","coordinates":[-74.07429694,4.60205270984896]},"properties":{"FID":929,"OBJECTID":929,"COD_ID_INT":474,"DIRECCION":"KR 8 X AV JIMENEZ (CL 13)","LOCALIDAD":"CANDELARIA","TIPO_INTER":"VEHICULAR, PEATONAL","INFRA_CICL":"SIN","OPERACION":"NORMAL"}},{"type":"Feature","id":930,"geometry":{"type":"Point","coordinates":[-74.1445485099999,4.60786568984873]},"properties":{"FID":930,"OBJECTID":930,"COD_ID_INT":845,"DIRECCION":"KR 72H X CL 39B S","LOCALIDAD":"KENNEDY","TIPO_INTER":"VEHICULAR, PEATONAL","INFRA_CICL":"SIN","OPERACION":"NORMAL"}},{"type":"Feature","id":931,"geometry":{"type":"Point","coordinates":[-74.0603215199999,4.68059696984639]},"properties":{"FID":931,"OBJECTID":931,"COD_ID_INT":194,"DIRECCION":"KR 47 X CL 93","LOCALIDAD":"BARRIOS UNIDOS","TIPO_INTER":"VEHICULAR, PEATONAL","INFRA_CICL":"SIN","OPERACION":"NORMAL"}},{"type":"Feature","id":932,"geometry":{"type":"Point","coordinates":[-74.06463424,4.65572886984721]},"properties":{"FID":932,"OBJECTID":932,"COD_ID_INT":262,"DIRECCION":"KR 15 X AV GABRIEL ANDRADE (AC 68)","LOCALIDAD":"BARRIOS UNIDOS","TIPO_INTER":"VEHICULAR","INFRA_CICL":"SIN","OPERACION":"NORMAL"}},{"type":"Feature","id":933,"geometry":{"type":"Point","coordinates":[-74.0521674999999,4.66691911984681]},"properties":{"FID":933,"OBJECTID":933,"COD_ID_INT":117,"DIRECCION":"AV GERMAN ARCINIEGAS (AK 11) X AV CALLE 82 (AC 82)","LOCALIDAD":"CHAPINERO","TIPO_INTER":"VEHICULAR, PEATONAL","INFRA_CICL":"CICLORUTA EN CALZADA","OPERACION":"NORMAL"}},{"type":"Feature","id":934,"geometry":{"type":"Point","coordinates":[-74.188141735,4.61835249584839]},"properties":{"FID":934,"OBJECTID":934,"COD_ID_INT":1560,"DIRECCION":"AV CIUDAD DE CALI (KR 85) X CALLE 61A SUR","LOCALIDAD":"BOSA","TIPO_INTER":"VEHICULAR, PEATONAL","INFRA_CICL":"SIN","OPERACION":"NORMAL"}},{"type":"Feature","id":935,"geometry":{"type":"Point","coordinates":[-74.04566024,4.74141652984437]},"properties":{"FID":935,"OBJECTID":935,"COD_ID_INT":64,"DIRECCION":"KR 21 X AV DE LAS ORQUIDEAS (AC 161)","LOCALIDAD":"USAQUEN","TIPO_INTER":"VEHICULAR","INFRA_CICL":"CICLORUTA","OPERACION":"NORMAL"}},{"type":"Feature","id":936,"geometry":{"type":"Point","coordinates":[-74.093760811,4.56743832185003]},"properties":{"FID":936,"OBJECTID":936,"COD_ID_INT":1566,"DIRECCION":"Kr 3 x Cl 27 A sur","LOCALIDAD":"SAN CRISTOBAL","TIPO_INTER":"VEHICULAR, PEATONAL","INFRA_CICL":"SIN","OPERACION":"NORMAL"}},{"type":"Feature","id":937,"geometry":{"type":"Point","coordinates":[-74.1071128099999,4.58702769984939]},"properties":{"FID":937,"OBJECTID":937,"COD_ID_INT":1026,"DIRECCION":"KR 24G X AV PRIMERO DE MAYO (CL 22 S)","LOCALIDAD":"ANTONIO NARINO","TIPO_INTER":"VEHICULAR, PEATONAL","INFRA_CICL":"SIN","OPERACION":"NORMAL"}},{"type":"Feature","id":938,"geometry":{"type":"Point","coordinates":[-74.1657863459999,4.61736665184842]},"properties":{"FID":938,"OBJECTID":938,"COD_ID_INT":1567,"DIRECCION":"CARRERA 79 X CALLE 45 SUR","LOCALIDAD":"KENNEDY","TIPO_INTER":"VEHICULAR, PEATONAL","INFRA_CICL":"SIN","OPERACION":"NORMAL"}},{"type":"Feature","id":939,"geometry":{"type":"Point","coordinates":[-74.18318544,4.60668463984876]},"properties":{"FID":939,"OBJECTID":939,"COD_ID_INT":930,"DIRECCION":"KR 79C X CL 63 SUR","LOCALIDAD":"BOSA","TIPO_INTER":"VEHICULAR","INFRA_CICL":"SIN","OPERACION":"NORMAL"}},{"type":"Feature","id":940,"geometry":{"type":"Point","coordinates":[-74.09636646,4.67022332984671]},"properties":{"FID":940,"OBJECTID":940,"COD_ID_INT":644,"DIRECCION":"KR 69 X CL 63C","LOCALIDAD":"ENGATIVA","TIPO_INTER":"VEHICULAR, PEATONAL","INFRA_CICL":"SIN","OPERACION":"NORMAL"}},{"type":"Feature","id":941,"geometry":{"type":"Point","coordinates":[-74.12557723,4.60594025984882]},"properties":{"FID":941,"OBJECTID":941,"COD_ID_INT":794,"DIRECCION":"KR 52 X AV PRIMERO DE MAYO (AC 26 S)","LOCALIDAD":"PUENTE ARANDA","TIPO_INTER":"VEHICULAR, PEATONAL","INFRA_CICL":"SIN","OPERACION":"NORMAL"}},{"type":"Feature","id":942,"geometry":{"type":"Point","coordinates":[-74.126219906,4.72761387084487]},"properties":{"FID":942,"OBJECTID":942,"COD_ID_INT":1519,"DIRECCION":"PUENTE DE GUADUA (RETORNO OCCIDENTE-OCCIDENTE) X KR 120 X AV MEDELLIN (AC 80)","LOCALIDAD":"ENGATIVA","TIPO_INTER":"VEHICULAR","INFRA_CICL":"CICLORUTA","OPERACION":"NORMAL"}},{"type":"Feature","id":943,"geometry":{"type":"Point","coordinates":[-74.10942177,4.65813529984708]},"properties":{"FID":943,"OBJECTID":943,"COD_ID_INT":1240,"DIRECCION":"KR 69B X CL 25","LOCALIDAD":"FONTIBON","TIPO_INTER":"VEHICULAR, PEATONAL, BICIUSUARIOS","INFRA_CICL":"CICLORUTA EN CALZADA","OPERACION":"NORMAL"}},{"type":"Feature","id":944,"geometry":{"type":"Point","coordinates":[-74.1191615,4.57606361984978]},"properties":{"FID":944,"OBJECTID":944,"COD_ID_INT":1050,"DIRECCION":"AV CARACAS (AK 14) X DG 38BIS SUR","LOCALIDAD":"RAFAEL URIBE","TIPO_INTER":"EXCLUSIVA PEATONAL","INFRA_CICL":"SIN","OPERACION":"NORMAL"}},{"type":"Feature","id":945,"geometry":{"type":"Point","coordinates":[-74.0668429799999,4.67708207984649]},"properties":{"FID":945,"OBJECTID":945,"COD_ID_INT":299,"DIRECCION":"AV ALFREDO D BATERMAN (AK 50) X CL 86A","LOCALIDAD":"BARRIOS UNIDOS","TIPO_INTER":"VEHICULAR, PEATONAL","INFRA_CICL":"CICLORUTA","OPERACION":"NORMAL"}},{"type":"Feature","id":946,"geometry":{"type":"Point","coordinates":[-74.07255013,4.61134164984862]},"properties":{"FID":946,"OBJECTID":946,"COD_ID_INT":427,"DIRECCION":"KR 13 X CL 24","LOCALIDAD":"SANTA FE","TIPO_INTER":"VEHICULAR, PEATONAL","INFRA_CICL":"CICLORUTA","OPERACION":"NORMAL"}},{"type":"Feature","id":947,"geometry":{"type":"Point","coordinates":[-74.174121973,4.63468580484788]},"properties":{"FID":947,"OBJECTID":947,"COD_ID_INT":1207,"DIRECCION":"KR 88G X AV CIUDAD DE VILLAVICENCIO (AC 43 SUR)","LOCALIDAD":"KENNEDY","TIPO_INTER":"EXCLUSIVA PEATONAL","INFRA_CICL":"CICLORUTA","OPERACION":"NORMAL"}},{"type":"Feature","id":948,"geometry":{"type":"Point","coordinates":[-74.0505259,4.6795205498464]},"properties":{"FID":948,"OBJECTID":948,"COD_ID_INT":104,"DIRECCION":"AV PASEO DEL COUNTRY (AK 15) X CL 94","LOCALIDAD":"CHAPINERO","TIPO_INTER":"VEHICULAR, PEATONAL","INFRA_CICL":"SIN","OPERACION":"NORMAL"}},{"type":"Feature","id":949,"geometry":{"type":"Point","coordinates":[-74.170625822,4.6386798968477]},"properties":{"FID":949,"OBJECTID":949,"COD_ID_INT":1524,"DIRECCION":"KR 89C X CL 40B SUR","LOCALIDAD":"KENNEDY","TIPO_INTER":"VEHICULAR, PEATONAL, BICIUSUARIOS","INFRA_CICL":"CICLORUTA","OPERACION":"NORMAL"}},{"type":"Feature","id":950,"geometry":{"type":"Point","coordinates":[-74.1265519999999,4.71180034984533]},"properties":{"FID":950,"OBJECTID":950,"COD_ID_INT":1166,"DIRECCION":"KR 110G X AV CHILE (AC 72)","LOCALIDAD":"ENGATIVA","TIPO_INTER":"VEHICULAR, PEATONAL","INFRA_CICL":"SIN","OPERACION":"NORMAL"}},{"type":"Feature","id":951,"geometry":{"type":"Point","coordinates":[-74.06285408,4.66271201984698]},"properties":{"FID":951,"OBJECTID":951,"COD_ID_INT":236,"DIRECCION":"KR 20B X CL 74","LOCALIDAD":"BARRIOS UNIDOS","TIPO_INTER":"VEHICULAR","INFRA_CICL":"SIN","OPERACION":"NORMAL"}},{"type":"Feature","id":952,"geometry":{"type":"Point","coordinates":[-74.08168821,4.60117312984897]},"properties":{"FID":952,"OBJECTID":952,"COD_ID_INT":544,"DIRECCION":"AV CARACAS (AK 14) X CL 10","LOCALIDAD":"SANTA FE","TIPO_INTER":"VEHICULAR","INFRA_CICL":"SIN","OPERACION":"NORMAL"}},{"type":"Feature","id":953,"geometry":{"type":"Point","coordinates":[-74.0945827199999,4.6334849098479]},"properties":{"FID":953,"OBJECTID":953,"COD_ID_INT":632,"DIRECCION":"KR 44A X AV DE LA ESPERANZA (AC 24)","LOCALIDAD":"TEUSAQUILLO","TIPO_INTER":"VEHICULAR, PEATONAL","INFRA_CICL":"SIN","OPERACION":"NORMAL"}},{"type":"Feature","id":954,"geometry":{"type":"Point","coordinates":[-74.0732336199999,4.61051324984864]},"properties":{"FID":954,"OBJECTID":954,"COD_ID_INT":442,"DIRECCION":"KR 13 X CL 23","LOCALIDAD":"SANTA FE","TIPO_INTER":"VEHICULAR, PEATONAL","INFRA_CICL":"CICLORUTA","OPERACION":"NORMAL"}},{"type":"Feature","id":955,"geometry":{"type":"Point","coordinates":[-74.06200595,4.73634501084452]},"properties":{"FID":955,"OBJECTID":955,"COD_ID_INT":1338,"DIRECCION":"AV LAS VILLAS (AK 58) X CL 152","LOCALIDAD":"SUBA","TIPO_INTER":"VEHICULAR, PEATONAL","INFRA_CICL":"SIN","OPERACION":"NORMAL"}},{"type":"Feature","id":956,"geometry":{"type":"Point","coordinates":[-74.11227945,4.65210601984733]},"properties":{"FID":956,"OBJECTID":956,"COD_ID_INT":739,"DIRECCION":"AV DE LA CONSTITUCION (AK 68D) X CL 23","LOCALIDAD":"FONTIBON","TIPO_INTER":"EXCLUSIVA PEATONAL","INFRA_CICL":"CICLORUTA","OPERACION":"NORMAL"}},{"type":"Feature","id":957,"geometry":{"type":"Point","coordinates":[-74.102167235,4.48571539885273]},"properties":{"FID":957,"OBJECTID":957,"COD_ID_INT":1209,"DIRECCION":"TV 7A ESTE X AUTOPISTA AL LLANO (AC 110 S)","LOCALIDAD":"USME","TIPO_INTER":"VEHICULAR, PEATONAL","INFRA_CICL":"SIN","OPERACION":"NORMAL"}},{"type":"Feature","id":958,"geometry":{"type":"Point","coordinates":[-74.160194131,4.61812691584839]},"properties":{"FID":958,"OBJECTID":958,"COD_ID_INT":1517,"DIRECCION":"TV 78J X CL 42 SUR","LOCALIDAD":"KENNEDY","TIPO_INTER":"VEHICULAR, PEATONAL","INFRA_CICL":"SIN","OPERACION":"NORMAL"}},{"type":"Feature","id":959,"geometry":{"type":"Point","coordinates":[-74.11339849,4.59623542984909]},"properties":{"FID":959,"OBJECTID":959,"COD_ID_INT":1038,"DIRECCION":"AV CIUDAD DE QUITO (TV 31) X AV PRIMERO DE MAYO (AC 26 S)","LOCALIDAD":"PUENTE ARANDA","TIPO_INTER":"VEHICULAR, PEATONAL","INFRA_CICL":"CICLORUTA","OPERACION":"NORMAL"}},{"type":"Feature","id":960,"geometry":{"type":"Point","coordinates":[-74.11907646,4.60679355984875]},"properties":{"FID":960,"OBJECTID":960,"COD_ID_INT":770,"DIRECCION":"AV BATALLON CALDAS (AK 50) X DG 16 SUR","LOCALIDAD":"PUENTE ARANDA","TIPO_INTER":"VEHICULAR, PEATONAL","INFRA_CICL":"SIN","OPERACION":"NORMAL"}},{"type":"Feature","id":961,"geometry":{"type":"Point","coordinates":[-74.0624883099999,4.60332227984885]},"properties":{"FID":961,"OBJECTID":961,"COD_ID_INT":225,"DIRECCION":"AV PATRICIO SAMPER GNECCO (KR 1 ESTE) X AV JIMENEZ (CL 22)","LOCALIDAD":"CANDELARIA","TIPO_INTER":"VEHICULAR, PEATONAL","INFRA_CICL":"SIN","OPERACION":"NORMAL"}},{"type":"Feature","id":962,"geometry":{"type":"Point","coordinates":[-74.1345065799999,4.60084346984895]},"properties":{"FID":962,"OBJECTID":962,"COD_ID_INT":815,"DIRECCION":"AV DEL CONGRESO EUCARISTICO (AK 68) X CL 40 SUR","LOCALIDAD":"KENNEDY","TIPO_INTER":"VEHICULAR, PEATONAL","INFRA_CICL":"SIN","OPERACION":"NORMAL"}},{"type":"Feature","id":963,"geometry":{"type":"Point","coordinates":[-74.09825975,4.56539047985014]},"properties":{"FID":963,"OBJECTID":963,"COD_ID_INT":1221,"DIRECCION":"KR 5A X CL 31 SUR","LOCALIDAD":"SAN CRISTOBAL","TIPO_INTER":"VEHICULAR, PEATONAL","INFRA_CICL":"CICLORUTA","OPERACION":"NORMAL"}},{"type":"Feature","id":964,"geometry":{"type":"Point","coordinates":[-74.0506778399999,4.66512562984685]},"properties":{"FID":964,"OBJECTID":964,"COD_ID_INT":106,"DIRECCION":"KR 9 X AV CALLE 82 (AC 82)","LOCALIDAD":"CHAPINERO","TIPO_INTER":"VEHICULAR","INFRA_CICL":"SIN","OPERACION":"NORMAL"}},{"type":"Feature","id":965,"geometry":{"type":"Point","coordinates":[-74.0630016599999,4.65263671984726]},"properties":{"FID":965,"OBJECTID":965,"COD_ID_INT":239,"DIRECCION":"KR 13 X CL 66","LOCALIDAD":"CHAPINERO","TIPO_INTER":"VEHICULAR, PEATONAL","INFRA_CICL":"SIN","OPERACION":"NORMAL"}},{"type":"Feature","id":966,"geometry":{"type":"Point","coordinates":[-74.11376875,4.68491201984625]},"properties":{"FID":966,"OBJECTID":966,"COD_ID_INT":747,"DIRECCION":"AV CIUDAD DE CALI (AK 86) X DG 63F","LOCALIDAD":"ENGATIVA","TIPO_INTER":"VEHICULAR, PEATONAL","INFRA_CICL":"CICLORUTA","OPERACION":"NORMAL"}},{"type":"Feature","id":967,"geometry":{"type":"Point","coordinates":[-74.11579547,4.63991180984771]},"properties":{"FID":967,"OBJECTID":967,"COD_ID_INT":754,"DIRECCION":"AV DEL CONGRESO EUCARISTICO (AK 68) X AV PUENTE ARANDA (AC 17)","LOCALIDAD":"PUENTE ARANDA","TIPO_INTER":"VEHICULAR, PEATONAL","INFRA_CICL":"SIN","OPERACION":"NORMAL"}},{"type":"Feature","id":968,"geometry":{"type":"Point","coordinates":[-74.1584565599999,4.62238497984826]},"properties":{"FID":968,"OBJECTID":968,"COD_ID_INT":891,"DIRECCION":"KR 79 X CL 40C SUR","LOCALIDAD":"KENNEDY","TIPO_INTER":"VEHICULAR, PEATONAL","INFRA_CICL":"SIN","OPERACION":"NORMAL"}},{"type":"Feature","id":969,"geometry":{"type":"Point","coordinates":[-74.0766460099999,4.67031616984669]},"properties":{"FID":969,"OBJECTID":969,"COD_ID_INT":505,"DIRECCION":"TV 56A X AV CHILE (AC 72)","LOCALIDAD":"BARRIOS UNIDOS","TIPO_INTER":"VEHICULAR, PEATONAL, BICIUSUARIOS","INFRA_CICL":"CICLORUTA","OPERACION":"NORMAL"}},{"type":"Feature","id":970,"geometry":{"type":"Point","coordinates":[-74.18340556,4.60708960984876]},"properties":{"FID":970,"OBJECTID":970,"COD_ID_INT":931,"DIRECCION":"AV AGOBERTO MEJIA CIFUENTES (KR 80) X CL 63 SUR","LOCALIDAD":"BOSA","TIPO_INTER":"VEHICULAR","INFRA_CICL":"SIN","OPERACION":"NORMAL"}},{"type":"Feature","id":971,"geometry":{"type":"Point","coordinates":[-74.08176198,4.67153396984666]},"properties":{"FID":971,"OBJECTID":971,"COD_ID_INT":547,"DIRECCION":"AV DE LA ESMERALDA (AK 60) X AV GABRIEL ANDRADE (AC 68)","LOCALIDAD":"BARRIOS UNIDOS","TIPO_INTER":"VEHICULAR, PEATONAL","INFRA_CICL":"SIN","OPERACION":"NORMAL"}},{"type":"Feature","id":972,"geometry":{"type":"Point","coordinates":[-74.09284129,4.63088278984798]},"properties":{"FID":972,"OBJECTID":972,"COD_ID_INT":617,"DIRECCION":"AV PEDRO LEON TRABUCHY (AK 40) X AV DE LA ESPERANZA (AC 24)","LOCALIDAD":"TEUSAQUILLO","TIPO_INTER":"VEHICULAR, PEATONAL","INFRA_CICL":"SIN","OPERACION":"NORMAL"}},{"type":"Feature","id":973,"geometry":{"type":"Point","coordinates":[-74.05375255,4.69082758984602]},"properties":{"FID":973,"OBJECTID":973,"COD_ID_INT":137,"DIRECCION":"KR 21 X CL 104","LOCALIDAD":"USAQUEN","TIPO_INTER":"VEHICULAR, PEATONAL","INFRA_CICL":"SIN","OPERACION":"NORMAL"}},{"type":"Feature","id":974,"geometry":{"type":"Point","coordinates":[-74.07903921,4.57282083984984]},"properties":{"FID":974,"OBJECTID":974,"COD_ID_INT":948,"DIRECCION":"KR 6 ESTE X AV FUCHA (AC 11 SUR)","LOCALIDAD":"SAN CRISTOBAL","TIPO_INTER":"VEHICULAR, PEATONAL","INFRA_CICL":"SIN","OPERACION":"NORMAL"}},{"type":"Feature","id":975,"geometry":{"type":"Point","coordinates":[-74.183476962,4.61015713984867]},"properties":{"FID":975,"OBJECTID":975,"COD_ID_INT":1527,"DIRECCION":"KR 80H X CL 60 SUR","LOCALIDAD":"BOSA","TIPO_INTER":"VEHICULAR, PEATONAL, BICIUSUARIOS","INFRA_CICL":"CICLORUTA EN CALZADA","OPERACION":"NORMAL"}},{"type":"Feature","id":976,"geometry":{"type":"Point","coordinates":[-74.1037067,4.60089888984896]},"properties":{"FID":976,"OBJECTID":976,"COD_ID_INT":692,"DIRECCION":"AV CIUDAD DE QUITO (AK 30) X CL 1F","LOCALIDAD":"PUENTE ARANDA","TIPO_INTER":"VEHICULAR, PEATONAL","INFRA_CICL":"CICLORUTA","OPERACION":"NORMAL"}},{"type":"Feature","id":977,"geometry":{"type":"Point","coordinates":[-74.11257939,4.67932832984639]},"properties":{"FID":977,"OBJECTID":977,"COD_ID_INT":741,"DIRECCION":"TV 85 X AV PABLO VI (AC 53)","LOCALIDAD":"ENGATIVA","TIPO_INTER":"VEHICULAR","INFRA_CICL":"SIN","OPERACION":"NORMAL"}},{"type":"Feature","id":978,"geometry":{"type":"Point","coordinates":[-74.11133466,4.65691132984717]},"properties":{"FID":978,"OBJECTID":978,"COD_ID_INT":734,"DIRECCION":"KR 69B X CL 24A","LOCALIDAD":"FONTIBON","TIPO_INTER":"VEHICULAR, PEATONAL","INFRA_CICL":"SIN","OPERACION":"NORMAL"}},{"type":"Feature","id":979,"geometry":{"type":"Point","coordinates":[-74.129972269,4.57048327984998]},"properties":{"FID":979,"OBJECTID":979,"COD_ID_INT":1085,"DIRECCION":"AV CIUDAD DE VILLAVICENCIO (KR 19C) X CL 51 SUR","LOCALIDAD":"TUNJUELITO","TIPO_INTER":"VEHICULAR, PEATONAL","INFRA_CICL":"CICLORUTA","OPERACION":"NORMAL"}},{"type":"Feature","id":980,"geometry":{"type":"Point","coordinates":[-74.05626417,4.71926931984509]},"properties":{"FID":980,"OBJECTID":980,"COD_ID_INT":158,"DIRECCION":"KR 50 X AV IBERIA (AC 134)","LOCALIDAD":"SUBA","TIPO_INTER":"VEHICULAR, PEATONAL","INFRA_CICL":"CICLORUTA","OPERACION":"NORMAL"}},{"type":"Feature","id":981,"geometry":{"type":"Point","coordinates":[-74.05977093,4.68387801984628]},"properties":{"FID":981,"OBJECTID":981,"COD_ID_INT":187,"DIRECCION":"KR 47 X CL 95","LOCALIDAD":"BARRIOS UNIDOS","TIPO_INTER":"VEHICULAR, PEATONAL","INFRA_CICL":"SIN","OPERACION":"NORMAL"}},{"type":"Feature","id":982,"geometry":{"type":"Point","coordinates":[-74.09759654,4.5890246798493]},"properties":{"FID":982,"OBJECTID":982,"COD_ID_INT":993,"DIRECCION":"KR 19 X CL 10B SUR","LOCALIDAD":"ANTONIO NARINO","TIPO_INTER":"VEHICULAR, PEATONAL","INFRA_CICL":"SIN","OPERACION":"NORMAL"}},{"type":"Feature","id":983,"geometry":{"type":"Point","coordinates":[-74.07339666,4.64543161984753]},"properties":{"FID":983,"OBJECTID":983,"COD_ID_INT":444,"DIRECCION":"TV 25 X AV GILBERTO ALZATE AVENDANO (AC 57)","LOCALIDAD":"TEUSAQUILLO","TIPO_INTER":"VEHICULAR, PEATONAL","INFRA_CICL":"SIN","OPERACION":"NORMAL"}},{"type":"Feature","id":984,"geometry":{"type":"Point","coordinates":[-74.0972495999999,4.70022893984573]},"properties":{"FID":984,"OBJECTID":984,"COD_ID_INT":648,"DIRECCION":"KR 81 X AV MEDELLIN (AC 80)","LOCALIDAD":"ENGATIVA","TIPO_INTER":"VEHICULAR, PEATONAL","INFRA_CICL":"CICLORUTA","OPERACION":"NORMAL"}},{"type":"Feature","id":985,"geometry":{"type":"Point","coordinates":[-74.0494736799999,4.70185577984571]},"properties":{"FID":985,"OBJECTID":985,"COD_ID_INT":96,"DIRECCION":"AV SANTA BARBARA (AK 19) X CL 122","LOCALIDAD":"USAQUEN","TIPO_INTER":"VEHICULAR","INFRA_CICL":"CICLORUTA","OPERACION":"NORMAL"}},{"type":"Feature","id":986,"geometry":{"type":"Point","coordinates":[-74.0523568899999,4.67597010984652]},"properties":{"FID":986,"OBJECTID":986,"COD_ID_INT":120,"DIRECCION":"AV PASEO DEL COUNTRY (AK 15) X AV ALEJANDRO OBREGON (AC 92)","LOCALIDAD":"CHAPINERO","TIPO_INTER":"VEHICULAR, PEATONAL, BICIUSUARIOS","INFRA_CICL":"CICLORUTA","OPERACION":"NORMAL"}},{"type":"Feature","id":987,"geometry":{"type":"Point","coordinates":[-74.11895741,4.70600360984553]},"properties":{"FID":987,"OBJECTID":987,"COD_ID_INT":768,"DIRECCION":"AV BOLIVIA (AK 104) X AV CHILE (AC 72)","LOCALIDAD":"ENGATIVA","TIPO_INTER":"VEHICULAR, PEATONAL","INFRA_CICL":"SIN","OPERACION":"NORMAL"}},{"type":"Feature","id":988,"geometry":{"type":"Point","coordinates":[-74.1366779799999,4.67951573984641]},"properties":{"FID":988,"OBJECTID":988,"COD_ID_INT":824,"DIRECCION":"KR 100 X CL 23D","LOCALIDAD":"FONTIBON","TIPO_INTER":"VEHICULAR, PEATONAL","INFRA_CICL":"SIN","OPERACION":"NORMAL"}},{"type":"Feature","id":989,"geometry":{"type":"Point","coordinates":[-74.15458266,4.599900149849]},"properties":{"FID":989,"OBJECTID":989,"COD_ID_INT":882,"DIRECCION":"KR 63 X CL 57B SUR","LOCALIDAD":"BOSA","TIPO_INTER":"VEHICULAR","INFRA_CICL":"SIN","OPERACION":"NORMAL"}},{"type":"Feature","id":990,"geometry":{"type":"Point","coordinates":[-74.03842602,4.73742374984454]},"properties":{"FID":990,"OBJECTID":990,"COD_ID_INT":28,"DIRECCION":"AV JORGE URIBE BOTERO (AK 15) X CL 159","LOCALIDAD":"USAQUEN","TIPO_INTER":"VEHICULAR, PEATONAL","INFRA_CICL":"SIN","OPERACION":"NORMAL"}},{"type":"Feature","id":991,"geometry":{"type":"Point","coordinates":[-74.185451917,4.61877775384839]},"properties":{"FID":991,"OBJECTID":991,"COD_ID_INT":1538,"DIRECCION":"AV CUIDAD DE CALI (KR 84C) X CL 58D SUR","LOCALIDAD":"BOSA","TIPO_INTER":"EXCLUSIVA PEATONAL","INFRA_CICL":"SIN","OPERACION":"NORMAL"}},{"type":"Feature","id":992,"geometry":{"type":"Point","coordinates":[-74.0656904699999,4.64411030984753]},"properties":{"FID":992,"OBJECTID":992,"COD_ID_INT":275,"DIRECCION":"AV CARACAS (AK 14) X AV GILBERTO ALZATE AVENDANO (AC 57)","LOCALIDAD":"TEUSAQUILLO","TIPO_INTER":"VEHICULAR, PEATONAL","INFRA_CICL":"SIN","OPERACION":"NORMAL"}},{"type":"Feature","id":993,"geometry":{"type":"Point","coordinates":[-74.13408078,4.58541694984944]},"properties":{"FID":993,"OBJECTID":993,"COD_ID_INT":1091,"DIRECCION":"AV JORGE GAITAN CORTES (KR 33) X CL 49A SUR","LOCALIDAD":"TUNJUELITO","TIPO_INTER":"VEHICULAR","INFRA_CICL":"SIN","OPERACION":"NORMAL"}},{"type":"Feature","id":994,"geometry":{"type":"Point","coordinates":[-74.06064768,4.63866924984771]},"properties":{"FID":994,"OBJECTID":994,"COD_ID_INT":201,"DIRECCION":"TV 3 X AV PABLO VI (AC 53)","LOCALIDAD":"CHAPINERO","TIPO_INTER":"VEHICULAR, PEATONAL","INFRA_CICL":"SIN","OPERACION":"NORMAL"}},{"type":"Feature","id":995,"geometry":{"type":"Point","coordinates":[-74.090693637,4.55328802885051]},"properties":{"FID":995,"OBJECTID":995,"COD_ID_INT":1632,"DIRECCION":"KR 6 ESTE X AC 37 SUR","LOCALIDAD":"SAN CRISTOBAL","TIPO_INTER":"VEHICULAR","INFRA_CICL":"SIN","OPERACION":"NORMAL"}},{"type":"Feature","id":996,"geometry":{"type":"Point","coordinates":[-74.14978186,4.67761751984649]},"properties":{"FID":996,"OBJECTID":996,"COD_ID_INT":1448,"DIRECCION":"KR 107A X CL 17","LOCALIDAD":"FONTIBON","TIPO_INTER":"VEHICULAR, PEATONAL","INFRA_CICL":"SIN","OPERACION":"NORMAL"}},{"type":"Feature","id":997,"geometry":{"type":"Point","coordinates":[-74.117436794,4.51978407985156]},"properties":{"FID":997,"OBJECTID":997,"COD_ID_INT":1367,"DIRECCION":"AV CARACAS (AK 1) X CL 72 SUR","LOCALIDAD":"USME","TIPO_INTER":"VEHICULAR, PEATONAL","INFRA_CICL":"SIN","OPERACION":"NORMAL"}},{"type":"Feature","id":998,"geometry":{"type":"Point","coordinates":[-74.0776498499999,4.61255092984858]},"properties":{"FID":998,"OBJECTID":998,"COD_ID_INT":519,"DIRECCION":"KR 17 X CL 22","LOCALIDAD":"LOS MARTIRES","TIPO_INTER":"VEHICULAR","INFRA_CICL":"SIN","OPERACION":"NORMAL"}},{"type":"Feature","id":999,"geometry":{"type":"Point","coordinates":[-74.07666089,4.69902208984573]},"properties":{"FID":999,"OBJECTID":999,"COD_ID_INT":510,"DIRECCION":"KR 70H X AV PEPE SIERRA (AC 116)","LOCALIDAD":"SUBA","TIPO_INTER":"VEHICULAR","INFRA_CICL":"SIN","OPERACION":"NORMAL"}},{"type":"Feature","id":1000,"geometry":{"type":"Point","coordinates":[-74.04756128,4.69805427984581]},"properties":{"FID":1000,"OBJECTID":1000,"COD_ID_INT":72,"DIRECCION":"KR 18 X AV PEPE SIERRA (AC 116)","LOCALIDAD":"USAQUEN","TIPO_INTER":"VEHICULAR, PEATONAL, BICIUSUARIOS","INFRA_CICL":"CICLORUTA","OPERACION":"NORMAL"}},{"type":"Feature","id":1001,"geometry":{"type":"Point","coordinates":[-74.09196077,4.55421288985047]},"properties":{"FID":1001,"OBJECTID":1001,"COD_ID_INT":973,"DIRECCION":"AV LA VICTORIA (AK 4 ESTE) X AV CIUDAD DE VILLAVICENCIO (AC 37 SUR)","LOCALIDAD":"SAN CRISTOBAL","TIPO_INTER":"VEHICULAR","INFRA_CICL":"SIN","OPERACION":"NORMAL"}},{"type":"Feature","id":1002,"geometry":{"type":"Point","coordinates":[-74.14305575,4.6362784798478]},"properties":{"FID":1002,"OBJECTID":1002,"COD_ID_INT":844,"DIRECCION":"KR 78 X CL 7ABISC","LOCALIDAD":"KENNEDY","TIPO_INTER":"VEHICULAR, PEATONAL","INFRA_CICL":"SIN","OPERACION":"NORMAL"}},{"type":"Feature","id":1003,"geometry":{"type":"Point","coordinates":[-74.141080557,4.58154527384961]},"properties":{"FID":1003,"OBJECTID":1003,"COD_ID_INT":1466,"DIRECCION":"JORGE GAITAN CORTES (KR 33) X CL 55 SUR","LOCALIDAD":"TUNJUELITO","TIPO_INTER":"VEHICULAR, PEATONAL","INFRA_CICL":"SIN","OPERACION":"NORMAL"}},{"type":"Feature","id":1004,"geometry":{"type":"Point","coordinates":[-74.11872231,4.64722856984745]},"properties":{"FID":1004,"OBJECTID":1004,"COD_ID_INT":775,"DIRECCION":"KR 69 X AV INDUSTRIAL (CL 19)","LOCALIDAD":"FONTIBON","TIPO_INTER":"VEHICULAR, PEATONAL","INFRA_CICL":"SIN","OPERACION":"NORMAL"}},{"type":"Feature","id":1005,"geometry":{"type":"Point","coordinates":[-74.07192402,4.63496285984784]},"properties":{"FID":1005,"OBJECTID":1005,"COD_ID_INT":410,"DIRECCION":"TV 19BIS X DG 45D","LOCALIDAD":"TEUSAQUILLO","TIPO_INTER":"VEHICULAR, PEATONAL","INFRA_CICL":"SIN","OPERACION":"NORMAL"}},{"type":"Feature","id":1006,"geometry":{"type":"Point","coordinates":[-74.07527757,4.61067444984862]},"properties":{"FID":1006,"OBJECTID":1006,"COD_ID_INT":487,"DIRECCION":"AV CARACAS (AK 14) X CL 22","LOCALIDAD":"SANTA FE","TIPO_INTER":"VEHICULAR, PEATONAL","INFRA_CICL":"SIN","OPERACION":"NORMAL"}},{"type":"Feature","id":1007,"geometry":{"type":"Point","coordinates":[-74.1116524,4.64401830984755]},"properties":{"FID":1007,"OBJECTID":1007,"COD_ID_INT":735,"DIRECCION":"AV DEL CONGRESO EUCARISTICO (AK 68) X CL 20","LOCALIDAD":"PUENTE ARANDA","TIPO_INTER":"VEHICULAR, PEATONAL","INFRA_CICL":"SIN","OPERACION":"NORMAL"}},{"type":"Feature","id":1008,"geometry":{"type":"Point","coordinates":[-74.0445085699999,4.74670642984424]},"properties":{"FID":1008,"OBJECTID":1008,"COD_ID_INT":57,"DIRECCION":"KR 21 X CL 166","LOCALIDAD":"USAQUEN","TIPO_INTER":"VEHICULAR, PEATONAL","INFRA_CICL":"SIN","OPERACION":"NORMAL"}},{"type":"Feature","id":1009,"geometry":{"type":"Point","coordinates":[-74.125593656,4.5835729538495]},"properties":{"FID":1009,"OBJECTID":1009,"COD_ID_INT":1072,"DIRECCION":"KR 27 X CL 42 SUR","LOCALIDAD":"RAFAEL URIBE","TIPO_INTER":"VEHICULAR, PEATONAL","INFRA_CICL":"SIN","OPERACION":"NORMAL"}},{"type":"Feature","id":1010,"geometry":{"type":"Point","coordinates":[-74.0597268,4.64786876984744]},"properties":{"FID":1010,"OBJECTID":1010,"COD_ID_INT":188,"DIRECCION":"AV ALBERTO LLERAS CAMARGO (AK 7) X AV JOSE CELESTINO MUTIS (AC 63)","LOCALIDAD":"CHAPINERO","TIPO_INTER":"VEHICULAR, PEATONAL","INFRA_CICL":"SIN","OPERACION":"NORMAL"}},{"type":"Feature","id":1011,"geometry":{"type":"Point","coordinates":[-74.0817658,4.58659372984945]},"properties":{"FID":1011,"OBJECTID":1011,"COD_ID_INT":953,"DIRECCION":"KR 7 X AV DE LA HORTUA (CL 1)","LOCALIDAD":"SANTA FE","TIPO_INTER":"VEHICULAR, PEATONAL","INFRA_CICL":"SIN","OPERACION":"OBRAS"}},{"type":"Feature","id":1012,"geometry":{"type":"Point","coordinates":[-74.085477851,4.68597463384618]},"properties":{"FID":1012,"OBJECTID":1012,"COD_ID_INT":568,"DIRECCION":"KR 69H X CL 77","LOCALIDAD":"ENGATIVA","TIPO_INTER":"VEHICULAR, PEATONAL","INFRA_CICL":"SIN","OPERACION":"NORMAL"}},{"type":"Feature","id":1013,"geometry":{"type":"Point","coordinates":[-74.04501637,4.73167014984472]},"properties":{"FID":1013,"OBJECTID":1013,"COD_ID_INT":1355,"DIRECCION":"AV SANTA BARBARA (AK 19) X CL 150","LOCALIDAD":"USAQUEN","TIPO_INTER":"VEHICULAR, PEATONAL, BICIUSUARIOS","INFRA_CICL":"CICLORUTA","OPERACION":"NORMAL"}},{"type":"Feature","id":1014,"geometry":{"type":"Point","coordinates":[-74.04897607,4.69190425984601]},"properties":{"FID":1014,"OBJECTID":1014,"COD_ID_INT":1368,"DIRECCION":"KR 17A X CL 106","LOCALIDAD":"USAQUEN","TIPO_INTER":"VEHICULAR, PEATONAL","INFRA_CICL":"SIN","OPERACION":"NORMAL"}},{"type":"Feature","id":1015,"geometry":{"type":"Point","coordinates":[-74.0985158399999,4.58340733984955]},"properties":{"FID":1015,"OBJECTID":1015,"COD_ID_INT":997,"DIRECCION":"AV CARACAS (AK 14) X CL 17 SUR","LOCALIDAD":"ANTONIO NARINO","TIPO_INTER":"VEHICULAR, PEATONAL","INFRA_CICL":"SIN","OPERACION":"NORMAL"}},{"type":"Feature","id":1016,"geometry":{"type":"Point","coordinates":[-74.1226604399999,4.66930052984673]},"properties":{"FID":1016,"OBJECTID":1016,"COD_ID_INT":785,"DIRECCION":"KR 82 X AV LUIS CARLOS GALAN (AC 24)","LOCALIDAD":"FONTIBON","TIPO_INTER":"VEHICULAR","INFRA_CICL":"SIN","OPERACION":"NORMAL"}},{"type":"Feature","id":1017,"geometry":{"type":"Point","coordinates":[-74.1396061899999,4.57316027984983]},"properties":{"FID":1017,"OBJECTID":1017,"COD_ID_INT":1103,"DIRECCION":"AV MARISCAL SUCRE (KR 24) X AV BOYACA (CL 56A S)","LOCALIDAD":"TUNJUELITO","TIPO_INTER":"VEHICULAR","INFRA_CICL":"CICLORUTA","OPERACION":"NORMAL"}},{"type":"Feature","id":1018,"geometry":{"type":"Point","coordinates":[-74.063593074,4.73071825284471]},"properties":{"FID":1018,"OBJECTID":1018,"COD_ID_INT":1343,"DIRECCION":"AV LAS VILLAS (AK 58) X CL 145","LOCALIDAD":"SUBA","TIPO_INTER":"VEHICULAR, PEATONAL","INFRA_CICL":"SIN","OPERACION":"NORMAL"}},{"type":"Feature","id":1019,"geometry":{"type":"Point","coordinates":[-74.04291134,4.74068369984439]},"properties":{"FID":1019,"OBJECTID":1019,"COD_ID_INT":42,"DIRECCION":"AV SANTA BARBARA (AK 19) X AV DE LAS ORQUIDEAS (AC 161)","LOCALIDAD":"USAQUEN","TIPO_INTER":"VEHICULAR","INFRA_CICL":"CICLORUTA, CICLORUTA EN CALZADA","OPERACION":"NORMAL"}},{"type":"Feature","id":1020,"geometry":{"type":"Point","coordinates":[-74.15012961,4.62762968984809]},"properties":{"FID":1020,"OBJECTID":1020,"COD_ID_INT":864,"DIRECCION":"KR 78K X CL 26 SUR","LOCALIDAD":"KENNEDY","TIPO_INTER":"VEHICULAR, PEATONAL","INFRA_CICL":"CICLORUTA EN CALZADA","OPERACION":"NORMAL"}},{"type":"Feature","id":1021,"geometry":{"type":"Point","coordinates":[-74.0643528099999,4.70930951984541]},"properties":{"FID":1021,"OBJECTID":1021,"COD_ID_INT":258,"DIRECCION":"AV CORDOBA (AK 55) X AV RODRIGO LARA BONILLA (AC 127)","LOCALIDAD":"SUBA","TIPO_INTER":"VEHICULAR","INFRA_CICL":"CICLORUTA","OPERACION":"NORMAL"}},{"type":"Feature","id":1022,"geometry":{"type":"Point","coordinates":[-74.0817037799999,4.63101960984799]},"properties":{"FID":1022,"OBJECTID":1022,"COD_ID_INT":1326,"DIRECCION":"KR 33 X CL 28","LOCALIDAD":"TEUSAQUILLO","TIPO_INTER":"VEHICULAR, PEATONAL","INFRA_CICL":"SIN","OPERACION":"NORMAL"}},{"type":"Feature","id":1023,"geometry":{"type":"Point","coordinates":[-74.08367034,4.61447665984853]},"properties":{"FID":1023,"OBJECTID":1023,"COD_ID_INT":558,"DIRECCION":"KR 22 X AV CIUDAD DE LIMA (AC 19)","LOCALIDAD":"LOS MARTIRES","TIPO_INTER":"VEHICULAR, PEATONAL","INFRA_CICL":"SIN","OPERACION":"NORMAL"}},{"type":"Feature","id":1024,"geometry":{"type":"Point","coordinates":[-74.08542253,4.60602719984877]},"properties":{"FID":1024,"OBJECTID":1024,"COD_ID_INT":1263,"DIRECCION":"KR 19 X CL 12","LOCALIDAD":"LOS MARTIRES","TIPO_INTER":"VEHICULAR, PEATONAL","INFRA_CICL":"SIN","OPERACION":"NORMAL"}},{"type":"Feature","id":1025,"geometry":{"type":"Point","coordinates":[-74.063008434,4.67234427984665]},"properties":{"FID":1025,"OBJECTID":1025,"COD_ID_INT":1654,"DIRECCION":"AVENIDA CARRERA 24 POR CALLE 84","LOCALIDAD":"BARRIOS UNIDOS","TIPO_INTER":"VEHICULAR, PEATONAL, BICIUSUARIOS","INFRA_CICL":"SIN","OPERACION":"NORMAL"}},{"type":"Feature","id":1026,"geometry":{"type":"Point","coordinates":[-74.0737405099999,4.60314060984887]},"properties":{"FID":1026,"OBJECTID":1026,"COD_ID_INT":1362,"DIRECCION":"KR 8 X CL 16","LOCALIDAD":"SANTA FE","TIPO_INTER":"EXCLUSIVA PEATONAL","INFRA_CICL":"SIN","OPERACION":"NORMAL"}},{"type":"Feature","id":1027,"geometry":{"type":"Point","coordinates":[-74.120486808,4.52768375085134]},"properties":{"FID":1027,"OBJECTID":1027,"COD_ID_INT":1319,"DIRECCION":"AV CARACAS (AK 14) X KR 13","LOCALIDAD":"USME","TIPO_INTER":"VEHICULAR","INFRA_CICL":"SIN","OPERACION":"NORMAL"}},{"type":"Feature","id":1028,"geometry":{"type":"Point","coordinates":[-74.0748037989999,4.63688943184776]},"properties":{"FID":1028,"OBJECTID":1028,"COD_ID_INT":1620,"DIRECCION":"AVENIDA COLOMBIA (KR 24) X CL 45C BIS","LOCALIDAD":"TEUSAQUILLO","TIPO_INTER":"VEHICULAR, PEATONAL","INFRA_CICL":"SIN","OPERACION":"NORMAL"}},{"type":"Feature","id":1029,"geometry":{"type":"Point","coordinates":[-74.0707968999999,4.62601299984815]},"properties":{"FID":1029,"OBJECTID":1029,"COD_ID_INT":386,"DIRECCION":"KR 16 X CL 37","LOCALIDAD":"TEUSAQUILLO","TIPO_INTER":"VEHICULAR","INFRA_CICL":"SIN","OPERACION":"NORMAL"}},{"type":"Feature","id":1030,"geometry":{"type":"Point","coordinates":[-74.1263562999999,4.69629802984586]},"properties":{"FID":1030,"OBJECTID":1030,"COD_ID_INT":796,"DIRECCION":"KR 105 X AV JOSE CELESTINO MUTIS (AC 63)","LOCALIDAD":"ENGATIVA","TIPO_INTER":"VEHICULAR, PEATONAL","INFRA_CICL":"CICLORUTA","OPERACION":"NORMAL"}},{"type":"Feature","id":1031,"geometry":{"type":"Point","coordinates":[-74.06255881,4.67555789984654]},"properties":{"FID":1031,"OBJECTID":1031,"COD_ID_INT":226,"DIRECCION":"AV COLOMBIA (AK 24) X CL 87","LOCALIDAD":"BARRIOS UNIDOS","TIPO_INTER":"VEHICULAR, PEATONAL, BICIUSUARIOS","INFRA_CICL":"SIN","OPERACION":"NORMAL"}},{"type":"Feature","id":1032,"geometry":{"type":"Point","coordinates":[-74.0742929899999,4.600006709849]},"properties":{"FID":1032,"OBJECTID":1032,"COD_ID_INT":469,"DIRECCION":"KR 7 X CL 12B","LOCALIDAD":"CANDELARIA","TIPO_INTER":"VEHICULAR, PEATONAL, BICIUSUARIOS","INFRA_CICL":"CICLORUTA EN CALZADA","OPERACION":"NORMAL"}},{"type":"Feature","id":1033,"geometry":{"type":"Point","coordinates":[-74.04840703,4.67841200984644]},"properties":{"FID":1033,"OBJECTID":1033,"COD_ID_INT":85,"DIRECCION":"KR 13 X CL 94","LOCALIDAD":"CHAPINERO","TIPO_INTER":"VEHICULAR, PEATONAL","INFRA_CICL":"SIN","OPERACION":"NORMAL"}},{"type":"Feature","id":1034,"geometry":{"type":"Point","coordinates":[-74.1377676079999,4.59467975484919]},"properties":{"FID":1034,"OBJECTID":1034,"COD_ID_INT":1145,"DIRECCION":"AV DEL CONGRESO EUCARISTICO (KR 53)  X AV DEL SUR (CL 45A S)","LOCALIDAD":"TUNJUELITO","TIPO_INTER":"EXCLUSIVA PEATONAL","INFRA_CICL":"CICLORUTA","OPERACION":"NORMAL"}},{"type":"Feature","id":1035,"geometry":{"type":"Point","coordinates":[-74.0735142199999,4.6247282998482]},"properties":{"FID":1035,"OBJECTID":1035,"COD_ID_INT":464,"DIRECCION":"AV MARISCAL SUCRE (AK 19) X DG 35BIS","LOCALIDAD":"TEUSAQUILLO","TIPO_INTER":"VEHICULAR, PEATONAL","INFRA_CICL":"SIN","OPERACION":"NORMAL"}},{"type":"Feature","id":1036,"geometry":{"type":"Point","coordinates":[-74.15654015,4.61986608984836]},"properties":{"FID":1036,"OBJECTID":1036,"COD_ID_INT":1288,"DIRECCION":"TV 78K X CL 41 SUR","LOCALIDAD":"KENNEDY","TIPO_INTER":"VEHICULAR, PEATONAL, BICIUSUARIOS","INFRA_CICL":"CICLORUTA EN CALZADA","OPERACION":"NORMAL"}},{"type":"Feature","id":1037,"geometry":{"type":"Point","coordinates":[-74.1073467419999,4.49835492285227]},"properties":{"FID":1037,"OBJECTID":1037,"COD_ID_INT":1020,"DIRECCION":"AUTOPISTA AL LLANO (KR 1) X CL 91 SUR","LOCALIDAD":"USME","TIPO_INTER":"VEHICULAR, PEATONAL","INFRA_CICL":"SIN","OPERACION":"NORMAL"}},{"type":"Feature","id":1038,"geometry":{"type":"Point","coordinates":[-74.15978748,4.68692991984619]},"properties":{"FID":1038,"OBJECTID":1038,"COD_ID_INT":1335,"DIRECCION":"KR 123 X AV CENTENARIO (AC 17)","LOCALIDAD":"FONTIBON","TIPO_INTER":"VEHICULAR, PEATONAL","INFRA_CICL":"SIN","OPERACION":"NORMAL"}},{"type":"Feature","id":1039,"geometry":{"type":"Point","coordinates":[-74.04451833,4.73378328984467]},"properties":{"FID":1039,"OBJECTID":1039,"COD_ID_INT":58,"DIRECCION":"AV SANTA BARBARA (AK 19) X CL 152","LOCALIDAD":"USAQUEN","TIPO_INTER":"VEHICULAR","INFRA_CICL":"CICLORUTA","OPERACION":"NORMAL"}},{"type":"Feature","id":1040,"geometry":{"type":"Point","coordinates":[-74.06228136,4.68431858984623]},"properties":{"FID":1040,"OBJECTID":1040,"COD_ID_INT":1140,"DIRECCION":"KR 50 X CL 95","LOCALIDAD":"BARRIOS UNIDOS","TIPO_INTER":"VEHICULAR, PEATONAL","INFRA_CICL":"CICLORUTA","OPERACION":"NORMAL"}},{"type":"Feature","id":1041,"geometry":{"type":"Point","coordinates":[-74.033310045,4.76030135884377]},"properties":{"FID":1041,"OBJECTID":1041,"COD_ID_INT":1337,"DIRECCION":"KR 11 X AV SAN ANTONIO (AC 183)","LOCALIDAD":"USAQUEN","TIPO_INTER":"VEHICULAR, PEATONAL","INFRA_CICL":"SIN","OPERACION":"NORMAL"}},{"type":"Feature","id":1042,"geometry":{"type":"Point","coordinates":[-74.08603668,4.60894167984868]},"properties":{"FID":1042,"OBJECTID":1042,"COD_ID_INT":566,"DIRECCION":"KR 21 X AV COLON (AC 13)","LOCALIDAD":"LOS MARTIRES","TIPO_INTER":"EXCLUSIVA PEATONAL","INFRA_CICL":"CICLORUTA","OPERACION":"NORMAL"}},{"type":"Feature","id":1043,"geometry":{"type":"Point","coordinates":[-74.1138691,4.70161072984567]},"properties":{"FID":1043,"OBJECTID":1043,"COD_ID_INT":1201,"DIRECCION":"KR 96 X AV CHILE (AC 72)","LOCALIDAD":"ENGATIVA","TIPO_INTER":"VEHICULAR, PEATONAL","INFRA_CICL":"SIN","OPERACION":"NORMAL"}},{"type":"Feature","id":1044,"geometry":{"type":"Point","coordinates":[-74.11254158,4.55508837985044]},"properties":{"FID":1044,"OBJECTID":1044,"COD_ID_INT":1034,"DIRECCION":"AV DARIO ECHANDIA (KR 5L) X CL 48P SUR","LOCALIDAD":"RAFAEL URIBE","TIPO_INTER":"VEHICULAR, PEATONAL","INFRA_CICL":"SIN","OPERACION":"NORMAL"}},{"type":"Feature","id":1045,"geometry":{"type":"Point","coordinates":[-74.04719325,4.71790432984518]},"properties":{"FID":1045,"OBJECTID":1045,"COD_ID_INT":79,"DIRECCION":"AV SANTA BARBARA (AK 19) X AV CONTADOR (AC 134)","LOCALIDAD":"USAQUEN","TIPO_INTER":"VEHICULAR, PEATONAL","INFRA_CICL":"CICLORUTA","OPERACION":"NORMAL"}},{"type":"Feature","id":1046,"geometry":{"type":"Point","coordinates":[-74.05272782,4.72394134984498]},"properties":{"FID":1046,"OBJECTID":1046,"COD_ID_INT":124,"DIRECCION":"KR 46A X AV CAMINO DEL PRADO (AC 138)","LOCALIDAD":"SUBA","TIPO_INTER":"VEHICULAR, PEATONAL","INFRA_CICL":"SIN","OPERACION":"NORMAL"}},{"type":"Feature","id":1047,"geometry":{"type":"Point","coordinates":[-74.180765472,4.59864723284906]},"properties":{"FID":1047,"OBJECTID":1047,"COD_ID_INT":1364,"DIRECCION":"KR 77J X CL 65 SUR","LOCALIDAD":"BOSA","TIPO_INTER":"VEHICULAR, PEATONAL","INFRA_CICL":"SIN","OPERACION":"NORMAL"}},{"type":"Feature","id":1048,"geometry":{"type":"Point","coordinates":[-74.07555716,4.67557331984656]},"properties":{"FID":1048,"OBJECTID":1048,"COD_ID_INT":492,"DIRECCION":"KR 56BIS X CL 78","LOCALIDAD":"BARRIOS UNIDOS","TIPO_INTER":"VEHICULAR, PEATONAL, BICIUSUARIOS","INFRA_CICL":"CICLORUTA","OPERACION":"NORMAL"}},{"type":"Feature","id":1049,"geometry":{"type":"Point","coordinates":[-74.183611121,4.60489905284882]},"properties":{"FID":1049,"OBJECTID":1049,"COD_ID_INT":1132,"DIRECCION":"KR 78J X CL 65 SUR","LOCALIDAD":"BOSA","TIPO_INTER":"EXCLUSIVA PEATONAL","INFRA_CICL":"SIN","OPERACION":"NORMAL"}},{"type":"Feature","id":1050,"geometry":{"type":"Point","coordinates":[-74.08655172,4.58691537984943]},"properties":{"FID":1050,"OBJECTID":1050,"COD_ID_INT":1272,"DIRECCION":"AV FERNANDO MAZUERA (AK 10) X CL 2 SUR","LOCALIDAD":"ANTONIO NARINO","TIPO_INTER":"VEHICULAR, PEATONAL","INFRA_CICL":"CICLORUTA","OPERACION":"NORMAL"}},{"type":"Feature","id":1051,"geometry":{"type":"Point","coordinates":[-74.06633183,4.64044277984769]},"properties":{"FID":1051,"OBJECTID":1051,"COD_ID_INT":290,"DIRECCION":"AV CARACAS (AK 14) X AV PABLO VI (AC 53)","LOCALIDAD":"TEUSAQUILLO","TIPO_INTER":"VEHICULAR, PEATONAL","INFRA_CICL":"CICLORUTA","OPERACION":"NORMAL"}},{"type":"Feature","id":1052,"geometry":{"type":"Point","coordinates":[-74.0700106099999,4.65063064984733]},"properties":{"FID":1052,"OBJECTID":1052,"COD_ID_INT":365,"DIRECCION":"KR 20 X AV JOSE CELESTINO MUTIS (AC 63)","LOCALIDAD":"BARRIOS UNIDOS","TIPO_INTER":"VEHICULAR","INFRA_CICL":"SIN","OPERACION":"NORMAL"}},{"type":"Feature","id":1053,"geometry":{"type":"Point","coordinates":[-74.08915583,4.63398783984786]},"properties":{"FID":1053,"OBJECTID":1053,"COD_ID_INT":593,"DIRECCION":"AV PEDRO LEON TRABUCHY (AK 40) X AV JORGE ELIECER GAITAN (AC 26)","LOCALIDAD":"TEUSAQUILLO","TIPO_INTER":"VEHICULAR, PEATONAL","INFRA_CICL":"SIN","OPERACION":"NORMAL"}},{"type":"Feature","id":1054,"geometry":{"type":"Point","coordinates":[-74.17185496,4.61329935984855]},"properties":{"FID":1054,"OBJECTID":1054,"COD_ID_INT":918,"DIRECCION":"KR 79 X AV PRIMERO DE MAYO (TV 79)","LOCALIDAD":"KENNEDY","TIPO_INTER":"VEHICULAR","INFRA_CICL":"CICLORUTA","OPERACION":"NORMAL"}},{"type":"Feature","id":1055,"geometry":{"type":"Point","coordinates":[-74.15751037,4.64977434984735]},"properties":{"FID":1055,"OBJECTID":1055,"COD_ID_INT":1382,"DIRECCION":"KR 90 X CL 6D","LOCALIDAD":"KENNEDY","TIPO_INTER":"VEHICULAR, PEATONAL","INFRA_CICL":"CICLORUTA","OPERACION":"NORMAL"}},{"type":"Feature","id":1056,"geometry":{"type":"Point","coordinates":[-74.08074508,4.67004680984669]},"properties":{"FID":1056,"OBJECTID":1056,"COD_ID_INT":541,"DIRECCION":"KR 58 X AV GABRIEL ANDRADE (AC 68)","LOCALIDAD":"BARRIOS UNIDOS","TIPO_INTER":"VEHICULAR, PEATONAL","INFRA_CICL":"SIN","OPERACION":"NORMAL"}},{"type":"Feature","id":1057,"geometry":{"type":"Point","coordinates":[-74.12554596,4.71286383384536]},"properties":{"FID":1057,"OBJECTID":1057,"COD_ID_INT":1504,"DIRECCION":"KR 110G X CL 72F","LOCALIDAD":"ENGATIVA","TIPO_INTER":"VEHICULAR, PEATONAL","INFRA_CICL":"SIN","OPERACION":"NORMAL"}},{"type":"Feature","id":1058,"geometry":{"type":"Point","coordinates":[-74.06000352,4.63570922984779]},"properties":{"FID":1058,"OBJECTID":1058,"COD_ID_INT":191,"DIRECCION":"AV PATRICIO SAMPER GNECCO (AK 3) X CL 51","LOCALIDAD":"CHAPINERO","TIPO_INTER":"VEHICULAR, PEATONAL","INFRA_CICL":"SIN","OPERACION":"NORMAL"}},{"type":"Feature","id":1059,"geometry":{"type":"Point","coordinates":[-74.06883306,4.71806271984513]},"properties":{"FID":1059,"OBJECTID":1059,"COD_ID_INT":341,"DIRECCION":"AV LAS VILLAS (AK 58) X CL 129","LOCALIDAD":"SUBA","TIPO_INTER":"VEHICULAR, PEATONAL","INFRA_CICL":"SIN","OPERACION":"NORMAL"}},{"type":"Feature","id":1060,"geometry":{"type":"Point","coordinates":[-74.10942004,4.60504788984882]},"properties":{"FID":1060,"OBJECTID":1060,"COD_ID_INT":725,"DIRECCION":"AV CUNDINAMARCA (AK 36) X CL 1F","LOCALIDAD":"PUENTE ARANDA","TIPO_INTER":"VEHICULAR, PEATONAL","INFRA_CICL":"SIN","OPERACION":"NORMAL"}},{"type":"Feature","id":1061,"geometry":{"type":"Point","coordinates":[-74.1169908219999,4.51637022785169]},"properties":{"FID":1061,"OBJECTID":1061,"COD_ID_INT":1047,"DIRECCION":"AV CARACAS (AK 14) X CL 74A SUR","LOCALIDAD":"USME","TIPO_INTER":"EXCLUSIVA PEATONAL","INFRA_CICL":"SIN","OPERACION":"NORMAL"}},{"type":"Feature","id":1062,"geometry":{"type":"Point","coordinates":[-74.15280484,4.61717426984841]},"properties":{"FID":1062,"OBJECTID":1062,"COD_ID_INT":872,"DIRECCION":"AV PRIMERO DE MAYO (TV 73D) X AV POPORO QUIMBAYA (CL 40 SUR)","LOCALIDAD":"KENNEDY","TIPO_INTER":"VEHICULAR, PEATONAL","INFRA_CICL":"CICLORUTA","OPERACION":"NORMAL"}},{"type":"Feature","id":1063,"geometry":{"type":"Point","coordinates":[-74.0918583499999,4.62941736984806]},"properties":{"FID":1063,"OBJECTID":1063,"COD_ID_INT":1218,"DIRECCION":"KR 38 X AV DE LA ESPERANZA (AC 24)","LOCALIDAD":"TEUSAQUILLO","TIPO_INTER":"EXCLUSIVA PEATONAL","INFRA_CICL":"SIN","OPERACION":"NORMAL"}},{"type":"Feature","id":1064,"geometry":{"type":"Point","coordinates":[-74.09147068,4.57267820984988]},"properties":{"FID":1064,"OBJECTID":1064,"COD_ID_INT":972,"DIRECCION":"KR 6 X AV PRIMERO DE MAYO (CL 22 SUR)","LOCALIDAD":"SAN CRISTOBAL","TIPO_INTER":"VEHICULAR, PEATONAL","INFRA_CICL":"SIN","OPERACION":"NORMAL"}},{"type":"Feature","id":1065,"geometry":{"type":"Point","coordinates":[-74.16112707,4.61999868984834]},"properties":{"FID":1065,"OBJECTID":1065,"COD_ID_INT":895,"DIRECCION":"KR 79 X CL 42 SUR","LOCALIDAD":"KENNEDY","TIPO_INTER":"VEHICULAR, PEATONAL","INFRA_CICL":"SIN","OPERACION":"NORMAL"}},{"type":"Feature","id":1066,"geometry":{"type":"Point","coordinates":[-74.062738026,4.73329877184467]},"properties":{"FID":1066,"OBJECTID":1066,"COD_ID_INT":1179,"DIRECCION":"AV LAS VILLAS (AK 58) X AV TRANSVERSAL DE SUBA (AC 147)","LOCALIDAD":"SUBA","TIPO_INTER":"VEHICULAR, PEATONAL","INFRA_CICL":"SIN","OPERACION":"NORMAL"}},{"type":"Feature","id":1067,"geometry":{"type":"Point","coordinates":[-74.0571750999999,4.64790471984742]},"properties":{"FID":1067,"OBJECTID":1067,"COD_ID_INT":171,"DIRECCION":"KR 4A X CL 65","LOCALIDAD":"CHAPINERO","TIPO_INTER":"VEHICULAR, PEATONAL","INFRA_CICL":"SIN","OPERACION":"NORMAL"}},{"type":"Feature","id":1068,"geometry":{"type":"Point","coordinates":[-74.06156421,4.64426583984757]},"properties":{"FID":1068,"OBJECTID":1068,"COD_ID_INT":216,"DIRECCION":"AV ALBERTO LLERAS CAMARGO (AK 7) X CL 59","LOCALIDAD":"CHAPINERO","TIPO_INTER":"VEHICULAR, PEATONAL","INFRA_CICL":"SIN","OPERACION":"NORMAL"}},{"type":"Feature","id":1069,"geometry":{"type":"Point","coordinates":[-74.091607045,4.68723867384618]},"properties":{"FID":1069,"OBJECTID":1069,"COD_ID_INT":611,"DIRECCION":"KR 70F X CL 73A","LOCALIDAD":"ENGATIVA","TIPO_INTER":"VEHICULAR, PEATONAL","INFRA_CICL":"SIN","OPERACION":"NORMAL"}},{"type":"Feature","id":1070,"geometry":{"type":"Point","coordinates":[-74.0546381899999,4.75353173984398]},"properties":{"FID":1070,"OBJECTID":1070,"COD_ID_INT":127,"DIRECCION":"KR 55 X AV SAN JOSE (CL 170)","LOCALIDAD":"SUBA","TIPO_INTER":"VEHICULAR, PEATONAL","INFRA_CICL":"CICLORUTA","OPERACION":"NORMAL"}},{"type":"Feature","id":1071,"geometry":{"type":"Point","coordinates":[-74.16727056,4.61631990984848]},"properties":{"FID":1071,"OBJECTID":1071,"COD_ID_INT":911,"DIRECCION":"KR 79 X CL 47B SUR","LOCALIDAD":"KENNEDY","TIPO_INTER":"VEHICULAR, PEATONAL","INFRA_CICL":"SIN","OPERACION":"NORMAL"}},{"type":"Feature","id":1072,"geometry":{"type":"Point","coordinates":[-74.0671556,4.65268414984727]},"properties":{"FID":1072,"OBJECTID":1072,"COD_ID_INT":309,"DIRECCION":"KR 17 X CL 63C","LOCALIDAD":"BARRIOS UNIDOS","TIPO_INTER":"VEHICULAR, PEATONAL","INFRA_CICL":"SIN","OPERACION":"NORMAL"}},{"type":"Feature","id":1073,"geometry":{"type":"Point","coordinates":[-74.0893231699999,4.61206471984858]},"properties":{"FID":1073,"OBJECTID":1073,"COD_ID_INT":596,"DIRECCION":"AV GENERAL SANTANDER (AK 27) X AV COLON (AC 13)","LOCALIDAD":"LOS MARTIRES","TIPO_INTER":"VEHICULAR, PEATONAL","INFRA_CICL":"CICLORUTA","OPERACION":"NORMAL"}},{"type":"Feature","id":1074,"geometry":{"type":"Point","coordinates":[-74.0319180499999,4.69593545684589]},"properties":{"FID":1074,"OBJECTID":1074,"COD_ID_INT":14,"DIRECCION":"AV ALBERTO LLERAS CAMARGO (AK 7) X CL 119","LOCALIDAD":"USAQUEN","TIPO_INTER":"VEHICULAR, PEATONAL","INFRA_CICL":"SIN","OPERACION":"NORMAL"}},{"type":"Feature","id":1075,"geometry":{"type":"Point","coordinates":[-74.162160941,4.59967155284902]},"properties":{"FID":1075,"OBJECTID":1075,"COD_ID_INT":900,"DIRECCION":"AV CIUDAD DE VILLAVICENCIO (AK 71B) X CL 57B SUR","LOCALIDAD":"BOSA","TIPO_INTER":"VEHICULAR, PEATONAL","INFRA_CICL":"CICLORUTA","OPERACION":"NORMAL"}},{"type":"Feature","id":1076,"geometry":{"type":"Point","coordinates":[-74.155716081,4.68312080984629]},"properties":{"FID":1076,"OBJECTID":1076,"COD_ID_INT":1458,"DIRECCION":"AV VERSALLES (AK 116) X CL 17","LOCALIDAD":"FONTIBON","TIPO_INTER":"VEHICULAR, PEATONAL","INFRA_CICL":"SIN","OPERACION":"NORMAL"}},{"type":"Feature","id":1077,"geometry":{"type":"Point","coordinates":[-74.07545164,4.63400231984788]},"properties":{"FID":1077,"OBJECTID":1077,"COD_ID_INT":489,"DIRECCION":"AV COLOMBIA (AK 24) X AV FRANCISCO MIRANDA (AC 45)","LOCALIDAD":"TEUSAQUILLO","TIPO_INTER":"VEHICULAR, PEATONAL","INFRA_CICL":"CICLORUTA, CICLORUTA EN CALZADA","OPERACION":"NORMAL"}},{"type":"Feature","id":1078,"geometry":{"type":"Point","coordinates":[-74.0864794299999,4.60447672984884]},"properties":{"FID":1078,"OBJECTID":1078,"COD_ID_INT":1264,"DIRECCION":"KR 19 X CL 10","LOCALIDAD":"LOS MARTIRES","TIPO_INTER":"VEHICULAR, PEATONAL","INFRA_CICL":"SIN","OPERACION":"NORMAL"}},{"type":"Feature","id":1079,"geometry":{"type":"Point","coordinates":[-74.0751717699999,4.62775676984812]},"properties":{"FID":1079,"OBJECTID":1079,"COD_ID_INT":488,"DIRECCION":"AK 24 X CL 39","LOCALIDAD":"TEUSAQUILLO","TIPO_INTER":"VEHICULAR, PEATONAL","INFRA_CICL":"CICLORUTA EN CALZADA","OPERACION":"NORMAL"}},{"type":"Feature","id":1080,"geometry":{"type":"Point","coordinates":[-74.04324891,4.69653059984586]},"properties":{"FID":1080,"OBJECTID":1080,"COD_ID_INT":50,"DIRECCION":"AV PASEO DEL COUNTRY (AK 15) X AV PEPE SIERRA (AC 116)","LOCALIDAD":"USAQUEN","TIPO_INTER":"EXCLUSIVA PEATONAL, BICIUSUARIOS","INFRA_CICL":"CICLORUTA","OPERACION":"NORMAL"}},{"type":"Feature","id":1081,"geometry":{"type":"Point","coordinates":[-74.07758016,4.75846761984381]},"properties":{"FID":1081,"OBJECTID":1081,"COD_ID_INT":1308,"DIRECCION":"KR 92 X CL 169B","LOCALIDAD":"SUBA","TIPO_INTER":"VEHICULAR, PEATONAL","INFRA_CICL":"SIN","OPERACION":"NORMAL"}},{"type":"Feature","id":1082,"geometry":{"type":"Point","coordinates":[-74.08877556,4.73835356184449]},"properties":{"FID":1082,"OBJECTID":1082,"COD_ID_INT":1526,"DIRECCION":"KR 95A X CL 139","LOCALIDAD":"SUBA","TIPO_INTER":"VEHICULAR, PEATONAL, BICIUSUARIOS","INFRA_CICL":"SIN","OPERACION":"NORMAL"}},{"type":"Feature","id":1083,"geometry":{"type":"Point","coordinates":[-74.0878757999999,4.59896207984902]},"properties":{"FID":1083,"OBJECTID":1083,"COD_ID_INT":584,"DIRECCION":"AV DE LOS COMUNEROS (AC 6) X ENTRADA PATIO TRANSMILENIO","LOCALIDAD":"LOS MARTIRES","TIPO_INTER":"VEHICULAR, PEATONAL, BICIUSUARIOS","INFRA_CICL":"CICLORUTA","OPERACION":"NORMAL"}},{"type":"Feature","id":1084,"geometry":{"type":"Point","coordinates":[-74.1384416499999,4.58980047984934]},"properties":{"FID":1084,"OBJECTID":1084,"COD_ID_INT":1098,"DIRECCION":"TV 44 X CL 50B SUR","LOCALIDAD":"TUNJUELITO","TIPO_INTER":"VEHICULAR","INFRA_CICL":"SIN","OPERACION":"NORMAL"}},{"type":"Feature","id":1085,"geometry":{"type":"Point","coordinates":[-74.06914431,4.60705333984876]},"properties":{"FID":1085,"OBJECTID":1085,"COD_ID_INT":348,"DIRECCION":"KR 5 X CL 22","LOCALIDAD":"SANTA FE","TIPO_INTER":"VEHICULAR, PEATONAL","INFRA_CICL":"SIN","OPERACION":"NORMAL"}},{"type":"Feature","id":1086,"geometry":{"type":"Point","coordinates":[-74.1824471639999,4.60527555384884]},"properties":{"FID":1086,"OBJECTID":1086,"COD_ID_INT":1131,"DIRECCION":"KR 78J X CL 63 SUR","LOCALIDAD":"BOSA","TIPO_INTER":"EXCLUSIVA PEATONAL","INFRA_CICL":"SIN","OPERACION":"NORMAL"}},{"type":"Feature","id":1087,"geometry":{"type":"Point","coordinates":[-74.06696045,4.62899310984807]},"properties":{"FID":1087,"OBJECTID":1087,"COD_ID_INT":303,"DIRECCION":"KR 13 X CL 41","LOCALIDAD":"CHAPINERO","TIPO_INTER":"VEHICULAR, PEATONAL","INFRA_CICL":"CICLORUTA","OPERACION":"NORMAL"}},{"type":"Feature","id":1088,"geometry":{"type":"Point","coordinates":[-74.0549514909999,4.66693122684678]},"properties":{"FID":1088,"OBJECTID":1088,"COD_ID_INT":1482,"DIRECCION":"KR 13 X CL 82","LOCALIDAD":"CHAPINERO","TIPO_INTER":"VEHICULAR, PEATONAL","INFRA_CICL":"SIN","OPERACION":"NORMAL"}},{"type":"Feature","id":1089,"geometry":{"type":"Point","coordinates":[-74.04555143,4.70117368984573]},"properties":{"FID":1089,"OBJECTID":1089,"COD_ID_INT":63,"DIRECCION":"KR 17 X CL 122","LOCALIDAD":"USAQUEN","TIPO_INTER":"VEHICULAR, PEATONAL","INFRA_CICL":"SIN","OPERACION":"NORMAL"}},{"type":"Feature","id":1090,"geometry":{"type":"Point","coordinates":[-74.07495144,4.72132463984503]},"properties":{"FID":1090,"OBJECTID":1090,"COD_ID_INT":484,"DIRECCION":"AV ALFREDO D BATERMAN (TV 76) X AV BOYACA (CONECTANTE E-S)","LOCALIDAD":"SUBA","TIPO_INTER":"EXCLUSIVA PEATONAL","INFRA_CICL":"CICLORUTA","OPERACION":"NORMAL"}},{"type":"Feature","id":1091,"geometry":{"type":"Point","coordinates":[-74.1104839399999,4.70851819984548]},"properties":{"FID":1091,"OBJECTID":1091,"COD_ID_INT":729,"DIRECCION":"CABECERA PORTAL 80 X AV MEDELLIN (AC 80)","LOCALIDAD":"ENGATIVA","TIPO_INTER":"VEHICULAR, PEATONAL","INFRA_CICL":"CICLORUTA","OPERACION":"NORMAL"}},{"type":"Feature","id":1092,"geometry":{"type":"Point","coordinates":[-74.0647989129999,4.59796067184908]},"properties":{"FID":1092,"OBJECTID":1092,"COD_ID_INT":1462,"DIRECCION":"KR 5A ESTE (CIRCUNVALAR) X INSTITUTO DE  ORTOPEDIA ROOSEVELT Y UDISTRITAL","LOCALIDAD":"SANTA FE","TIPO_INTER":"EXCLUSIVA PEATONAL","INFRA_CICL":"SIN","OPERACION":"NORMAL"}},{"type":"Feature","id":1093,"geometry":{"type":"Point","coordinates":[-74.13605018,4.67997830984636]},"properties":{"FID":1093,"OBJECTID":1093,"COD_ID_INT":822,"DIRECCION":"KR 100 X CL 23G","LOCALIDAD":"FONTIBON","TIPO_INTER":"VEHICULAR, PEATONAL","INFRA_CICL":"SIN","OPERACION":"NORMAL"}},{"type":"Feature","id":1094,"geometry":{"type":"Point","coordinates":[-74.048027943,4.76040213984377]},"properties":{"FID":1094,"OBJECTID":1094,"COD_ID_INT":1547,"DIRECCION":"KR 50B X CL 182","LOCALIDAD":"SUBA","TIPO_INTER":"VEHICULAR, PEATONAL","INFRA_CICL":"SIN","OPERACION":"OBRAS"}},{"type":"Feature","id":1095,"geometry":{"type":"Point","coordinates":[-74.181200073,4.6085619318487]},"properties":{"FID":1095,"OBJECTID":1095,"COD_ID_INT":929,"DIRECCION":"AV AGOBERTO MEJIA CIFUENTES (KR 80) X AV BOSA (CL 58 K S)","LOCALIDAD":"BOSA","TIPO_INTER":"VEHICULAR, PEATONAL","INFRA_CICL":"CICLORUTA","OPERACION":"NORMAL"}},{"type":"Feature","id":1096,"geometry":{"type":"Point","coordinates":[-74.14485364,4.63464312984784]},"properties":{"FID":1096,"OBJECTID":1096,"COD_ID_INT":1346,"DIRECCION":"TV 78C X CL 6H","LOCALIDAD":"KENNEDY","TIPO_INTER":"EXCLUSIVA PEATONAL, BICIUSUARIOS","INFRA_CICL":"CICLORUTA","OPERACION":"NORMAL"}},{"type":"Feature","id":1097,"geometry":{"type":"Point","coordinates":[-74.067898839,4.73156901784474]},"properties":{"FID":1097,"OBJECTID":1097,"COD_ID_INT":1518,"DIRECCION":"AV BOYACA (AK 72)  X CL 145","LOCALIDAD":"SUBA","TIPO_INTER":"VEHICULAR, PEATONAL","INFRA_CICL":"CICLORUTA","OPERACION":"NORMAL"}},{"type":"Feature","id":1098,"geometry":{"type":"Point","coordinates":[-74.080064557,4.70984481184539]},"properties":{"FID":1098,"OBJECTID":1098,"COD_ID_INT":536,"DIRECCION":"AV BOYACA (AK 72) X AV RODRIGO LARA BONILLA (AC 127)","LOCALIDAD":"SUBA","TIPO_INTER":"VEHICULAR","INFRA_CICL":"CICLORUTA","OPERACION":"NORMAL"}},{"type":"Feature","id":1099,"geometry":{"type":"Point","coordinates":[-74.120193714,4.53367350485113]},"properties":{"FID":1099,"OBJECTID":1099,"COD_ID_INT":1051,"DIRECCION":"AV CARACAS (AK 14) X CL 65 SUR","LOCALIDAD":"USME","TIPO_INTER":"VEHICULAR, PEATONAL","INFRA_CICL":"SIN","OPERACION":"NORMAL"}},{"type":"Feature","id":1100,"geometry":{"type":"Point","coordinates":[-74.12932474,4.70879509984543]},"properties":{"FID":1100,"OBJECTID":1100,"COD_ID_INT":1192,"DIRECCION":"KR 111C X CL 70C","LOCALIDAD":"ENGATIVA","TIPO_INTER":"VEHICULAR, PEATONAL","INFRA_CICL":"SIN","OPERACION":"NORMAL"}},{"type":"Feature","id":1101,"geometry":{"type":"Point","coordinates":[-74.06282663,4.68403008984622]},"properties":{"FID":1101,"OBJECTID":1101,"COD_ID_INT":229,"DIRECCION":"KR 50 X AV ALFREDO D BATEMAN (TV 55)","LOCALIDAD":"BARRIOS UNIDOS","TIPO_INTER":"VEHICULAR, PEATONAL","INFRA_CICL":"CICLORUTA","OPERACION":"NORMAL"}},{"type":"Feature","id":1102,"geometry":{"type":"Point","coordinates":[-74.1155736969999,4.51304425385179]},"properties":{"FID":1102,"OBJECTID":1102,"COD_ID_INT":1320,"DIRECCION":"AV CARACAS (AK 14) X CL 76 SUR","LOCALIDAD":"USME","TIPO_INTER":"VEHICULAR, PEATONAL","INFRA_CICL":"SIN","OPERACION":"NORMAL"}},{"type":"Feature","id":1103,"geometry":{"type":"Point","coordinates":[-74.0787498,4.62400276984821]},"properties":{"FID":1103,"OBJECTID":1103,"COD_ID_INT":529,"DIRECCION":"AV TEUSAQUILLO (AC 34) X AV JORGE ELIECER GAITAN (AC 26)","LOCALIDAD":"TEUSAQUILLO","TIPO_INTER":"VEHICULAR, PEATONAL","INFRA_CICL":"SIN","OPERACION":"NORMAL"}},{"type":"Feature","id":1104,"geometry":{"type":"Point","coordinates":[-74.0644570599999,4.64385228984754]},"properties":{"FID":1104,"OBJECTID":1104,"COD_ID_INT":260,"DIRECCION":"KR 13 X CL 57","LOCALIDAD":"CHAPINERO","TIPO_INTER":"VEHICULAR, PEATONAL","INFRA_CICL":"CICLORUTA","OPERACION":"NORMAL"}},{"type":"Feature","id":1105,"geometry":{"type":"Point","coordinates":[-74.136712957,4.55231602885055]},"properties":{"FID":1105,"OBJECTID":1105,"COD_ID_INT":1452,"DIRECCION":"AV BOYACA (TV17) X CL 66 SUR","LOCALIDAD":"CIUDAD BOLIVAR","TIPO_INTER":"EXCLUSIVA PEATONAL","INFRA_CICL":"SIN","OPERACION":"NORMAL"}},{"type":"Feature","id":1106,"geometry":{"type":"Point","coordinates":[-74.125006115,4.57014783684996]},"properties":{"FID":1106,"OBJECTID":1106,"COD_ID_INT":1065,"DIRECCION":"AV CARACAS (TV 14) X CL 46 SUR","LOCALIDAD":"RAFAEL URIBE","TIPO_INTER":"VEHICULAR, PEATONAL","INFRA_CICL":"SIN","OPERACION":"NORMAL"}},{"type":"Feature","id":1107,"geometry":{"type":"Point","coordinates":[-74.0924007099999,4.70394755984562]},"properties":{"FID":1107,"OBJECTID":1107,"COD_ID_INT":1301,"DIRECCION":"TV 76 X DG 83","LOCALIDAD":"ENGATIVA","TIPO_INTER":"VEHICULAR, PEATONAL","INFRA_CICL":"SIN","OPERACION":"NORMAL"}},{"type":"Feature","id":1108,"geometry":{"type":"Point","coordinates":[-74.06757063,4.70178632984568]},"properties":{"FID":1108,"OBJECTID":1108,"COD_ID_INT":314,"DIRECCION":"AV CORDOBA (AK 55) X AV PEPE SIERRA (AC 116)","LOCALIDAD":"SUBA","TIPO_INTER":"VEHICULAR, PEATONAL, BICIUSUARIOS","INFRA_CICL":"SIN","OPERACION":"NORMAL"}},{"type":"Feature","id":1109,"geometry":{"type":"Point","coordinates":[-74.12104162,4.72182612984504]},"properties":{"FID":1109,"OBJECTID":1109,"COD_ID_INT":778,"DIRECCION":"AV EL CORTIJO (AK 114) X AV MEDELLIN (AC 80)","LOCALIDAD":"ENGATIVA","TIPO_INTER":"VEHICULAR, PEATONAL","INFRA_CICL":"CICLORUTA","OPERACION":"NORMAL"}},{"type":"Feature","id":1110,"geometry":{"type":"Point","coordinates":[-74.09160824,4.60926821984868]},"properties":{"FID":1110,"OBJECTID":1110,"COD_ID_INT":612,"DIRECCION":"AV GENERAL SANTANDER (AK 27) X CL 11","LOCALIDAD":"LOS MARTIRES","TIPO_INTER":"VEHICULAR, PEATONAL","INFRA_CICL":"SIN","OPERACION":"NORMAL"}},{"type":"Feature","id":1111,"geometry":{"type":"Point","coordinates":[-74.052411316,4.66839177984676]},"properties":{"FID":1111,"OBJECTID":1111,"COD_ID_INT":1640,"DIRECCION":"KR 12 X AC 85","LOCALIDAD":"CHAPINERO","TIPO_INTER":"VEHICULAR, BICIUSUARIOS","INFRA_CICL":"SIN","OPERACION":"NORMAL"}},{"type":"Feature","id":1112,"geometry":{"type":"Point","coordinates":[-74.1337963299999,4.62538363984817]},"properties":{"FID":1112,"OBJECTID":1112,"COD_ID_INT":812,"DIRECCION":"KR 71A X VIA G (AC 3)","LOCALIDAD":"KENNEDY","TIPO_INTER":"VEHICULAR, PEATONAL, BICIUSUARIOS","INFRA_CICL":"CICLORUTA EN CALZADA","OPERACION":"NORMAL"}},{"type":"Feature","id":1113,"geometry":{"type":"Point","coordinates":[-74.1483037469999,4.63275779484791]},"properties":{"FID":1113,"OBJECTID":1113,"COD_ID_INT":861,"DIRECCION":"TV 78C X AC 6","LOCALIDAD":"KENNEDY","TIPO_INTER":"EXCLUSIVA PEATONAL","INFRA_CICL":"SIN","OPERACION":"NORMAL"}},{"type":"Feature","id":1114,"geometry":{"type":"Point","coordinates":[-74.0867232799999,4.62764824984808]},"properties":{"FID":1114,"OBJECTID":1114,"COD_ID_INT":577,"DIRECCION":"KR 33 X CL 25","LOCALIDAD":"TEUSAQUILLO","TIPO_INTER":"VEHICULAR, PEATONAL","INFRA_CICL":"SIN","OPERACION":"NORMAL"}},{"type":"Feature","id":1115,"geometry":{"type":"Point","coordinates":[-74.10158647,4.59668543984911]},"properties":{"FID":1115,"OBJECTID":1115,"COD_ID_INT":681,"DIRECCION":"AV GENERAL SANTANDER (AK 27) X CL 1B","LOCALIDAD":"LOS MARTIRES","TIPO_INTER":"VEHICULAR, PEATONAL","INFRA_CICL":"SIN","OPERACION":"NORMAL"}},{"type":"Feature","id":1116,"geometry":{"type":"Point","coordinates":[-74.04762069,4.66704244984681]},"properties":{"FID":1116,"OBJECTID":1116,"COD_ID_INT":80,"DIRECCION":"KR 8 X CL 86","LOCALIDAD":"CHAPINERO","TIPO_INTER":"VEHICULAR, PEATONAL","INFRA_CICL":"SIN","OPERACION":"NORMAL"}},{"type":"Feature","id":1117,"geometry":{"type":"Point","coordinates":[-74.0531378599999,4.67446569984657]},"properties":{"FID":1117,"OBJECTID":1117,"COD_ID_INT":130,"DIRECCION":"AV PASEO DEL COUNTRY (AK 15) X CL 90","LOCALIDAD":"CHAPINERO","TIPO_INTER":"VEHICULAR, PEATONAL","INFRA_CICL":"SIN","OPERACION":"NORMAL"}},{"type":"Feature","id":1118,"geometry":{"type":"Point","coordinates":[-74.03757903,4.71981726984507]},"properties":{"FID":1118,"OBJECTID":1118,"COD_ID_INT":27,"DIRECCION":"KR 12 X CL 140","LOCALIDAD":"USAQUEN","TIPO_INTER":"VEHICULAR, PEATONAL","INFRA_CICL":"SIN","OPERACION":"NORMAL"}},{"type":"Feature","id":1119,"geometry":{"type":"Point","coordinates":[-74.037337593,4.74910651784417]},"properties":{"FID":1119,"OBJECTID":1119,"COD_ID_INT":1425,"DIRECCION":"KR 15 X AV SAN JUAN BOSCO (AC 170)","LOCALIDAD":"USAQUEN","TIPO_INTER":"VEHICULAR, PEATONAL","INFRA_CICL":"CICLORUTA","OPERACION":"NORMAL"}},{"type":"Feature","id":1120,"geometry":{"type":"Point","coordinates":[-74.1564618529999,4.64046132284771]},"properties":{"FID":1120,"OBJECTID":1120,"COD_ID_INT":885,"DIRECCION":"AV CIUDAD DE CALI (AK 86) X AV MANUEL CEPEDA VARGAS (DG 3)","LOCALIDAD":"KENNEDY","TIPO_INTER":"VEHICULAR, PEATONAL","INFRA_CICL":"CICLORUTA","OPERACION":"NORMAL"}},{"type":"Feature","id":1121,"geometry":{"type":"Point","coordinates":[-74.1387830799999,4.58963042984934]},"properties":{"FID":1121,"OBJECTID":1121,"COD_ID_INT":1101,"DIRECCION":"TV 44 X AV DEL CONGRESO EUCARISTICO  (CL 51 SUR)","LOCALIDAD":"TUNJUELITO","TIPO_INTER":"VEHICULAR, PEATONAL","INFRA_CICL":"SIN","OPERACION":"NORMAL"}},{"type":"Feature","id":1122,"geometry":{"type":"Point","coordinates":[-74.10487956,4.70827491984548]},"properties":{"FID":1122,"OBJECTID":1122,"COD_ID_INT":704,"DIRECCION":"TV 94 X CL 82","LOCALIDAD":"ENGATIVA","TIPO_INTER":"VEHICULAR, PEATONAL","INFRA_CICL":"SIN","OPERACION":"NORMAL"}},{"type":"Feature","id":1123,"geometry":{"type":"Point","coordinates":[-74.0615693999999,4.65925595984706]},"properties":{"FID":1123,"OBJECTID":1123,"COD_ID_INT":215,"DIRECCION":"AV PASEO DEL COUNTRY (AK 15) X AV CHILE (AC 72)","LOCALIDAD":"CHAPINERO","TIPO_INTER":"VEHICULAR, PEATONAL","INFRA_CICL":"SIN","OPERACION":"NORMAL"}},{"type":"Feature","id":1124,"geometry":{"type":"Point","coordinates":[-74.08802452,4.59947552984902]},"properties":{"FID":1124,"OBJECTID":1124,"COD_ID_INT":587,"DIRECCION":"AV MARISCAL SUCRE (AK 18) X AV DE LOS COMUNEROS (AC 6)","LOCALIDAD":"LOS MARTIRES","TIPO_INTER":"VEHICULAR, PEATONAL, BICIUSUARIOS","INFRA_CICL":"CICLORUTA","OPERACION":"NORMAL"}},{"type":"Feature","id":1125,"geometry":{"type":"Point","coordinates":[-74.1814013699999,4.60992379384867]},"properties":{"FID":1125,"OBJECTID":1125,"COD_ID_INT":1541,"DIRECCION":"AV AGOBERTO MEJIA CIFUENTES KR 80B X AVENIDA BOSA (CL 59 SUR)","LOCALIDAD":"BOSA","TIPO_INTER":"VEHICULAR, PEATONAL","INFRA_CICL":"CICLORUTA","OPERACION":"NORMAL"}},{"type":"Feature","id":1126,"geometry":{"type":"Point","coordinates":[-74.1580643999999,4.59603734984914]},"properties":{"FID":1126,"OBJECTID":1126,"COD_ID_INT":1119,"DIRECCION":"KR 67 X AV DEL SUR (AC 57R SUR)","LOCALIDAD":"CIUDAD BOLIVAR","TIPO_INTER":"VEHICULAR","INFRA_CICL":"CICLORUTA","OPERACION":"NORMAL"}},{"type":"Feature","id":1127,"geometry":{"type":"Point","coordinates":[-74.07610046,4.67593099984653]},"properties":{"FID":1127,"OBJECTID":1127,"COD_ID_INT":499,"DIRECCION":"KR 58 X CL 78","LOCALIDAD":"BARRIOS UNIDOS","TIPO_INTER":"VEHICULAR, PEATONAL, BICIUSUARIOS","INFRA_CICL":"CICLORUTA","OPERACION":"NORMAL"}},{"type":"Feature","id":1128,"geometry":{"type":"Point","coordinates":[-74.07631374,4.61150175984863]},"properties":{"FID":1128,"OBJECTID":1128,"COD_ID_INT":1202,"DIRECCION":"KR 16 X CL 22","LOCALIDAD":"LOS MARTIRES","TIPO_INTER":"VEHICULAR, PEATONAL","INFRA_CICL":"SIN","OPERACION":"OBRAS"}},{"type":"Feature","id":1129,"geometry":{"type":"Point","coordinates":[-74.0414803899999,4.72371265984496]},"properties":{"FID":1129,"OBJECTID":1129,"COD_ID_INT":37,"DIRECCION":"AV JORGE URIBE BOTERO (AK 15) X CL 142","LOCALIDAD":"USAQUEN","TIPO_INTER":"VEHICULAR, PEATONAL","INFRA_CICL":"SIN","OPERACION":"NORMAL"}},{"type":"Feature","id":1130,"geometry":{"type":"Point","coordinates":[-74.1216640599999,4.70821816984548]},"properties":{"FID":1130,"OBJECTID":1130,"COD_ID_INT":777,"DIRECCION":"TV 106 X AV CHILE (AC 72)","LOCALIDAD":"ENGATIVA","TIPO_INTER":"VEHICULAR, PEATONAL","INFRA_CICL":"SIN","OPERACION":"NORMAL"}},{"type":"Feature","id":1131,"geometry":{"type":"Point","coordinates":[-74.077718906,4.66556511384688]},"properties":{"FID":1131,"OBJECTID":1131,"COD_ID_INT":1496,"DIRECCION":"KR 52 X AV GABRIEL ANDRADE (AC 68)","LOCALIDAD":"BARRIOS UNIDOS","TIPO_INTER":"VEHICULAR, PEATONAL","INFRA_CICL":"SIN","OPERACION":"NORMAL"}},{"type":"Feature","id":1132,"geometry":{"type":"Point","coordinates":[-74.088956649,4.56242380285023]},"properties":{"FID":1132,"OBJECTID":1132,"COD_ID_INT":968,"DIRECCION":"AV LA VICTORIA (AK 4 ESTE) X CL 29 SUR","LOCALIDAD":"SAN CRISTOBAL","TIPO_INTER":"VEHICULAR, PEATONAL","INFRA_CICL":"SIN","OPERACION":"NORMAL"}},{"type":"Feature","id":1133,"geometry":{"type":"Point","coordinates":[-74.09743294,4.66869622984673]},"properties":{"FID":1133,"OBJECTID":1133,"COD_ID_INT":649,"DIRECCION":"KR 69 X AV JOSE CELESTINO MUTIS (AC 63)","LOCALIDAD":"ENGATIVA","TIPO_INTER":"VEHICULAR, PEATONAL","INFRA_CICL":"SIN","OPERACION":"NORMAL"}},{"type":"Feature","id":1134,"geometry":{"type":"Point","coordinates":[-74.0657792499999,4.76057212984378]},"properties":{"FID":1134,"OBJECTID":1134,"COD_ID_INT":278,"DIRECCION":"AV BOYACA (AK 72) X AV SAN JOSE (CL 170)","LOCALIDAD":"SUBA","TIPO_INTER":"VEHICULAR, PEATONAL, BICIUSUARIOS","INFRA_CICL":"CICLORUTA","OPERACION":"NORMAL"}},{"type":"Feature","id":1135,"geometry":{"type":"Point","coordinates":[-74.12055269,4.69212413984596]},"properties":{"FID":1135,"OBJECTID":1135,"COD_ID_INT":776,"DIRECCION":"AK 96 X AV JOSE CELESTINO MUTIS (AC 63)","LOCALIDAD":"ENGATIVA","TIPO_INTER":"VEHICULAR, PEATONAL","INFRA_CICL":"CICLORUTA","OPERACION":"NORMAL"}},{"type":"Feature","id":1136,"geometry":{"type":"Point","coordinates":[-74.11478984,4.55333992985051]},"properties":{"FID":1136,"OBJECTID":1136,"COD_ID_INT":1130,"DIRECCION":"KR 5L X CL 49 SUR","LOCALIDAD":"RAFAEL URIBE","TIPO_INTER":"VEHICULAR, PEATONAL","INFRA_CICL":"SIN","OPERACION":"NORMAL"}},{"type":"Feature","id":1137,"geometry":{"type":"Point","coordinates":[-74.05212915,4.6861002798462]},"properties":{"FID":1137,"OBJECTID":1137,"COD_ID_INT":116,"DIRECCION":"AV SANTA BARBARA (AK 19) X AV CARLOS LLERAS RESTREPO (AC 100)","LOCALIDAD":"CHAPINERO","TIPO_INTER":"VEHICULAR, PEATONAL, BICIUSUARIOS","INFRA_CICL":"CICLORUTA","OPERACION":"NORMAL"}},{"type":"Feature","id":1138,"geometry":{"type":"Point","coordinates":[-74.09480659,4.60896594984867]},"properties":{"FID":1138,"OBJECTID":1138,"COD_ID_INT":1389,"DIRECCION":"KR 29 X CL 9","LOCALIDAD":"LOS MARTIRES","TIPO_INTER":"VEHICULAR, PEATONAL","INFRA_CICL":"SIN","OPERACION":"NORMAL"}},{"type":"Feature","id":1139,"geometry":{"type":"Point","coordinates":[-74.1223414199999,4.58972715984933]},"properties":{"FID":1139,"OBJECTID":1139,"COD_ID_INT":1186,"DIRECCION":"AV GENERAL SANTANDER (KR 27) X CL 38A SUR","LOCALIDAD":"ANTONIO NARINO","TIPO_INTER":"VEHICULAR, PEATONAL","INFRA_CICL":"SIN","OPERACION":"NORMAL"}},{"type":"Feature","id":1140,"geometry":{"type":"Point","coordinates":[-74.02867768,4.70209778984566]},"properties":{"FID":1140,"OBJECTID":1140,"COD_ID_INT":9,"DIRECCION":"AV ALBERTO LLERAS CAMARGO (AK 7) X AV CALLEJAS (AC 127)","LOCALIDAD":"USAQUEN","TIPO_INTER":"VEHICULAR, PEATONAL","INFRA_CICL":"SIN","OPERACION":"NORMAL"}},{"type":"Feature","id":1141,"geometry":{"type":"Point","coordinates":[-74.09921694,4.56652196985008]},"properties":{"FID":1141,"OBJECTID":1141,"COD_ID_INT":1219,"DIRECCION":"KR 7A X CL 31 SUR","LOCALIDAD":"SAN CRISTOBAL","TIPO_INTER":"VEHICULAR, PEATONAL","INFRA_CICL":"CICLORUTA","OPERACION":"NORMAL"}},{"type":"Feature","id":1142,"geometry":{"type":"Point","coordinates":[-74.05852714,4.66113613984698]},"properties":{"FID":1142,"OBJECTID":1142,"COD_ID_INT":175,"DIRECCION":"KR 13 X CL 75","LOCALIDAD":"CHAPINERO","TIPO_INTER":"VEHICULAR, PEATONAL","INFRA_CICL":"SIN","OPERACION":"NORMAL"}},{"type":"Feature","id":1143,"geometry":{"type":"Point","coordinates":[-74.066365338,4.66965623284674]},"properties":{"FID":1143,"OBJECTID":1143,"COD_ID_INT":1477,"DIRECCION":"KR 28 X CL 78","LOCALIDAD":"BARRIOS UNIDOS","TIPO_INTER":"VEHICULAR, PEATONAL","INFRA_CICL":"SIN","OPERACION":"NORMAL"}},{"type":"Feature","id":1144,"geometry":{"type":"Point","coordinates":[-74.0687258999999,4.72977995984475]},"properties":{"FID":1144,"OBJECTID":1144,"COD_ID_INT":346,"DIRECCION":"AV BOYACA (AK 72) X AV CAMINO DEL PRADO (AC 138)","LOCALIDAD":"SUBA","TIPO_INTER":"VEHICULAR, PEATONAL","INFRA_CICL":"CICLORUTA","OPERACION":"NORMAL"}},{"type":"Feature","id":1145,"geometry":{"type":"Point","coordinates":[-74.10689014,4.57917744984965]},"properties":{"FID":1145,"OBJECTID":1145,"COD_ID_INT":1025,"DIRECCION":"AV CARACAS (AK 14) X CL 27 SUR","LOCALIDAD":"RAFAEL URIBE","TIPO_INTER":"VEHICULAR, PEATONAL","INFRA_CICL":"SIN","OPERACION":"NORMAL"}},{"type":"Feature","id":1146,"geometry":{"type":"Point","coordinates":[-74.162109404,4.64361562584756]},"properties":{"FID":1146,"OBJECTID":1146,"COD_ID_INT":1525,"DIRECCION":"AK 89 (AVENIDA EL TINTAL) X CL 2","LOCALIDAD":"KENNEDY","TIPO_INTER":"VEHICULAR, PEATONAL, BICIUSUARIOS","INFRA_CICL":"CICLORUTA EN CALZADA","OPERACION":"NORMAL"}},{"type":"Feature","id":1147,"geometry":{"type":"Point","coordinates":[-74.07894893,4.60316338984886]},"properties":{"FID":1147,"OBJECTID":1147,"COD_ID_INT":530,"DIRECCION":"KR 13 X AV JIMENEZ (CL 13)","LOCALIDAD":"SANTA FE","TIPO_INTER":"EXCLUSIVA PEATONAL","INFRA_CICL":"SIN","OPERACION":"NORMAL"}},{"type":"Feature","id":1148,"geometry":{"type":"Point","coordinates":[-74.071435612,4.64026317484766]},"properties":{"FID":1148,"OBJECTID":1148,"COD_ID_INT":397,"DIRECCION":"KR 20 X CL 52","LOCALIDAD":"TEUSAQUILLO","TIPO_INTER":"VEHICULAR, PEATONAL","INFRA_CICL":"SIN","OPERACION":"NORMAL"}},{"type":"Feature","id":1149,"geometry":{"type":"Point","coordinates":[-74.09311783,4.58734342984939]},"properties":{"FID":1149,"OBJECTID":1149,"COD_ID_INT":976,"DIRECCION":"AV CARACAS (AK 14) X CL 8 SUR","LOCALIDAD":"ANTONIO NARINO","TIPO_INTER":"EXCLUSIVA PEATONAL","INFRA_CICL":"SIN","OPERACION":"NORMAL"}},{"type":"Feature","id":1150,"geometry":{"type":"Point","coordinates":[-74.12553722,4.57940161984967]},"properties":{"FID":1150,"OBJECTID":1150,"COD_ID_INT":1069,"DIRECCION":"AV MARISCAL SUCRE (KR 24) X AV SANTA LUCIA (AC 44 SUR)","LOCALIDAD":"RAFAEL URIBE","TIPO_INTER":"VEHICULAR, PEATONAL","INFRA_CICL":"SIN","OPERACION":"NORMAL"}},{"type":"Feature","id":1151,"geometry":{"type":"Point","coordinates":[-74.14220182,4.66808483984678]},"properties":{"FID":1151,"OBJECTID":1151,"COD_ID_INT":839,"DIRECCION":"KR 96C X CL 17","LOCALIDAD":"FONTIBON","TIPO_INTER":"VEHICULAR, PEATONAL","INFRA_CICL":"SIN","OPERACION":"NORMAL"}},{"type":"Feature","id":1152,"geometry":{"type":"Point","coordinates":[-74.03711175,4.69503612984589]},"properties":{"FID":1152,"OBJECTID":1152,"COD_ID_INT":26,"DIRECCION":"AV GERMAN ARCINIEGAS (AK 11) X AV PEPE SIERRA (AC 116)","LOCALIDAD":"USAQUEN","TIPO_INTER":"VEHICULAR, PEATONAL, BICIUSUARIOS","INFRA_CICL":"CICLORUTA","OPERACION":"NORMAL"}},{"type":"Feature","id":1153,"geometry":{"type":"Point","coordinates":[-74.078765505,4.71173782184533]},"properties":{"FID":1153,"OBJECTID":1153,"COD_ID_INT":528,"DIRECCION":"AV BOYACA (AK 72) X CL 127A","LOCALIDAD":"SUBA","TIPO_INTER":"VEHICULAR","INFRA_CICL":"CICLORUTA","OPERACION":"NORMAL"}},{"type":"Feature","id":1154,"geometry":{"type":"Point","coordinates":[-74.07575726,4.61978678984834]},"properties":{"FID":1154,"OBJECTID":1154,"COD_ID_INT":497,"DIRECCION":"KR 19B X AV JORGE ELIECER GAITAN (AC 26)","LOCALIDAD":"TEUSAQUILLO","TIPO_INTER":"VEHICULAR, PEATONAL, BICIUSUARIOS","INFRA_CICL":"SIN","OPERACION":"NORMAL"}},{"type":"Feature","id":1155,"geometry":{"type":"Point","coordinates":[-74.13182398,4.60483964984881]},"properties":{"FID":1155,"OBJECTID":1155,"COD_ID_INT":806,"DIRECCION":"AV DEL CONGRESO EUCARISTICO (AK 68) X CL 37 S Y DG 35A SUR","LOCALIDAD":"KENNEDY","TIPO_INTER":"VEHICULAR, PEATONAL","INFRA_CICL":"SIN","OPERACION":"NORMAL"}},{"type":"Feature","id":1156,"geometry":{"type":"Point","coordinates":[-74.0313508949999,4.76393925184366]},"properties":{"FID":1156,"OBJECTID":1156,"COD_ID_INT":1650,"DIRECCION":"AK 9 x CL187.","LOCALIDAD":"USAQUEN","TIPO_INTER":"VEHICULAR, PEATONAL","INFRA_CICL":"SIN","OPERACION":"OBRAS"}},{"type":"Feature","id":1157,"geometry":{"type":"Point","coordinates":[-74.0824541,4.60598843984879]},"properties":{"FID":1157,"OBJECTID":1157,"COD_ID_INT":549,"DIRECCION":"KR 17 X AV COLON (AC 13)","LOCALIDAD":"LOS MARTIRES","TIPO_INTER":"VEHICULAR, PEATONAL","INFRA_CICL":"CICLORUTA","OPERACION":"NORMAL"}},{"type":"Feature","id":1158,"geometry":{"type":"Point","coordinates":[-74.11853723,4.60773527984873]},"properties":{"FID":1158,"OBJECTID":1158,"COD_ID_INT":767,"DIRECCION":"AV BATALLON CALDAS (AK 50) X AV  FUCHA (AC 8 S)","LOCALIDAD":"PUENTE ARANDA","TIPO_INTER":"VEHICULAR, PEATONAL","INFRA_CICL":"SIN","OPERACION":"NORMAL"}},{"type":"Feature","id":1159,"geometry":{"type":"Point","coordinates":[-74.0742938399999,4.62038934984831]},"properties":{"FID":1159,"OBJECTID":1159,"COD_ID_INT":470,"DIRECCION":"AV MARISCAL SUCRE (AK 19) X AC 32","LOCALIDAD":"TEUSAQUILLO","TIPO_INTER":"VEHICULAR, PEATONAL","INFRA_CICL":"SIN","OPERACION":"NORMAL"}},{"type":"Feature","id":1160,"geometry":{"type":"Point","coordinates":[-74.1224785699999,4.59398391984917]},"properties":{"FID":1160,"OBJECTID":1160,"COD_ID_INT":1059,"DIRECCION":"AV CIUDAD DE QUITO (TV 35) X CL 38BIS SUR","LOCALIDAD":"PUENTE ARANDA","TIPO_INTER":"EXCLUSIVA PEATONAL","INFRA_CICL":"CICLORUTA","OPERACION":"NORMAL"}},{"type":"Feature","id":1161,"geometry":{"type":"Point","coordinates":[-74.03502936,4.71344173984532]},"properties":{"FID":1161,"OBJECTID":1161,"COD_ID_INT":22,"DIRECCION":"KR 10 X AV CONTADOR (AC 134)","LOCALIDAD":"USAQUEN","TIPO_INTER":"VEHICULAR, PEATONAL","INFRA_CICL":"SIN","OPERACION":"NORMAL"}},{"type":"Feature","id":1162,"geometry":{"type":"Point","coordinates":[-74.126421105,4.61778682184839]},"properties":{"FID":1162,"OBJECTID":1162,"COD_ID_INT":1126,"DIRECCION":"AV DEL CONGRESO EUCARISTICO (AK 68) X CL 8 SUR","LOCALIDAD":"KENNEDY","TIPO_INTER":"EXCLUSIVA PEATONAL","INFRA_CICL":"SIN","OPERACION":"NORMAL"}},{"type":"Feature","id":1163,"geometry":{"type":"Point","coordinates":[-74.109432531,4.70735193384548]},"properties":{"FID":1163,"OBJECTID":1163,"COD_ID_INT":724,"DIRECCION":"TV 94L X AV MEDELLIN (AC 80)","LOCALIDAD":"ENGATIVA","TIPO_INTER":"VEHICULAR, PEATONAL","INFRA_CICL":"CICLORUTA","OPERACION":"NORMAL"}},{"type":"Feature","id":1164,"geometry":{"type":"Point","coordinates":[-74.05337288,4.65806527984712]},"properties":{"FID":1164,"OBJECTID":1164,"COD_ID_INT":135,"DIRECCION":"AV ALBERTO LLERAS CAMARGO (AK 7) X CL 75","LOCALIDAD":"CHAPINERO","TIPO_INTER":"VEHICULAR, PEATONAL","INFRA_CICL":"SIN","OPERACION":"NORMAL"}},{"type":"Feature","id":1165,"geometry":{"type":"Point","coordinates":[-74.06902926,4.63682152984777]},"properties":{"FID":1165,"OBJECTID":1165,"COD_ID_INT":342,"DIRECCION":"KR 16 X CL 49","LOCALIDAD":"TEUSAQUILLO","TIPO_INTER":"VEHICULAR","INFRA_CICL":"SIN","OPERACION":"NORMAL"}},{"type":"Feature","id":1166,"geometry":{"type":"Point","coordinates":[-74.13587476,4.6394047498477]},"properties":{"FID":1166,"OBJECTID":1166,"COD_ID_INT":819,"DIRECCION":"AV BOYACA (AK 72) X CL 9","LOCALIDAD":"KENNEDY","TIPO_INTER":"VEHICULAR, PEATONAL","INFRA_CICL":"CICLORUTA","OPERACION":"NORMAL"}},{"type":"Feature","id":1167,"geometry":{"type":"Point","coordinates":[-74.105715056,4.57283976784989]},"properties":{"FID":1167,"OBJECTID":1167,"COD_ID_INT":1293,"DIRECCION":"KR 12D X CL 31A SUR","LOCALIDAD":"RAFAEL URIBE","TIPO_INTER":"VEHICULAR, PEATONAL","INFRA_CICL":"SIN","OPERACION":"NORMAL"}},{"type":"Feature","id":1168,"geometry":{"type":"Point","coordinates":[-74.0580028799999,4.65833077984707]},"properties":{"FID":1168,"OBJECTID":1168,"COD_ID_INT":172,"DIRECCION":"AV GERMAN ARCINIEGAS (AK 11) X CL 73","LOCALIDAD":"CHAPINERO","TIPO_INTER":"VEHICULAR, PEATONAL","INFRA_CICL":"CICLORUTA","OPERACION":"NORMAL"}},{"type":"Feature","id":1169,"geometry":{"type":"Point","coordinates":[-74.0701166699999,4.70001811984574]},"properties":{"FID":1169,"OBJECTID":1169,"COD_ID_INT":371,"DIRECCION":"AV ALFREDO D BATERMAN (TV 60) X AV PEPE SIERRA (AC 116)","LOCALIDAD":"SUBA","TIPO_INTER":"VEHICULAR, PEATONAL","INFRA_CICL":"CICLORUTA","OPERACION":"NORMAL"}},{"type":"Feature","id":1170,"geometry":{"type":"Point","coordinates":[-74.10654496,4.59174874984925]},"properties":{"FID":1170,"OBJECTID":1170,"COD_ID_INT":1023,"DIRECCION":"AV GENERAL SANTANDER (AK 27) X CL 17 S","LOCALIDAD":"ANTONIO NARINO","TIPO_INTER":"VEHICULAR, PEATONAL","INFRA_CICL":"SIN","OPERACION":"NORMAL"}},{"type":"Feature","id":1171,"geometry":{"type":"Point","coordinates":[-74.1002886599999,4.59502307984912]},"properties":{"FID":1171,"OBJECTID":1171,"COD_ID_INT":1002,"DIRECCION":"KR 25A BIS X AV DE LA HORTUA (CL 1)","LOCALIDAD":"LOS MARTIRES","TIPO_INTER":"VEHICULAR, PEATONAL","INFRA_CICL":"SIN","OPERACION":"NORMAL"}},{"type":"Feature","id":1172,"geometry":{"type":"Point","coordinates":[-74.1144278,4.58861310984934]},"properties":{"FID":1172,"OBJECTID":1172,"COD_ID_INT":1045,"DIRECCION":"AV GENERAL SANTANDER (KR 27) X CL 30 SUR","LOCALIDAD":"RAFAEL URIBE","TIPO_INTER":"VEHICULAR, PEATONAL","INFRA_CICL":"SIN","OPERACION":"NORMAL"}},{"type":"Feature","id":1173,"geometry":{"type":"Point","coordinates":[-74.11080929,4.71447507984528]},"properties":{"FID":1173,"OBJECTID":1173,"COD_ID_INT":1378,"DIRECCION":"KR 102 X CL 83","LOCALIDAD":"ENGATIVA","TIPO_INTER":"VEHICULAR, PEATONAL","INFRA_CICL":"SIN","OPERACION":"NORMAL"}},{"type":"Feature","id":1174,"geometry":{"type":"Point","coordinates":[-74.0991832,4.59738838984907]},"properties":{"FID":1174,"OBJECTID":1174,"COD_ID_INT":665,"DIRECCION":"KR 26 X CL 1F","LOCALIDAD":"LOS MARTIRES","TIPO_INTER":"VEHICULAR, PEATONAL","INFRA_CICL":"SIN","OPERACION":"NORMAL"}},{"type":"Feature","id":1175,"geometry":{"type":"Point","coordinates":[-74.08592071,4.5955506698491]},"properties":{"FID":1175,"OBJECTID":1175,"COD_ID_INT":958,"DIRECCION":"AV CARACAS (AK 14) X CL 4","LOCALIDAD":"SANTA FE","TIPO_INTER":"VEHICULAR, PEATONAL","INFRA_CICL":"SIN","OPERACION":"NORMAL"}},{"type":"Feature","id":1176,"geometry":{"type":"Point","coordinates":[-74.13003803,4.56721646985007]},"properties":{"FID":1176,"OBJECTID":1176,"COD_ID_INT":1177,"DIRECCION":"KR 18B X CL 53 S Y DG 54 S","LOCALIDAD":"TUNJUELITO","TIPO_INTER":"VEHICULAR, PEATONAL","INFRA_CICL":"SIN","OPERACION":"NORMAL"}},{"type":"Feature","id":1177,"geometry":{"type":"Point","coordinates":[-74.1084025599999,4.67383519984658]},"properties":{"FID":1177,"OBJECTID":1177,"COD_ID_INT":719,"DIRECCION":"KR 73A X AV PABLO VI (AC 53)","LOCALIDAD":"ENGATIVA","TIPO_INTER":"VEHICULAR, PEATONAL","INFRA_CICL":"SIN","OPERACION":"NORMAL"}},{"type":"Feature","id":1178,"geometry":{"type":"Point","coordinates":[-74.1450417459999,4.56766795985005]},"properties":{"FID":1178,"OBJECTID":1178,"COD_ID_INT":1112,"DIRECCION":"KR 22B X AV TUNJUELITO (DG 62 SUR)","LOCALIDAD":"CIUDAD BOLIVAR","TIPO_INTER":"VEHICULAR, PEATONAL","INFRA_CICL":"CICLORUTA","OPERACION":"NORMAL"}},{"type":"Feature","id":1179,"geometry":{"type":"Point","coordinates":[-74.13221688,4.57619115984978]},"properties":{"FID":1179,"OBJECTID":1179,"COD_ID_INT":1089,"DIRECCION":"AV MARISCAL SUCRE (KR 24) X CL 52B S","LOCALIDAD":"TUNJUELITO","TIPO_INTER":"VEHICULAR, PEATONAL","INFRA_CICL":"SIN","OPERACION":"NORMAL"}},{"type":"Feature","id":1180,"geometry":{"type":"Point","coordinates":[-74.07396519,4.64181711984761]},"properties":{"FID":1180,"OBJECTID":1180,"COD_ID_INT":459,"DIRECCION":"AV COLOMBIA (AK 24) X AV PABLO VI (AC 53)","LOCALIDAD":"TEUSAQUILLO","TIPO_INTER":"VEHICULAR, PEATONAL","INFRA_CICL":"CICLORUTA","OPERACION":"NORMAL"}},{"type":"Feature","id":1181,"geometry":{"type":"Point","coordinates":[-74.07001594,4.60100724984896]},"properties":{"FID":1181,"OBJECTID":1181,"COD_ID_INT":1134,"DIRECCION":"KR 4 X CL 16","LOCALIDAD":"CANDELARIA","TIPO_INTER":"VEHICULAR, PEATONAL","INFRA_CICL":"SIN","OPERACION":"NORMAL"}},{"type":"Feature","id":1182,"geometry":{"type":"Point","coordinates":[-74.1266715899999,4.57593962984977]},"properties":{"FID":1182,"OBJECTID":1182,"COD_ID_INT":1077,"DIRECCION":"KR 23 Y TV 23BIS X CL 46 S Y DG 44B SUR","LOCALIDAD":"TUNJUELITO","TIPO_INTER":"VEHICULAR, PEATONAL","INFRA_CICL":"SIN","OPERACION":"NORMAL"}},{"type":"Feature","id":1183,"geometry":{"type":"Point","coordinates":[-74.1026384,4.57573646984977]},"properties":{"FID":1183,"OBJECTID":1183,"COD_ID_INT":1015,"DIRECCION":"KR 12D BIS X CL 27 SUR","LOCALIDAD":"RAFAEL URIBE","TIPO_INTER":"VEHICULAR","INFRA_CICL":"SIN","OPERACION":"NORMAL"}},{"type":"Feature","id":1184,"geometry":{"type":"Point","coordinates":[-74.09939063,4.58994800984933]},"properties":{"FID":1184,"OBJECTID":1184,"COD_ID_INT":1136,"DIRECCION":"AV MARISCAL SUCRE (KR 24) X AV FUCHA (AC 11 S)","LOCALIDAD":"ANTONIO NARINO","TIPO_INTER":"VEHICULAR, PEATONAL","INFRA_CICL":"SIN","OPERACION":"NORMAL"}},{"type":"Feature","id":1185,"geometry":{"type":"Point","coordinates":[-74.05244956,4.73528272984459]},"properties":{"FID":1185,"OBJECTID":1185,"COD_ID_INT":1175,"DIRECCION":"KR 50 X CL 152","LOCALIDAD":"SUBA","TIPO_INTER":"VEHICULAR, PEATONAL","INFRA_CICL":"SIN","OPERACION":"NORMAL"}},{"type":"Feature","id":1186,"geometry":{"type":"Point","coordinates":[-74.11116564,4.59238166984926]},"properties":{"FID":1186,"OBJECTID":1186,"COD_ID_INT":1033,"DIRECCION":"KR 29B X AV PRIMERO DE MAYO (CL 22 SUR)","LOCALIDAD":"ANTONIO NARINO","TIPO_INTER":"VEHICULAR","INFRA_CICL":"SIN","OPERACION":"NORMAL"}},{"type":"Feature","id":1187,"geometry":{"type":"Point","coordinates":[-74.147160184,4.6212713788483]},"properties":{"FID":1187,"OBJECTID":1187,"COD_ID_INT":856,"DIRECCION":"KR 73D X CL 35B SUR","LOCALIDAD":"KENNEDY","TIPO_INTER":"VEHICULAR, PEATONAL","INFRA_CICL":"SIN","OPERACION":"NORMAL"}},{"type":"Feature","id":1188,"geometry":{"type":"Point","coordinates":[-74.0733931999999,4.62539475984817]},"properties":{"FID":1188,"OBJECTID":1188,"COD_ID_INT":445,"DIRECCION":"AV MARISCAL SUCRE (AK 19) X CL 36","LOCALIDAD":"TEUSAQUILLO","TIPO_INTER":"VEHICULAR, PEATONAL, BICIUSUARIOS","INFRA_CICL":"CICLORUTA EN CALZADA","OPERACION":"NORMAL"}},{"type":"Feature","id":1189,"geometry":{"type":"Point","coordinates":[-74.0715467799999,4.64382089984756]},"properties":{"FID":1189,"OBJECTID":1189,"COD_ID_INT":398,"DIRECCION":"KR 21 X DG 54","LOCALIDAD":"TEUSAQUILLO","TIPO_INTER":"VEHICULAR","INFRA_CICL":"SIN","OPERACION":"NORMAL"}},{"type":"Feature","id":1190,"geometry":{"type":"Point","coordinates":[-74.09986743,4.58923402984935]},"properties":{"FID":1190,"OBJECTID":1190,"COD_ID_INT":1001,"DIRECCION":"AV MARISCAL SUCRE (KR 24) X DG 13BIS S","LOCALIDAD":"ANTONIO NARINO","TIPO_INTER":"VEHICULAR, PEATONAL","INFRA_CICL":"SIN","OPERACION":"NORMAL"}},{"type":"Feature","id":1191,"geometry":{"type":"Point","coordinates":[-74.05087717,4.66882978984678]},"properties":{"FID":1191,"OBJECTID":1191,"COD_ID_INT":109,"DIRECCION":"AV GERMAN ARCINIEGAS (AK 11) X CL 86","LOCALIDAD":"CHAPINERO","TIPO_INTER":"VEHICULAR, PEATONAL","INFRA_CICL":"CICLORUTA EN CALZADA","OPERACION":"NORMAL"}},{"type":"Feature","id":1192,"geometry":{"type":"Point","coordinates":[-74.086384884,4.68525363184623]},"properties":{"FID":1192,"OBJECTID":1192,"COD_ID_INT":575,"DIRECCION":"KR 69H X CL 75","LOCALIDAD":"ENGATIVA","TIPO_INTER":"VEHICULAR, PEATONAL","INFRA_CICL":"SIN","OPERACION":"NORMAL"}},{"type":"Feature","id":1193,"geometry":{"type":"Point","coordinates":[-74.0486237699999,4.66759917984677]},"properties":{"FID":1193,"OBJECTID":1193,"COD_ID_INT":1366,"DIRECCION":"KR 9 X CL 86","LOCALIDAD":"CHAPINERO","TIPO_INTER":"VEHICULAR, PEATONAL","INFRA_CICL":"SIN","OPERACION":"NORMAL"}},{"type":"Feature","id":1194,"geometry":{"type":"Point","coordinates":[-74.1815084199999,4.60026289984902]},"properties":{"FID":1194,"OBJECTID":1194,"COD_ID_INT":1365,"DIRECCION":"KR 77M X CL 65 SUR","LOCALIDAD":"BOSA","TIPO_INTER":"VEHICULAR, PEATONAL","INFRA_CICL":"SIN","OPERACION":"NORMAL"}},{"type":"Feature","id":1195,"geometry":{"type":"Point","coordinates":[-74.13846409,4.58376125984954]},"properties":{"FID":1195,"OBJECTID":1195,"COD_ID_INT":1224,"DIRECCION":"AV JORGE GAITAN CORTES (KR 33) X CL 52F S Y DG 52B SUR","LOCALIDAD":"TUNJUELITO","TIPO_INTER":"VEHICULAR, PEATONAL","INFRA_CICL":"SIN","OPERACION":"NORMAL"}},{"type":"Feature","id":1196,"geometry":{"type":"Point","coordinates":[-74.07047662,4.71142818984537]},"properties":{"FID":1196,"OBJECTID":1196,"COD_ID_INT":377,"DIRECCION":"AV LAS VILLAS (AK 58) X AV RODRIGO LARA BONILLA (AC 127)","LOCALIDAD":"SUBA","TIPO_INTER":"VEHICULAR","INFRA_CICL":"CICLORUTA","OPERACION":"NORMAL"}},{"type":"Feature","id":1197,"geometry":{"type":"Point","coordinates":[-74.07335155,4.66174072984702]},"properties":{"FID":1197,"OBJECTID":1197,"COD_ID_INT":446,"DIRECCION":"KR 28A X AV GABRIEL ANDRADE (AC 68)","LOCALIDAD":"BARRIOS UNIDOS","TIPO_INTER":"VEHICULAR, PEATONAL","INFRA_CICL":"SIN","OPERACION":"NORMAL"}},{"type":"Feature","id":1198,"geometry":{"type":"Point","coordinates":[-74.0676592,4.64444969984755]},"properties":{"FID":1198,"OBJECTID":1198,"COD_ID_INT":319,"DIRECCION":"KR 16 X AV GILBERTO ALZATE AVENDANO (AC 57)","LOCALIDAD":"TEUSAQUILLO","TIPO_INTER":"VEHICULAR","INFRA_CICL":"SIN","OPERACION":"NORMAL"}},{"type":"Feature","id":1199,"geometry":{"type":"Point","coordinates":[-74.0742663999999,4.61266228984859]},"properties":{"FID":1199,"OBJECTID":1199,"COD_ID_INT":468,"DIRECCION":"AV CARACAS (AK 14) X CL 24","LOCALIDAD":"SANTA FE","TIPO_INTER":"VEHICULAR, PEATONAL","INFRA_CICL":"CICLORUTA","OPERACION":"NORMAL"}},{"type":"Feature","id":1200,"geometry":{"type":"Point","coordinates":[-74.099570303,4.58658802084945]},"properties":{"FID":1200,"OBJECTID":1200,"COD_ID_INT":1470,"DIRECCION":"KR 18 Y TV 18 BIS X CL 15 S","LOCALIDAD":"ANTONIO NARINO","TIPO_INTER":"VEHICULAR, PEATONAL","INFRA_CICL":"SIN","OPERACION":"NORMAL"}},{"type":"Feature","id":1201,"geometry":{"type":"Point","coordinates":[-74.07647987,4.59004248984929]},"properties":{"FID":1201,"OBJECTID":1201,"COD_ID_INT":1198,"DIRECCION":"KR 4 X AV DE LOS COMUNEROS (CL 6)","LOCALIDAD":"SANTA FE","TIPO_INTER":"VEHICULAR, PEATONAL","INFRA_CICL":"SIN","OPERACION":"NORMAL"}},{"type":"Feature","id":1202,"geometry":{"type":"Point","coordinates":[-74.100474839,4.58236282284955]},"properties":{"FID":1202,"OBJECTID":1202,"COD_ID_INT":1003,"DIRECCION":"AV CARACAS (AK 14) X CL 19 S","LOCALIDAD":"ANTONIO NARINO","TIPO_INTER":"VEHICULAR, PEATONAL","INFRA_CICL":"SIN","OPERACION":"NORMAL"}},{"type":"Feature","id":1203,"geometry":{"type":"Point","coordinates":[-74.05990179,4.73613672984458]},"properties":{"FID":1203,"OBJECTID":1203,"COD_ID_INT":1292,"DIRECCION":"KR 56 X CL 152","LOCALIDAD":"SUBA","TIPO_INTER":"VEHICULAR, PEATONAL","INFRA_CICL":"SIN","OPERACION":"NORMAL"}},{"type":"Feature","id":1204,"geometry":{"type":"Point","coordinates":[-74.06739061,4.66845684984676]},"properties":{"FID":1204,"OBJECTID":1204,"COD_ID_INT":315,"DIRECCION":"KR 28 X CL 76","LOCALIDAD":"BARRIOS UNIDOS","TIPO_INTER":"VEHICULAR, PEATONAL, BICIUSUARIOS","INFRA_CICL":"SIN","OPERACION":"NORMAL"}},{"type":"Feature","id":1205,"geometry":{"type":"Point","coordinates":[-74.05598091,4.71593909984523]},"properties":{"FID":1205,"OBJECTID":1205,"COD_ID_INT":155,"DIRECCION":"KR 49 X CL 129","LOCALIDAD":"SUBA","TIPO_INTER":"VEHICULAR, PEATONAL","INFRA_CICL":"SIN","OPERACION":"NORMAL"}},{"type":"Feature","id":1206,"geometry":{"type":"Point","coordinates":[-74.10896507,4.65283819984731]},"properties":{"FID":1206,"OBJECTID":1206,"COD_ID_INT":722,"DIRECCION":"KR 68B X CL 24A","LOCALIDAD":"FONTIBON","TIPO_INTER":"VEHICULAR, PEATONAL","INFRA_CICL":"CICLORUTA","OPERACION":"NORMAL"}},{"type":"Feature","id":1207,"geometry":{"type":"Point","coordinates":[-74.0653015,4.74253616984435]},"properties":{"FID":1207,"OBJECTID":1207,"COD_ID_INT":272,"DIRECCION":"AV BOYACA (AK 72) X AV DE LA SIRENA (AC 153)","LOCALIDAD":"SUBA","TIPO_INTER":"VEHICULAR, PEATONAL","INFRA_CICL":"CICLORUTA","OPERACION":"NORMAL"}},{"type":"Feature","id":1208,"geometry":{"type":"Point","coordinates":[-74.0653976099999,4.63821729984775]},"properties":{"FID":1208,"OBJECTID":1208,"COD_ID_INT":1279,"DIRECCION":"KR 13 X CL 51","LOCALIDAD":"CHAPINERO","TIPO_INTER":"VEHICULAR, PEATONAL","INFRA_CICL":"CICLORUTA","OPERACION":"NORMAL"}},{"type":"Feature","id":1209,"geometry":{"type":"Point","coordinates":[-74.09584655,4.59404114984922]},"properties":{"FID":1209,"OBJECTID":1209,"COD_ID_INT":984,"DIRECCION":"AV MARISCAL SUCRE (TV 22) X AV DE LA HORTUA (CL 1)","LOCALIDAD":"LOS MARTIRES","TIPO_INTER":"VEHICULAR, PEATONAL","INFRA_CICL":"SIN","OPERACION":"NORMAL"}},{"type":"Feature","id":1210,"geometry":{"type":"Point","coordinates":[-74.04868941,4.66317386984691]},"properties":{"FID":1210,"OBJECTID":1210,"COD_ID_INT":89,"DIRECCION":"AV ALBERTO LLERAS CAMARGO (AK 7) X AC 82","LOCALIDAD":"CHAPINERO","TIPO_INTER":"VEHICULAR, PEATONAL","INFRA_CICL":"SIN","OPERACION":"NORMAL"}},{"type":"Feature","id":1211,"geometry":{"type":"Point","coordinates":[-74.06098746,4.64845713984742]},"properties":{"FID":1211,"OBJECTID":1211,"COD_ID_INT":1342,"DIRECCION":"KR 9 X AV JOSE CELESTINO MUTIS (AC 63)","LOCALIDAD":"CHAPINERO","TIPO_INTER":"VEHICULAR, PEATONAL","INFRA_CICL":"SIN","OPERACION":"NORMAL"}},{"type":"Feature","id":1212,"geometry":{"type":"Point","coordinates":[-74.06729746,4.6573956698471]},"properties":{"FID":1212,"OBJECTID":1212,"COD_ID_INT":312,"DIRECCION":"KR 20 X AV GABRIEL ANDRADE (AC 68)","LOCALIDAD":"BARRIOS UNIDOS","TIPO_INTER":"VEHICULAR","INFRA_CICL":"SIN","OPERACION":"NORMAL"}},{"type":"Feature","id":1213,"geometry":{"type":"Point","coordinates":[-74.116760986,4.68168083384637]},"properties":{"FID":1213,"OBJECTID":1213,"COD_ID_INT":1627,"DIRECCION":"AV CIUDAD DE CALI (AK 86) X CL 52A","LOCALIDAD":"ENGATIVA","TIPO_INTER":"VEHICULAR, PEATONAL","INFRA_CICL":"SIN","OPERACION":"NORMAL"}},{"type":"Feature","id":1214,"geometry":{"type":"Point","coordinates":[-74.04480453,4.69260472984596]},"properties":{"FID":1214,"OBJECTID":1214,"COD_ID_INT":59,"DIRECCION":"AV PASEO DEL COUNTRY (AK 15) X CL 109","LOCALIDAD":"USAQUEN","TIPO_INTER":"VEHICULAR","INFRA_CICL":"SIN","OPERACION":"NORMAL"}},{"type":"Feature","id":1215,"geometry":{"type":"Point","coordinates":[-74.06718943,4.61294481984857]},"properties":{"FID":1215,"OBJECTID":1215,"COD_ID_INT":316,"DIRECCION":"KR 5 X CL 26C","LOCALIDAD":"SANTA FE","TIPO_INTER":"VEHICULAR, PEATONAL","INFRA_CICL":"SIN","OPERACION":"NORMAL"}},{"type":"Feature","id":1216,"geometry":{"type":"Point","coordinates":[-74.0667309299999,4.69270777984596]},"properties":{"FID":1216,"OBJECTID":1216,"COD_ID_INT":301,"DIRECCION":"KR 64 X AV ALFREDO D BATEMAN (TV 60)","LOCALIDAD":"SUBA","TIPO_INTER":"VEHICULAR, PEATONAL","INFRA_CICL":"CICLORUTA","OPERACION":"NORMAL"}},{"type":"Feature","id":1217,"geometry":{"type":"Point","coordinates":[-74.06131923,4.64540344984753]},"properties":{"FID":1217,"OBJECTID":1217,"COD_ID_INT":208,"DIRECCION":"AV ALBERTO LLERAS CAMARGO (AK 7) X CL 60","LOCALIDAD":"CHAPINERO","TIPO_INTER":"VEHICULAR, PEATONAL","INFRA_CICL":"SIN","OPERACION":"NORMAL"}},{"type":"Feature","id":1218,"geometry":{"type":"Point","coordinates":[-74.1182780899999,4.70540226984555]},"properties":{"FID":1218,"OBJECTID":1218,"COD_ID_INT":766,"DIRECCION":"KR 103 X AV CHILE (AC 72)","LOCALIDAD":"ENGATIVA","TIPO_INTER":"VEHICULAR, PEATONAL","INFRA_CICL":"SIN","OPERACION":"NORMAL"}},{"type":"Feature","id":1219,"geometry":{"type":"Point","coordinates":[-74.1829546119999,4.61326507184857]},"properties":{"FID":1219,"OBJECTID":1219,"COD_ID_INT":1540,"DIRECCION":"KR 81A X AVENIDA BOSA (CL 59 SUR)","LOCALIDAD":"BOSA","TIPO_INTER":"VEHICULAR, PEATONAL","INFRA_CICL":"CICLORUTA","OPERACION":"NORMAL"}},{"type":"Feature","id":1220,"geometry":{"type":"Point","coordinates":[-74.06237336,4.65727682984713]},"properties":{"FID":1220,"OBJECTID":1220,"COD_ID_INT":221,"DIRECCION":"AV CARACAS (AK 14) X CL 70A","LOCALIDAD":"BARRIOS UNIDOS","TIPO_INTER":"EXCLUSIVA PEATONAL","INFRA_CICL":"SIN","OPERACION":"NORMAL"}},{"type":"Feature","id":1221,"geometry":{"type":"Point","coordinates":[-74.06956235,4.66695532984683]},"properties":{"FID":1221,"OBJECTID":1221,"COD_ID_INT":1349,"DIRECCION":"KR 28A X CL 74","LOCALIDAD":"BARRIOS UNIDOS","TIPO_INTER":"VEHICULAR, PEATONAL","INFRA_CICL":"SIN","OPERACION":"NORMAL"}},{"type":"Feature","id":1222,"geometry":{"type":"Point","coordinates":[-74.14729625,4.64899652984737]},"properties":{"FID":1222,"OBJECTID":1222,"COD_ID_INT":855,"DIRECCION":"AV CIUDAD DE CALI (AK 86) X CL 10","LOCALIDAD":"KENNEDY","TIPO_INTER":"VEHICULAR, PEATONAL","INFRA_CICL":"CICLORUTA","OPERACION":"NORMAL"}},{"type":"Feature","id":1223,"geometry":{"type":"Point","coordinates":[-74.10083465,4.56510174985013]},"properties":{"FID":1223,"OBJECTID":1223,"COD_ID_INT":1212,"DIRECCION":"KR 7A X CL 34 SUR","LOCALIDAD":"SAN CRISTOBAL","TIPO_INTER":"VEHICULAR, PEATONAL","INFRA_CICL":"SIN","OPERACION":"NORMAL"}},{"type":"Feature","id":1224,"geometry":{"type":"Point","coordinates":[-74.07395342,4.62632710984813]},"properties":{"FID":1224,"OBJECTID":1224,"COD_ID_INT":457,"DIRECCION":"KR 20 X CL 37","LOCALIDAD":"TEUSAQUILLO","TIPO_INTER":"VEHICULAR","INFRA_CICL":"SIN","OPERACION":"NORMAL"}},{"type":"Feature","id":1225,"geometry":{"type":"Point","coordinates":[-74.1211565199999,4.62130007984828]},"properties":{"FID":1225,"OBJECTID":1225,"COD_ID_INT":779,"DIRECCION":"KR 60 X AV CIUDAD MONTES (AC 3)","LOCALIDAD":"PUENTE ARANDA","TIPO_INTER":"VEHICULAR, PEATONAL","INFRA_CICL":"SIN","OPERACION":"NORMAL"}},{"type":"Feature","id":1226,"geometry":{"type":"Point","coordinates":[-74.06113132,4.66413803984692]},"properties":{"FID":1226,"OBJECTID":1226,"COD_ID_INT":207,"DIRECCION":"AV CARACAS (AK 20) X CL 76","LOCALIDAD":"BARRIOS UNIDOS","TIPO_INTER":"VEHICULAR, PEATONAL","INFRA_CICL":"SIN","OPERACION":"NORMAL"}},{"type":"Feature","id":1227,"geometry":{"type":"Point","coordinates":[-74.11166158,4.62067420984833]},"properties":{"FID":1227,"OBJECTID":1227,"COD_ID_INT":736,"DIRECCION":"AV BATALLON CALDAS (AK 50) X CL 5A","LOCALIDAD":"PUENTE ARANDA","TIPO_INTER":"VEHICULAR, PEATONAL","INFRA_CICL":"SIN","OPERACION":"NORMAL"}},{"type":"Feature","id":1228,"geometry":{"type":"Point","coordinates":[-74.1303703299999,4.57997019984965]},"properties":{"FID":1228,"OBJECTID":1228,"COD_ID_INT":1086,"DIRECCION":"KR 25 X CL 48 SUR","LOCALIDAD":"TUNJUELITO","TIPO_INTER":"VEHICULAR","INFRA_CICL":"SIN","OPERACION":"NORMAL"}},{"type":"Feature","id":1229,"geometry":{"type":"Point","coordinates":[-74.1635987399999,4.69007483984602]},"properties":{"FID":1229,"OBJECTID":1229,"COD_ID_INT":904,"DIRECCION":"AV DEL TAM (AK 128) X AV CENTENARIO (AC 17)","LOCALIDAD":"FONTIBON","TIPO_INTER":"VEHICULAR","INFRA_CICL":"SIN","OPERACION":"NORMAL"}},{"type":"Feature","id":1230,"geometry":{"type":"Point","coordinates":[-74.0398901899999,4.72078463984504]},"properties":{"FID":1230,"OBJECTID":1230,"COD_ID_INT":32,"DIRECCION":"KR 13 X CL 140","LOCALIDAD":"USAQUEN","TIPO_INTER":"VEHICULAR","INFRA_CICL":"SIN","OPERACION":"NORMAL"}},{"type":"Feature","id":1231,"geometry":{"type":"Point","coordinates":[-74.06354127,4.64945957984737]},"properties":{"FID":1231,"OBJECTID":1231,"COD_ID_INT":244,"DIRECCION":"KR 13 X AV JOSE CELESTINO MUTIS (AC 63)","LOCALIDAD":"CHAPINERO","TIPO_INTER":"VEHICULAR, PEATONAL","INFRA_CICL":"CICLORUTA","OPERACION":"NORMAL"}},{"type":"Feature","id":1232,"geometry":{"type":"Point","coordinates":[-74.0770927899999,4.64376080984758]},"properties":{"FID":1232,"OBJECTID":1232,"COD_ID_INT":511,"DIRECCION":"KR 28 X CL 53B","LOCALIDAD":"TEUSAQUILLO","TIPO_INTER":"VEHICULAR","INFRA_CICL":"CICLORUTA EN CALZADA","OPERACION":"NORMAL"}},{"type":"Feature","id":1233,"geometry":{"type":"Point","coordinates":[-74.0632049499999,4.66037612984701]},"properties":{"FID":1233,"OBJECTID":1233,"COD_ID_INT":240,"DIRECCION":"KR 20A X AV CHILE (AC 72)","LOCALIDAD":"BARRIOS UNIDOS","TIPO_INTER":"VEHICULAR","INFRA_CICL":"SIN","OPERACION":"NORMAL"}},{"type":"Feature","id":1234,"geometry":{"type":"Point","coordinates":[-74.06488654,4.62067157984828]},"properties":{"FID":1234,"OBJECTID":1234,"COD_ID_INT":265,"DIRECCION":"KR 5 X CL 34","LOCALIDAD":"SANTA FE","TIPO_INTER":"VEHICULAR, PEATONAL","INFRA_CICL":"SIN","OPERACION":"NORMAL"}},{"type":"Feature","id":1235,"geometry":{"type":"Point","coordinates":[-74.13703721,4.63678823984778]},"properties":{"FID":1235,"OBJECTID":1235,"COD_ID_INT":827,"DIRECCION":"AV BOYACA (AK 72) X AV CASTILLA (AC 8)","LOCALIDAD":"KENNEDY","TIPO_INTER":"VEHICULAR, PEATONAL","INFRA_CICL":"CICLORUTA","OPERACION":"NORMAL"}},{"type":"Feature","id":1236,"geometry":{"type":"Point","coordinates":[-74.0988311899999,4.58074948984964]},"properties":{"FID":1236,"OBJECTID":1236,"COD_ID_INT":998,"DIRECCION":"KR 12D X CL 19 SUR","LOCALIDAD":"ANTONIO NARINO","TIPO_INTER":"VEHICULAR","INFRA_CICL":"SIN","OPERACION":"NORMAL"}},{"type":"Feature","id":1237,"geometry":{"type":"Point","coordinates":[-74.0662669499999,4.65259322984726]},"properties":{"FID":1237,"OBJECTID":1237,"COD_ID_INT":289,"DIRECCION":"KR 16 X CL 64","LOCALIDAD":"BARRIOS UNIDOS","TIPO_INTER":"VEHICULAR","INFRA_CICL":"SIN","OPERACION":"NORMAL"}},{"type":"Feature","id":1238,"geometry":{"type":"Point","coordinates":[-74.0705905199999,4.59153619984927]},"properties":{"FID":1238,"OBJECTID":1238,"COD_ID_INT":943,"DIRECCION":"AV PATRICIO SAMPER GNECCO (KR 3 ESTE) X CL 7","LOCALIDAD":"CANDELARIA","TIPO_INTER":"VEHICULAR, PEATONAL","INFRA_CICL":"SIN","OPERACION":"NORMAL"}},{"type":"Feature","id":1239,"geometry":{"type":"Point","coordinates":[-74.049104749,4.76255695984368]},"properties":{"FID":1239,"OBJECTID":1239,"COD_ID_INT":1548,"DIRECCION":"KR 51 X AV SAN ANTONIO (AC 183)","LOCALIDAD":"SUBA","TIPO_INTER":"VEHICULAR, PEATONAL","INFRA_CICL":"SIN","OPERACION":"OBRAS"}},{"type":"Feature","id":1240,"geometry":{"type":"Point","coordinates":[-74.14161709,4.59311150984919]},"properties":{"FID":1240,"OBJECTID":1240,"COD_ID_INT":1106,"DIRECCION":"KR 54 X DG 47A SUR","LOCALIDAD":"TUNJUELITO","TIPO_INTER":"VEHICULAR, PEATONAL","INFRA_CICL":"SIN","OPERACION":"NORMAL"}},{"type":"Feature","id":1241,"geometry":{"type":"Point","coordinates":[-74.0927220199999,4.67538608984655]},"properties":{"FID":1241,"OBJECTID":1241,"COD_ID_INT":618,"DIRECCION":"KR 69 X AV DEL SALITRE (AC 66)","LOCALIDAD":"ENGATIVA","TIPO_INTER":"VEHICULAR","INFRA_CICL":"SIN","OPERACION":"NORMAL"}},{"type":"Feature","id":1242,"geometry":{"type":"Point","coordinates":[-74.08669373,4.57887601984968]},"properties":{"FID":1242,"OBJECTID":1242,"COD_ID_INT":960,"DIRECCION":"KR 7 X AV FUCHA (AC 11 S)","LOCALIDAD":"SAN CRISTOBAL","TIPO_INTER":"VEHICULAR","INFRA_CICL":"SIN","OPERACION":"NORMAL"}},{"type":"Feature","id":1243,"geometry":{"type":"Point","coordinates":[-74.08317705,4.67533891984654]},"properties":{"FID":1243,"OBJECTID":1243,"COD_ID_INT":556,"DIRECCION":"KR 65 X AV CHILE (AC 72)","LOCALIDAD":"BARRIOS UNIDOS","TIPO_INTER":"VEHICULAR, PEATONAL","INFRA_CICL":"SIN","OPERACION":"NORMAL"}},{"type":"Feature","id":1244,"geometry":{"type":"Point","coordinates":[-74.08456066,4.65126060984735]},"properties":{"FID":1244,"OBJECTID":1244,"COD_ID_INT":562,"DIRECCION":"AV BATALLON CALDAS (AK 50) X CL 59","LOCALIDAD":"TEUSAQUILLO","TIPO_INTER":"VEHICULAR, PEATONAL, BICIUSUARIOS","INFRA_CICL":"CICLORUTA EN CALZADA","OPERACION":"NORMAL"}},{"type":"Feature","id":1245,"geometry":{"type":"Point","coordinates":[-74.143958175,4.60121019184895]},"properties":{"FID":1245,"OBJECTID":1245,"COD_ID_INT":842,"DIRECCION":"AV BOYACA (AK 72) X CL 43A SUR","LOCALIDAD":"KENNEDY","TIPO_INTER":"VEHICULAR, PEATONAL","INFRA_CICL":"CICLORUTA","OPERACION":"NORMAL"}},{"type":"Feature","id":1246,"geometry":{"type":"Point","coordinates":[-74.05790696,4.73592826984456]},"properties":{"FID":1246,"OBJECTID":1246,"COD_ID_INT":1405,"DIRECCION":"KR 55 X CL 152","LOCALIDAD":"SUBA","TIPO_INTER":"VEHICULAR, PEATONAL","INFRA_CICL":"SIN","OPERACION":"NORMAL"}},{"type":"Feature","id":1247,"geometry":{"type":"Point","coordinates":[-74.05544042,4.65499536984721]},"properties":{"FID":1247,"OBJECTID":1247,"COD_ID_INT":152,"DIRECCION":"AV ALBERTO LLERAS CAMARGO (AK 7) X AV CHILE (AC 72)","LOCALIDAD":"CHAPINERO","TIPO_INTER":"VEHICULAR, PEATONAL","INFRA_CICL":"SIN","OPERACION":"NORMAL"}},{"type":"Feature","id":1248,"geometry":{"type":"Point","coordinates":[-74.0759432,4.69375500784593]},"properties":{"FID":1248,"OBJECTID":1248,"COD_ID_INT":1516,"DIRECCION":"AVENIDA DE LA CONSTITUCION (AK 70) X CL 99","LOCALIDAD":"SUBA","TIPO_INTER":"VEHICULAR, PEATONAL","INFRA_CICL":"SIN","OPERACION":"NORMAL"}},{"type":"Feature","id":1249,"geometry":{"type":"Point","coordinates":[-74.0694940499999,4.65053970984734]},"properties":{"FID":1249,"OBJECTID":1249,"COD_ID_INT":354,"DIRECCION":"KR 19A X AV JOSE CELESTINO MUTIS (AC 63)","LOCALIDAD":"BARRIOS UNIDOS","TIPO_INTER":"VEHICULAR","INFRA_CICL":"SIN","OPERACION":"NORMAL"}},{"type":"Feature","id":1250,"geometry":{"type":"Point","coordinates":[-74.0685513,4.62802313984807]},"properties":{"FID":1250,"OBJECTID":1250,"COD_ID_INT":334,"DIRECCION":"AV CARACAS (AK 14) X DG 40A","LOCALIDAD":"SANTA FE","TIPO_INTER":"VEHICULAR, PEATONAL","INFRA_CICL":"CICLORUTA EN CALZADA","OPERACION":"NORMAL"}},{"type":"Feature","id":1251,"geometry":{"type":"Point","coordinates":[-74.13890474,4.56971040984995]},"properties":{"FID":1251,"OBJECTID":1251,"COD_ID_INT":1100,"DIRECCION":"AV BOYACA (CL 58A S) X ENTRADA PORTAL TUNAL","LOCALIDAD":"TUNJUELITO","TIPO_INTER":"VEHICULAR, PEATONAL, BICIUSUARIOS","INFRA_CICL":"CICLORUTA","OPERACION":"NORMAL"}},{"type":"Feature","id":1252,"geometry":{"type":"Point","coordinates":[-74.188836981,4.63121643384799]},"properties":{"FID":1252,"OBJECTID":1252,"COD_ID_INT":1162,"DIRECCION":"AK 89B X CL 56F SUR","LOCALIDAD":"BOSA","TIPO_INTER":"VEHICULAR, PEATONAL","INFRA_CICL":"CICLORUTA","OPERACION":"NORMAL"}},{"type":"Feature","id":1253,"geometry":{"type":"Point","coordinates":[-74.067522904,4.59550787084914]},"properties":{"FID":1253,"OBJECTID":1253,"COD_ID_INT":1544,"DIRECCION":"AVENIDA PATRICIO SAMPER GNECCO (KR 5 ESTE) X CL 12","LOCALIDAD":"CANDELARIA","TIPO_INTER":"EXCLUSIVA PEATONAL","INFRA_CICL":"SIN","OPERACION":"NORMAL"}},{"type":"Feature","id":1254,"geometry":{"type":"Point","coordinates":[-74.0504107799999,4.66127350984701]},"properties":{"FID":1254,"OBJECTID":1254,"COD_ID_INT":102,"DIRECCION":"AV ALBERTO LLERAS CAMARGO (AK 7) X CL 79B","LOCALIDAD":"CHAPINERO","TIPO_INTER":"VEHICULAR, PEATONAL","INFRA_CICL":"SIN","OPERACION":"NORMAL"}},{"type":"Feature","id":1255,"geometry":{"type":"Point","coordinates":[-74.048845796,4.65618320084714]},"properties":{"FID":1255,"OBJECTID":1255,"COD_ID_INT":90,"DIRECCION":"AV PATRICIO SAMPER GNECCO (AK 1) X CL 76A","LOCALIDAD":"CHAPINERO","TIPO_INTER":"VEHICULAR, PEATONAL","INFRA_CICL":"SIN","OPERACION":"NORMAL"}},{"type":"Feature","id":1256,"geometry":{"type":"Point","coordinates":[-74.137247862,4.62052832484834]},"properties":{"FID":1256,"OBJECTID":1256,"COD_ID_INT":828,"DIRECCION":"KR 71D X CL 3 SUR","LOCALIDAD":"KENNEDY","TIPO_INTER":"VEHICULAR, PEATONAL, BICIUSUARIOS","INFRA_CICL":"CICLORUTA EN CALZADA","OPERACION":"NORMAL"}},{"type":"Feature","id":1257,"geometry":{"type":"Point","coordinates":[-74.069412029,4.61392254084851]},"properties":{"FID":1257,"OBJECTID":1257,"COD_ID_INT":357,"DIRECCION":"AV FERNANDO MAZUERA (AK 10) Y KR 7 X CL 27","LOCALIDAD":"SANTA FE","TIPO_INTER":"EXCLUSIVA PEATONAL","INFRA_CICL":"SIN","OPERACION":"NORMAL"}},{"type":"Feature","id":1258,"geometry":{"type":"Point","coordinates":[-74.0933698699999,4.61567710984847]},"properties":{"FID":1258,"OBJECTID":1258,"COD_ID_INT":625,"DIRECCION":"KR 32 X AV COLON (AC 13)","LOCALIDAD":"PUENTE ARANDA","TIPO_INTER":"VEHICULAR, PEATONAL","INFRA_CICL":"CICLORUTA","OPERACION":"NORMAL"}},{"type":"Feature","id":1259,"geometry":{"type":"Point","coordinates":[-74.09105941,4.6697007098467]},"properties":{"FID":1259,"OBJECTID":1259,"COD_ID_INT":606,"DIRECCION":"AV DEL CONGRESO EUCARISTICO (AK 68) X AC 64C","LOCALIDAD":"ENGATIVA","TIPO_INTER":"VEHICULAR, PEATONAL","INFRA_CICL":"CICLORUTA","OPERACION":"NORMAL"}},{"type":"Feature","id":1260,"geometry":{"type":"Point","coordinates":[-74.0909823219999,4.62557514484815]},"properties":{"FID":1260,"OBJECTID":1260,"COD_ID_INT":608,"DIRECCION":"AV CUNDINAMARCA (AK 36) X AV DE LAS AMERICAS (AC 20)","LOCALIDAD":"PUENTE ARANDA","TIPO_INTER":"VEHICULAR, PEATONAL","INFRA_CICL":"SIN","OPERACION":"NORMAL"}},{"type":"Feature","id":1261,"geometry":{"type":"Point","coordinates":[-74.167900661,4.63038902584799]},"properties":{"FID":1261,"OBJECTID":1261,"COD_ID_INT":1128,"DIRECCION":"AV  CIUDAD DE CALI (AK 86) X CL 42A SUR","LOCALIDAD":"KENNEDY","TIPO_INTER":"VEHICULAR, PEATONAL, BICIUSUARIOS","INFRA_CICL":"CICLORUTA","OPERACION":"NORMAL"}},{"type":"Feature","id":1262,"geometry":{"type":"Point","coordinates":[-74.085344605,4.73541205784459]},"properties":{"FID":1262,"OBJECTID":1262,"COD_ID_INT":567,"DIRECCION":"KR 91 X CL 137","LOCALIDAD":"SUBA","TIPO_INTER":"VEHICULAR, PEATONAL","INFRA_CICL":"SIN","OPERACION":"NORMAL"}},{"type":"Feature","id":1263,"geometry":{"type":"Point","coordinates":[-74.1278077119999,4.58491491484952]},"properties":{"FID":1263,"OBJECTID":1263,"COD_ID_INT":1472,"DIRECCION":"KR 29 X SANTA LUCIA (CL 44 S)","LOCALIDAD":"RAFAEL URIBE","TIPO_INTER":"VEHICULAR, PEATONAL","INFRA_CICL":"SIN","OPERACION":"NORMAL"}},{"type":"Feature","id":1264,"geometry":{"type":"Point","coordinates":[-74.0702485799999,4.6204171998483]},"properties":{"FID":1264,"OBJECTID":1264,"COD_ID_INT":374,"DIRECCION":"AV CARACAS (AK 14) X AC 32","LOCALIDAD":"SANTA FE","TIPO_INTER":"VEHICULAR, PEATONAL","INFRA_CICL":"SIN","OPERACION":"NORMAL"}},{"type":"Feature","id":1265,"geometry":{"type":"Point","coordinates":[-74.12602118,4.66626903984682]},"properties":{"FID":1265,"OBJECTID":1265,"COD_ID_INT":792,"DIRECCION":"KR 82 X CL 23","LOCALIDAD":"FONTIBON","TIPO_INTER":"VEHICULAR","INFRA_CICL":"SIN","OPERACION":"NORMAL"}},{"type":"Feature","id":1266,"geometry":{"type":"Point","coordinates":[-74.0844229099999,4.58562691084943]},"properties":{"FID":1266,"OBJECTID":1266,"COD_ID_INT":1358,"DIRECCION":"KR 8 X CL 1C S","LOCALIDAD":"SAN CRISTOBAL","TIPO_INTER":"VEHICULAR, PEATONAL","INFRA_CICL":"SIN","OPERACION":"NORMAL"}},{"type":"Feature","id":1267,"geometry":{"type":"Point","coordinates":[-74.10414102,4.62529774984819]},"properties":{"FID":1267,"OBJECTID":1267,"COD_ID_INT":698,"DIRECCION":"KR 47 X AV COLON (AC 13)","LOCALIDAD":"PUENTE ARANDA","TIPO_INTER":"VEHICULAR, PEATONAL","INFRA_CICL":"CICLORUTA","OPERACION":"NORMAL"}},{"type":"Feature","id":1268,"geometry":{"type":"Point","coordinates":[-74.099706603,4.62660519584815]},"properties":{"FID":1268,"OBJECTID":1268,"COD_ID_INT":668,"DIRECCION":"AK 43A X AV DE LAS AMERICAS (AC 20)","LOCALIDAD":"PUENTE ARANDA","TIPO_INTER":"VEHICULAR","INFRA_CICL":"SIN","OPERACION":"NORMAL"}},{"type":"Feature","id":1269,"geometry":{"type":"Point","coordinates":[-74.071996959,4.65355286684723]},"properties":{"FID":1269,"OBJECTID":1269,"COD_ID_INT":1561,"DIRECCION":"AVENIDA COLOMBIA (AK 24) X CL 63 C","LOCALIDAD":"BARRIOS UNIDOS","TIPO_INTER":"VEHICULAR, PEATONAL","INFRA_CICL":"SIN","OPERACION":"NORMAL"}},{"type":"Feature","id":1270,"geometry":{"type":"Point","coordinates":[-74.0621955999999,4.70076364984572]},"properties":{"FID":1270,"OBJECTID":1270,"COD_ID_INT":223,"DIRECCION":"KR 53 X AV PEPE SIERRA (AC 116)","LOCALIDAD":"SUBA","TIPO_INTER":"VEHICULAR, PEATONAL, BICIUSUARIOS","INFRA_CICL":"SIN","OPERACION":"NORMAL"}},{"type":"Feature","id":1271,"geometry":{"type":"Point","coordinates":[-74.0781352399999,4.60012340984898]},"properties":{"FID":1271,"OBJECTID":1271,"COD_ID_INT":1251,"DIRECCION":"AV FERNANDO MAZUERA (AK 10) X CL 11","LOCALIDAD":"CANDELARIA","TIPO_INTER":"EXCLUSIVA PEATONAL","INFRA_CICL":"SIN","OPERACION":"NORMAL"}},{"type":"Feature","id":1272,"geometry":{"type":"Point","coordinates":[-74.09502717,4.67213111984667]},"properties":{"FID":1272,"OBJECTID":1272,"COD_ID_INT":635,"DIRECCION":"KR 69 X AC 64C","LOCALIDAD":"ENGATIVA","TIPO_INTER":"VEHICULAR","INFRA_CICL":"SIN","OPERACION":"NORMAL"}},{"type":"Feature","id":1273,"geometry":{"type":"Point","coordinates":[-74.164305799,4.61814031584841]},"properties":{"FID":1273,"OBJECTID":1273,"COD_ID_INT":906,"DIRECCION":"KR 79 X AV CIUDAD DE VILLAVICENCIO (AC 43 S)","LOCALIDAD":"KENNEDY","TIPO_INTER":"VEHICULAR, PEATONAL","INFRA_CICL":"CICLORUTA","OPERACION":"NORMAL"}},{"type":"Feature","id":1274,"geometry":{"type":"Point","coordinates":[-74.127508742,4.57877092184968]},"properties":{"FID":1274,"OBJECTID":1274,"COD_ID_INT":1079,"DIRECCION":"AV MARISCAL SUCRE (KR 24) X CL 46 SUR","LOCALIDAD":"TUNJUELITO","TIPO_INTER":"VEHICULAR, PEATONAL","INFRA_CICL":"SIN","OPERACION":"NORMAL"}},{"type":"Feature","id":1275,"geometry":{"type":"Point","coordinates":[-74.09462991,4.59545675984913]},"properties":{"FID":1275,"OBJECTID":1275,"COD_ID_INT":1303,"DIRECCION":"AV MARISCAL SUCRE (TV 20) X CL 1F","LOCALIDAD":"LOS MARTIRES","TIPO_INTER":"VEHICULAR, PEATONAL","INFRA_CICL":"CICLORUTA","OPERACION":"NORMAL"}},{"type":"Feature","id":1276,"geometry":{"type":"Point","coordinates":[-74.05230714,4.65945679984705]},"properties":{"FID":1276,"OBJECTID":1276,"COD_ID_INT":118,"DIRECCION":"AV ALBERTO LLERAS CAMARGO (AK 7) X CL 77","LOCALIDAD":"CHAPINERO","TIPO_INTER":"VEHICULAR, PEATONAL","INFRA_CICL":"SIN","OPERACION":"NORMAL"}},{"type":"Feature","id":1277,"geometry":{"type":"Point","coordinates":[-74.13638724,4.67217070984662]},"properties":{"FID":1277,"OBJECTID":1277,"COD_ID_INT":823,"DIRECCION":"KR 96C X AV FERROCARRIL DE OCCIDENTE (AC 22)","LOCALIDAD":"FONTIBON","TIPO_INTER":"VEHICULAR, PEATONAL","INFRA_CICL":"SIN","OPERACION":"NORMAL"}},{"type":"Feature","id":1278,"geometry":{"type":"Point","coordinates":[-74.12217351,4.55775218585038]},"properties":{"FID":1278,"OBJECTID":1278,"COD_ID_INT":1056,"DIRECCION":"KR 9 X AV CARACAS (AC 51 SUR)","LOCALIDAD":"TUNJUELITO","TIPO_INTER":"VEHICULAR, PEATONAL","INFRA_CICL":"SIN","OPERACION":"NORMAL"}},{"type":"Feature","id":1279,"geometry":{"type":"Point","coordinates":[-74.08248944,4.67482307984658]},"properties":{"FID":1279,"OBJECTID":1279,"COD_ID_INT":551,"DIRECCION":"KR 64 X AV CHILE (AC 72)","LOCALIDAD":"BARRIOS UNIDOS","TIPO_INTER":"VEHICULAR, PEATONAL","INFRA_CICL":"SIN","OPERACION":"NORMAL"}},{"type":"Feature","id":1280,"geometry":{"type":"Point","coordinates":[-74.119310812,4.61933404084838]},"properties":{"FID":1280,"OBJECTID":1280,"COD_ID_INT":1639,"DIRECCION":" Kr 55 X AVENIDA CIUDAD MONTES (AC 3)","LOCALIDAD":"PUENTE ARANDA","TIPO_INTER":"VEHICULAR, PEATONAL","INFRA_CICL":"SIN","OPERACION":"OBRAS"}},{"type":"Feature","id":1281,"geometry":{"type":"Point","coordinates":[-74.09430651,4.59360787984919]},"properties":{"FID":1281,"OBJECTID":1281,"COD_ID_INT":979,"DIRECCION":"KR 19D X AV DE LA HORTUA (CL 1)","LOCALIDAD":"LOS MARTIRES","TIPO_INTER":"VEHICULAR","INFRA_CICL":"SIN","OPERACION":"NORMAL"}},{"type":"Feature","id":1282,"geometry":{"type":"Point","coordinates":[-74.11088756,4.68792401984613]},"properties":{"FID":1282,"OBJECTID":1282,"COD_ID_INT":731,"DIRECCION":"AV CIUDAD DE CALI (AK 86) X CL 65BIS","LOCALIDAD":"ENGATIVA","TIPO_INTER":"VEHICULAR, PEATONAL","INFRA_CICL":"CICLORUTA","OPERACION":"NORMAL"}},{"type":"Feature","id":1283,"geometry":{"type":"Point","coordinates":[-74.04881073,4.67221060984663]},"properties":{"FID":1283,"OBJECTID":1283,"COD_ID_INT":88,"DIRECCION":"AV GERMAN ARCINIEGAS (AK 11) X CL 90","LOCALIDAD":"CHAPINERO","TIPO_INTER":"VEHICULAR, PEATONAL","INFRA_CICL":"CICLORUTA EN CALZADA","OPERACION":"NORMAL"}},{"type":"Feature","id":1284,"geometry":{"type":"Point","coordinates":[-74.0980341,4.57212770984992]},"properties":{"FID":1284,"OBJECTID":1284,"COD_ID_INT":994,"DIRECCION":"AV FERNANDO MAZUERA (AK 10) X AV JOSE ASUNCION SILVA (CL 27 S)","LOCALIDAD":"SAN CRISTOBAL","TIPO_INTER":"VEHICULAR, PEATONAL","INFRA_CICL":"CICLORUTA","OPERACION":"NORMAL"}},{"type":"Feature","id":1285,"geometry":{"type":"Point","coordinates":[-74.07334629,4.60148048984894]},"properties":{"FID":1285,"OBJECTID":1285,"COD_ID_INT":448,"DIRECCION":"KR 7 X AV JIMENEZ (CL 13)","LOCALIDAD":"CANDELARIA","TIPO_INTER":"VEHICULAR, PEATONAL, BICIUSUARIOS","INFRA_CICL":"CICLORUTA EN CALZADA","OPERACION":"NORMAL"}},{"type":"Feature","id":1286,"geometry":{"type":"Point","coordinates":[-74.1842361499999,4.60628144984878]},"properties":{"FID":1286,"OBJECTID":1286,"COD_ID_INT":932,"DIRECCION":"KR 79C X CL 65 S","LOCALIDAD":"BOSA","TIPO_INTER":"VEHICULAR, PEATONAL","INFRA_CICL":"SIN","OPERACION":"NORMAL"}},{"type":"Feature","id":1287,"geometry":{"type":"Point","coordinates":[-74.1285538399999,4.58670256984943]},"properties":{"FID":1287,"OBJECTID":1287,"COD_ID_INT":1081,"DIRECCION":"AV JORGE GAITAN CORTES (KR 33) X AV SANTA LUCIA (CL 44 SUR)","LOCALIDAD":"RAFAEL URIBE","TIPO_INTER":"VEHICULAR, PEATONAL","INFRA_CICL":"SIN","OPERACION":"NORMAL"}},{"type":"Feature","id":1288,"geometry":{"type":"Point","coordinates":[-74.12360115,4.57435605984986]},"properties":{"FID":1288,"OBJECTID":1288,"COD_ID_INT":1060,"DIRECCION":"AV CARACAS (AK 14) X CL 44C SUR","LOCALIDAD":"RAFAEL URIBE","TIPO_INTER":"VEHICULAR, PEATONAL","INFRA_CICL":"SIN","OPERACION":"NORMAL"}},{"type":"Feature","id":1289,"geometry":{"type":"Point","coordinates":[-74.07673285,4.60218093984891]},"properties":{"FID":1289,"OBJECTID":1289,"COD_ID_INT":507,"DIRECCION":"AV FERNANDO MAZUERA (AK 10) X AV JIMENEZ (CL 13)","LOCALIDAD":"CANDELARIA","TIPO_INTER":"VEHICULAR, PEATONAL","INFRA_CICL":"SIN","OPERACION":"NORMAL"}},{"type":"Feature","id":1290,"geometry":{"type":"Point","coordinates":[-74.0670782399999,4.65308965984724]},"properties":{"FID":1290,"OBJECTID":1290,"COD_ID_INT":306,"DIRECCION":"KR 17 X CL 64","LOCALIDAD":"BARRIOS UNIDOS","TIPO_INTER":"VEHICULAR, PEATONAL","INFRA_CICL":"SIN","OPERACION":"NORMAL"}},{"type":"Feature","id":1291,"geometry":{"type":"Point","coordinates":[-74.07128378,4.64132824984766]},"properties":{"FID":1291,"OBJECTID":1291,"COD_ID_INT":394,"DIRECCION":"KR 20 X AV PABLO VI (AC 53)","LOCALIDAD":"TEUSAQUILLO","TIPO_INTER":"VEHICULAR, PEATONAL","INFRA_CICL":"CICLORUTA","OPERACION":"NORMAL"}},{"type":"Feature","id":1292,"geometry":{"type":"Point","coordinates":[-74.1109287,4.58429729984952]},"properties":{"FID":1292,"OBJECTID":1292,"COD_ID_INT":1032,"DIRECCION":"AV MARISCAL SUCRE (KR 24) X CL 28 SUR","LOCALIDAD":"RAFAEL URIBE","TIPO_INTER":"VEHICULAR, PEATONAL","INFRA_CICL":"SIN","OPERACION":"NORMAL"}},{"type":"Feature","id":1293,"geometry":{"type":"Point","coordinates":[-74.089980027,4.6983363158458]},"properties":{"FID":1293,"OBJECTID":1293,"COD_ID_INT":1447,"DIRECCION":"KR 73A X CL 81B","LOCALIDAD":"ENGATIVA","TIPO_INTER":"EXCLUSIVA PEATONAL","INFRA_CICL":"SIN","OPERACION":"NORMAL"}},{"type":"Feature","id":1294,"geometry":{"type":"Point","coordinates":[-74.12219723,4.70861097984546]},"properties":{"FID":1294,"OBJECTID":1294,"COD_ID_INT":782,"DIRECCION":"KR 106A X AV CHILE (AC 72)","LOCALIDAD":"ENGATIVA","TIPO_INTER":"VEHICULAR, PEATONAL","INFRA_CICL":"SIN","OPERACION":"NORMAL"}},{"type":"Feature","id":1295,"geometry":{"type":"Point","coordinates":[-74.07270879,4.60253349984892]},"properties":{"FID":1295,"OBJECTID":1295,"COD_ID_INT":433,"DIRECCION":"KR 7 X CL 16","LOCALIDAD":"SANTA FE","TIPO_INTER":"EXCLUSIVA PEATONAL","INFRA_CICL":"CICLORUTA EN CALZADA","OPERACION":"NORMAL"}},{"type":"Feature","id":1296,"geometry":{"type":"Point","coordinates":[-74.10976263,4.62766727984805]},"properties":{"FID":1296,"OBJECTID":1296,"COD_ID_INT":728,"DIRECCION":"KR 53F X AV DE LAS AMERICAS (AC 9)","LOCALIDAD":"PUENTE ARANDA","TIPO_INTER":"VEHICULAR","INFRA_CICL":"CICLORUTA","OPERACION":"NORMAL"}},{"type":"Feature","id":1297,"geometry":{"type":"Point","coordinates":[-74.191673985,4.60995936184865]},"properties":{"FID":1297,"OBJECTID":1297,"COD_ID_INT":1634,"DIRECCION":"KR 81 X CL 68A SUR","LOCALIDAD":"BOSA","TIPO_INTER":"VEHICULAR, PEATONAL","INFRA_CICL":"NO","OPERACION":"NORMAL"}},{"type":"Feature","id":1298,"geometry":{"type":"Point","coordinates":[-74.09476992,4.74895735984412]},"properties":{"FID":1298,"OBJECTID":1298,"COD_ID_INT":640,"DIRECCION":"AV CIUDAD DE CALI (AK 104) X ENTRADA PORTAL SUBA","LOCALIDAD":"SUBA","TIPO_INTER":"VEHICULAR, PEATONAL","INFRA_CICL":"CICLORUTA","OPERACION":"NORMAL"}},{"type":"Feature","id":1299,"geometry":{"type":"Point","coordinates":[-74.13653371,4.62699706984814]},"properties":{"FID":1299,"OBJECTID":1299,"COD_ID_INT":1351,"DIRECCION":"KR 71D X CL 4","LOCALIDAD":"KENNEDY","TIPO_INTER":"VEHICULAR, PEATONAL, BICIUSUARIOS","INFRA_CICL":"CICLORUTA","OPERACION":"NORMAL"}},{"type":"Feature","id":1300,"geometry":{"type":"Point","coordinates":[-74.1255436559999,4.56908330584998]},"properties":{"FID":1300,"OBJECTID":1300,"COD_ID_INT":1071,"DIRECCION":"AV CARACAS (AK 14) X AV CIUDAD DE VILLAVICENCIO (DG 48 SUR)","LOCALIDAD":"RAFAEL URIBE","TIPO_INTER":"VEHICULAR, PEATONAL","INFRA_CICL":"SIN","OPERACION":"NORMAL"}},{"type":"Feature","id":1301,"geometry":{"type":"Point","coordinates":[-74.10436838,4.68521949984624]},"properties":{"FID":1301,"OBJECTID":1301,"COD_ID_INT":700,"DIRECCION":"KR 77A X AV DEL SALITRE (CL 66A)","LOCALIDAD":"ENGATIVA","TIPO_INTER":"VEHICULAR, PEATONAL","INFRA_CICL":"SIN","OPERACION":"NORMAL"}},{"type":"Feature","id":1302,"geometry":{"type":"Point","coordinates":[-74.1819391619999,4.60788747884875]},"properties":{"FID":1302,"OBJECTID":1302,"COD_ID_INT":1558,"DIRECCION":"AV AGOBERTO MEJIA CIFUENTES (AK 80) X CALLE 60 S","LOCALIDAD":"BOSA","TIPO_INTER":"VEHICULAR, PEATONAL","INFRA_CICL":"SIN","OPERACION":"NORMAL"}},{"type":"Feature","id":1303,"geometry":{"type":"Point","coordinates":[-74.0893893699999,4.67193768984664]},"properties":{"FID":1303,"OBJECTID":1303,"COD_ID_INT":595,"DIRECCION":"AV DEL CONGRESO EUCARISTICO (AK 68) X AV DEL SALITRE (AC 66)","LOCALIDAD":"ENGATIVA","TIPO_INTER":"VEHICULAR, PEATONAL","INFRA_CICL":"CICLORUTA","OPERACION":"NORMAL"}},{"type":"Feature","id":1304,"geometry":{"type":"Point","coordinates":[-74.1099305669999,4.70339290284564]},"properties":{"FID":1304,"OBJECTID":1304,"COD_ID_INT":1155,"DIRECCION":"KR 94 X CL 75","LOCALIDAD":"ENGATIVA","TIPO_INTER":"VEHICULAR, PEATONAL","INFRA_CICL":"SIN","OPERACION":"NORMAL"}},{"type":"Feature","id":1305,"geometry":{"type":"Point","coordinates":[-74.1265811819999,4.56680935785008]},"properties":{"FID":1305,"OBJECTID":1305,"COD_ID_INT":1076,"DIRECCION":"AV CARACAS (TV 14) X DG 51B SUR","LOCALIDAD":"TUNJUELITO","TIPO_INTER":"VEHICULAR","INFRA_CICL":"SIN","OPERACION":"NORMAL"}},{"type":"Feature","id":1306,"geometry":{"type":"Point","coordinates":[-74.10812457,4.56361740985018]},"properties":{"FID":1306,"OBJECTID":1306,"COD_ID_INT":1422,"DIRECCION":"AV DARIO ECHANDIA (KR 10) X CL 43 SUR","LOCALIDAD":"RAFAEL URIBE","TIPO_INTER":"VEHICULAR, PEATONAL","INFRA_CICL":"SIN","OPERACION":"NORMAL"}},{"type":"Feature","id":1307,"geometry":{"type":"Point","coordinates":[-74.07875222,4.60527745984879]},"properties":{"FID":1307,"OBJECTID":1307,"COD_ID_INT":526,"DIRECCION":"AV CARACAS (AK 14) X CL 15","LOCALIDAD":"SANTA FE","TIPO_INTER":"VEHICULAR","INFRA_CICL":"SIN","OPERACION":"NORMAL"}},{"type":"Feature","id":1308,"geometry":{"type":"Point","coordinates":[-74.10133691,4.58481203984946]},"properties":{"FID":1308,"OBJECTID":1308,"COD_ID_INT":1008,"DIRECCION":"KR 18 X CL 18 SUR","LOCALIDAD":"ANTONIO NARINO","TIPO_INTER":"VEHICULAR, PEATONAL","INFRA_CICL":"SIN","OPERACION":"NORMAL"}},{"type":"Feature","id":1309,"geometry":{"type":"Point","coordinates":[-74.0968213,4.59613821984911]},"properties":{"FID":1309,"OBJECTID":1309,"COD_ID_INT":989,"DIRECCION":"KR 24B X CL 1F","LOCALIDAD":"LOS MARTIRES","TIPO_INTER":"VEHICULAR, PEATONAL","INFRA_CICL":"SIN","OPERACION":"NORMAL"}},{"type":"Feature","id":1310,"geometry":{"type":"Point","coordinates":[-74.07286869,4.6588462598471]},"properties":{"FID":1310,"OBJECTID":1310,"COD_ID_INT":435,"DIRECCION":"KR 27A X CL 66","LOCALIDAD":"BARRIOS UNIDOS","TIPO_INTER":"VEHICULAR, PEATONAL","INFRA_CICL":"SIN","OPERACION":"NORMAL"}},{"type":"Feature","id":1311,"geometry":{"type":"Point","coordinates":[-74.06223956,4.64596967984751]},"properties":{"FID":1311,"OBJECTID":1311,"COD_ID_INT":222,"DIRECCION":"KR 9 X CL 60","LOCALIDAD":"CHAPINERO","TIPO_INTER":"VEHICULAR, PEATONAL","INFRA_CICL":"SIN","OPERACION":"NORMAL"}},{"type":"Feature","id":1312,"geometry":{"type":"Point","coordinates":[-74.0722252099999,4.60581716984876]},"properties":{"FID":1312,"OBJECTID":1312,"COD_ID_INT":419,"DIRECCION":"KR 8 X AV CIUDAD DE LIMA (AC 19)","LOCALIDAD":"SANTA FE","TIPO_INTER":"VEHICULAR, PEATONAL","INFRA_CICL":"SIN","OPERACION":"NORMAL"}},{"type":"Feature","id":1313,"geometry":{"type":"Point","coordinates":[-74.0903832499999,4.64252112984759]},"properties":{"FID":1313,"OBJECTID":1313,"COD_ID_INT":603,"DIRECCION":"AV BATALLON CALDAS (AK 50) X CL 44","LOCALIDAD":"TEUSAQUILLO","TIPO_INTER":"VEHICULAR, PEATONAL, BICIUSUARIOS","INFRA_CICL":"CICLORUTA EN CALZADA","OPERACION":"NORMAL"}},{"type":"Feature","id":1314,"geometry":{"type":"Point","coordinates":[-74.142887071,4.56673284285011]},"properties":{"FID":1314,"OBJECTID":1314,"COD_ID_INT":1495,"DIRECCION":"TV 20D X AV CIUDAD DE VILLAVICENCIO (AC 61 SUR)","LOCALIDAD":"CIUDAD BOLIVAR","TIPO_INTER":"VEHICULAR, PEATONAL","INFRA_CICL":"CICLORUTA","OPERACION":"NORMAL"}},{"type":"Feature","id":1315,"geometry":{"type":"Point","coordinates":[-74.04837094,4.70801242984547]},"properties":{"FID":1315,"OBJECTID":1315,"COD_ID_INT":86,"DIRECCION":"AV SANTA BARBARA (AK 19) X CL 127B","LOCALIDAD":"USAQUEN","TIPO_INTER":"EXCLUSIVA PEATONAL","INFRA_CICL":"CICLORUTA","OPERACION":"NORMAL"}},{"type":"Feature","id":1316,"geometry":{"type":"Point","coordinates":[-74.188372537,4.63135566984798]},"properties":{"FID":1316,"OBJECTID":1316,"COD_ID_INT":1161,"DIRECCION":"AK 89B X CL 56 SUR","LOCALIDAD":"BOSA","TIPO_INTER":"VEHICULAR, PEATONAL","INFRA_CICL":"CICLORUTA","OPERACION":"NORMAL"}},{"type":"Feature","id":1317,"geometry":{"type":"Point","coordinates":[-74.05655776,4.65283015984728]},"properties":{"FID":1317,"OBJECTID":1317,"COD_ID_INT":162,"DIRECCION":"AV ALBERTO LLERAS CAMARGO (AK 7) X CL 70","LOCALIDAD":"CHAPINERO","TIPO_INTER":"VEHICULAR, PEATONAL","INFRA_CICL":"SIN","OPERACION":"NORMAL"}},{"type":"Feature","id":1318,"geometry":{"type":"Point","coordinates":[-74.122254379,4.72326791784496]},"properties":{"FID":1318,"OBJECTID":1318,"COD_ID_INT":783,"DIRECCION":"KR 115 X AV MEDELLIN (AC 80)","LOCALIDAD":"ENGATIVA","TIPO_INTER":"EXCLUSIVA PEATONAL","INFRA_CICL":"CICLORUTA","OPERACION":"NORMAL"}},{"type":"Feature","id":1319,"geometry":{"type":"Point","coordinates":[-74.0745768799999,4.72809643984482]},"properties":{"FID":1319,"OBJECTID":1319,"COD_ID_INT":1123,"DIRECCION":"AV ALFREDO D BATERMAN (TV 76) X CL 136","LOCALIDAD":"SUBA","TIPO_INTER":"VEHICULAR, PEATONAL","INFRA_CICL":"SIN","OPERACION":"NORMAL"}},{"type":"Feature","id":1320,"geometry":{"type":"Point","coordinates":[-74.09731377,4.58244824984955]},"properties":{"FID":1320,"OBJECTID":1320,"COD_ID_INT":991,"DIRECCION":"KR 12D X CL 17 SUR","LOCALIDAD":"ANTONIO NARINO","TIPO_INTER":"VEHICULAR","INFRA_CICL":"SIN","OPERACION":"NORMAL"}},{"type":"Feature","id":1321,"geometry":{"type":"Point","coordinates":[-74.142333865,4.61919203684838]},"properties":{"FID":1321,"OBJECTID":1321,"COD_ID_INT":840,"DIRECCION":"KR 72N X AV PRIMERO DE MAYO (AC 26 SUR)","LOCALIDAD":"KENNEDY","TIPO_INTER":"EXCLUSIVA PEATONAL","INFRA_CICL":"SIN","OPERACION":"NORMAL"}},{"type":"Feature","id":1322,"geometry":{"type":"Point","coordinates":[-74.17481867,4.63594448284784]},"properties":{"FID":1322,"OBJECTID":1322,"COD_ID_INT":1206,"DIRECCION":"AV  TINTAL (AK 89B) X AV  CIUDAD DE VILLAVICENCIO (AC 43 SUR)","LOCALIDAD":"KENNEDY","TIPO_INTER":"VEHICULAR, PEATONAL","INFRA_CICL":"CICLORUTA","OPERACION":"NORMAL"}},{"type":"Feature","id":1323,"geometry":{"type":"Point","coordinates":[-74.1850035799999,4.60795774984871]},"properties":{"FID":1323,"OBJECTID":1323,"COD_ID_INT":934,"DIRECCION":"KR 80C X CL 65 SUR","LOCALIDAD":"BOSA","TIPO_INTER":"VEHICULAR, PEATONAL","INFRA_CICL":"SIN","OPERACION":"NORMAL"}},{"type":"Feature","id":1324,"geometry":{"type":"Point","coordinates":[-74.12092925,4.5442806098508]},"properties":{"FID":1324,"OBJECTID":1324,"COD_ID_INT":1052,"DIRECCION":"AV CARACAS (AK 14) X CL 56 SUR","LOCALIDAD":"USME","TIPO_INTER":"VEHICULAR, PEATONAL","INFRA_CICL":"SIN","OPERACION":"NORMAL"}},{"type":"Feature","id":1325,"geometry":{"type":"Point","coordinates":[-74.09881791,4.5712633398499]},"properties":{"FID":1325,"OBJECTID":1325,"COD_ID_INT":1271,"DIRECCION":"AV FERNANDO MAZUERA (AK 10) X CL 28 SUR","LOCALIDAD":"SAN CRISTOBAL","TIPO_INTER":"EXCLUSIVA PEATONAL","INFRA_CICL":"CICLORUTA","OPERACION":"NORMAL"}},{"type":"Feature","id":1326,"geometry":{"type":"Point","coordinates":[-74.1003204899999,4.59829733984904]},"properties":{"FID":1326,"OBJECTID":1326,"COD_ID_INT":672,"DIRECCION":"AV GENERAL SANTANDER (AK 27) X CL 1F","LOCALIDAD":"LOS MARTIRES","TIPO_INTER":"VEHICULAR, PEATONAL","INFRA_CICL":"SIN","OPERACION":"NORMAL"}},{"type":"Feature","id":1327,"geometry":{"type":"Point","coordinates":[-74.0719677499999,4.64146492984765]},"properties":{"FID":1327,"OBJECTID":1327,"COD_ID_INT":409,"DIRECCION":"KR 21 X AV PABLO VI (AC 53)","LOCALIDAD":"TEUSAQUILLO","TIPO_INTER":"VEHICULAR, PEATONAL","INFRA_CICL":"CICLORUTA","OPERACION":"NORMAL"}},{"type":"Feature","id":1328,"geometry":{"type":"Point","coordinates":[-74.06442663,4.72823650984481]},"properties":{"FID":1328,"OBJECTID":1328,"COD_ID_INT":259,"DIRECCION":"AV LAS VILLAS (AK 58) X AV CAMINO DEL PRADO (AC 138)","LOCALIDAD":"SUBA","TIPO_INTER":"VEHICULAR, PEATONAL","INFRA_CICL":"SIN","OPERACION":"NORMAL"}},{"type":"Feature","id":1329,"geometry":{"type":"Point","coordinates":[-74.10208391,4.60217202984894]},"properties":{"FID":1329,"OBJECTID":1329,"COD_ID_INT":683,"DIRECCION":"AV CIUDAD DE QUITO (AK 30) X CL 2","LOCALIDAD":"PUENTE ARANDA","TIPO_INTER":"VEHICULAR, PEATONAL","INFRA_CICL":"CICLORUTA","OPERACION":"NORMAL"}},{"type":"Feature","id":1330,"geometry":{"type":"Point","coordinates":[-74.057775106,4.64560104184753]},"properties":{"FID":1330,"OBJECTID":1330,"COD_ID_INT":1463,"DIRECCION":"KR 3B X CL 62","LOCALIDAD":"CHAPINERO","TIPO_INTER":"VEHICULAR, PEATONAL","INFRA_CICL":"SIN","OPERACION":"NORMAL"}},{"type":"Feature","id":1331,"geometry":{"type":"Point","coordinates":[-74.070388371,4.67598505284651]},"properties":{"FID":1331,"OBJECTID":1331,"COD_ID_INT":351,"DIRECCION":"KR 54 X AV MEDELLIN (AC 80)","LOCALIDAD":"BARRIOS UNIDOS","TIPO_INTER":"VEHICULAR","INFRA_CICL":"CICLORUTA","OPERACION":"NORMAL"}},{"type":"Feature","id":1332,"geometry":{"type":"Point","coordinates":[-74.0840022799999,4.7474766298442]},"properties":{"FID":1332,"OBJECTID":1332,"COD_ID_INT":560,"DIRECCION":"KR 92 X CL 151B","LOCALIDAD":"SUBA","TIPO_INTER":"VEHICULAR, PEATONAL","INFRA_CICL":"SIN","OPERACION":"NORMAL"}},{"type":"Feature","id":1333,"geometry":{"type":"Point","coordinates":[-74.03475559,4.72661850984487]},"properties":{"FID":1333,"OBJECTID":1333,"COD_ID_INT":1234,"DIRECCION":"KR 12 X AV CEDRITOS (AC 147)","LOCALIDAD":"USAQUEN","TIPO_INTER":"VEHICULAR, PEATONAL","INFRA_CICL":"SIN","OPERACION":"NORMAL"}},{"type":"Feature","id":1334,"geometry":{"type":"Point","coordinates":[-74.08909388,4.57598332984976]},"properties":{"FID":1334,"OBJECTID":1334,"COD_ID_INT":964,"DIRECCION":"KR 6 X CL 17 SUR","LOCALIDAD":"SAN CRISTOBAL","TIPO_INTER":"VEHICULAR, PEATONAL","INFRA_CICL":"SIN","OPERACION":"NORMAL"}},{"type":"Feature","id":1335,"geometry":{"type":"Point","coordinates":[-74.06483177,4.66672383984681]},"properties":{"FID":1335,"OBJECTID":1335,"COD_ID_INT":264,"DIRECCION":"AV COLOMBIA (AK 24) X CL 76","LOCALIDAD":"BARRIOS UNIDOS","TIPO_INTER":"VEHICULAR, PEATONAL, BICIUSUARIOS","INFRA_CICL":"CICLORUTA EN CALZADA","OPERACION":"NORMAL"}},{"type":"Feature","id":1336,"geometry":{"type":"Point","coordinates":[-74.11981148,4.66611466984686]},"properties":{"FID":1336,"OBJECTID":1336,"COD_ID_INT":774,"DIRECCION":"KR 75 X AV LUIS CARLOS GALAN (AC 24)","LOCALIDAD":"FONTIBON","TIPO_INTER":"VEHICULAR, PEATONAL","INFRA_CICL":"SIN","OPERACION":"NORMAL"}},{"type":"Feature","id":1337,"geometry":{"type":"Point","coordinates":[-74.1411811899999,4.61106047984863]},"properties":{"FID":1337,"OBJECTID":1337,"COD_ID_INT":835,"DIRECCION":"AV BOYACA (AC 37D) X CARRERA 72H","LOCALIDAD":"KENNEDY","TIPO_INTER":"VEHICULAR, PEATONAL","INFRA_CICL":"CICLORUTA","OPERACION":"NORMAL"}},{"type":"Feature","id":1338,"geometry":{"type":"Point","coordinates":[-74.173405311,4.62728170784812]},"properties":{"FID":1338,"OBJECTID":1338,"COD_ID_INT":920,"DIRECCION":"AV CIUDAD DE CALI (AK 86) X ENTRADA PORTAL AMERICAS (CL 46 S)","LOCALIDAD":"KENNEDY","TIPO_INTER":"VEHICULAR, PEATONAL","INFRA_CICL":"CICLORUTA","OPERACION":"NORMAL"}},{"type":"Feature","id":1339,"geometry":{"type":"Point","coordinates":[-74.0772585299999,4.6993397998458]},"properties":{"FID":1339,"OBJECTID":1339,"COD_ID_INT":515,"DIRECCION":"KR 71 X AV PEPE SIERRA (AC 116)","LOCALIDAD":"SUBA","TIPO_INTER":"VEHICULAR","INFRA_CICL":"SIN","OPERACION":"NORMAL"}},{"type":"Feature","id":1340,"geometry":{"type":"Point","coordinates":[-74.119964881,4.53323417585116]},"properties":{"FID":1340,"OBJECTID":1340,"COD_ID_INT":1313,"DIRECCION":"CABECERA NORTE PORTAL USME","LOCALIDAD":"USME","TIPO_INTER":"VEHICULAR","INFRA_CICL":"SIN","OPERACION":"NORMAL"}},{"type":"Feature","id":1341,"geometry":{"type":"Point","coordinates":[-74.0519540299999,4.73842819884449]},"properties":{"FID":1341,"OBJECTID":1341,"COD_ID_INT":1402,"DIRECCION":"KR 50 X AV DE LA SIRENA (AC 153)","LOCALIDAD":"SUBA","TIPO_INTER":"VEHICULAR, PEATONAL","INFRA_CICL":"CICLORUTA","OPERACION":"NORMAL"}},{"type":"Feature","id":1342,"geometry":{"type":"Point","coordinates":[-74.155026305,4.57613675684975]},"properties":{"FID":1342,"OBJECTID":1342,"COD_ID_INT":1633,"DIRECCION":"KR 47A X AV CIUDAD DE VILLAVICENCIO (AC 68 SUR)","LOCALIDAD":"CIUDAD BOLIVAR","TIPO_INTER":"VEHICULAR, PEATONAL","INFRA_CICL":"SI","OPERACION":"NORMAL"}},{"type":"Feature","id":1343,"geometry":{"type":"Point","coordinates":[-74.05920908,4.65263759984729]},"properties":{"FID":1343,"OBJECTID":1343,"COD_ID_INT":182,"DIRECCION":"KR 9 X CL 69","LOCALIDAD":"CHAPINERO","TIPO_INTER":"VEHICULAR, PEATONAL","INFRA_CICL":"SIN","OPERACION":"NORMAL"}},{"type":"Feature","id":1344,"geometry":{"type":"Point","coordinates":[-74.103840388,4.69913683584576]},"properties":{"FID":1344,"OBJECTID":1344,"COD_ID_INT":699,"DIRECCION":"AV CIUDAD DE CALI (AK 86) X DG 74B","LOCALIDAD":"ENGATIVA","TIPO_INTER":"VEHICULAR, PEATONAL","INFRA_CICL":"CICLORUTA","OPERACION":"NORMAL"}},{"type":"Feature","id":1345,"geometry":{"type":"Point","coordinates":[-74.05836656,4.71998333984509]},"properties":{"FID":1345,"OBJECTID":1345,"COD_ID_INT":1282,"DIRECCION":"KR 53 X AV IBERIA (AC 134)","LOCALIDAD":"SUBA","TIPO_INTER":"VEHICULAR, PEATONAL","INFRA_CICL":"CICLORUTA","OPERACION":"NORMAL"}},{"type":"Feature","id":1346,"geometry":{"type":"Point","coordinates":[-74.07410613,4.62551910984815]},"properties":{"FID":1346,"OBJECTID":1346,"COD_ID_INT":462,"DIRECCION":"KR 20 X DG 35BIS Y CL 36","LOCALIDAD":"TEUSAQUILLO","TIPO_INTER":"VEHICULAR, PEATONAL, BICIUSUARIOS","INFRA_CICL":"CICLORUTA EN CALZADA","OPERACION":"NORMAL"}},{"type":"Feature","id":1347,"geometry":{"type":"Point","coordinates":[-74.0604996,4.6972251698458]},"properties":{"FID":1347,"OBJECTID":1347,"COD_ID_INT":196,"DIRECCION":"KR 50 X CL 111","LOCALIDAD":"SUBA","TIPO_INTER":"VEHICULAR","INFRA_CICL":"SIN","OPERACION":"NORMAL"}},{"type":"Feature","id":1348,"geometry":{"type":"Point","coordinates":[-74.05939982,4.70030358984571]},"properties":{"FID":1348,"OBJECTID":1348,"COD_ID_INT":184,"DIRECCION":"KR 50 X AV PEPE SIERRA (AC 116)","LOCALIDAD":"SUBA","TIPO_INTER":"VEHICULAR, PEATONAL","INFRA_CICL":"SIN","OPERACION":"NORMAL"}},{"type":"Feature","id":1349,"geometry":{"type":"Point","coordinates":[-74.10364838,4.69947283784578]},"properties":{"FID":1349,"OBJECTID":1349,"COD_ID_INT":697,"DIRECCION":"AV CIUDAD DE CALI (AK 86) X CL 75","LOCALIDAD":"ENGATIVA","TIPO_INTER":"VEHICULAR, PEATONAL","INFRA_CICL":"CICLORUTA","OPERACION":"NORMAL"}},{"type":"Feature","id":1350,"geometry":{"type":"Point","coordinates":[-74.04312937,4.69883301984577]},"properties":{"FID":1350,"OBJECTID":1350,"COD_ID_INT":48,"DIRECCION":"AV PASEO DEL COUNTRY (AK 15) X CL 119","LOCALIDAD":"USAQUEN","TIPO_INTER":"VEHICULAR, PEATONAL","INFRA_CICL":"SIN","OPERACION":"NORMAL"}},{"type":"Feature","id":1351,"geometry":{"type":"Point","coordinates":[-74.11057169,4.58882847984936]},"properties":{"FID":1351,"OBJECTID":1351,"COD_ID_INT":1030,"DIRECCION":"AV GENERAL SANTANDER (KR 27) X CL 26 SUR","LOCALIDAD":"RAFAEL URIBE","TIPO_INTER":"VEHICULAR, PEATONAL","INFRA_CICL":"SIN","OPERACION":"NORMAL"}},{"type":"Feature","id":1352,"geometry":{"type":"Point","coordinates":[-74.1390308169999,4.56129689785021]},"properties":{"FID":1352,"OBJECTID":1352,"COD_ID_INT":1102,"DIRECCION":"AV BOYACA (KR 19) X CL 60C SUR","LOCALIDAD":"CIUDAD BOLIVAR","TIPO_INTER":"EXCLUSIVA PEATONAL","INFRA_CICL":"SIN","OPERACION":"NORMAL"}},{"type":"Feature","id":1353,"geometry":{"type":"Point","coordinates":[-74.08897841,4.61490977984851]},"properties":{"FID":1353,"OBJECTID":1353,"COD_ID_INT":592,"DIRECCION":"KR 28A X CL 17","LOCALIDAD":"LOS MARTIRES","TIPO_INTER":"VEHICULAR, PEATONAL","INFRA_CICL":"SIN","OPERACION":"NORMAL"}},{"type":"Feature","id":1354,"geometry":{"type":"Point","coordinates":[-74.1113639709999,4.60243733984891]},"properties":{"FID":1354,"OBJECTID":1354,"COD_ID_INT":733,"DIRECCION":"AV CUNDINAMARCA (AK 36) X AV FUCHA (AC 8 S)","LOCALIDAD":"PUENTE ARANDA","TIPO_INTER":"VEHICULAR, PEATONAL","INFRA_CICL":"SIN","OPERACION":"NORMAL"}},{"type":"Feature","id":1355,"geometry":{"type":"Point","coordinates":[-74.14075832,4.57657536984976]},"properties":{"FID":1355,"OBJECTID":1355,"COD_ID_INT":1105,"DIRECCION":"KR 25 X AV BOYACA (CL 56A S)","LOCALIDAD":"TUNJUELITO","TIPO_INTER":"VEHICULAR","INFRA_CICL":"CICLORUTA","OPERACION":"NORMAL"}},{"type":"Feature","id":1356,"geometry":{"type":"Point","coordinates":[-74.185439661,4.6170050198484]},"properties":{"FID":1356,"OBJECTID":1356,"COD_ID_INT":1539,"DIRECCION":"KR 82G BIS X AVENIDA BOSA (CL 59 SUR)","LOCALIDAD":"BOSA","TIPO_INTER":"VEHICULAR, PEATONAL","INFRA_CICL":"CICLORUTA","OPERACION":"NORMAL"}},{"type":"Feature","id":1357,"geometry":{"type":"Point","coordinates":[-74.06932399,4.64952056984739]},"properties":{"FID":1357,"OBJECTID":1357,"COD_ID_INT":349,"DIRECCION":"KR 19A X DG 61B","LOCALIDAD":"TEUSAQUILLO","TIPO_INTER":"VEHICULAR","INFRA_CICL":"SIN","OPERACION":"NORMAL"}},{"type":"Feature","id":1358,"geometry":{"type":"Point","coordinates":[-74.04599684,4.72590597984488]},"properties":{"FID":1358,"OBJECTID":1358,"COD_ID_INT":1353,"DIRECCION":"AV SANTA BARBARA (AK 19) X CL 144","LOCALIDAD":"USAQUEN","TIPO_INTER":"VEHICULAR, PEATONAL, BICIUSUARIOS","INFRA_CICL":"CICLORUTA","OPERACION":"NORMAL"}},{"type":"Feature","id":1359,"geometry":{"type":"Point","coordinates":[-74.10144868,4.58769931984943]},"properties":{"FID":1359,"OBJECTID":1359,"COD_ID_INT":1009,"DIRECCION":"AV MARISCAL SUCRE (KR 24) X CL 16 SUR","LOCALIDAD":"ANTONIO NARINO","TIPO_INTER":"VEHICULAR, PEATONAL","INFRA_CICL":"SIN","OPERACION":"NORMAL"}},{"type":"Feature","id":1360,"geometry":{"type":"Point","coordinates":[-74.08765513,4.61410115984857]},"properties":{"FID":1360,"OBJECTID":1360,"COD_ID_INT":585,"DIRECCION":"AV GENERAL SANTANDER (AK 27) X CL 17","LOCALIDAD":"LOS MARTIRES","TIPO_INTER":"VEHICULAR","INFRA_CICL":"SIN","OPERACION":"NORMAL"}},{"type":"Feature","id":1361,"geometry":{"type":"Point","coordinates":[-74.09390651,4.60824469984874]},"properties":{"FID":1361,"OBJECTID":1361,"COD_ID_INT":1388,"DIRECCION":"KR 28 X CL 9","LOCALIDAD":"LOS MARTIRES","TIPO_INTER":"VEHICULAR, PEATONAL","INFRA_CICL":"SIN","OPERACION":"NORMAL"}},{"type":"Feature","id":1362,"geometry":{"type":"Point","coordinates":[-74.1659974899999,4.62104513784831]},"properties":{"FID":1362,"OBJECTID":1362,"COD_ID_INT":910,"DIRECCION":"AV AGOBERTO MEJIA CIFUENTES (AK 80) X AV CIUDAD DE VILLAVICENCIO (AC 43 S)","LOCALIDAD":"KENNEDY","TIPO_INTER":"VEHICULAR, PEATONAL","INFRA_CICL":"CICLORUTA","OPERACION":"NORMAL"}},{"type":"Feature","id":1363,"geometry":{"type":"Point","coordinates":[-74.06846283,4.6173381228484]},"properties":{"FID":1363,"OBJECTID":1363,"COD_ID_INT":339,"DIRECCION":"AV ALBERTO LLERAS CAMARGO (AK 7) X CL 31","LOCALIDAD":"SANTA FE","TIPO_INTER":"EXCLUSIVA PEATONAL","INFRA_CICL":"SIN","OPERACION":"NORMAL"}},{"type":"Feature","id":1364,"geometry":{"type":"Point","coordinates":[-74.1057475699999,4.61876195984837]},"properties":{"FID":1364,"OBJECTID":1364,"COD_ID_INT":708,"DIRECCION":"AV FERROCARRIL DEL SUR (TV 42) X AV DE LOS COMUNEROS (AC 6)","LOCALIDAD":"PUENTE ARANDA","TIPO_INTER":"VEHICULAR","INFRA_CICL":"CICLORUTA","OPERACION":"NORMAL"}},{"type":"Feature","id":1365,"geometry":{"type":"Point","coordinates":[-74.1196854199999,4.52759684985138]},"properties":{"FID":1365,"OBJECTID":1365,"COD_ID_INT":1054,"DIRECCION":"KR 13 X CABECERA SUR PORTAL USME","LOCALIDAD":"USME","TIPO_INTER":"VEHICULAR","INFRA_CICL":"SIN","OPERACION":"NORMAL"}},{"type":"Feature","id":1366,"geometry":{"type":"Point","coordinates":[-74.06269857,4.68842973984614]},"properties":{"FID":1366,"OBJECTID":1366,"COD_ID_INT":234,"DIRECCION":"KR 53 X AV ESPANA (AC 100)","LOCALIDAD":"SUBA","TIPO_INTER":"VEHICULAR, PEATONAL","INFRA_CICL":"CICLORUTA","OPERACION":"NORMAL"}},{"type":"Feature","id":1367,"geometry":{"type":"Point","coordinates":[-74.11303696,4.64265807984761]},"properties":{"FID":1367,"OBJECTID":1367,"COD_ID_INT":743,"DIRECCION":"AV DEL CONGRESO EUCARISTICO (AK 68) X AV INDUSTRIAL (CL 19)","LOCALIDAD":"PUENTE ARANDA","TIPO_INTER":"VEHICULAR, PEATONAL","INFRA_CICL":"SIN","OPERACION":"NORMAL"}},{"type":"Feature","id":1368,"geometry":{"type":"Point","coordinates":[-74.080177604,4.75492982084399]},"properties":{"FID":1368,"OBJECTID":1368,"COD_ID_INT":1439,"DIRECCION":"KR 92 X CL 157C","LOCALIDAD":"SUBA","TIPO_INTER":"VEHICULAR, PEATONAL","INFRA_CICL":"SIN","OPERACION":"NORMAL"}},{"type":"Feature","id":1369,"geometry":{"type":"Point","coordinates":[-74.040118623,4.76028007984374]},"properties":{"FID":1369,"OBJECTID":1369,"COD_ID_INT":1534,"DIRECCION":"AV JORGE GAITAN CORTES (AK 51) X CL 68F SUR","LOCALIDAD":"ENGATIVA","TIPO_INTER":"VEHICULAR, PEATONAL","INFRA_CICL":"SIN","OPERACION":"NORMAL"}},{"type":"Feature","id":1370,"geometry":{"type":"Point","coordinates":[-74.0628219,4.65361125984725]},"properties":{"FID":1370,"OBJECTID":1370,"COD_ID_INT":235,"DIRECCION":"KR 13 X CL 67","LOCALIDAD":"CHAPINERO","TIPO_INTER":"VEHICULAR, PEATONAL","INFRA_CICL":"SIN","OPERACION":"NORMAL"}},{"type":"Feature","id":1371,"geometry":{"type":"Point","coordinates":[-74.107645501,4.49756685585232]},"properties":{"FID":1371,"OBJECTID":1371,"COD_ID_INT":1210,"DIRECCION":"AUTOPISTA AL LLANO (KR 1) X CL 92B SUR","LOCALIDAD":"USME","TIPO_INTER":"VEHICULAR","INFRA_CICL":"SIN","OPERACION":"NORMAL"}},{"type":"Feature","id":1372,"geometry":{"type":"Point","coordinates":[-74.07223733,4.62517083984819]},"properties":{"FID":1372,"OBJECTID":1372,"COD_ID_INT":415,"DIRECCION":"TV 17ABIS X CL 36","LOCALIDAD":"TEUSAQUILLO","TIPO_INTER":"VEHICULAR, PEATONAL, BICIUSUARIOS","INFRA_CICL":"CICLORUTA EN CALZADA","OPERACION":"NORMAL"}},{"type":"Feature","id":1373,"geometry":{"type":"Point","coordinates":[-74.09517082,4.61381711984851]},"properties":{"FID":1373,"OBJECTID":1373,"COD_ID_INT":636,"DIRECCION":"KR 32 X CL 12","LOCALIDAD":"PUENTE ARANDA","TIPO_INTER":"VEHICULAR, PEATONAL","INFRA_CICL":"SIN","OPERACION":"NORMAL"}},{"type":"Feature","id":1374,"geometry":{"type":"Point","coordinates":[-74.0529560799999,4.66775476984677]},"properties":{"FID":1374,"OBJECTID":1374,"COD_ID_INT":131,"DIRECCION":"KR 12 X AC 82","LOCALIDAD":"CHAPINERO","TIPO_INTER":"VEHICULAR, PEATONAL","INFRA_CICL":"SIN","OPERACION":"NORMAL"}},{"type":"Feature","id":1375,"geometry":{"type":"Point","coordinates":[-74.0773385799999,4.75898792984382]},"properties":{"FID":1375,"OBJECTID":1375,"COD_ID_INT":508,"DIRECCION":"KR 92 X AC 170","LOCALIDAD":"SUBA","TIPO_INTER":"VEHICULAR, PEATONAL","INFRA_CICL":"SIN","OPERACION":"NORMAL"}},{"type":"Feature","id":1376,"geometry":{"type":"Point","coordinates":[-74.133599894,4.62738597784811]},"properties":{"FID":1376,"OBJECTID":1376,"COD_ID_INT":1350,"DIRECCION":"KR 71A X CL 5","LOCALIDAD":"KENNEDY","TIPO_INTER":"VEHICULAR, PEATONAL, BICIUSUARIOS","INFRA_CICL":"CICLORUTA EN CALZADA","OPERACION":"NORMAL"}},{"type":"Feature","id":1377,"geometry":{"type":"Point","coordinates":[-74.07136808,4.60953491984867]},"properties":{"FID":1377,"OBJECTID":1377,"COD_ID_INT":1243,"DIRECCION":"KR 9 X CL 23","LOCALIDAD":"SANTA FE","TIPO_INTER":"VEHICULAR, PEATONAL","INFRA_CICL":"CICLORUTA","OPERACION":"NORMAL"}},{"type":"Feature","id":1378,"geometry":{"type":"Point","coordinates":[-74.07272048,4.61568790984852]},"properties":{"FID":1378,"OBJECTID":1378,"COD_ID_INT":437,"DIRECCION":"AV CARACAS (AK 14) X AC 26","LOCALIDAD":"SANTA FE","TIPO_INTER":"VEHICULAR, PEATONAL","INFRA_CICL":"SIN","OPERACION":"NORMAL"}},{"type":"Feature","id":1379,"geometry":{"type":"Point","coordinates":[-74.180767277,4.60703682084878]},"properties":{"FID":1379,"OBJECTID":1379,"COD_ID_INT":1559,"DIRECCION":"CARRERA 79B X AV BOSA (AC 59 SUR)","LOCALIDAD":"BOSA","TIPO_INTER":"VEHICULAR, PEATONAL","INFRA_CICL":"CICLORUTA","OPERACION":"NORMAL"}},{"type":"Feature","id":1380,"geometry":{"type":"Point","coordinates":[-74.0691270899999,4.62462176984817]},"properties":{"FID":1380,"OBJECTID":1380,"COD_ID_INT":345,"DIRECCION":"AV CARACAS (AK 14) X CL 36","LOCALIDAD":"SANTA FE","TIPO_INTER":"VEHICULAR, PEATONAL, BICIUSUARIOS","INFRA_CICL":"CICLORUTA EN CALZADA","OPERACION":"NORMAL"}},{"type":"Feature","id":1381,"geometry":{"type":"Point","coordinates":[-74.14550617,4.62320020984824]},"properties":{"FID":1381,"OBJECTID":1381,"COD_ID_INT":850,"DIRECCION":"KR 73D X CL 26 SUR","LOCALIDAD":"KENNEDY","TIPO_INTER":"VEHICULAR, PEATONAL","INFRA_CICL":"CICLORUTA EN CALZADA","OPERACION":"NORMAL"}},{"type":"Feature","id":1382,"geometry":{"type":"Point","coordinates":[-74.13100363,4.68168114984631]},"properties":{"FID":1382,"OBJECTID":1382,"COD_ID_INT":803,"DIRECCION":"AK 97 X DG 24C","LOCALIDAD":"FONTIBON","TIPO_INTER":"VEHICULAR, PEATONAL","INFRA_CICL":"SIN","OPERACION":"NORMAL"}},{"type":"Feature","id":1383,"geometry":{"type":"Point","coordinates":[-74.08930291,4.60873529984869]},"properties":{"FID":1383,"OBJECTID":1383,"COD_ID_INT":594,"DIRECCION":"KR 24 X CL 12","LOCALIDAD":"LOS MARTIRES","TIPO_INTER":"VEHICULAR, PEATONAL","INFRA_CICL":"SIN","OPERACION":"NORMAL"}},{"type":"Feature","id":1384,"geometry":{"type":"Point","coordinates":[-74.08149954,4.60516605984882]},"properties":{"FID":1384,"OBJECTID":1384,"COD_ID_INT":545,"DIRECCION":"KR 16 X AV COLON (AC 13)","LOCALIDAD":"LOS MARTIRES","TIPO_INTER":"EXCLUSIVA PEATONAL","INFRA_CICL":"CICLORUTA","OPERACION":"NORMAL"}},{"type":"Feature","id":1385,"geometry":{"type":"Point","coordinates":[-74.0646947,4.64966474984739]},"properties":{"FID":1385,"OBJECTID":1385,"COD_ID_INT":261,"DIRECCION":"AV CARACAS (AK 14) X AV JOSE CELESTINO MUTIS (AC 63)","LOCALIDAD":"BARRIOS UNIDOS","TIPO_INTER":"VEHICULAR, PEATONAL","INFRA_CICL":"SIN","OPERACION":"NORMAL"}},{"type":"Feature","id":1386,"geometry":{"type":"Point","coordinates":[-74.0859575699999,4.6052362598488]},"properties":{"FID":1386,"OBJECTID":1386,"COD_ID_INT":571,"DIRECCION":"KR 19 X CL 11","LOCALIDAD":"LOS MARTIRES","TIPO_INTER":"VEHICULAR, PEATONAL","INFRA_CICL":"SIN","OPERACION":"NORMAL"}},{"type":"Feature","id":1387,"geometry":{"type":"Point","coordinates":[-74.17470413,4.61447617984853]},"properties":{"FID":1387,"OBJECTID":1387,"COD_ID_INT":921,"DIRECCION":"AV AGOBERTO MEJIA CIFUENTES (AK 80) X AV PRIMERO DE MAYO (AC 55 SUR)","LOCALIDAD":"KENNEDY","TIPO_INTER":"VEHICULAR, PEATONAL","INFRA_CICL":"CICLORUTA","OPERACION":"NORMAL"}},{"type":"Feature","id":1388,"geometry":{"type":"Point","coordinates":[-74.122700488,4.52064686685157]},"properties":{"FID":1388,"OBJECTID":1388,"COD_ID_INT":1057,"DIRECCION":"AUTOPISTA AL LLANO (AK 14V) X DG 69F SUR","LOCALIDAD":"USME","TIPO_INTER":"EXCLUSIVA PEATONAL","INFRA_CICL":"SIN","OPERACION":"NORMAL"}},{"type":"Feature","id":1389,"geometry":{"type":"Point","coordinates":[-74.10097103,4.62254276984825]},"properties":{"FID":1389,"OBJECTID":1389,"COD_ID_INT":680,"DIRECCION":"KR 42ABIS X AV COLON (AC 13)","LOCALIDAD":"PUENTE ARANDA","TIPO_INTER":"EXCLUSIVA PEATONAL","INFRA_CICL":"CICLORUTA","OPERACION":"NORMAL"}},{"type":"Feature","id":1390,"geometry":{"type":"Point","coordinates":[-74.14302068,4.631108179848]},"properties":{"FID":1390,"OBJECTID":1390,"COD_ID_INT":841,"DIRECCION":"AV DE LAS AMERICAS (AC 6) X KR 74","LOCALIDAD":"KENNEDY","TIPO_INTER":"VEHICULAR","INFRA_CICL":"CICLORUTA","OPERACION":"NORMAL"}},{"type":"Feature","id":1391,"geometry":{"type":"Point","coordinates":[-74.09602998,4.58494167984947]},"properties":{"FID":1391,"OBJECTID":1391,"COD_ID_INT":985,"DIRECCION":"AV CARACAS (AK 14) X CL 13A SUR","LOCALIDAD":"ANTONIO NARINO","TIPO_INTER":"VEHICULAR, PEATONAL","INFRA_CICL":"SIN","OPERACION":"NORMAL"}},{"type":"Feature","id":1392,"geometry":{"type":"Point","coordinates":[-74.035647163,4.69780249084583]},"properties":{"FID":1392,"OBJECTID":1392,"COD_ID_INT":25,"DIRECCION":"AV GERMAN ARCINIEGAS (AK 11) X CL 119","LOCALIDAD":"USAQUEN","TIPO_INTER":"VEHICULAR, PEATONAL","INFRA_CICL":"CICLORUTA","OPERACION":"NORMAL"}},{"type":"Feature","id":1393,"geometry":{"type":"Point","coordinates":[-74.1219886599999,4.64019373984766]},"properties":{"FID":1393,"OBJECTID":1393,"COD_ID_INT":784,"DIRECCION":"AV DE LA CONSTITUCION (AK 68D) X AV CENTENARIO (AC 13)","LOCALIDAD":"FONTIBON","TIPO_INTER":"VEHICULAR, PEATONAL","INFRA_CICL":"SIN","OPERACION":"NORMAL"}},{"type":"Feature","id":1394,"geometry":{"type":"Point","coordinates":[-74.14778387,4.67788102984645]},"properties":{"FID":1394,"OBJECTID":1394,"COD_ID_INT":862,"DIRECCION":"AK 106 X CL 18","LOCALIDAD":"FONTIBON","TIPO_INTER":"VEHICULAR, PEATONAL","INFRA_CICL":"SIN","OPERACION":"NORMAL"}},{"type":"Feature","id":1395,"geometry":{"type":"Point","coordinates":[-74.11950684,4.71949940984508]},"properties":{"FID":1395,"OBJECTID":1395,"COD_ID_INT":771,"DIRECCION":"KR 112A X AV MEDELLIN (AC 80)","LOCALIDAD":"ENGATIVA","TIPO_INTER":"EXCLUSIVA PEATONAL","INFRA_CICL":"CICLORUTA","OPERACION":"NORMAL"}},{"type":"Feature","id":1396,"geometry":{"type":"Point","coordinates":[-74.2012579889999,4.61238398384861]},"properties":{"FID":1396,"OBJECTID":1396,"COD_ID_INT":1550,"DIRECCION":"CARRERA 81F X AV CIUDAD DE CALI (AC 75 SUR)","LOCALIDAD":"BOSA","TIPO_INTER":"VEHICULAR, PEATONAL, BICIUSUARIOS","INFRA_CICL":"SIN","OPERACION":"NORMAL"}},{"type":"Feature","id":1397,"geometry":{"type":"Point","coordinates":[-74.0415096,4.68174537984634]},"properties":{"FID":1397,"OBJECTID":1397,"COD_ID_INT":39,"DIRECCION":"KR 9A X AV CARLOS LLERAS RESTREPO (AC 100)","LOCALIDAD":"CHAPINERO","TIPO_INTER":"VEHICULAR, PEATONAL","INFRA_CICL":"SIN","OPERACION":"NORMAL"}},{"type":"Feature","id":1398,"geometry":{"type":"Point","coordinates":[-74.0716587599999,4.68941432984606]},"properties":{"FID":1398,"OBJECTID":1398,"COD_ID_INT":1314,"DIRECCION":"KR 68A X AV ESPANA (AC 100)","LOCALIDAD":"SUBA","TIPO_INTER":"VEHICULAR, PEATONAL","INFRA_CICL":"CICLORUTA","OPERACION":"NORMAL"}},{"type":"Feature","id":1399,"geometry":{"type":"Point","coordinates":[-74.110763197,4.57780983384972]},"properties":{"FID":1399,"OBJECTID":1399,"COD_ID_INT":1031,"DIRECCION":"AV CARACAS (AK 14) X CL 31 SUR","LOCALIDAD":"RAFAEL URIBE","TIPO_INTER":"VEHICULAR, PEATONAL","INFRA_CICL":"SIN","OPERACION":"NORMAL"}},{"type":"Feature","id":1400,"geometry":{"type":"Point","coordinates":[-74.0580606199999,4.75452839984395]},"properties":{"FID":1400,"OBJECTID":1400,"COD_ID_INT":1133,"DIRECCION":"AV LAS VILLAS (AK 58) X AV SAN JOSE (CL 170)","LOCALIDAD":"SUBA","TIPO_INTER":"EXCLUSIVA PEATONAL","INFRA_CICL":"CICLORUTA","OPERACION":"NORMAL"}},{"type":"Feature","id":1401,"geometry":{"type":"Point","coordinates":[-74.13327816,4.61775148984841]},"properties":{"FID":1401,"OBJECTID":1401,"COD_ID_INT":811,"DIRECCION":"KR 70B X CL 8 SUR","LOCALIDAD":"KENNEDY","TIPO_INTER":"VEHICULAR, PEATONAL","INFRA_CICL":"SIN","OPERACION":"NORMAL"}},{"type":"Feature","id":1402,"geometry":{"type":"Point","coordinates":[-74.0651211599999,4.65727579984713]},"properties":{"FID":1402,"OBJECTID":1402,"COD_ID_INT":271,"DIRECCION":"KR 17 X CL 69","LOCALIDAD":"BARRIOS UNIDOS","TIPO_INTER":"VEHICULAR, PEATONAL","INFRA_CICL":"SIN","OPERACION":"NORMAL"}},{"type":"Feature","id":1403,"geometry":{"type":"Point","coordinates":[-74.10772528,4.6888861098461]},"properties":{"FID":1403,"OBJECTID":1403,"COD_ID_INT":1214,"DIRECCION":"KR 83 X AV DEL SALITRE (CL 66A)","LOCALIDAD":"ENGATIVA","TIPO_INTER":"VEHICULAR, PEATONAL","INFRA_CICL":"SIN","OPERACION":"NORMAL"}},{"type":"Feature","id":1404,"geometry":{"type":"Point","coordinates":[-74.15096805,4.62188798984828]},"properties":{"FID":1404,"OBJECTID":1404,"COD_ID_INT":868,"DIRECCION":"AV  POPORO QUIMBAYA (KR 78B) X CL 37 S","LOCALIDAD":"KENNEDY","TIPO_INTER":"VEHICULAR, PEATONAL","INFRA_CICL":"SIN","OPERACION":"NORMAL"}},{"type":"Feature","id":1405,"geometry":{"type":"Point","coordinates":[-74.07128577,4.6233238098482]},"properties":{"FID":1405,"OBJECTID":1405,"COD_ID_INT":396,"DIRECCION":"KR 16 X AV TEUSAQUILLO (AC 34)","LOCALIDAD":"TEUSAQUILLO","TIPO_INTER":"VEHICULAR, PEATONAL","INFRA_CICL":"SIN","OPERACION":"NORMAL"}},{"type":"Feature","id":1406,"geometry":{"type":"Point","coordinates":[-74.1279605079999,4.66909260884675]},"properties":{"FID":1406,"OBJECTID":1406,"COD_ID_INT":797,"DIRECCION":"AV CIUDAD DE CALI (AK 86) X CL 23","LOCALIDAD":"FONTIBON","TIPO_INTER":"EXCLUSIVA PEATONAL","INFRA_CICL":"CICLORUTA","OPERACION":"NORMAL"}},{"type":"Feature","id":1407,"geometry":{"type":"Point","coordinates":[-74.07340068,4.59942856984901]},"properties":{"FID":1407,"OBJECTID":1407,"COD_ID_INT":1426,"DIRECCION":"KR 6 X CL 12B","LOCALIDAD":"CANDELARIA","TIPO_INTER":"VEHICULAR, PEATONAL","INFRA_CICL":"SIN","OPERACION":"NORMAL"}},{"type":"Feature","id":1408,"geometry":{"type":"Point","coordinates":[-74.14480201,4.6189902398484]},"properties":{"FID":1408,"OBJECTID":1408,"COD_ID_INT":847,"DIRECCION":"AV PRIMERO DE MAYO (TV 72N) X CL 35B SUR","LOCALIDAD":"KENNEDY","TIPO_INTER":"VEHICULAR, PEATONAL","INFRA_CICL":"SIN","OPERACION":"NORMAL"}},{"type":"Feature","id":1409,"geometry":{"type":"Point","coordinates":[-74.0490187899999,4.70456381984557]},"properties":{"FID":1409,"OBJECTID":1409,"COD_ID_INT":92,"DIRECCION":"AV SANTA BARBARA (AK 19) X CL 125","LOCALIDAD":"USAQUEN","TIPO_INTER":"VEHICULAR, PEATONAL","INFRA_CICL":"CICLORUTA","OPERACION":"NORMAL"}},{"type":"Feature","id":1410,"geometry":{"type":"Point","coordinates":[-74.06593703,4.6577812598471]},"properties":{"FID":1410,"OBJECTID":1410,"COD_ID_INT":282,"DIRECCION":"KR 19 X CL 69","LOCALIDAD":"BARRIOS UNIDOS","TIPO_INTER":"VEHICULAR, PEATONAL","INFRA_CICL":"SIN","OPERACION":"NORMAL"}},{"type":"Feature","id":1411,"geometry":{"type":"Point","coordinates":[-74.054649244,4.73908354584448]},"properties":{"FID":1411,"OBJECTID":1411,"COD_ID_INT":1403,"DIRECCION":"KR 54 X AV DE LA SIRENA (AC 153)","LOCALIDAD":"SUBA","TIPO_INTER":"VEHICULAR, PEATONAL","INFRA_CICL":"CICLORUTA","OPERACION":"NORMAL"}},{"type":"Feature","id":1412,"geometry":{"type":"Point","coordinates":[-74.0627163999999,4.69733027984584]},"properties":{"FID":1412,"OBJECTID":1412,"COD_ID_INT":230,"DIRECCION":"KR 53 X CL 108","LOCALIDAD":"SUBA","TIPO_INTER":"VEHICULAR","INFRA_CICL":"SIN","OPERACION":"NORMAL"}},{"type":"Feature","id":1413,"geometry":{"type":"Point","coordinates":[-74.0639743099999,4.64680483984749]},"properties":{"FID":1413,"OBJECTID":1413,"COD_ID_INT":252,"DIRECCION":"KR 13 X CL 60","LOCALIDAD":"CHAPINERO","TIPO_INTER":"VEHICULAR, PEATONAL","INFRA_CICL":"CICLORUTA","OPERACION":"NORMAL"}},{"type":"Feature","id":1414,"geometry":{"type":"Point","coordinates":[-74.0749540799999,4.62024317984834]},"properties":{"FID":1414,"OBJECTID":1414,"COD_ID_INT":481,"DIRECCION":"KR 19B X AC 28","LOCALIDAD":"TEUSAQUILLO","TIPO_INTER":"VEHICULAR, PEATONAL","INFRA_CICL":"SIN","OPERACION":"NORMAL"}},{"type":"Feature","id":1415,"geometry":{"type":"Point","coordinates":[-74.1277782,4.61345525984852]},"properties":{"FID":1415,"OBJECTID":1415,"COD_ID_INT":795,"DIRECCION":"AV DEL CONGRESO EUCARISTICO (AK 68) X CL 18 SUR","LOCALIDAD":"KENNEDY","TIPO_INTER":"VEHICULAR, PEATONAL","INFRA_CICL":"SIN","OPERACION":"NORMAL"}},{"type":"Feature","id":1416,"geometry":{"type":"Point","coordinates":[-74.1121680099999,4.74241458984439]},"properties":{"FID":1416,"OBJECTID":1416,"COD_ID_INT":1273,"DIRECCION":"TV 127 X CL 132D","LOCALIDAD":"SUBA","TIPO_INTER":"VEHICULAR, PEATONAL","INFRA_CICL":"SIN","OPERACION":"NORMAL"}},{"type":"Feature","id":1417,"geometry":{"type":"Point","coordinates":[-74.062937,4.63955247984768]},"properties":{"FID":1417,"OBJECTID":1417,"COD_ID_INT":238,"DIRECCION":"AV ALBERTO LLERAS CAMARGO (AK 7) X AV PABLO VI (AC 53)","LOCALIDAD":"CHAPINERO","TIPO_INTER":"VEHICULAR, PEATONAL","INFRA_CICL":"SIN","OPERACION":"NORMAL"}},{"type":"Feature","id":1418,"geometry":{"type":"Point","coordinates":[-74.09761961,4.63787747984775]},"properties":{"FID":1418,"OBJECTID":1418,"COD_ID_INT":650,"DIRECCION":"AV BATALLON CALDAS (AK 50) X AV DE LA ESPERANZA (AC 24)","LOCALIDAD":"TEUSAQUILLO","TIPO_INTER":"VEHICULAR, PEATONAL, BICIUSUARIOS","INFRA_CICL":"CICLORUTA EN CALZADA","OPERACION":"NORMAL"}},{"type":"Feature","id":1419,"geometry":{"type":"Point","coordinates":[-74.05655608,4.66742864984677]},"properties":{"FID":1419,"OBJECTID":1419,"COD_ID_INT":159,"DIRECCION":"AV PASEO DEL COUNTRY (AK 15) X CL 82","LOCALIDAD":"CHAPINERO","TIPO_INTER":"VEHICULAR, PEATONAL","INFRA_CICL":"SIN","OPERACION":"NORMAL"}},{"type":"Feature","id":1420,"geometry":{"type":"Point","coordinates":[-74.12925739,4.57785918984969]},"properties":{"FID":1420,"OBJECTID":1420,"COD_ID_INT":1084,"DIRECCION":"AV MARISCAL SUCRE (KR 24) X CL 47B SUR","LOCALIDAD":"TUNJUELITO","TIPO_INTER":"VEHICULAR, PEATONAL","INFRA_CICL":"SIN","OPERACION":"NORMAL"}},{"type":"Feature","id":1421,"geometry":{"type":"Point","coordinates":[-74.1265226949999,4.58187794384959]},"properties":{"FID":1421,"OBJECTID":1421,"COD_ID_INT":1075,"DIRECCION":"KR 26 X AV SANTA LUCIA (CL 44 SUR)","LOCALIDAD":"RAFAEL URIBE","TIPO_INTER":"VEHICULAR","INFRA_CICL":"SIN","OPERACION":"NORMAL"}},{"type":"Feature","id":1422,"geometry":{"type":"Point","coordinates":[-74.09100394,4.62818720984806]},"properties":{"FID":1422,"OBJECTID":1422,"COD_ID_INT":607,"DIRECCION":"KR 37 X AV DE LA ESPERANZA (AC 24)","LOCALIDAD":"TEUSAQUILLO","TIPO_INTER":"VEHICULAR","INFRA_CICL":"SIN","OPERACION":"NORMAL"}},{"type":"Feature","id":1423,"geometry":{"type":"Point","coordinates":[-74.10274108,4.64517911984748]},"properties":{"FID":1423,"OBJECTID":1423,"COD_ID_INT":687,"DIRECCION":"AV DE LA ESMERALDA (AK 60) X AV LUIS CARLOS GALAN (AC 24)","LOCALIDAD":"TEUSAQUILLO","TIPO_INTER":"VEHICULAR, PEATONAL","INFRA_CICL":"CICLORUTA","OPERACION":"NORMAL"}},{"type":"Feature","id":1424,"geometry":{"type":"Point","coordinates":[-74.09892488,4.69035675984604]},"properties":{"FID":1424,"OBJECTID":1424,"COD_ID_INT":663,"DIRECCION":"KR 76 X AV CHILE (AC 72)","LOCALIDAD":"ENGATIVA","TIPO_INTER":"VEHICULAR","INFRA_CICL":"SIN","OPERACION":"NORMAL"}},{"type":"Feature","id":1425,"geometry":{"type":"Point","coordinates":[-74.125254981,4.56407607985016]},"properties":{"FID":1425,"OBJECTID":1425,"COD_ID_INT":1067,"DIRECCION":"KR 13A X AV CARACAS (AC 51 SUR)","LOCALIDAD":"TUNJUELITO","TIPO_INTER":"VEHICULAR, PEATONAL","INFRA_CICL":"SIN","OPERACION":"NORMAL"}},{"type":"Feature","id":1426,"geometry":{"type":"Point","coordinates":[-74.117632257,4.64136185484767]},"properties":{"FID":1426,"OBJECTID":1426,"COD_ID_INT":1555,"DIRECCION":"AK 68B X AV PUENTE ARANDA (AC 17)","LOCALIDAD":"FONTIBON","TIPO_INTER":"VEHICULAR","INFRA_CICL":"SIN","OPERACION":"OBRAS"}},{"type":"Feature","id":1427,"geometry":{"type":"Point","coordinates":[-74.03205109,4.73819835984452]},"properties":{"FID":1427,"OBJECTID":1427,"COD_ID_INT":1253,"DIRECCION":"AV LAUREANO GOMEZ (AK 9) X AV DE LAS ORQUIDEAS (AC 161)","LOCALIDAD":"USAQUEN","TIPO_INTER":"VEHICULAR, PEATONAL","INFRA_CICL":"SIN","OPERACION":"NORMAL"}},{"type":"Feature","id":1428,"geometry":{"type":"Point","coordinates":[-74.08616438,4.64716939984744]},"properties":{"FID":1428,"OBJECTID":1428,"COD_ID_INT":574,"DIRECCION":"AV BATALLON CALDAS (AK 50) X AV PABLO VI (AC 53)","LOCALIDAD":"TEUSAQUILLO","TIPO_INTER":"VEHICULAR, PEATONAL, BICIUSUARIOS","INFRA_CICL":"CICLORUTA EN CALZADA","OPERACION":"NORMAL"}},{"type":"Feature","id":1429,"geometry":{"type":"Point","coordinates":[-74.09300716,4.62280906984828]},"properties":{"FID":1429,"OBJECTID":1429,"COD_ID_INT":620,"DIRECCION":"AV CUNDINAMARCA (AK 36) X AV CIUDAD DE LIMA (AC 19)","LOCALIDAD":"PUENTE ARANDA","TIPO_INTER":"VEHICULAR, PEATONAL","INFRA_CICL":"SIN","OPERACION":"NORMAL"}},{"type":"Feature","id":1430,"geometry":{"type":"Point","coordinates":[-74.13336931,4.66242938984698]},"properties":{"FID":1430,"OBJECTID":1430,"COD_ID_INT":808,"DIRECCION":"AV CIUDAD DE CALI (AK 86) X CL 19A","LOCALIDAD":"FONTIBON","TIPO_INTER":"VEHICULAR, PEATONAL","INFRA_CICL":"CICLORUTA","OPERACION":"NORMAL"}},{"type":"Feature","id":1431,"geometry":{"type":"Point","coordinates":[-74.0603508899999,4.66103815984698]},"properties":{"FID":1431,"OBJECTID":1431,"COD_ID_INT":195,"DIRECCION":"AV PASEO DEL COUNTRY (AK 15) X CL 74","LOCALIDAD":"CHAPINERO","TIPO_INTER":"VEHICULAR, PEATONAL","INFRA_CICL":"SIN","OPERACION":"NORMAL"}},{"type":"Feature","id":1432,"geometry":{"type":"Point","coordinates":[-74.142131558,4.59032783784932]},"properties":{"FID":1432,"OBJECTID":1432,"COD_ID_INT":1455,"DIRECCION":"AK 54 X DG 51 SUR","LOCALIDAD":"TUNJUELITO","TIPO_INTER":"VEHICULAR, PEATONAL","INFRA_CICL":"SIN","OPERACION":"NORMAL"}},{"type":"Feature","id":1433,"geometry":{"type":"Point","coordinates":[-74.11096577,4.65369949984727]},"properties":{"FID":1433,"OBJECTID":1433,"COD_ID_INT":732,"DIRECCION":"AVENIDA DE LA CONSTITUCION (AK 68D) X AV LUIS CARLOS GALAN (AC 24)","LOCALIDAD":"FONTIBON","TIPO_INTER":"VEHICULAR, PEATONAL","INFRA_CICL":"CICLORUTA","OPERACION":"NORMAL"}},{"type":"Feature","id":1434,"geometry":{"type":"Point","coordinates":[-74.095833478,4.62621217384815]},"properties":{"FID":1434,"OBJECTID":1434,"COD_ID_INT":642,"DIRECCION":"AK 40 X AV DE LAS AMERICAS (AC 20)","LOCALIDAD":"PUENTE ARANDA","TIPO_INTER":"VEHICULAR","INFRA_CICL":"SIN","OPERACION":"NORMAL"}},{"type":"Feature","id":1435,"geometry":{"type":"Point","coordinates":[-74.05392305,4.65371879984725]},"properties":{"FID":1435,"OBJECTID":1435,"COD_ID_INT":140,"DIRECCION":"KR 5 X AV CHILE (AC 72)","LOCALIDAD":"CHAPINERO","TIPO_INTER":"VEHICULAR, PEATONAL","INFRA_CICL":"SIN","OPERACION":"NORMAL"}},{"type":"Feature","id":1436,"geometry":{"type":"Point","coordinates":[-74.07331671,4.63673581984781]},"properties":{"FID":1436,"OBJECTID":1436,"COD_ID_INT":447,"DIRECCION":"TV 21 X DG 45D Y CL 45CBIS","LOCALIDAD":"TEUSAQUILLO","TIPO_INTER":"VEHICULAR","INFRA_CICL":"SIN","OPERACION":"NORMAL"}},{"type":"Feature","id":1437,"geometry":{"type":"Point","coordinates":[-74.04914518,4.66653244984681]},"properties":{"FID":1437,"OBJECTID":1437,"COD_ID_INT":93,"DIRECCION":"KR 9 X AV CALLE 85 (AC 85)","LOCALIDAD":"CHAPINERO","TIPO_INTER":"VEHICULAR, PEATONAL","INFRA_CICL":"SIN","OPERACION":"NORMAL"}},{"type":"Feature","id":1438,"geometry":{"type":"Point","coordinates":[-74.10457314,4.61420733984854]},"properties":{"FID":1438,"OBJECTID":1438,"COD_ID_INT":702,"DIRECCION":"KR 38 X AV DE LOS COMUNEROS (AC 6)","LOCALIDAD":"PUENTE ARANDA","TIPO_INTER":"VEHICULAR, PEATONAL","INFRA_CICL":"CICLORUTA","OPERACION":"NORMAL"}},{"type":"Feature","id":1439,"geometry":{"type":"Point","coordinates":[-74.144769212,4.59901217684899]},"properties":{"FID":1439,"OBJECTID":1439,"COD_ID_INT":846,"DIRECCION":"AV BOYACA (AK 72) X CL 44 SUR","LOCALIDAD":"KENNEDY","TIPO_INTER":"VEHICULAR","INFRA_CICL":"CICLORUTA","OPERACION":"NORMAL"}},{"type":"Feature","id":1440,"geometry":{"type":"Point","coordinates":[-74.163094501,4.58899480084938]},"properties":{"FID":1440,"OBJECTID":1440,"COD_ID_INT":1476,"DIRECCION":"KR 70G X CL 63 SUR","LOCALIDAD":"CIUDAD BOLIVAR","TIPO_INTER":"VEHICULAR, PEATONAL","INFRA_CICL":"SIN","OPERACION":"NORMAL"}},{"type":"Feature","id":1441,"geometry":{"type":"Point","coordinates":[-74.13831415,4.5924458298492]},"properties":{"FID":1441,"OBJECTID":1441,"COD_ID_INT":1097,"DIRECCION":"AV DEL CONGRESO EUCARISTICO (KR 53) X DG 47A SUR","LOCALIDAD":"TUNJUELITO","TIPO_INTER":"VEHICULAR","INFRA_CICL":"SIN","OPERACION":"NORMAL"}},{"type":"Feature","id":1442,"geometry":{"type":"Point","coordinates":[-74.06575752,4.75547897984389]},"properties":{"FID":1442,"OBJECTID":1442,"COD_ID_INT":277,"DIRECCION":"AV BOYACA (AK 72) X CL 169B","LOCALIDAD":"SUBA","TIPO_INTER":"VEHICULAR, PEATONAL","INFRA_CICL":"CICLORUTA","OPERACION":"NORMAL"}},{"type":"Feature","id":1443,"geometry":{"type":"Point","coordinates":[-74.11346165,4.6768782498465]},"properties":{"FID":1443,"OBJECTID":1443,"COD_ID_INT":746,"DIRECCION":"TV 85 X CL 52A","LOCALIDAD":"ENGATIVA","TIPO_INTER":"VEHICULAR, PEATONAL","INFRA_CICL":"SIN","OPERACION":"NORMAL"}},{"type":"Feature","id":1444,"geometry":{"type":"Point","coordinates":[-74.1872396479999,4.63680395184778]},"properties":{"FID":1444,"OBJECTID":1444,"COD_ID_INT":1545,"DIRECCION":"KR 94 X AC 54 SUR","LOCALIDAD":"BOSA","TIPO_INTER":"VEHICULAR, PEATONAL","INFRA_CICL":"CICLORUTA","OPERACION":"NORMAL"}},{"type":"Feature","id":1445,"geometry":{"type":"Point","coordinates":[-74.14486864,4.58798658984939]},"properties":{"FID":1445,"OBJECTID":1445,"COD_ID_INT":1111,"DIRECCION":"AV BOYACA (TV 60) X DG 52  Y DG 52A SUR","LOCALIDAD":"TUNJUELITO","TIPO_INTER":"VEHICULAR, PEATONAL","INFRA_CICL":"CICLORUTA","OPERACION":"NORMAL"}},{"type":"Feature","id":1446,"geometry":{"type":"Point","coordinates":[-74.054519,4.65277314984726]},"properties":{"FID":1446,"OBJECTID":1446,"COD_ID_INT":1277,"DIRECCION":"KR 5 X CL 70A","LOCALIDAD":"CHAPINERO","TIPO_INTER":"VEHICULAR, PEATONAL","INFRA_CICL":"SIN","OPERACION":"NORMAL"}},{"type":"Feature","id":1447,"geometry":{"type":"Point","coordinates":[-74.0669823699999,4.61377911984855]},"properties":{"FID":1447,"OBJECTID":1447,"COD_ID_INT":304,"DIRECCION":"KR 5 X CL 27","LOCALIDAD":"SANTA FE","TIPO_INTER":"VEHICULAR, PEATONAL","INFRA_CICL":"SIN","OPERACION":"NORMAL"}},{"type":"Feature","id":1448,"geometry":{"type":"Point","coordinates":[-74.0730742599999,4.60641246984881]},"properties":{"FID":1448,"OBJECTID":1448,"COD_ID_INT":440,"DIRECCION":"KR 9 X AV CIUDAD DE LIMA (AC 19)","LOCALIDAD":"SANTA FE","TIPO_INTER":"VEHICULAR, PEATONAL","INFRA_CICL":"SIN","OPERACION":"NORMAL"}},{"type":"Feature","id":1449,"geometry":{"type":"Point","coordinates":[-74.058841893,4.70361365384562]},"properties":{"FID":1449,"OBJECTID":1449,"COD_ID_INT":179,"DIRECCION":"KR 50 X CL 122","LOCALIDAD":"SUBA","TIPO_INTER":"VEHICULAR, PEATONAL","INFRA_CICL":"SIN","OPERACION":"NORMAL"}},{"type":"Feature","id":1450,"geometry":{"type":"Point","coordinates":[-74.1028927799999,4.71181280984533]},"properties":{"FID":1450,"OBJECTID":1450,"COD_ID_INT":689,"DIRECCION":"TV 94L X CL 86","LOCALIDAD":"ENGATIVA","TIPO_INTER":"VEHICULAR","INFRA_CICL":"SIN","OPERACION":"NORMAL"}},{"type":"Feature","id":1451,"geometry":{"type":"Point","coordinates":[-74.06674428,4.63845724984773]},"properties":{"FID":1451,"OBJECTID":1451,"COD_ID_INT":296,"DIRECCION":"AV CARACAS (AK 14) X CL 51","LOCALIDAD":"TEUSAQUILLO","TIPO_INTER":"EXCLUSIVA PEATONAL","INFRA_CICL":"SIN","OPERACION":"NORMAL"}},{"type":"Feature","id":1452,"geometry":{"type":"Point","coordinates":[-74.06863889,4.64461602984755]},"properties":{"FID":1452,"OBJECTID":1452,"COD_ID_INT":335,"DIRECCION":"KR 17 X AV GILBERTO ALZATE AVENDANO (AC 57)","LOCALIDAD":"TEUSAQUILLO","TIPO_INTER":"VEHICULAR, PEATONAL","INFRA_CICL":"SIN","OPERACION":"NORMAL"}},{"type":"Feature","id":1453,"geometry":{"type":"Point","coordinates":[-74.0585972,4.66251830984695]},"properties":{"FID":1453,"OBJECTID":1453,"COD_ID_INT":176,"DIRECCION":"KR 14 X CL 76","LOCALIDAD":"CHAPINERO","TIPO_INTER":"VEHICULAR","INFRA_CICL":"SIN","OPERACION":"NORMAL"}},{"type":"Feature","id":1454,"geometry":{"type":"Point","coordinates":[-74.05319767,4.65313853984726]},"properties":{"FID":1454,"OBJECTID":1454,"COD_ID_INT":133,"DIRECCION":"KR 4 X CL 71","LOCALIDAD":"CHAPINERO","TIPO_INTER":"VEHICULAR, PEATONAL","INFRA_CICL":"SIN","OPERACION":"NORMAL"}},{"type":"Feature","id":1455,"geometry":{"type":"Point","coordinates":[-74.091154199,4.75618581084388]},"properties":{"FID":1455,"OBJECTID":1455,"COD_ID_INT":1535,"DIRECCION":"AVENIDA CIUDAD DE CALI (AK 104) X CL 155A","LOCALIDAD":"SUBA","TIPO_INTER":"VEHICULAR, PEATONAL","INFRA_CICL":"CICLORUTA","OPERACION":"NORMAL"}},{"type":"Feature","id":1456,"geometry":{"type":"Point","coordinates":[-74.07490825,4.61851589984836]},"properties":{"FID":1456,"OBJECTID":1456,"COD_ID_INT":483,"DIRECCION":"AV MARISCAL SUCRE (AK 19) X AV JORGE ELIECER GAITAN (AC 26)","LOCALIDAD":"TEUSAQUILLO","TIPO_INTER":"VEHICULAR, PEATONAL","INFRA_CICL":"SIN","OPERACION":"NORMAL"}},{"type":"Feature","id":1457,"geometry":{"type":"Point","coordinates":[-74.0873395799999,4.5937821798492]},"properties":{"FID":1457,"OBJECTID":1457,"COD_ID_INT":962,"DIRECCION":"AV CARACAS (AK 14) X CL 2","LOCALIDAD":"SANTA FE","TIPO_INTER":"VEHICULAR, PEATONAL","INFRA_CICL":"SIN","OPERACION":"NORMAL"}},{"type":"Feature","id":1458,"geometry":{"type":"Point","coordinates":[-74.114804411,4.63456642084788]},"properties":{"FID":1458,"OBJECTID":1458,"COD_ID_INT":750,"DIRECCION":"KR 65 X AV CENTENARIO (AC 13)","LOCALIDAD":"PUENTE ARANDA","TIPO_INTER":"VEHICULAR, PEATONAL","INFRA_CICL":"SIN","OPERACION":"NORMAL"}},{"type":"Feature","id":1459,"geometry":{"type":"Point","coordinates":[-74.09908008,4.60237261984891]},"properties":{"FID":1459,"OBJECTID":1459,"COD_ID_INT":1135,"DIRECCION":"KR 28A X CL 3","LOCALIDAD":"LOS MARTIRES","TIPO_INTER":"VEHICULAR","INFRA_CICL":"SIN","OPERACION":"NORMAL"}},{"type":"Feature","id":1460,"geometry":{"type":"Point","coordinates":[-74.06358987,4.63973299984769]},"properties":{"FID":1460,"OBJECTID":1460,"COD_ID_INT":249,"DIRECCION":"KR 9 X AV PABLO VI (AC 53)","LOCALIDAD":"CHAPINERO","TIPO_INTER":"VEHICULAR, PEATONAL","INFRA_CICL":"SIN","OPERACION":"NORMAL"}},{"type":"Feature","id":1461,"geometry":{"type":"Point","coordinates":[-74.0556119199999,4.66182295984698]},"properties":{"FID":1461,"OBJECTID":1461,"COD_ID_INT":153,"DIRECCION":"AV GERMAN ARCINIEGAS (AK 11) X CL 77","LOCALIDAD":"CHAPINERO","TIPO_INTER":"VEHICULAR","INFRA_CICL":"CICLORUTA","OPERACION":"NORMAL"}},{"type":"Feature","id":1462,"geometry":{"type":"Point","coordinates":[-74.049883177,4.67557753484656]},"properties":{"FID":1462,"OBJECTID":1462,"COD_ID_INT":100,"DIRECCION":"KR 13 X CL 93","LOCALIDAD":"CHAPINERO","TIPO_INTER":"VEHICULAR, PEATONAL","INFRA_CICL":"SIN","OPERACION":"NORMAL"}}]}